[worker] START cp_amazonpho_0.5 gpu=0
[HPO] Starting Phase 1 (Optuna) for cp_amazonpho_instance_0.5...
[I 2026-05-02 23:24:10,087] A new study created in RDB with name: cp_amazonpho_instance_0.5
    [CPU] Loading amazonpho...
    DEBUG 3.1: Dataset init start
    DEBUG 3.2: prepare_data start amazonpho
    ----Data statistics------'
    Name: amazonpho
    #Nodes 7650
    #Edges 119081
    #Classes 8
    #Ave_degree 31.13
    ----Split statistics------'
    #Train samples 160 (20 nodes per class)
    #Val samples 500 (specified)
    #Test samples 1000 (specified)
    ----label noise information:------
    Instance dependent noise
    #Actual noise rate 0.50
    [cuda:0] Waiting for GPU slot...
    [cuda:0] Slot acquired (waited 140.1s). Training...
    FINAL_RESULT: {'acc': {'train': 0.5, 'valid': 0.408, 'test': 0.633}, 'wall_s': 77.08, 'cpu_s': 0.02, 'gpu_s': 76.89, 'wait_s': 140.11}
    [Time] wall=77.1s | cpu=0.0s | gpu=76.9s
    C:\Users\fbrev\anaconda3\envs\noisygl\Lib\site-packages\torch\nn\modules\module.py:1159: UserWarning: expandable_segments not supported on this platform (Triggered internally at ..\c10/cuda/CUDAAllocatorConfig.h:28.)
    return t.to(
    C:\Users\fbrev\Documents\Acadêmico\Simulações\Python\NoisyGL\predictor\Base_Predictor.py:144: UserWarning: Sparse CSR tensor support is in beta state. If you miss a functionality in the sparse tensor support, please submit a feature request to https://github.com/pytorch/pytorch/issues. (Triggered internally at ..\aten\src\ATen\SparseCsrTensorImpl.cpp:55.)
    self.adj_csr = self.adj.to_sparse_csr().to(self.device)
[I 2026-05-02 23:27:51,959] Trial 0 finished with value: 0.633 and parameters: {'lr': 0.01, 'weight_decay': 0.0001, 'n_hidden': 256, 'n_layer': 3, 'dropout': 0.7423310186926412}. Best is trial 0 with value: 0.633.
    [CPU] Loading amazonpho...
    DEBUG 3.1: Dataset init start
    DEBUG 3.2: prepare_data start amazonpho
    ----Data statistics------'
    Name: amazonpho
    #Nodes 7650
    #Edges 119081
    #Classes 8
    #Ave_degree 31.13
    ----Split statistics------'
    #Train samples 160 (20 nodes per class)
    #Val samples 500 (specified)
    #Test samples 1000 (specified)
    ----label noise information:------
    Instance dependent noise
    #Actual noise rate 0.50
    [cuda:0] Waiting for GPU slot...
    [cuda:0] Slot acquired (waited 491.0s). Training...
    FINAL_RESULT: {'acc': {'train': 0.5875, 'valid': 0.422, 'test': 0.72}, 'wall_s': 79.86, 'cpu_s': 0.02, 'gpu_s': 79.57, 'wait_s': 491.0}
    [Time] wall=79.9s | cpu=0.0s | gpu=79.6s
    C:\Users\fbrev\anaconda3\envs\noisygl\Lib\site-packages\torch\nn\modules\module.py:1159: UserWarning: expandable_segments not supported on this platform (Triggered internally at ..\c10/cuda/CUDAAllocatorConfig.h:28.)
    return t.to(
    C:\Users\fbrev\Documents\Acadêmico\Simulações\Python\NoisyGL\predictor\Base_Predictor.py:144: UserWarning: Sparse CSR tensor support is in beta state. If you miss a functionality in the sparse tensor support, please submit a feature request to https://github.com/pytorch/pytorch/issues. (Triggered internally at ..\aten\src\ATen\SparseCsrTensorImpl.cpp:55.)
    self.adj_csr = self.adj.to_sparse_csr().to(self.device)
[I 2026-05-02 23:37:27,460] Trial 1 finished with value: 0.72 and parameters: {'lr': 0.001, 'weight_decay': 0.01, 'n_hidden': 256, 'n_layer': 2, 'dropout': 0.771794424480742}. Best is trial 1 with value: 0.72.
    [CPU] Loading amazonpho...
    DEBUG 3.1: Dataset init start
    DEBUG 3.2: prepare_data start amazonpho
    ----Data statistics------'
    Name: amazonpho
    #Nodes 7650
    #Edges 119081
    #Classes 8
    #Ave_degree 31.13
    ----Split statistics------'
    #Train samples 160 (20 nodes per class)
    #Val samples 500 (specified)
    #Test samples 1000 (specified)
    ----label noise information:------
    Instance dependent noise
    #Actual noise rate 0.50
    [cuda:0] Waiting for GPU slot...
    [cuda:0] Slot acquired (waited 73.8s). Training...
    FINAL_RESULT: {'acc': {'train': 0.61875, 'valid': 0.414, 'test': 0.604}, 'wall_s': 75.61, 'cpu_s': 0.02, 'gpu_s': 75.3, 'wait_s': 73.85}
    [Time] wall=75.6s | cpu=0.0s | gpu=75.3s
    C:\Users\fbrev\anaconda3\envs\noisygl\Lib\site-packages\torch\nn\modules\module.py:1159: UserWarning: expandable_segments not supported on this platform (Triggered internally at ..\c10/cuda/CUDAAllocatorConfig.h:28.)
    return t.to(
    C:\Users\fbrev\Documents\Acadêmico\Simulações\Python\NoisyGL\predictor\Base_Predictor.py:144: UserWarning: Sparse CSR tensor support is in beta state. If you miss a functionality in the sparse tensor support, please submit a feature request to https://github.com/pytorch/pytorch/issues. (Triggered internally at ..\aten\src\ATen\SparseCsrTensorImpl.cpp:55.)
    self.adj_csr = self.adj.to_sparse_csr().to(self.device)
[I 2026-05-02 23:40:02,233] Trial 2 finished with value: 0.604 and parameters: {'lr': 0.001, 'weight_decay': 0.01, 'n_hidden': 32, 'n_layer': 2, 'dropout': 0.2321062485236241}. Best is trial 1 with value: 0.72.
    [CPU] Loading amazonpho...
    DEBUG 3.1: Dataset init start
    DEBUG 3.2: prepare_data start amazonpho
    ----Data statistics------'
    Name: amazonpho
    #Nodes 7650
    #Edges 119081
    #Classes 8
    #Ave_degree 31.13
    ----Split statistics------'
    #Train samples 160 (20 nodes per class)
    #Val samples 500 (specified)
    #Test samples 1000 (specified)
    ----label noise information:------
    Instance dependent noise
    #Actual noise rate 0.50
    [cuda:0] Waiting for GPU slot...
    [cuda:0] Slot acquired (waited 75.7s). Training...
    FINAL_RESULT: {'acc': {'train': 0.24375, 'valid': 0.292, 'test': 0.406}, 'wall_s': 83.54, 'cpu_s': 0.02, 'gpu_s': 83.27, 'wait_s': 75.67}
    [Time] wall=83.5s | cpu=0.0s | gpu=83.3s
    C:\Users\fbrev\anaconda3\envs\noisygl\Lib\site-packages\torch\nn\modules\module.py:1159: UserWarning: expandable_segments not supported on this platform (Triggered internally at ..\c10/cuda/CUDAAllocatorConfig.h:28.)
    return t.to(
    C:\Users\fbrev\Documents\Acadêmico\Simulações\Python\NoisyGL\predictor\Base_Predictor.py:144: UserWarning: Sparse CSR tensor support is in beta state. If you miss a functionality in the sparse tensor support, please submit a feature request to https://github.com/pytorch/pytorch/issues. (Triggered internally at ..\aten\src\ATen\SparseCsrTensorImpl.cpp:55.)
    self.adj_csr = self.adj.to_sparse_csr().to(self.device)
[I 2026-05-02 23:42:46,922] Trial 3 finished with value: 0.406 and parameters: {'lr': 0.01, 'weight_decay': 0.05, 'n_hidden': 256, 'n_layer': 3, 'dropout': 0.5786557322614658}. Best is trial 1 with value: 0.72.
    [CPU] Loading amazonpho...
    DEBUG 3.1: Dataset init start
    DEBUG 3.2: prepare_data start amazonpho
    ----Data statistics------'
    Name: amazonpho
    #Nodes 7650
    #Edges 119081
    #Classes 8
    #Ave_degree 31.13
    ----Split statistics------'
    #Train samples 160 (20 nodes per class)
    #Val samples 500 (specified)
    #Test samples 1000 (specified)
    ----label noise information:------
    Instance dependent noise
    #Actual noise rate 0.50
    [cuda:0] Waiting for GPU slot...
    [cuda:0] Slot acquired (waited 141.0s). Training...
    FINAL_RESULT: {'acc': {'train': 0.61875, 'valid': 0.408, 'test': 0.574}, 'wall_s': 68.71, 'cpu_s': 0.03, 'gpu_s': 68.48, 'wait_s': 141.03}
    [Time] wall=68.7s | cpu=0.0s | gpu=68.5s
    C:\Users\fbrev\anaconda3\envs\noisygl\Lib\site-packages\torch\nn\modules\module.py:1159: UserWarning: expandable_segments not supported on this platform (Triggered internally at ..\c10/cuda/CUDAAllocatorConfig.h:28.)
    return t.to(
    C:\Users\fbrev\Documents\Acadêmico\Simulações\Python\NoisyGL\predictor\Base_Predictor.py:144: UserWarning: Sparse CSR tensor support is in beta state. If you miss a functionality in the sparse tensor support, please submit a feature request to https://github.com/pytorch/pytorch/issues. (Triggered internally at ..\aten\src\ATen\SparseCsrTensorImpl.cpp:55.)
    self.adj_csr = self.adj.to_sparse_csr().to(self.device)
[I 2026-05-02 23:46:21,360] Trial 4 finished with value: 0.574 and parameters: {'lr': 0.005, 'weight_decay': 0.0001, 'n_hidden': 32, 'n_layer': 2, 'dropout': 0.07508149509583628}. Best is trial 1 with value: 0.72.
    [CPU] Loading amazonpho...
    DEBUG 3.1: Dataset init start
    DEBUG 3.2: prepare_data start amazonpho
    ----Data statistics------'
    Name: amazonpho
    #Nodes 7650
    #Edges 119081
    #Classes 8
    #Ave_degree 31.13
    ----Split statistics------'
    #Train samples 160 (20 nodes per class)
    #Val samples 500 (specified)
    #Test samples 1000 (specified)
    ----label noise information:------
    Instance dependent noise
    #Actual noise rate 0.50
    [cuda:0] Waiting for GPU slot...
    [cuda:0] Slot acquired (waited 69.1s). Training...
    FINAL_RESULT: {'acc': {'train': 0.1875, 'valid': 0.274, 'test': 0.345}, 'wall_s': 70.78, 'cpu_s': 0.02, 'gpu_s': 70.58, 'wait_s': 69.09}
    [Time] wall=70.8s | cpu=0.0s | gpu=70.6s
    C:\Users\fbrev\anaconda3\envs\noisygl\Lib\site-packages\torch\nn\modules\module.py:1159: UserWarning: expandable_segments not supported on this platform (Triggered internally at ..\c10/cuda/CUDAAllocatorConfig.h:28.)
    return t.to(
    C:\Users\fbrev\Documents\Acadêmico\Simulações\Python\NoisyGL\predictor\Base_Predictor.py:144: UserWarning: Sparse CSR tensor support is in beta state. If you miss a functionality in the sparse tensor support, please submit a feature request to https://github.com/pytorch/pytorch/issues. (Triggered internally at ..\aten\src\ATen\SparseCsrTensorImpl.cpp:55.)
    self.adj_csr = self.adj.to_sparse_csr().to(self.device)
[I 2026-05-02 23:48:45,699] Trial 5 finished with value: 0.345 and parameters: {'lr': 0.05, 'weight_decay': 0.001, 'n_hidden': 64, 'n_layer': 3, 'dropout': 0.09930564498655947}. Best is trial 1 with value: 0.72.
    [CPU] Loading amazonpho...
    DEBUG 3.1: Dataset init start
    DEBUG 3.2: prepare_data start amazonpho
    ----Data statistics------'
    Name: amazonpho
    #Nodes 7650
    #Edges 119081
    #Classes 8
    #Ave_degree 31.13
    ----Split statistics------'
    #Train samples 160 (20 nodes per class)
    #Val samples 500 (specified)
    #Test samples 1000 (specified)
    ----label noise information:------
    Instance dependent noise
    #Actual noise rate 0.50
    [cuda:0] Waiting for GPU slot...
    [cuda:0] Slot acquired (waited 139.3s). Training...
    FINAL_RESULT: {'acc': {'train': 0.125, 'valid': 0.258, 'test': 0.285}, 'wall_s': 69.74, 'cpu_s': 0.02, 'gpu_s': 69.55, 'wait_s': 139.3}
    [Time] wall=69.7s | cpu=0.0s | gpu=69.6s
    C:\Users\fbrev\anaconda3\envs\noisygl\Lib\site-packages\torch\nn\modules\module.py:1159: UserWarning: expandable_segments not supported on this platform (Triggered internally at ..\c10/cuda/CUDAAllocatorConfig.h:28.)
    return t.to(
    C:\Users\fbrev\Documents\Acadêmico\Simulações\Python\NoisyGL\predictor\Base_Predictor.py:144: UserWarning: Sparse CSR tensor support is in beta state. If you miss a functionality in the sparse tensor support, please submit a feature request to https://github.com/pytorch/pytorch/issues. (Triggered internally at ..\aten\src\ATen\SparseCsrTensorImpl.cpp:55.)
    self.adj_csr = self.adj.to_sparse_csr().to(self.device)
[I 2026-05-02 23:52:19,536] Trial 6 finished with value: 0.285 and parameters: {'lr': 0.1, 'weight_decay': 0.0, 'n_hidden': 32, 'n_layer': 2, 'dropout': 0.09373323115528631}. Best is trial 1 with value: 0.72.
    [CPU] Loading amazonpho...
    DEBUG 3.1: Dataset init start
    DEBUG 3.2: prepare_data start amazonpho
    ----Data statistics------'
    Name: amazonpho
    #Nodes 7650
    #Edges 119081
    #Classes 8
    #Ave_degree 31.13
    ----Split statistics------'
    #Train samples 160 (20 nodes per class)
    #Val samples 500 (specified)
    #Test samples 1000 (specified)
    ----label noise information:------
    Instance dependent noise
    #Actual noise rate 0.50
    [cuda:0] Waiting for GPU slot...
    [cuda:0] Slot acquired (waited 68.1s). Training...
    FINAL_RESULT: {'acc': {'train': 0.56875, 'valid': 0.43, 'test': 0.769}, 'wall_s': 73.06, 'cpu_s': 0.02, 'gpu_s': 72.79, 'wait_s': 68.06}
    [Time] wall=73.1s | cpu=0.0s | gpu=72.8s
    C:\Users\fbrev\anaconda3\envs\noisygl\Lib\site-packages\torch\nn\modules\module.py:1159: UserWarning: expandable_segments not supported on this platform (Triggered internally at ..\c10/cuda/CUDAAllocatorConfig.h:28.)
    return t.to(
    C:\Users\fbrev\Documents\Acadêmico\Simulações\Python\NoisyGL\predictor\Base_Predictor.py:144: UserWarning: Sparse CSR tensor support is in beta state. If you miss a functionality in the sparse tensor support, please submit a feature request to https://github.com/pytorch/pytorch/issues. (Triggered internally at ..\aten\src\ATen\SparseCsrTensorImpl.cpp:55.)
    self.adj_csr = self.adj.to_sparse_csr().to(self.device)
[I 2026-05-02 23:54:45,239] Trial 7 finished with value: 0.769 and parameters: {'lr': 0.01, 'weight_decay': 0.01, 'n_hidden': 256, 'n_layer': 2, 'dropout': 0.7119280001227948}. Best is trial 7 with value: 0.769.
    [CPU] Loading amazonpho...
    DEBUG 3.1: Dataset init start
    DEBUG 3.2: prepare_data start amazonpho
    ----Data statistics------'
    Name: amazonpho
    #Nodes 7650
    #Edges 119081
    #Classes 8
    #Ave_degree 31.13
    ----Split statistics------'
    #Train samples 160 (20 nodes per class)
    #Val samples 500 (specified)
    #Test samples 1000 (specified)
    ----label noise information:------
    Instance dependent noise
    #Actual noise rate 0.50
    [cuda:0] Waiting for GPU slot...
    [cuda:0] Slot acquired (waited 63.0s). Training...
    FINAL_RESULT: {'acc': {'train': 0.18125, 'valid': 0.242, 'test': 0.254}, 'wall_s': 71.65, 'cpu_s': 0.02, 'gpu_s': 71.46, 'wait_s': 62.96}
    [Time] wall=71.7s | cpu=0.0s | gpu=71.5s
    C:\Users\fbrev\anaconda3\envs\noisygl\Lib\site-packages\torch\nn\modules\module.py:1159: UserWarning: expandable_segments not supported on this platform (Triggered internally at ..\c10/cuda/CUDAAllocatorConfig.h:28.)
    return t.to(
    C:\Users\fbrev\Documents\Acadêmico\Simulações\Python\NoisyGL\predictor\Base_Predictor.py:144: UserWarning: Sparse CSR tensor support is in beta state. If you miss a functionality in the sparse tensor support, please submit a feature request to https://github.com/pytorch/pytorch/issues. (Triggered internally at ..\aten\src\ATen\SparseCsrTensorImpl.cpp:55.)
    self.adj_csr = self.adj.to_sparse_csr().to(self.device)
[I 2026-05-02 23:57:04,434] Trial 8 finished with value: 0.254 and parameters: {'lr': 0.1, 'weight_decay': 0.01, 'n_hidden': 64, 'n_layer': 3, 'dropout': 0.3548578032144484}. Best is trial 7 with value: 0.769.
    [CPU] Loading amazonpho...
    DEBUG 3.1: Dataset init start
    DEBUG 3.2: prepare_data start amazonpho
    ----Data statistics------'
    Name: amazonpho
    #Nodes 7650
    #Edges 119081
    #Classes 8
    #Ave_degree 31.13
    ----Split statistics------'
    #Train samples 160 (20 nodes per class)
    #Val samples 500 (specified)
    #Test samples 1000 (specified)
    ----label noise information:------
    Instance dependent noise
    #Actual noise rate 0.50
    [cuda:0] Waiting for GPU slot...
    [cuda:0] Slot acquired (waited 69.7s). Training...
    FINAL_RESULT: {'acc': {'train': 0.13125, 'valid': 0.264, 'test': 0.305}, 'wall_s': 77.99, 'cpu_s': 0.03, 'gpu_s': 77.79, 'wait_s': 69.65}
    [Time] wall=78.0s | cpu=0.0s | gpu=77.8s
    C:\Users\fbrev\anaconda3\envs\noisygl\Lib\site-packages\torch\nn\modules\module.py:1159: UserWarning: expandable_segments not supported on this platform (Triggered internally at ..\c10/cuda/CUDAAllocatorConfig.h:28.)
    return t.to(
    C:\Users\fbrev\Documents\Acadêmico\Simulações\Python\NoisyGL\predictor\Base_Predictor.py:144: UserWarning: Sparse CSR tensor support is in beta state. If you miss a functionality in the sparse tensor support, please submit a feature request to https://github.com/pytorch/pytorch/issues. (Triggered internally at ..\aten\src\ATen\SparseCsrTensorImpl.cpp:55.)
    self.adj_csr = self.adj.to_sparse_csr().to(self.device)
[I 2026-05-02 23:59:36,549] Trial 9 finished with value: 0.305 and parameters: {'lr': 0.05, 'weight_decay': 0.001, 'n_hidden': 256, 'n_layer': 3, 'dropout': 0.7809598318606613}. Best is trial 7 with value: 0.769.
    [CPU] Loading amazonpho...
    DEBUG 3.1: Dataset init start
    DEBUG 3.2: prepare_data start amazonpho
    ----Data statistics------'
    Name: amazonpho
    #Nodes 7650
    #Edges 119081
    #Classes 8
    #Ave_degree 31.13
    ----Split statistics------'
    #Train samples 160 (20 nodes per class)
    #Val samples 500 (specified)
    #Test samples 1000 (specified)
    ----label noise information:------
    Instance dependent noise
    #Actual noise rate 0.50
    [cuda:0] Waiting for GPU slot...
    [cuda:0] Slot acquired (waited 66.0s). Training...
    FINAL_RESULT: {'acc': {'train': 0.3875, 'valid': 0.348, 'test': 0.587}, 'wall_s': 71.18, 'cpu_s': 0.02, 'gpu_s': 70.98, 'wait_s': 66.03}
    [Time] wall=71.2s | cpu=0.0s | gpu=71.0s
    C:\Users\fbrev\anaconda3\envs\noisygl\Lib\site-packages\torch\nn\modules\module.py:1159: UserWarning: expandable_segments not supported on this platform (Triggered internally at ..\c10/cuda/CUDAAllocatorConfig.h:28.)
    return t.to(
    C:\Users\fbrev\Documents\Acadêmico\Simulações\Python\NoisyGL\predictor\Base_Predictor.py:144: UserWarning: Sparse CSR tensor support is in beta state. If you miss a functionality in the sparse tensor support, please submit a feature request to https://github.com/pytorch/pytorch/issues. (Triggered internally at ..\aten\src\ATen\SparseCsrTensorImpl.cpp:55.)
    self.adj_csr = self.adj.to_sparse_csr().to(self.device)
[I 2026-05-03 00:01:58,391] Trial 10 finished with value: 0.587 and parameters: {'lr': 0.01, 'weight_decay': 0.05, 'n_hidden': 32, 'n_layer': 3, 'dropout': 0.5806266532361771}. Best is trial 7 with value: 0.769.
    [CPU] Loading amazonpho...
    DEBUG 3.1: Dataset init start
    DEBUG 3.2: prepare_data start amazonpho
    ----Data statistics------'
    Name: amazonpho
    #Nodes 7650
    #Edges 119081
    #Classes 8
    #Ave_degree 31.13
    ----Split statistics------'
    #Train samples 160 (20 nodes per class)
    #Val samples 500 (specified)
    #Test samples 1000 (specified)
    ----label noise information:------
    Instance dependent noise
    #Actual noise rate 0.50
    [cuda:0] Waiting for GPU slot...
    [cuda:0] Slot acquired (waited 652.9s). Training...
    FINAL_RESULT: {'acc': {'train': 0.55, 'valid': 0.426, 'test': 0.69}, 'wall_s': 70.64, 'cpu_s': 0.02, 'gpu_s': 70.46, 'wait_s': 652.92}
    [Time] wall=70.6s | cpu=0.0s | gpu=70.5s
    C:\Users\fbrev\anaconda3\envs\noisygl\Lib\site-packages\torch\nn\modules\module.py:1159: UserWarning: expandable_segments not supported on this platform (Triggered internally at ..\c10/cuda/CUDAAllocatorConfig.h:28.)
    return t.to(
    C:\Users\fbrev\Documents\Acadêmico\Simulações\Python\NoisyGL\predictor\Base_Predictor.py:144: UserWarning: Sparse CSR tensor support is in beta state. If you miss a functionality in the sparse tensor support, please submit a feature request to https://github.com/pytorch/pytorch/issues. (Triggered internally at ..\aten\src\ATen\SparseCsrTensorImpl.cpp:55.)
    self.adj_csr = self.adj.to_sparse_csr().to(self.device)
[I 2026-05-03 00:14:06,494] Trial 11 finished with value: 0.69 and parameters: {'lr': 0.005, 'weight_decay': 0.001, 'n_hidden': 128, 'n_layer': 2, 'dropout': 0.5379347171481054}. Best is trial 7 with value: 0.769.
    [CPU] Loading amazonpho...
    DEBUG 3.1: Dataset init start
    DEBUG 3.2: prepare_data start amazonpho
    ----Data statistics------'
    Name: amazonpho
    #Nodes 7650
    #Edges 119081
    #Classes 8
    #Ave_degree 31.13
    ----Split statistics------'
    #Train samples 160 (20 nodes per class)
    #Val samples 500 (specified)
    #Test samples 1000 (specified)
    ----label noise information:------
    Instance dependent noise
    #Actual noise rate 0.50
    [cuda:0] Waiting for GPU slot...
    [cuda:0] Slot acquired (waited 137.5s). Training...
    FINAL_RESULT: {'acc': {'train': 0.5125, 'valid': 0.41, 'test': 0.582}, 'wall_s': 74.73, 'cpu_s': 0.02, 'gpu_s': 74.56, 'wait_s': 137.47}
    [Time] wall=74.7s | cpu=0.0s | gpu=74.6s
    C:\Users\fbrev\anaconda3\envs\noisygl\Lib\site-packages\torch\nn\modules\module.py:1159: UserWarning: expandable_segments not supported on this platform (Triggered internally at ..\c10/cuda/CUDAAllocatorConfig.h:28.)
    return t.to(
    C:\Users\fbrev\Documents\Acadêmico\Simulações\Python\NoisyGL\predictor\Base_Predictor.py:144: UserWarning: Sparse CSR tensor support is in beta state. If you miss a functionality in the sparse tensor support, please submit a feature request to https://github.com/pytorch/pytorch/issues. (Triggered internally at ..\aten\src\ATen\SparseCsrTensorImpl.cpp:55.)
    self.adj_csr = self.adj.to_sparse_csr().to(self.device)
[I 2026-05-03 00:17:43,064] Trial 12 finished with value: 0.582 and parameters: {'lr': 0.01, 'weight_decay': 0.001, 'n_hidden': 256, 'n_layer': 3, 'dropout': 0.635511754149985}. Best is trial 7 with value: 0.769.
    [CPU] Loading amazonpho...
    DEBUG 3.1: Dataset init start
    DEBUG 3.2: prepare_data start amazonpho
    ----Data statistics------'
    Name: amazonpho
    #Nodes 7650
    #Edges 119081
    #Classes 8
    #Ave_degree 31.13
    ----Split statistics------'
    #Train samples 160 (20 nodes per class)
    #Val samples 500 (specified)
    #Test samples 1000 (specified)
    ----label noise information:------
    Instance dependent noise
    #Actual noise rate 0.50
    [cuda:0] Waiting for GPU slot...
    [cuda:0] Slot acquired (waited 481.4s). Training...
    FINAL_RESULT: {'acc': {'train': 0.1875, 'valid': 0.268, 'test': 0.364}, 'wall_s': 68.46, 'cpu_s': 0.03, 'gpu_s': 68.26, 'wait_s': 481.39}
    [Time] wall=68.5s | cpu=0.0s | gpu=68.3s
    C:\Users\fbrev\anaconda3\envs\noisygl\Lib\site-packages\torch\nn\modules\module.py:1159: UserWarning: expandable_segments not supported on this platform (Triggered internally at ..\c10/cuda/CUDAAllocatorConfig.h:28.)
    return t.to(
    C:\Users\fbrev\Documents\Acadêmico\Simulações\Python\NoisyGL\predictor\Base_Predictor.py:144: UserWarning: Sparse CSR tensor support is in beta state. If you miss a functionality in the sparse tensor support, please submit a feature request to https://github.com/pytorch/pytorch/issues. (Triggered internally at ..\aten\src\ATen\SparseCsrTensorImpl.cpp:55.)
    self.adj_csr = self.adj.to_sparse_csr().to(self.device)
[I 2026-05-03 00:26:57,605] Trial 13 finished with value: 0.364 and parameters: {'lr': 0.1, 'weight_decay': 0.001, 'n_hidden': 64, 'n_layer': 3, 'dropout': 0.207466653853938}. Best is trial 7 with value: 0.769.
    [CPU] Loading amazonpho...
    DEBUG 3.1: Dataset init start
    DEBUG 3.2: prepare_data start amazonpho
    ----Data statistics------'
    Name: amazonpho
    #Nodes 7650
    #Edges 119081
    #Classes 8
    #Ave_degree 31.13
    ----Split statistics------'
    #Train samples 160 (20 nodes per class)
    #Val samples 500 (specified)
    #Test samples 1000 (specified)
    ----label noise information:------
    Instance dependent noise
    #Actual noise rate 0.50
    [cuda:0] Waiting for GPU slot...
    [cuda:0] Slot acquired (waited 201.2s). Training...
    FINAL_RESULT: {'acc': {'train': 0.51875, 'valid': 0.41, 'test': 0.712}, 'wall_s': 74.66, 'cpu_s': 0.02, 'gpu_s': 74.48, 'wait_s': 201.18}
    [Time] wall=74.7s | cpu=0.0s | gpu=74.5s
    C:\Users\fbrev\anaconda3\envs\noisygl\Lib\site-packages\torch\nn\modules\module.py:1159: UserWarning: expandable_segments not supported on this platform (Triggered internally at ..\c10/cuda/CUDAAllocatorConfig.h:28.)
    return t.to(
    C:\Users\fbrev\Documents\Acadêmico\Simulações\Python\NoisyGL\predictor\Base_Predictor.py:144: UserWarning: Sparse CSR tensor support is in beta state. If you miss a functionality in the sparse tensor support, please submit a feature request to https://github.com/pytorch/pytorch/issues. (Triggered internally at ..\aten\src\ATen\SparseCsrTensorImpl.cpp:55.)
    self.adj_csr = self.adj.to_sparse_csr().to(self.device)
[I 2026-05-03 00:31:38,016] Trial 14 finished with value: 0.712 and parameters: {'lr': 0.01, 'weight_decay': 0.01, 'n_hidden': 256, 'n_layer': 3, 'dropout': 0.1828108166669182}. Best is trial 7 with value: 0.769.
    [CPU] Loading amazonpho...
    DEBUG 3.1: Dataset init start
    DEBUG 3.2: prepare_data start amazonpho
    ----Data statistics------'
    Name: amazonpho
    #Nodes 7650
    #Edges 119081
    #Classes 8
    #Ave_degree 31.13
    ----Split statistics------'
    #Train samples 160 (20 nodes per class)
    #Val samples 500 (specified)
    #Test samples 1000 (specified)
    ----label noise information:------
    Instance dependent noise
    #Actual noise rate 0.50
    [cuda:0] Waiting for GPU slot...
    [cuda:0] Slot acquired (waited 67.2s). Training...
    FINAL_RESULT: {'acc': {'train': 0.6125, 'valid': 0.4, 'test': 0.724}, 'wall_s': 66.69, 'cpu_s': 0.02, 'gpu_s': 66.46, 'wait_s': 67.18}
    [Time] wall=66.7s | cpu=0.0s | gpu=66.5s
    C:\Users\fbrev\anaconda3\envs\noisygl\Lib\site-packages\torch\nn\modules\module.py:1159: UserWarning: expandable_segments not supported on this platform (Triggered internally at ..\c10/cuda/CUDAAllocatorConfig.h:28.)
    return t.to(
    C:\Users\fbrev\Documents\Acadêmico\Simulações\Python\NoisyGL\predictor\Base_Predictor.py:144: UserWarning: Sparse CSR tensor support is in beta state. If you miss a functionality in the sparse tensor support, please submit a feature request to https://github.com/pytorch/pytorch/issues. (Triggered internally at ..\aten\src\ATen\SparseCsrTensorImpl.cpp:55.)
    self.adj_csr = self.adj.to_sparse_csr().to(self.device)
[I 2026-05-03 00:33:56,294] Trial 15 finished with value: 0.724 and parameters: {'lr': 0.01, 'weight_decay': 0.0, 'n_hidden': 32, 'n_layer': 2, 'dropout': 0.23409341233273315}. Best is trial 7 with value: 0.769.
    [CPU] Loading amazonpho...
    DEBUG 3.1: Dataset init start
    DEBUG 3.2: prepare_data start amazonpho
    ----Data statistics------'
    Name: amazonpho
    #Nodes 7650
    #Edges 119081
    #Classes 8
    #Ave_degree 31.13
    ----Split statistics------'
    #Train samples 160 (20 nodes per class)
    #Val samples 500 (specified)
    #Test samples 1000 (specified)
    ----label noise information:------
    Instance dependent noise
    #Actual noise rate 0.50
    [cuda:0] Waiting for GPU slot...
    [cuda:0] Slot acquired (waited 62.5s). Training...
    FINAL_RESULT: {'acc': {'train': 0.1125, 'valid': 0.246, 'test': 0.271}, 'wall_s': 66.02, 'cpu_s': 0.02, 'gpu_s': 65.8, 'wait_s': 62.49}
    [Time] wall=66.0s | cpu=0.0s | gpu=65.8s
    C:\Users\fbrev\anaconda3\envs\noisygl\Lib\site-packages\torch\nn\modules\module.py:1159: UserWarning: expandable_segments not supported on this platform (Triggered internally at ..\c10/cuda/CUDAAllocatorConfig.h:28.)
    return t.to(
    C:\Users\fbrev\Documents\Acadêmico\Simulações\Python\NoisyGL\predictor\Base_Predictor.py:144: UserWarning: Sparse CSR tensor support is in beta state. If you miss a functionality in the sparse tensor support, please submit a feature request to https://github.com/pytorch/pytorch/issues. (Triggered internally at ..\aten\src\ATen\SparseCsrTensorImpl.cpp:55.)
    self.adj_csr = self.adj.to_sparse_csr().to(self.device)
[I 2026-05-03 00:36:09,146] Trial 16 finished with value: 0.271 and parameters: {'lr': 0.05, 'weight_decay': 0.0, 'n_hidden': 32, 'n_layer': 2, 'dropout': 0.45888662461078084}. Best is trial 7 with value: 0.769.
    [CPU] Loading amazonpho...
    DEBUG 3.1: Dataset init start
    DEBUG 3.2: prepare_data start amazonpho
    ----Data statistics------'
    Name: amazonpho
    #Nodes 7650
    #Edges 119081
    #Classes 8
    #Ave_degree 31.13
    ----Split statistics------'
    #Train samples 160 (20 nodes per class)
    #Val samples 500 (specified)
    #Test samples 1000 (specified)
    ----label noise information:------
    Instance dependent noise
    #Actual noise rate 0.50
    [cuda:0] Waiting for GPU slot...
    [cuda:0] Slot acquired (waited 200.0s). Training...
    FINAL_RESULT: {'acc': {'train': 0.4375, 'valid': 0.412, 'test': 0.745}, 'wall_s': 71.07, 'cpu_s': 0.02, 'gpu_s': 70.88, 'wait_s': 200.0}
    [Time] wall=71.1s | cpu=0.0s | gpu=70.9s
    C:\Users\fbrev\anaconda3\envs\noisygl\Lib\site-packages\torch\nn\modules\module.py:1159: UserWarning: expandable_segments not supported on this platform (Triggered internally at ..\c10/cuda/CUDAAllocatorConfig.h:28.)
    return t.to(
    C:\Users\fbrev\Documents\Acadêmico\Simulações\Python\NoisyGL\predictor\Base_Predictor.py:144: UserWarning: Sparse CSR tensor support is in beta state. If you miss a functionality in the sparse tensor support, please submit a feature request to https://github.com/pytorch/pytorch/issues. (Triggered internally at ..\aten\src\ATen\SparseCsrTensorImpl.cpp:55.)
    self.adj_csr = self.adj.to_sparse_csr().to(self.device)
[I 2026-05-03 00:40:44,569] Trial 17 finished with value: 0.745 and parameters: {'lr': 0.005, 'weight_decay': 0.05, 'n_hidden': 256, 'n_layer': 2, 'dropout': 0.7447268868193283}. Best is trial 7 with value: 0.769.
    [CPU] Loading amazonpho...
    DEBUG 3.1: Dataset init start
    DEBUG 3.2: prepare_data start amazonpho
    ----Data statistics------'
    Name: amazonpho
    #Nodes 7650
    #Edges 119081
    #Classes 8
    #Ave_degree 31.13
    ----Split statistics------'
    #Train samples 160 (20 nodes per class)
    #Val samples 500 (specified)
    #Test samples 1000 (specified)
    ----label noise information:------
    Instance dependent noise
    #Actual noise rate 0.50
    [cuda:0] Waiting for GPU slot...
    [cuda:0] Slot acquired (waited 134.6s). Training...
    FINAL_RESULT: {'acc': {'train': 0.60625, 'valid': 0.41, 'test': 0.613}, 'wall_s': 70.21, 'cpu_s': 0.02, 'gpu_s': 70.02, 'wait_s': 134.57}
    [Time] wall=70.2s | cpu=0.0s | gpu=70.0s
    C:\Users\fbrev\anaconda3\envs\noisygl\Lib\site-packages\torch\nn\modules\module.py:1159: UserWarning: expandable_segments not supported on this platform (Triggered internally at ..\c10/cuda/CUDAAllocatorConfig.h:28.)
    return t.to(
    C:\Users\fbrev\Documents\Acadêmico\Simulações\Python\NoisyGL\predictor\Base_Predictor.py:144: UserWarning: Sparse CSR tensor support is in beta state. If you miss a functionality in the sparse tensor support, please submit a feature request to https://github.com/pytorch/pytorch/issues. (Triggered internally at ..\aten\src\ATen\SparseCsrTensorImpl.cpp:55.)
    self.adj_csr = self.adj.to_sparse_csr().to(self.device)
[I 2026-05-03 00:44:13,979] Trial 18 finished with value: 0.613 and parameters: {'lr': 0.001, 'weight_decay': 0.001, 'n_hidden': 128, 'n_layer': 2, 'dropout': 0.22322682218893003}. Best is trial 7 with value: 0.769.
    [CPU] Loading amazonpho...
    DEBUG 3.1: Dataset init start
    DEBUG 3.2: prepare_data start amazonpho
    ----Data statistics------'
    Name: amazonpho
    #Nodes 7650
    #Edges 119081
    #Classes 8
    #Ave_degree 31.13
    ----Split statistics------'
    #Train samples 160 (20 nodes per class)
    #Val samples 500 (specified)
    #Test samples 1000 (specified)
    ----label noise information:------
    Instance dependent noise
    #Actual noise rate 0.50
    [cuda:0] Waiting for GPU slot...
    [cuda:0] Slot acquired (waited 67.3s). Training...
    FINAL_RESULT: {'acc': {'train': 0.1375, 'valid': 0.242, 'test': 0.254}, 'wall_s': 74.37, 'cpu_s': 0.02, 'gpu_s': 74.19, 'wait_s': 67.28}
    [Time] wall=74.4s | cpu=0.0s | gpu=74.2s
    C:\Users\fbrev\anaconda3\envs\noisygl\Lib\site-packages\torch\nn\modules\module.py:1159: UserWarning: expandable_segments not supported on this platform (Triggered internally at ..\c10/cuda/CUDAAllocatorConfig.h:28.)
    return t.to(
    C:\Users\fbrev\Documents\Acadêmico\Simulações\Python\NoisyGL\predictor\Base_Predictor.py:144: UserWarning: Sparse CSR tensor support is in beta state. If you miss a functionality in the sparse tensor support, please submit a feature request to https://github.com/pytorch/pytorch/issues. (Triggered internally at ..\aten\src\ATen\SparseCsrTensorImpl.cpp:55.)
    self.adj_csr = self.adj.to_sparse_csr().to(self.device)
[I 2026-05-03 00:46:40,240] Trial 19 finished with value: 0.254 and parameters: {'lr': 0.05, 'weight_decay': 0.001, 'n_hidden': 256, 'n_layer': 3, 'dropout': 0.17721069639697193}. Best is trial 7 with value: 0.769.
    [CPU] Loading amazonpho...
    DEBUG 3.1: Dataset init start
    DEBUG 3.2: prepare_data start amazonpho
    ----Data statistics------'
    Name: amazonpho
    #Nodes 7650
    #Edges 119081
    #Classes 8
    #Ave_degree 31.13
    ----Split statistics------'
    #Train samples 160 (20 nodes per class)
    #Val samples 500 (specified)
    #Test samples 1000 (specified)
    ----label noise information:------
    Instance dependent noise
    #Actual noise rate 0.50
    [cuda:0] Waiting for GPU slot...
    [cuda:0] Slot acquired (waited 159.9s). Training...
    FINAL_RESULT: {'acc': {'train': 0.49375, 'valid': 0.412, 'test': 0.738}, 'wall_s': 72.8, 'cpu_s': 0.01, 'gpu_s': 72.55, 'wait_s': 159.94}
    [Time] wall=72.8s | cpu=0.0s | gpu=72.5s
    C:\Users\fbrev\anaconda3\envs\noisygl\Lib\site-packages\torch\nn\modules\module.py:1159: UserWarning: expandable_segments not supported on this platform (Triggered internally at ..\c10/cuda/CUDAAllocatorConfig.h:28.)
    return t.to(
    C:\Users\fbrev\Documents\Acadêmico\Simulações\Python\NoisyGL\predictor\Base_Predictor.py:144: UserWarning: Sparse CSR tensor support is in beta state. If you miss a functionality in the sparse tensor support, please submit a feature request to https://github.com/pytorch/pytorch/issues. (Triggered internally at ..\aten\src\ATen\SparseCsrTensorImpl.cpp:55.)
    self.adj_csr = self.adj.to_sparse_csr().to(self.device)
[I 2026-05-03 00:50:37,653] Trial 20 finished with value: 0.738 and parameters: {'lr': 0.005, 'weight_decay': 0.05, 'n_hidden': 256, 'n_layer': 2, 'dropout': 0.6826585656473099}. Best is trial 7 with value: 0.769.
    [CPU] Loading amazonpho...
    DEBUG 3.1: Dataset init start
    DEBUG 3.2: prepare_data start amazonpho
    ----Data statistics------'
    Name: amazonpho
    #Nodes 7650
    #Edges 119081
    #Classes 8
    #Ave_degree 31.13
    ----Split statistics------'
    #Train samples 160 (20 nodes per class)
    #Val samples 500 (specified)
    #Test samples 1000 (specified)
    ----label noise information:------
    Instance dependent noise
    #Actual noise rate 0.50
    [cuda:0] Waiting for GPU slot...
    [cuda:0] Slot acquired (waited 67.6s). Training...
    FINAL_RESULT: {'acc': {'train': 0.475, 'valid': 0.42, 'test': 0.765}, 'wall_s': 72.7, 'cpu_s': 0.02, 'gpu_s': 72.45, 'wait_s': 67.62}
    [Time] wall=72.7s | cpu=0.0s | gpu=72.5s
    C:\Users\fbrev\anaconda3\envs\noisygl\Lib\site-packages\torch\nn\modules\module.py:1159: UserWarning: expandable_segments not supported on this platform (Triggered internally at ..\c10/cuda/CUDAAllocatorConfig.h:28.)
    return t.to(
    C:\Users\fbrev\Documents\Acadêmico\Simulações\Python\NoisyGL\predictor\Base_Predictor.py:144: UserWarning: Sparse CSR tensor support is in beta state. If you miss a functionality in the sparse tensor support, please submit a feature request to https://github.com/pytorch/pytorch/issues. (Triggered internally at ..\aten\src\ATen\SparseCsrTensorImpl.cpp:55.)
    self.adj_csr = self.adj.to_sparse_csr().to(self.device)
[I 2026-05-03 00:53:02,555] Trial 21 finished with value: 0.765 and parameters: {'lr': 0.005, 'weight_decay': 0.05, 'n_hidden': 256, 'n_layer': 2, 'dropout': 0.6856496501243192}. Best is trial 7 with value: 0.769.
    [CPU] Loading amazonpho...
    DEBUG 3.1: Dataset init start
    DEBUG 3.2: prepare_data start amazonpho
    ----Data statistics------'
    Name: amazonpho
    #Nodes 7650
    #Edges 119081
    #Classes 8
    #Ave_degree 31.13
    ----Split statistics------'
    #Train samples 160 (20 nodes per class)
    #Val samples 500 (specified)
    #Test samples 1000 (specified)
    ----label noise information:------
    Instance dependent noise
    #Actual noise rate 0.50
    [cuda:0] Waiting for GPU slot...
    [cuda:0] Slot acquired (waited 67.4s). Training...
    FINAL_RESULT: {'acc': {'train': 0.4125, 'valid': 0.404, 'test': 0.757}, 'wall_s': 72.73, 'cpu_s': 0.02, 'gpu_s': 72.51, 'wait_s': 67.4}
    [Time] wall=72.7s | cpu=0.0s | gpu=72.5s
    C:\Users\fbrev\anaconda3\envs\noisygl\Lib\site-packages\torch\nn\modules\module.py:1159: UserWarning: expandable_segments not supported on this platform (Triggered internally at ..\c10/cuda/CUDAAllocatorConfig.h:28.)
    return t.to(
    C:\Users\fbrev\Documents\Acadêmico\Simulações\Python\NoisyGL\predictor\Base_Predictor.py:144: UserWarning: Sparse CSR tensor support is in beta state. If you miss a functionality in the sparse tensor support, please submit a feature request to https://github.com/pytorch/pytorch/issues. (Triggered internally at ..\aten\src\ATen\SparseCsrTensorImpl.cpp:55.)
    self.adj_csr = self.adj.to_sparse_csr().to(self.device)
[I 2026-05-03 00:55:27,273] Trial 22 finished with value: 0.757 and parameters: {'lr': 0.005, 'weight_decay': 0.05, 'n_hidden': 256, 'n_layer': 2, 'dropout': 0.6863092324313178}. Best is trial 7 with value: 0.769.
    [CPU] Loading amazonpho...
    DEBUG 3.1: Dataset init start
    DEBUG 3.2: prepare_data start amazonpho
    ----Data statistics------'
    Name: amazonpho
    #Nodes 7650
    #Edges 119081
    #Classes 8
    #Ave_degree 31.13
    ----Split statistics------'
    #Train samples 160 (20 nodes per class)
    #Val samples 500 (specified)
    #Test samples 1000 (specified)
    ----label noise information:------
    Instance dependent noise
    #Actual noise rate 0.50
    [cuda:0] Waiting for GPU slot...
    [cuda:0] Slot acquired (waited 163.3s). Training...
    FINAL_RESULT: {'acc': {'train': 0.475, 'valid': 0.412, 'test': 0.734}, 'wall_s': 73.91, 'cpu_s': 0.01, 'gpu_s': 73.68, 'wait_s': 163.32}
    [Time] wall=73.9s | cpu=0.0s | gpu=73.7s
    C:\Users\fbrev\anaconda3\envs\noisygl\Lib\site-packages\torch\nn\modules\module.py:1159: UserWarning: expandable_segments not supported on this platform (Triggered internally at ..\c10/cuda/CUDAAllocatorConfig.h:28.)
    return t.to(
    C:\Users\fbrev\Documents\Acadêmico\Simulações\Python\NoisyGL\predictor\Base_Predictor.py:144: UserWarning: Sparse CSR tensor support is in beta state. If you miss a functionality in the sparse tensor support, please submit a feature request to https://github.com/pytorch/pytorch/issues. (Triggered internally at ..\aten\src\ATen\SparseCsrTensorImpl.cpp:55.)
    self.adj_csr = self.adj.to_sparse_csr().to(self.device)
[I 2026-05-03 00:59:29,028] Trial 23 finished with value: 0.734 and parameters: {'lr': 0.005, 'weight_decay': 0.05, 'n_hidden': 256, 'n_layer': 2, 'dropout': 0.6633681057550699}. Best is trial 7 with value: 0.769.
    [CPU] Loading amazonpho...
    DEBUG 3.1: Dataset init start
    DEBUG 3.2: prepare_data start amazonpho
    ----Data statistics------'
    Name: amazonpho
    #Nodes 7650
    #Edges 119081
    #Classes 8
    #Ave_degree 31.13
    ----Split statistics------'
    #Train samples 160 (20 nodes per class)
    #Val samples 500 (specified)
    #Test samples 1000 (specified)
    ----label noise information:------
    Instance dependent noise
    #Actual noise rate 0.50
    [cuda:0] Waiting for GPU slot...
    [cuda:0] Slot acquired (waited 241.7s). Training...
    FINAL_RESULT: {'acc': {'train': 0.45625, 'valid': 0.386, 'test': 0.642}, 'wall_s': 69.35, 'cpu_s': 0.02, 'gpu_s': 69.11, 'wait_s': 241.67}
    [Time] wall=69.4s | cpu=0.0s | gpu=69.1s
    C:\Users\fbrev\anaconda3\envs\noisygl\Lib\site-packages\torch\nn\modules\module.py:1159: UserWarning: expandable_segments not supported on this platform (Triggered internally at ..\c10/cuda/CUDAAllocatorConfig.h:28.)
    return t.to(
    C:\Users\fbrev\Documents\Acadêmico\Simulações\Python\NoisyGL\predictor\Base_Predictor.py:144: UserWarning: Sparse CSR tensor support is in beta state. If you miss a functionality in the sparse tensor support, please submit a feature request to https://github.com/pytorch/pytorch/issues. (Triggered internally at ..\aten\src\ATen\SparseCsrTensorImpl.cpp:55.)
    self.adj_csr = self.adj.to_sparse_csr().to(self.device)
[I 2026-05-03 01:04:44,643] Trial 24 finished with value: 0.642 and parameters: {'lr': 0.005, 'weight_decay': 0.05, 'n_hidden': 128, 'n_layer': 2, 'dropout': 0.47012454883919025}. Best is trial 7 with value: 0.769.
    [CPU] Loading amazonpho...
    DEBUG 3.1: Dataset init start
    DEBUG 3.2: prepare_data start amazonpho
    ----Data statistics------'
    Name: amazonpho
    #Nodes 7650
    #Edges 119081
    #Classes 8
    #Ave_degree 31.13
    ----Split statistics------'
    #Train samples 160 (20 nodes per class)
    #Val samples 500 (specified)
    #Test samples 1000 (specified)
    ----label noise information:------
    Instance dependent noise
    #Actual noise rate 0.50
    [cuda:0] Waiting for GPU slot...
    [cuda:0] Slot acquired (waited 73.0s). Training...
    FINAL_RESULT: {'acc': {'train': 0.4625, 'valid': 0.406, 'test': 0.739}, 'wall_s': 73.53, 'cpu_s': 0.02, 'gpu_s': 73.32, 'wait_s': 72.99}
    [Time] wall=73.5s | cpu=0.0s | gpu=73.3s
    C:\Users\fbrev\anaconda3\envs\noisygl\Lib\site-packages\torch\nn\modules\module.py:1159: UserWarning: expandable_segments not supported on this platform (Triggered internally at ..\c10/cuda/CUDAAllocatorConfig.h:28.)
    return t.to(
    C:\Users\fbrev\Documents\Acadêmico\Simulações\Python\NoisyGL\predictor\Base_Predictor.py:144: UserWarning: Sparse CSR tensor support is in beta state. If you miss a functionality in the sparse tensor support, please submit a feature request to https://github.com/pytorch/pytorch/issues. (Triggered internally at ..\aten\src\ATen\SparseCsrTensorImpl.cpp:55.)
    self.adj_csr = self.adj.to_sparse_csr().to(self.device)
[I 2026-05-03 01:07:15,890] Trial 25 finished with value: 0.739 and parameters: {'lr': 0.005, 'weight_decay': 0.05, 'n_hidden': 256, 'n_layer': 2, 'dropout': 0.6928329093740159}. Best is trial 7 with value: 0.769.
    [CPU] Loading amazonpho...
    DEBUG 3.1: Dataset init start
    DEBUG 3.2: prepare_data start amazonpho
    ----Data statistics------'
    Name: amazonpho
    #Nodes 7650
    #Edges 119081
    #Classes 8
    #Ave_degree 31.13
    ----Split statistics------'
    #Train samples 160 (20 nodes per class)
    #Val samples 500 (specified)
    #Test samples 1000 (specified)
    ----label noise information:------
    Instance dependent noise
    #Actual noise rate 0.50
    [cuda:0] Waiting for GPU slot...
    [cuda:0] Slot acquired (waited 77.6s). Training...
    FINAL_RESULT: {'acc': {'train': 0.59375, 'valid': 0.436, 'test': 0.691}, 'wall_s': 73.62, 'cpu_s': 0.02, 'gpu_s': 73.45, 'wait_s': 77.56}
    [Time] wall=73.6s | cpu=0.0s | gpu=73.4s
    C:\Users\fbrev\anaconda3\envs\noisygl\Lib\site-packages\torch\nn\modules\module.py:1159: UserWarning: expandable_segments not supported on this platform (Triggered internally at ..\c10/cuda/CUDAAllocatorConfig.h:28.)
    return t.to(
    C:\Users\fbrev\Documents\Acadêmico\Simulações\Python\NoisyGL\predictor\Base_Predictor.py:144: UserWarning: Sparse CSR tensor support is in beta state. If you miss a functionality in the sparse tensor support, please submit a feature request to https://github.com/pytorch/pytorch/issues. (Triggered internally at ..\aten\src\ATen\SparseCsrTensorImpl.cpp:55.)
    self.adj_csr = self.adj.to_sparse_csr().to(self.device)
[I 2026-05-03 01:09:51,765] Trial 26 finished with value: 0.691 and parameters: {'lr': 0.005, 'weight_decay': 0.01, 'n_hidden': 256, 'n_layer': 2, 'dropout': 0.6110974175543424}. Best is trial 7 with value: 0.769.
    [CPU] Loading amazonpho...
    DEBUG 3.1: Dataset init start
    DEBUG 3.2: prepare_data start amazonpho
    ----Data statistics------'
    Name: amazonpho
    #Nodes 7650
    #Edges 119081
    #Classes 8
    #Ave_degree 31.13
    ----Split statistics------'
    #Train samples 160 (20 nodes per class)
    #Val samples 500 (specified)
    #Test samples 1000 (specified)
    ----label noise information:------
    Instance dependent noise
    #Actual noise rate 0.50
    [cuda:0] Waiting for GPU slot...
    [cuda:0] Slot acquired (waited 148.6s). Training...
    FINAL_RESULT: {'acc': {'train': 0.44375, 'valid': 0.394, 'test': 0.712}, 'wall_s': 72.83, 'cpu_s': 0.02, 'gpu_s': 72.66, 'wait_s': 148.61}
    [Time] wall=72.8s | cpu=0.0s | gpu=72.7s
    C:\Users\fbrev\anaconda3\envs\noisygl\Lib\site-packages\torch\nn\modules\module.py:1159: UserWarning: expandable_segments not supported on this platform (Triggered internally at ..\c10/cuda/CUDAAllocatorConfig.h:28.)
    return t.to(
    C:\Users\fbrev\Documents\Acadêmico\Simulações\Python\NoisyGL\predictor\Base_Predictor.py:144: UserWarning: Sparse CSR tensor support is in beta state. If you miss a functionality in the sparse tensor support, please submit a feature request to https://github.com/pytorch/pytorch/issues. (Triggered internally at ..\aten\src\ATen\SparseCsrTensorImpl.cpp:55.)
    self.adj_csr = self.adj.to_sparse_csr().to(self.device)
[I 2026-05-03 01:13:37,830] Trial 27 finished with value: 0.712 and parameters: {'lr': 0.005, 'weight_decay': 0.05, 'n_hidden': 256, 'n_layer': 2, 'dropout': 0.5129768925981388}. Best is trial 7 with value: 0.769.
    [CPU] Loading amazonpho...
    DEBUG 3.1: Dataset init start
    DEBUG 3.2: prepare_data start amazonpho
    ----Data statistics------'
    Name: amazonpho
    #Nodes 7650
    #Edges 119081
    #Classes 8
    #Ave_degree 31.13
    ----Split statistics------'
    #Train samples 160 (20 nodes per class)
    #Val samples 500 (specified)
    #Test samples 1000 (specified)
    ----label noise information:------
    Instance dependent noise
    #Actual noise rate 0.50
    [cuda:0] Waiting for GPU slot...
    [cuda:0] Slot acquired (waited 73.6s). Training...
    FINAL_RESULT: {'acc': {'train': 0.5375, 'valid': 0.414, 'test': 0.732}, 'wall_s': 72.57, 'cpu_s': 0.02, 'gpu_s': 72.32, 'wait_s': 73.63}
    [Time] wall=72.6s | cpu=0.0s | gpu=72.3s
    C:\Users\fbrev\anaconda3\envs\noisygl\Lib\site-packages\torch\nn\modules\module.py:1159: UserWarning: expandable_segments not supported on this platform (Triggered internally at ..\c10/cuda/CUDAAllocatorConfig.h:28.)
    return t.to(
    C:\Users\fbrev\Documents\Acadêmico\Simulações\Python\NoisyGL\predictor\Base_Predictor.py:144: UserWarning: Sparse CSR tensor support is in beta state. If you miss a functionality in the sparse tensor support, please submit a feature request to https://github.com/pytorch/pytorch/issues. (Triggered internally at ..\aten\src\ATen\SparseCsrTensorImpl.cpp:55.)
    self.adj_csr = self.adj.to_sparse_csr().to(self.device)
[I 2026-05-03 01:16:08,496] Trial 28 finished with value: 0.732 and parameters: {'lr': 0.005, 'weight_decay': 0.0001, 'n_hidden': 256, 'n_layer': 2, 'dropout': 0.36233062305674013}. Best is trial 7 with value: 0.769.
    [CPU] Loading amazonpho...
    DEBUG 3.1: Dataset init start
    DEBUG 3.2: prepare_data start amazonpho
    ----Data statistics------'
    Name: amazonpho
    #Nodes 7650
    #Edges 119081
    #Classes 8
    #Ave_degree 31.13
    ----Split statistics------'
    #Train samples 160 (20 nodes per class)
    #Val samples 500 (specified)
    #Test samples 1000 (specified)
    ----label noise information:------
    Instance dependent noise
    #Actual noise rate 0.50
    [cuda:0] Waiting for GPU slot...
    [cuda:0] Slot acquired (waited 71.8s). Training...
    FINAL_RESULT: {'acc': {'train': 0.50625, 'valid': 0.412, 'test': 0.641}, 'wall_s': 71.17, 'cpu_s': 0.02, 'gpu_s': 70.98, 'wait_s': 71.82}
    [Time] wall=71.2s | cpu=0.0s | gpu=71.0s
    C:\Users\fbrev\anaconda3\envs\noisygl\Lib\site-packages\torch\nn\modules\module.py:1159: UserWarning: expandable_segments not supported on this platform (Triggered internally at ..\c10/cuda/CUDAAllocatorConfig.h:28.)
    return t.to(
    C:\Users\fbrev\Documents\Acadêmico\Simulações\Python\NoisyGL\predictor\Base_Predictor.py:144: UserWarning: Sparse CSR tensor support is in beta state. If you miss a functionality in the sparse tensor support, please submit a feature request to https://github.com/pytorch/pytorch/issues. (Triggered internally at ..\aten\src\ATen\SparseCsrTensorImpl.cpp:55.)
    self.adj_csr = self.adj.to_sparse_csr().to(self.device)
[I 2026-05-03 01:18:36,447] Trial 29 finished with value: 0.641 and parameters: {'lr': 0.01, 'weight_decay': 0.0001, 'n_hidden': 256, 'n_layer': 2, 'dropout': 0.7094038249277521}. Best is trial 7 with value: 0.769.
    [CPU] Loading amazonpho...
    DEBUG 3.1: Dataset init start
    DEBUG 3.2: prepare_data start amazonpho
    ----Data statistics------'
    Name: amazonpho
    #Nodes 7650
    #Edges 119081
    #Classes 8
    #Ave_degree 31.13
    ----Split statistics------'
    #Train samples 160 (20 nodes per class)
    #Val samples 500 (specified)
    #Test samples 1000 (specified)
    ----label noise information:------
    Instance dependent noise
    #Actual noise rate 0.50
    [cuda:0] Waiting for GPU slot...
    [cuda:0] Slot acquired (waited 71.3s). Training...
    FINAL_RESULT: {'acc': {'train': 0.525, 'valid': 0.434, 'test': 0.75}, 'wall_s': 68.36, 'cpu_s': 0.02, 'gpu_s': 68.19, 'wait_s': 71.32}
    [Time] wall=68.4s | cpu=0.0s | gpu=68.2s
    C:\Users\fbrev\anaconda3\envs\noisygl\Lib\site-packages\torch\nn\modules\module.py:1159: UserWarning: expandable_segments not supported on this platform (Triggered internally at ..\c10/cuda/CUDAAllocatorConfig.h:28.)
    return t.to(
    C:\Users\fbrev\Documents\Acadêmico\Simulações\Python\NoisyGL\predictor\Base_Predictor.py:144: UserWarning: Sparse CSR tensor support is in beta state. If you miss a functionality in the sparse tensor support, please submit a feature request to https://github.com/pytorch/pytorch/issues. (Triggered internally at ..\aten\src\ATen\SparseCsrTensorImpl.cpp:55.)
    self.adj_csr = self.adj.to_sparse_csr().to(self.device)
[I 2026-05-03 01:21:00,698] Trial 30 finished with value: 0.75 and parameters: {'lr': 0.01, 'weight_decay': 0.01, 'n_hidden': 64, 'n_layer': 2, 'dropout': 0.7064282873823899}. Best is trial 7 with value: 0.769.
    [CPU] Loading amazonpho...
    DEBUG 3.1: Dataset init start
    DEBUG 3.2: prepare_data start amazonpho
    ----Data statistics------'
    Name: amazonpho
    #Nodes 7650
    #Edges 119081
    #Classes 8
    #Ave_degree 31.13
    ----Split statistics------'
    #Train samples 160 (20 nodes per class)
    #Val samples 500 (specified)
    #Test samples 1000 (specified)
    ----label noise information:------
    Instance dependent noise
    #Actual noise rate 0.50
    [cuda:0] Waiting for GPU slot...
    [cuda:0] Slot acquired (waited 13.4s). Training...
    FINAL_RESULT: {'acc': {'train': 0.575, 'valid': 0.436, 'test': 0.614}, 'wall_s': 70.31, 'cpu_s': 0.02, 'gpu_s': 70.1, 'wait_s': 13.36}
    [Time] wall=70.3s | cpu=0.0s | gpu=70.1s
    C:\Users\fbrev\anaconda3\envs\noisygl\Lib\site-packages\torch\nn\modules\module.py:1159: UserWarning: expandable_segments not supported on this platform (Triggered internally at ..\c10/cuda/CUDAAllocatorConfig.h:28.)
    return t.to(
    C:\Users\fbrev\Documents\Acadêmico\Simulações\Python\NoisyGL\predictor\Base_Predictor.py:144: UserWarning: Sparse CSR tensor support is in beta state. If you miss a functionality in the sparse tensor support, please submit a feature request to https://github.com/pytorch/pytorch/issues. (Triggered internally at ..\aten\src\ATen\SparseCsrTensorImpl.cpp:55.)
    self.adj_csr = self.adj.to_sparse_csr().to(self.device)
[I 2026-05-03 01:22:28,838] Trial 31 finished with value: 0.614 and parameters: {'lr': 0.01, 'weight_decay': 0.01, 'n_hidden': 64, 'n_layer': 2, 'dropout': 0.7332494958694362}. Best is trial 7 with value: 0.769.
    [CPU] Loading amazonpho...
    DEBUG 3.1: Dataset init start
    DEBUG 3.2: prepare_data start amazonpho
    ----Data statistics------'
    Name: amazonpho
    #Nodes 7650
    #Edges 119081
    #Classes 8
    #Ave_degree 31.13
    ----Split statistics------'
    #Train samples 160 (20 nodes per class)
    #Val samples 500 (specified)
    #Test samples 1000 (specified)
    ----label noise information:------
    Instance dependent noise
    #Actual noise rate 0.50
    [cuda:0] Waiting for GPU slot...
    [cuda:0] Slot acquired (waited 73.9s). Training...
    FINAL_RESULT: {'acc': {'train': 0.5125, 'valid': 0.45, 'test': 0.8}, 'wall_s': 69.71, 'cpu_s': 0.02, 'gpu_s': 69.52, 'wait_s': 73.88}
    [Time] wall=69.7s | cpu=0.0s | gpu=69.5s
    C:\Users\fbrev\anaconda3\envs\noisygl\Lib\site-packages\torch\nn\modules\module.py:1159: UserWarning: expandable_segments not supported on this platform (Triggered internally at ..\c10/cuda/CUDAAllocatorConfig.h:28.)
    return t.to(
    C:\Users\fbrev\Documents\Acadêmico\Simulações\Python\NoisyGL\predictor\Base_Predictor.py:144: UserWarning: Sparse CSR tensor support is in beta state. If you miss a functionality in the sparse tensor support, please submit a feature request to https://github.com/pytorch/pytorch/issues. (Triggered internally at ..\aten\src\ATen\SparseCsrTensorImpl.cpp:55.)
    self.adj_csr = self.adj.to_sparse_csr().to(self.device)
[I 2026-05-03 01:24:57,603] Trial 32 finished with value: 0.8 and parameters: {'lr': 0.01, 'weight_decay': 0.01, 'n_hidden': 64, 'n_layer': 2, 'dropout': 0.7929969766188565}. Best is trial 32 with value: 0.8.
    [CPU] Loading amazonpho...
    DEBUG 3.1: Dataset init start
    DEBUG 3.2: prepare_data start amazonpho
    ----Data statistics------'
    Name: amazonpho
    #Nodes 7650
    #Edges 119081
    #Classes 8
    #Ave_degree 31.13
    ----Split statistics------'
    #Train samples 160 (20 nodes per class)
    #Val samples 500 (specified)
    #Test samples 1000 (specified)
    ----label noise information:------
    Instance dependent noise
    #Actual noise rate 0.50
    [cuda:0] Waiting for GPU slot...
    [cuda:0] Slot acquired (waited 257.8s). Training...
    FINAL_RESULT: {'acc': {'train': 0.50625, 'valid': 0.424, 'test': 0.77}, 'wall_s': 68.32, 'cpu_s': 0.02, 'gpu_s': 68.1, 'wait_s': 257.84}
    [Time] wall=68.3s | cpu=0.0s | gpu=68.1s
    C:\Users\fbrev\anaconda3\envs\noisygl\Lib\site-packages\torch\nn\modules\module.py:1159: UserWarning: expandable_segments not supported on this platform (Triggered internally at ..\c10/cuda/CUDAAllocatorConfig.h:28.)
    return t.to(
    C:\Users\fbrev\Documents\Acadêmico\Simulações\Python\NoisyGL\predictor\Base_Predictor.py:144: UserWarning: Sparse CSR tensor support is in beta state. If you miss a functionality in the sparse tensor support, please submit a feature request to https://github.com/pytorch/pytorch/issues. (Triggered internally at ..\aten\src\ATen\SparseCsrTensorImpl.cpp:55.)
    self.adj_csr = self.adj.to_sparse_csr().to(self.device)
[I 2026-05-03 01:30:28,958] Trial 33 finished with value: 0.77 and parameters: {'lr': 0.001, 'weight_decay': 0.01, 'n_hidden': 64, 'n_layer': 2, 'dropout': 0.784442970029198}. Best is trial 32 with value: 0.8.
    [CPU] Loading amazonpho...
    DEBUG 3.1: Dataset init start
    DEBUG 3.2: prepare_data start amazonpho
    ----Data statistics------'
    Name: amazonpho
    #Nodes 7650
    #Edges 119081
    #Classes 8
    #Ave_degree 31.13
    ----Split statistics------'
    #Train samples 160 (20 nodes per class)
    #Val samples 500 (specified)
    #Test samples 1000 (specified)
    ----label noise information:------
    Instance dependent noise
    #Actual noise rate 0.50
    [cuda:0] Waiting for GPU slot...
    [cuda:0] Slot acquired (waited 106.5s). Training...
    FINAL_RESULT: {'acc': {'train': 0.50625, 'valid': 0.424, 'test': 0.798}, 'wall_s': 69.74, 'cpu_s': 0.02, 'gpu_s': 69.51, 'wait_s': 106.53}
    [Time] wall=69.7s | cpu=0.0s | gpu=69.5s
    C:\Users\fbrev\anaconda3\envs\noisygl\Lib\site-packages\torch\nn\modules\module.py:1159: UserWarning: expandable_segments not supported on this platform (Triggered internally at ..\c10/cuda/CUDAAllocatorConfig.h:28.)
    return t.to(
    C:\Users\fbrev\Documents\Acadêmico\Simulações\Python\NoisyGL\predictor\Base_Predictor.py:144: UserWarning: Sparse CSR tensor support is in beta state. If you miss a functionality in the sparse tensor support, please submit a feature request to https://github.com/pytorch/pytorch/issues. (Triggered internally at ..\aten\src\ATen\SparseCsrTensorImpl.cpp:55.)
    self.adj_csr = self.adj.to_sparse_csr().to(self.device)
[I 2026-05-03 01:33:29,589] Trial 34 finished with value: 0.798 and parameters: {'lr': 0.001, 'weight_decay': 0.01, 'n_hidden': 64, 'n_layer': 2, 'dropout': 0.7973546013660003}. Best is trial 32 with value: 0.8.
    [CPU] Loading amazonpho...
    DEBUG 3.1: Dataset init start
    DEBUG 3.2: prepare_data start amazonpho
    ----Data statistics------'
    Name: amazonpho
    #Nodes 7650
    #Edges 119081
    #Classes 8
    #Ave_degree 31.13
    ----Split statistics------'
    #Train samples 160 (20 nodes per class)
    #Val samples 500 (specified)
    #Test samples 1000 (specified)
    ----label noise information:------
    Instance dependent noise
    #Actual noise rate 0.50
    [cuda:0] Waiting for GPU slot...
    [cuda:0] Slot acquired (waited 9.6s). Training...
    FINAL_RESULT: {'acc': {'train': 0.5625, 'valid': 0.43, 'test': 0.721}, 'wall_s': 68.95, 'cpu_s': 0.02, 'gpu_s': 68.75, 'wait_s': 9.62}
    [Time] wall=69.0s | cpu=0.0s | gpu=68.8s
    C:\Users\fbrev\anaconda3\envs\noisygl\Lib\site-packages\torch\nn\modules\module.py:1159: UserWarning: expandable_segments not supported on this platform (Triggered internally at ..\c10/cuda/CUDAAllocatorConfig.h:28.)
    return t.to(
    C:\Users\fbrev\Documents\Acadêmico\Simulações\Python\NoisyGL\predictor\Base_Predictor.py:144: UserWarning: Sparse CSR tensor support is in beta state. If you miss a functionality in the sparse tensor support, please submit a feature request to https://github.com/pytorch/pytorch/issues. (Triggered internally at ..\aten\src\ATen\SparseCsrTensorImpl.cpp:55.)
    self.adj_csr = self.adj.to_sparse_csr().to(self.device)
[I 2026-05-03 01:34:52,776] Trial 35 finished with value: 0.721 and parameters: {'lr': 0.001, 'weight_decay': 0.01, 'n_hidden': 64, 'n_layer': 2, 'dropout': 0.7996151118427349}. Best is trial 32 with value: 0.8.
    [CPU] Loading amazonpho...
    DEBUG 3.1: Dataset init start
    DEBUG 3.2: prepare_data start amazonpho
    ----Data statistics------'
    Name: amazonpho
    #Nodes 7650
    #Edges 119081
    #Classes 8
    #Ave_degree 31.13
    ----Split statistics------'
    #Train samples 160 (20 nodes per class)
    #Val samples 500 (specified)
    #Test samples 1000 (specified)
    ----label noise information:------
    Instance dependent noise
    #Actual noise rate 0.50
    [cuda:0] Waiting for GPU slot...
    [cuda:0] Slot acquired (waited 3.2s). Training...
    FINAL_RESULT: {'acc': {'train': 0.54375, 'valid': 0.416, 'test': 0.75}, 'wall_s': 67.81, 'cpu_s': 0.02, 'gpu_s': 67.58, 'wait_s': 3.24}
    [Time] wall=67.8s | cpu=0.0s | gpu=67.6s
    C:\Users\fbrev\anaconda3\envs\noisygl\Lib\site-packages\torch\nn\modules\module.py:1159: UserWarning: expandable_segments not supported on this platform (Triggered internally at ..\c10/cuda/CUDAAllocatorConfig.h:28.)
    return t.to(
    C:\Users\fbrev\Documents\Acadêmico\Simulações\Python\NoisyGL\predictor\Base_Predictor.py:144: UserWarning: Sparse CSR tensor support is in beta state. If you miss a functionality in the sparse tensor support, please submit a feature request to https://github.com/pytorch/pytorch/issues. (Triggered internally at ..\aten\src\ATen\SparseCsrTensorImpl.cpp:55.)
    self.adj_csr = self.adj.to_sparse_csr().to(self.device)
[I 2026-05-03 01:36:08,438] Trial 36 finished with value: 0.75 and parameters: {'lr': 0.001, 'weight_decay': 0.01, 'n_hidden': 64, 'n_layer': 2, 'dropout': 0.7641932454960639}. Best is trial 32 with value: 0.8.
    [CPU] Loading amazonpho...
    DEBUG 3.1: Dataset init start
    DEBUG 3.2: prepare_data start amazonpho
    ----Data statistics------'
    Name: amazonpho
    #Nodes 7650
    #Edges 119081
    #Classes 8
    #Ave_degree 31.13
    ----Split statistics------'
    #Train samples 160 (20 nodes per class)
    #Val samples 500 (specified)
    #Test samples 1000 (specified)
    ----label noise information:------
    Instance dependent noise
    #Actual noise rate 0.50
    [cuda:0] Waiting for GPU slot...
    [cuda:0] Slot acquired (waited 4.3s). Training...
    FINAL_RESULT: {'acc': {'train': 0.5125, 'valid': 0.424, 'test': 0.784}, 'wall_s': 71.01, 'cpu_s': 0.02, 'gpu_s': 70.8, 'wait_s': 4.26}
    [Time] wall=71.0s | cpu=0.0s | gpu=70.8s
    C:\Users\fbrev\anaconda3\envs\noisygl\Lib\site-packages\torch\nn\modules\module.py:1159: UserWarning: expandable_segments not supported on this platform (Triggered internally at ..\c10/cuda/CUDAAllocatorConfig.h:28.)
    return t.to(
    C:\Users\fbrev\Documents\Acadêmico\Simulações\Python\NoisyGL\predictor\Base_Predictor.py:144: UserWarning: Sparse CSR tensor support is in beta state. If you miss a functionality in the sparse tensor support, please submit a feature request to https://github.com/pytorch/pytorch/issues. (Triggered internally at ..\aten\src\ATen\SparseCsrTensorImpl.cpp:55.)
    self.adj_csr = self.adj.to_sparse_csr().to(self.device)
[I 2026-05-03 01:37:28,310] Trial 37 finished with value: 0.784 and parameters: {'lr': 0.001, 'weight_decay': 0.01, 'n_hidden': 64, 'n_layer': 2, 'dropout': 0.7976999246723431}. Best is trial 32 with value: 0.8.
    [CPU] Loading amazonpho...
    DEBUG 3.1: Dataset init start
    DEBUG 3.2: prepare_data start amazonpho
    ----Data statistics------'
    Name: amazonpho
    #Nodes 7650
    #Edges 119081
    #Classes 8
    #Ave_degree 31.13
    ----Split statistics------'
    #Train samples 160 (20 nodes per class)
    #Val samples 500 (specified)
    #Test samples 1000 (specified)
    ----label noise information:------
    Instance dependent noise
    #Actual noise rate 0.50
    [cuda:0] Waiting for GPU slot...
    [cuda:0] Slot acquired (waited 0.0s). Training...
    FINAL_RESULT: {'acc': {'train': 0.525, 'valid': 0.408, 'test': 0.705}, 'wall_s': 71.02, 'cpu_s': 0.02, 'gpu_s': 70.82, 'wait_s': 0.0}
    [Time] wall=71.0s | cpu=0.0s | gpu=70.8s
    C:\Users\fbrev\anaconda3\envs\noisygl\Lib\site-packages\torch\nn\modules\module.py:1159: UserWarning: expandable_segments not supported on this platform (Triggered internally at ..\c10/cuda/CUDAAllocatorConfig.h:28.)
    return t.to(
    C:\Users\fbrev\Documents\Acadêmico\Simulações\Python\NoisyGL\predictor\Base_Predictor.py:144: UserWarning: Sparse CSR tensor support is in beta state. If you miss a functionality in the sparse tensor support, please submit a feature request to https://github.com/pytorch/pytorch/issues. (Triggered internally at ..\aten\src\ATen\SparseCsrTensorImpl.cpp:55.)
    self.adj_csr = self.adj.to_sparse_csr().to(self.device)
[I 2026-05-03 01:38:44,630] Trial 38 finished with value: 0.705 and parameters: {'lr': 0.001, 'weight_decay': 0.01, 'n_hidden': 64, 'n_layer': 2, 'dropout': 0.009115077560706508}. Best is trial 32 with value: 0.8.
    [CPU] Loading amazonpho...
    DEBUG 3.1: Dataset init start
    DEBUG 3.2: prepare_data start amazonpho
    ----Data statistics------'
    Name: amazonpho
    #Nodes 7650
    #Edges 119081
    #Classes 8
    #Ave_degree 31.13
    ----Split statistics------'
    #Train samples 160 (20 nodes per class)
    #Val samples 500 (specified)
    #Test samples 1000 (specified)
    ----label noise information:------
    Instance dependent noise
    #Actual noise rate 0.50
    [cuda:0] Waiting for GPU slot...
    [cuda:0] Slot acquired (waited 9.2s). Training...
    FINAL_RESULT: {'acc': {'train': 0.58125, 'valid': 0.426, 'test': 0.762}, 'wall_s': 69.49, 'cpu_s': 0.02, 'gpu_s': 69.26, 'wait_s': 9.18}
    [Time] wall=69.5s | cpu=0.0s | gpu=69.3s
    C:\Users\fbrev\anaconda3\envs\noisygl\Lib\site-packages\torch\nn\modules\module.py:1159: UserWarning: expandable_segments not supported on this platform (Triggered internally at ..\c10/cuda/CUDAAllocatorConfig.h:28.)
    return t.to(
    C:\Users\fbrev\Documents\Acadêmico\Simulações\Python\NoisyGL\predictor\Base_Predictor.py:144: UserWarning: Sparse CSR tensor support is in beta state. If you miss a functionality in the sparse tensor support, please submit a feature request to https://github.com/pytorch/pytorch/issues. (Triggered internally at ..\aten\src\ATen\SparseCsrTensorImpl.cpp:55.)
    self.adj_csr = self.adj.to_sparse_csr().to(self.device)
[I 2026-05-03 01:40:08,533] Trial 39 finished with value: 0.762 and parameters: {'lr': 0.001, 'weight_decay': 0.01, 'n_hidden': 64, 'n_layer': 2, 'dropout': 0.7987928804503307}. Best is trial 32 with value: 0.8.
    [CPU] Loading amazonpho...
    DEBUG 3.1: Dataset init start
    DEBUG 3.2: prepare_data start amazonpho
    ----Data statistics------'
    Name: amazonpho
    #Nodes 7650
    #Edges 119081
    #Classes 8
    #Ave_degree 31.13
    ----Split statistics------'
    #Train samples 160 (20 nodes per class)
    #Val samples 500 (specified)
    #Test samples 1000 (specified)
    ----label noise information:------
    Instance dependent noise
    #Actual noise rate 0.50
    [cuda:0] Waiting for GPU slot...
    [cuda:0] Slot acquired (waited 3.7s). Training...
    FINAL_RESULT: {'acc': {'train': 0.5375, 'valid': 0.432, 'test': 0.759}, 'wall_s': 69.11, 'cpu_s': 0.02, 'gpu_s': 68.89, 'wait_s': 3.75}
    [Time] wall=69.1s | cpu=0.0s | gpu=68.9s
    C:\Users\fbrev\anaconda3\envs\noisygl\Lib\site-packages\torch\nn\modules\module.py:1159: UserWarning: expandable_segments not supported on this platform (Triggered internally at ..\c10/cuda/CUDAAllocatorConfig.h:28.)
    return t.to(
    C:\Users\fbrev\Documents\Acadêmico\Simulações\Python\NoisyGL\predictor\Base_Predictor.py:144: UserWarning: Sparse CSR tensor support is in beta state. If you miss a functionality in the sparse tensor support, please submit a feature request to https://github.com/pytorch/pytorch/issues. (Triggered internally at ..\aten\src\ATen\SparseCsrTensorImpl.cpp:55.)
    self.adj_csr = self.adj.to_sparse_csr().to(self.device)
[I 2026-05-03 01:41:26,328] Trial 40 finished with value: 0.759 and parameters: {'lr': 0.001, 'weight_decay': 0.01, 'n_hidden': 64, 'n_layer': 2, 'dropout': 0.7497394189802516}. Best is trial 32 with value: 0.8.
    [CPU] Loading amazonpho...
    DEBUG 3.1: Dataset init start
    DEBUG 3.2: prepare_data start amazonpho
    ----Data statistics------'
    Name: amazonpho
    #Nodes 7650
    #Edges 119081
    #Classes 8
    #Ave_degree 31.13
    ----Split statistics------'
    #Train samples 160 (20 nodes per class)
    #Val samples 500 (specified)
    #Test samples 1000 (specified)
    ----label noise information:------
    Instance dependent noise
    #Actual noise rate 0.50
    [cuda:0] Waiting for GPU slot...
    [cuda:0] Slot acquired (waited 6.5s). Training...
    FINAL_RESULT: {'acc': {'train': 0.5875, 'valid': 0.424, 'test': 0.714}, 'wall_s': 70.76, 'cpu_s': 0.02, 'gpu_s': 70.49, 'wait_s': 6.49}
    [Time] wall=70.8s | cpu=0.0s | gpu=70.5s
    C:\Users\fbrev\anaconda3\envs\noisygl\Lib\site-packages\torch\nn\modules\module.py:1159: UserWarning: expandable_segments not supported on this platform (Triggered internally at ..\c10/cuda/CUDAAllocatorConfig.h:28.)
    return t.to(
    C:\Users\fbrev\Documents\Acadêmico\Simulações\Python\NoisyGL\predictor\Base_Predictor.py:144: UserWarning: Sparse CSR tensor support is in beta state. If you miss a functionality in the sparse tensor support, please submit a feature request to https://github.com/pytorch/pytorch/issues. (Triggered internally at ..\aten\src\ATen\SparseCsrTensorImpl.cpp:55.)
    self.adj_csr = self.adj.to_sparse_csr().to(self.device)
[I 2026-05-03 01:42:49,096] Trial 41 finished with value: 0.714 and parameters: {'lr': 0.001, 'weight_decay': 0.01, 'n_hidden': 64, 'n_layer': 2, 'dropout': 0.7497111009833991}. Best is trial 32 with value: 0.8.
    [CPU] Loading amazonpho...
    DEBUG 3.1: Dataset init start
    DEBUG 3.2: prepare_data start amazonpho
    ----Data statistics------'
    Name: amazonpho
    #Nodes 7650
    #Edges 119081
    #Classes 8
    #Ave_degree 31.13
    ----Split statistics------'
    #Train samples 160 (20 nodes per class)
    #Val samples 500 (specified)
    #Test samples 1000 (specified)
    ----label noise information:------
    Instance dependent noise
    #Actual noise rate 0.50
    [cuda:0] Waiting for GPU slot...
    [cuda:0] Slot acquired (waited 20.7s). Training...
    FINAL_RESULT: {'acc': {'train': 0.51875, 'valid': 0.414, 'test': 0.773}, 'wall_s': 71.46, 'cpu_s': 0.02, 'gpu_s': 71.25, 'wait_s': 20.7}
    [Time] wall=71.5s | cpu=0.0s | gpu=71.3s
    C:\Users\fbrev\anaconda3\envs\noisygl\Lib\site-packages\torch\nn\modules\module.py:1159: UserWarning: expandable_segments not supported on this platform (Triggered internally at ..\c10/cuda/CUDAAllocatorConfig.h:28.)
    return t.to(
    C:\Users\fbrev\Documents\Acadêmico\Simulações\Python\NoisyGL\predictor\Base_Predictor.py:144: UserWarning: Sparse CSR tensor support is in beta state. If you miss a functionality in the sparse tensor support, please submit a feature request to https://github.com/pytorch/pytorch/issues. (Triggered internally at ..\aten\src\ATen\SparseCsrTensorImpl.cpp:55.)
    self.adj_csr = self.adj.to_sparse_csr().to(self.device)
[I 2026-05-03 01:44:26,318] Trial 42 finished with value: 0.773 and parameters: {'lr': 0.001, 'weight_decay': 0.01, 'n_hidden': 64, 'n_layer': 2, 'dropout': 0.6497894791746339}. Best is trial 32 with value: 0.8.
    [CPU] Loading amazonpho...
    DEBUG 3.1: Dataset init start
    DEBUG 3.2: prepare_data start amazonpho
    ----Data statistics------'
    Name: amazonpho
    #Nodes 7650
    #Edges 119081
    #Classes 8
    #Ave_degree 31.13
    ----Split statistics------'
    #Train samples 160 (20 nodes per class)
    #Val samples 500 (specified)
    #Test samples 1000 (specified)
    ----label noise information:------
    Instance dependent noise
    #Actual noise rate 0.50
    [cuda:0] Waiting for GPU slot...
    [cuda:0] Slot acquired (waited 3.4s). Training...
    FINAL_RESULT: {'acc': {'train': 0.5875, 'valid': 0.412, 'test': 0.664}, 'wall_s': 70.59, 'cpu_s': 0.02, 'gpu_s': 70.34, 'wait_s': 3.4}
    [Time] wall=70.6s | cpu=0.0s | gpu=70.3s
    C:\Users\fbrev\anaconda3\envs\noisygl\Lib\site-packages\torch\nn\modules\module.py:1159: UserWarning: expandable_segments not supported on this platform (Triggered internally at ..\c10/cuda/CUDAAllocatorConfig.h:28.)
    return t.to(
    C:\Users\fbrev\Documents\Acadêmico\Simulações\Python\NoisyGL\predictor\Base_Predictor.py:144: UserWarning: Sparse CSR tensor support is in beta state. If you miss a functionality in the sparse tensor support, please submit a feature request to https://github.com/pytorch/pytorch/issues. (Triggered internally at ..\aten\src\ATen\SparseCsrTensorImpl.cpp:55.)
    self.adj_csr = self.adj.to_sparse_csr().to(self.device)
[I 2026-05-03 01:45:45,489] Trial 43 finished with value: 0.664 and parameters: {'lr': 0.001, 'weight_decay': 0.01, 'n_hidden': 64, 'n_layer': 2, 'dropout': 0.615129267651939}. Best is trial 32 with value: 0.8.
 [Optuna] Early stopping at trial 43.

[Retest] Phase 1 Finished. Validating Top 3 (10 runs each)...

  [Retest] Candidate 1/3 (Trial 32, HPO_acc=0.8000)
    [CPU] Loading amazonpho...
    DEBUG 3.1: Dataset init start
    DEBUG 3.2: prepare_data start amazonpho
    ----Data statistics------'
    Name: amazonpho
    #Nodes 7650
    #Edges 119081
    #Classes 8
    #Ave_degree 31.13
    ----Split statistics------'
    #Train samples 160 (20 nodes per class)
    #Val samples 500 (specified)
    #Test samples 1000 (specified)
    ----label noise information:------
    Instance dependent noise
    #Actual noise rate 0.50
    [cuda:0] Waiting for GPU slot...
    [cuda:0] Slot acquired (waited 3.1s). Training...
    FINAL_RESULT: {'acc': {'train': 0.46875, 'valid': 0.432, 'test': 0.758}, 'wall_s': 71.23, 'cpu_s': 0.02, 'gpu_s': 70.99, 'wait_s': 3.1}
    [Time] wall=71.2s | cpu=0.0s | gpu=71.0s
    C:\Users\fbrev\anaconda3\envs\noisygl\Lib\site-packages\torch\nn\modules\module.py:1159: UserWarning: expandable_segments not supported on this platform (Triggered internally at ..\c10/cuda/CUDAAllocatorConfig.h:28.)
    return t.to(
    C:\Users\fbrev\Documents\Acadêmico\Simulações\Python\NoisyGL\predictor\Base_Predictor.py:144: UserWarning: Sparse CSR tensor support is in beta state. If you miss a functionality in the sparse tensor support, please submit a feature request to https://github.com/pytorch/pytorch/issues. (Triggered internally at ..\aten\src\ATen\SparseCsrTensorImpl.cpp:55.)
    self.adj_csr = self.adj.to_sparse_csr().to(self.device)
    [CPU] Loading amazonpho...
    DEBUG 3.1: Dataset init start
    DEBUG 3.2: prepare_data start amazonpho
    ----Data statistics------'
    Name: amazonpho
    #Nodes 7650
    #Edges 119081
    #Classes 8
    #Ave_degree 31.13
    ----Split statistics------'
    #Train samples 160 (20 nodes per class)
    #Val samples 500 (specified)
    #Test samples 1000 (specified)
    ----label noise information:------
    Instance dependent noise
    #Actual noise rate 0.51
    [cuda:0] Waiting for GPU slot...
    [cuda:0] Slot acquired (waited 1.4s). Training...
    FINAL_RESULT: {'acc': {'train': 0.4875, 'valid': 0.436, 'test': 0.796}, 'wall_s': 73.44, 'cpu_s': 0.02, 'gpu_s': 73.22, 'wait_s': 1.42}
    [Time] wall=73.4s | cpu=0.0s | gpu=73.2s
    C:\Users\fbrev\anaconda3\envs\noisygl\Lib\site-packages\torch\nn\modules\module.py:1159: UserWarning: expandable_segments not supported on this platform (Triggered internally at ..\c10/cuda/CUDAAllocatorConfig.h:28.)
    return t.to(
    C:\Users\fbrev\Documents\Acadêmico\Simulações\Python\NoisyGL\predictor\Base_Predictor.py:144: UserWarning: Sparse CSR tensor support is in beta state. If you miss a functionality in the sparse tensor support, please submit a feature request to https://github.com/pytorch/pytorch/issues. (Triggered internally at ..\aten\src\ATen\SparseCsrTensorImpl.cpp:55.)
    self.adj_csr = self.adj.to_sparse_csr().to(self.device)
    [CPU] Loading amazonpho...
    DEBUG 3.1: Dataset init start
    DEBUG 3.2: prepare_data start amazonpho
    ----Data statistics------'
    Name: amazonpho
    #Nodes 7650
    #Edges 119081
    #Classes 8
    #Ave_degree 31.13
    ----Split statistics------'
    #Train samples 160 (20 nodes per class)
    #Val samples 500 (specified)
    #Test samples 1000 (specified)
    ----label noise information:------
    Instance dependent noise
    #Actual noise rate 0.50
    [cuda:0] Waiting for GPU slot...
    [cuda:0] Slot acquired (waited 9.5s). Training...
    FINAL_RESULT: {'acc': {'train': 0.38125, 'valid': 0.398, 'test': 0.727}, 'wall_s': 70.83, 'cpu_s': 0.02, 'gpu_s': 70.62, 'wait_s': 9.47}
    [Time] wall=70.8s | cpu=0.0s | gpu=70.6s
    C:\Users\fbrev\anaconda3\envs\noisygl\Lib\site-packages\torch\nn\modules\module.py:1159: UserWarning: expandable_segments not supported on this platform (Triggered internally at ..\c10/cuda/CUDAAllocatorConfig.h:28.)
    return t.to(
    C:\Users\fbrev\Documents\Acadêmico\Simulações\Python\NoisyGL\predictor\Base_Predictor.py:144: UserWarning: Sparse CSR tensor support is in beta state. If you miss a functionality in the sparse tensor support, please submit a feature request to https://github.com/pytorch/pytorch/issues. (Triggered internally at ..\aten\src\ATen\SparseCsrTensorImpl.cpp:55.)
    self.adj_csr = self.adj.to_sparse_csr().to(self.device)
    [CPU] Loading amazonpho...
    DEBUG 3.1: Dataset init start
    DEBUG 3.2: prepare_data start amazonpho
    ----Data statistics------'
    Name: amazonpho
    #Nodes 7650
    #Edges 119081
    #Classes 8
    #Ave_degree 31.13
    ----Split statistics------'
    #Train samples 160 (20 nodes per class)
    #Val samples 500 (specified)
    #Test samples 1000 (specified)
    ----label noise information:------
    Instance dependent noise
    #Actual noise rate 0.51
    [cuda:0] Waiting for GPU slot...
    [cuda:0] Slot acquired (waited 0.1s). Training...
    FINAL_RESULT: {'acc': {'train': 0.4625, 'valid': 0.388, 'test': 0.68}, 'wall_s': 69.36, 'cpu_s': 0.02, 'gpu_s': 69.12, 'wait_s': 0.1}
    [Time] wall=69.4s | cpu=0.0s | gpu=69.1s
    C:\Users\fbrev\anaconda3\envs\noisygl\Lib\site-packages\torch\nn\modules\module.py:1159: UserWarning: expandable_segments not supported on this platform (Triggered internally at ..\c10/cuda/CUDAAllocatorConfig.h:28.)
    return t.to(
    C:\Users\fbrev\Documents\Acadêmico\Simulações\Python\NoisyGL\predictor\Base_Predictor.py:144: UserWarning: Sparse CSR tensor support is in beta state. If you miss a functionality in the sparse tensor support, please submit a feature request to https://github.com/pytorch/pytorch/issues. (Triggered internally at ..\aten\src\ATen\SparseCsrTensorImpl.cpp:55.)
    self.adj_csr = self.adj.to_sparse_csr().to(self.device)
    [CPU] Loading amazonpho...
    DEBUG 3.1: Dataset init start
    DEBUG 3.2: prepare_data start amazonpho
    ----Data statistics------'
    Name: amazonpho
    #Nodes 7650
    #Edges 119081
    #Classes 8
    #Ave_degree 31.13
    ----Split statistics------'
    #Train samples 160 (20 nodes per class)
    #Val samples 500 (specified)
    #Test samples 1000 (specified)
    ----label noise information:------
    Instance dependent noise
    #Actual noise rate 0.50
    [cuda:0] Waiting for GPU slot...
    [cuda:0] Slot acquired (waited 20.5s). Training...
    FINAL_RESULT: {'acc': {'train': 0.5625, 'valid': 0.446, 'test': 0.737}, 'wall_s': 72.82, 'cpu_s': 0.02, 'gpu_s': 72.58, 'wait_s': 20.52}
    [Time] wall=72.8s | cpu=0.0s | gpu=72.6s
    C:\Users\fbrev\anaconda3\envs\noisygl\Lib\site-packages\torch\nn\modules\module.py:1159: UserWarning: expandable_segments not supported on this platform (Triggered internally at ..\c10/cuda/CUDAAllocatorConfig.h:28.)
    return t.to(
    C:\Users\fbrev\Documents\Acadêmico\Simulações\Python\NoisyGL\predictor\Base_Predictor.py:144: UserWarning: Sparse CSR tensor support is in beta state. If you miss a functionality in the sparse tensor support, please submit a feature request to https://github.com/pytorch/pytorch/issues. (Triggered internally at ..\aten\src\ATen\SparseCsrTensorImpl.cpp:55.)
    self.adj_csr = self.adj.to_sparse_csr().to(self.device)
    [CPU] Loading amazonpho...
    DEBUG 3.1: Dataset init start
    DEBUG 3.2: prepare_data start amazonpho
    ----Data statistics------'
    Name: amazonpho
    #Nodes 7650
    #Edges 119081
    #Classes 8
    #Ave_degree 31.13
    ----Split statistics------'
    #Train samples 160 (20 nodes per class)
    #Val samples 500 (specified)
    #Test samples 1000 (specified)
    ----label noise information:------
    Instance dependent noise
    #Actual noise rate 0.50
    [cuda:0] Waiting for GPU slot...
    [cuda:0] Slot acquired (waited 0.0s). Training...
    FINAL_RESULT: {'acc': {'train': 0.475, 'valid': 0.358, 'test': 0.456}, 'wall_s': 71.8, 'cpu_s': 0.02, 'gpu_s': 71.6, 'wait_s': 0.0}
    [Time] wall=71.8s | cpu=0.0s | gpu=71.6s
    C:\Users\fbrev\anaconda3\envs\noisygl\Lib\site-packages\torch\nn\modules\module.py:1159: UserWarning: expandable_segments not supported on this platform (Triggered internally at ..\c10/cuda/CUDAAllocatorConfig.h:28.)
    return t.to(
    C:\Users\fbrev\Documents\Acadêmico\Simulações\Python\NoisyGL\predictor\Base_Predictor.py:144: UserWarning: Sparse CSR tensor support is in beta state. If you miss a functionality in the sparse tensor support, please submit a feature request to https://github.com/pytorch/pytorch/issues. (Triggered internally at ..\aten\src\ATen\SparseCsrTensorImpl.cpp:55.)
    self.adj_csr = self.adj.to_sparse_csr().to(self.device)
    [CPU] Loading amazonpho...
    DEBUG 3.1: Dataset init start
    DEBUG 3.2: prepare_data start amazonpho
    ----Data statistics------'
    Name: amazonpho
    #Nodes 7650
    #Edges 119081
    #Classes 8
    #Ave_degree 31.13
    ----Split statistics------'
    #Train samples 160 (20 nodes per class)
    #Val samples 500 (specified)
    #Test samples 1000 (specified)
    ----label noise information:------
    Instance dependent noise
    #Actual noise rate 0.50
    [cuda:0] Waiting for GPU slot...
    [cuda:0] Slot acquired (waited 12.3s). Training...
    FINAL_RESULT: {'acc': {'train': 0.4125, 'valid': 0.41, 'test': 0.682}, 'wall_s': 71.59, 'cpu_s': 0.02, 'gpu_s': 71.37, 'wait_s': 12.26}
    [Time] wall=71.6s | cpu=0.0s | gpu=71.4s
    C:\Users\fbrev\anaconda3\envs\noisygl\Lib\site-packages\torch\nn\modules\module.py:1159: UserWarning: expandable_segments not supported on this platform (Triggered internally at ..\c10/cuda/CUDAAllocatorConfig.h:28.)
    return t.to(
    C:\Users\fbrev\Documents\Acadêmico\Simulações\Python\NoisyGL\predictor\Base_Predictor.py:144: UserWarning: Sparse CSR tensor support is in beta state. If you miss a functionality in the sparse tensor support, please submit a feature request to https://github.com/pytorch/pytorch/issues. (Triggered internally at ..\aten\src\ATen\SparseCsrTensorImpl.cpp:55.)
    self.adj_csr = self.adj.to_sparse_csr().to(self.device)
    [CPU] Loading amazonpho...
    DEBUG 3.1: Dataset init start
    DEBUG 3.2: prepare_data start amazonpho
    ----Data statistics------'
    Name: amazonpho
    #Nodes 7650
    #Edges 119081
    #Classes 8
    #Ave_degree 31.13
    ----Split statistics------'
    #Train samples 160 (20 nodes per class)
    #Val samples 500 (specified)
    #Test samples 1000 (specified)
    ----label noise information:------
    Instance dependent noise
    #Actual noise rate 0.50
    [cuda:0] Waiting for GPU slot...
    [cuda:0] Slot acquired (waited 29.4s). Training...
    FINAL_RESULT: {'acc': {'train': 0.50625, 'valid': 0.344, 'test': 0.652}, 'wall_s': 70.48, 'cpu_s': 0.02, 'gpu_s': 70.23, 'wait_s': 29.36}
    [Time] wall=70.5s | cpu=0.0s | gpu=70.2s
    C:\Users\fbrev\anaconda3\envs\noisygl\Lib\site-packages\torch\nn\modules\module.py:1159: UserWarning: expandable_segments not supported on this platform (Triggered internally at ..\c10/cuda/CUDAAllocatorConfig.h:28.)
    return t.to(
    C:\Users\fbrev\Documents\Acadêmico\Simulações\Python\NoisyGL\predictor\Base_Predictor.py:144: UserWarning: Sparse CSR tensor support is in beta state. If you miss a functionality in the sparse tensor support, please submit a feature request to https://github.com/pytorch/pytorch/issues. (Triggered internally at ..\aten\src\ATen\SparseCsrTensorImpl.cpp:55.)
    self.adj_csr = self.adj.to_sparse_csr().to(self.device)
    [CPU] Loading amazonpho...
    DEBUG 3.1: Dataset init start
    DEBUG 3.2: prepare_data start amazonpho
    ----Data statistics------'
    Name: amazonpho
    #Nodes 7650
    #Edges 119081
    #Classes 8
    #Ave_degree 31.13
    ----Split statistics------'
    #Train samples 160 (20 nodes per class)
    #Val samples 500 (specified)
    #Test samples 1000 (specified)
    ----label noise information:------
    Instance dependent noise
    #Actual noise rate 0.50
    [cuda:0] Waiting for GPU slot...
    [cuda:0] Slot acquired (waited 15.3s). Training...
    FINAL_RESULT: {'acc': {'train': 0.53125, 'valid': 0.482, 'test': 0.74}, 'wall_s': 71.31, 'cpu_s': 0.02, 'gpu_s': 71.08, 'wait_s': 15.34}
    [Time] wall=71.3s | cpu=0.0s | gpu=71.1s
    C:\Users\fbrev\anaconda3\envs\noisygl\Lib\site-packages\torch\nn\modules\module.py:1159: UserWarning: expandable_segments not supported on this platform (Triggered internally at ..\c10/cuda/CUDAAllocatorConfig.h:28.)
    return t.to(
    C:\Users\fbrev\Documents\Acadêmico\Simulações\Python\NoisyGL\predictor\Base_Predictor.py:144: UserWarning: Sparse CSR tensor support is in beta state. If you miss a functionality in the sparse tensor support, please submit a feature request to https://github.com/pytorch/pytorch/issues. (Triggered internally at ..\aten\src\ATen\SparseCsrTensorImpl.cpp:55.)
    self.adj_csr = self.adj.to_sparse_csr().to(self.device)
    [CPU] Loading amazonpho...
    DEBUG 3.1: Dataset init start
    DEBUG 3.2: prepare_data start amazonpho
    ----Data statistics------'
    Name: amazonpho
    #Nodes 7650
    #Edges 119081
    #Classes 8
    #Ave_degree 31.13
    ----Split statistics------'
    #Train samples 160 (20 nodes per class)
    #Val samples 500 (specified)
    #Test samples 1000 (specified)
    ----label noise information:------
    Instance dependent noise
    #Actual noise rate 0.50
    [cuda:0] Waiting for GPU slot...
    [cuda:0] Slot acquired (waited 12.2s). Training...
    FINAL_RESULT: {'acc': {'train': 0.45, 'valid': 0.404, 'test': 0.648}, 'wall_s': 72.13, 'cpu_s': 0.02, 'gpu_s': 71.93, 'wait_s': 12.22}
    [Time] wall=72.1s | cpu=0.0s | gpu=71.9s
    C:\Users\fbrev\anaconda3\envs\noisygl\Lib\site-packages\torch\nn\modules\module.py:1159: UserWarning: expandable_segments not supported on this platform (Triggered internally at ..\c10/cuda/CUDAAllocatorConfig.h:28.)
    return t.to(
    C:\Users\fbrev\Documents\Acadêmico\Simulações\Python\NoisyGL\predictor\Base_Predictor.py:144: UserWarning: Sparse CSR tensor support is in beta state. If you miss a functionality in the sparse tensor support, please submit a feature request to https://github.com/pytorch/pytorch/issues. (Triggered internally at ..\aten\src\ATen\SparseCsrTensorImpl.cpp:55.)
    self.adj_csr = self.adj.to_sparse_csr().to(self.device)
  [Retest] Candidate 1 Avg: 0.6876

  [Retest] Candidate 2/3 (Trial 34, HPO_acc=0.7980)
    [CPU] Loading amazonpho...
    DEBUG 3.1: Dataset init start
    DEBUG 3.2: prepare_data start amazonpho
    ----Data statistics------'
    Name: amazonpho
    #Nodes 7650
    #Edges 119081
    #Classes 8
    #Ave_degree 31.13
    ----Split statistics------'
    #Train samples 160 (20 nodes per class)
    #Val samples 500 (specified)
    #Test samples 1000 (specified)
    ----label noise information:------
    Instance dependent noise
    #Actual noise rate 0.50
    [cuda:0] Waiting for GPU slot...
    [cuda:0] Slot acquired (waited 8.7s). Training...
    FINAL_RESULT: {'acc': {'train': 0.4875, 'valid': 0.442, 'test': 0.751}, 'wall_s': 72.22, 'cpu_s': 0.03, 'gpu_s': 71.97, 'wait_s': 8.67}
    [Time] wall=72.2s | cpu=0.0s | gpu=72.0s
    C:\Users\fbrev\anaconda3\envs\noisygl\Lib\site-packages\torch\nn\modules\module.py:1159: UserWarning: expandable_segments not supported on this platform (Triggered internally at ..\c10/cuda/CUDAAllocatorConfig.h:28.)
    return t.to(
    C:\Users\fbrev\Documents\Acadêmico\Simulações\Python\NoisyGL\predictor\Base_Predictor.py:144: UserWarning: Sparse CSR tensor support is in beta state. If you miss a functionality in the sparse tensor support, please submit a feature request to https://github.com/pytorch/pytorch/issues. (Triggered internally at ..\aten\src\ATen\SparseCsrTensorImpl.cpp:55.)
    self.adj_csr = self.adj.to_sparse_csr().to(self.device)
    [CPU] Loading amazonpho...
    DEBUG 3.1: Dataset init start
    DEBUG 3.2: prepare_data start amazonpho
    ----Data statistics------'
    Name: amazonpho
    #Nodes 7650
    #Edges 119081
    #Classes 8
    #Ave_degree 31.13
    ----Split statistics------'
    #Train samples 160 (20 nodes per class)
    #Val samples 500 (specified)
    #Test samples 1000 (specified)
    ----label noise information:------
    Instance dependent noise
    #Actual noise rate 0.51
    [cuda:0] Waiting for GPU slot...
    [cuda:0] Slot acquired (waited 3.0s). Training...
    FINAL_RESULT: {'acc': {'train': 0.54375, 'valid': 0.436, 'test': 0.776}, 'wall_s': 70.97, 'cpu_s': 0.02, 'gpu_s': 70.75, 'wait_s': 2.99}
    [Time] wall=71.0s | cpu=0.0s | gpu=70.7s
    C:\Users\fbrev\anaconda3\envs\noisygl\Lib\site-packages\torch\nn\modules\module.py:1159: UserWarning: expandable_segments not supported on this platform (Triggered internally at ..\c10/cuda/CUDAAllocatorConfig.h:28.)
    return t.to(
    C:\Users\fbrev\Documents\Acadêmico\Simulações\Python\NoisyGL\predictor\Base_Predictor.py:144: UserWarning: Sparse CSR tensor support is in beta state. If you miss a functionality in the sparse tensor support, please submit a feature request to https://github.com/pytorch/pytorch/issues. (Triggered internally at ..\aten\src\ATen\SparseCsrTensorImpl.cpp:55.)
    self.adj_csr = self.adj.to_sparse_csr().to(self.device)
    [CPU] Loading amazonpho...
    DEBUG 3.1: Dataset init start
    DEBUG 3.2: prepare_data start amazonpho
    ----Data statistics------'
    Name: amazonpho
    #Nodes 7650
    #Edges 119081
    #Classes 8
    #Ave_degree 31.13
    ----Split statistics------'
    #Train samples 160 (20 nodes per class)
    #Val samples 500 (specified)
    #Test samples 1000 (specified)
    ----label noise information:------
    Instance dependent noise
    #Actual noise rate 0.50
    [cuda:0] Waiting for GPU slot...
    [cuda:0] Slot acquired (waited 14.6s). Training...
    FINAL_RESULT: {'acc': {'train': 0.55625, 'valid': 0.382, 'test': 0.664}, 'wall_s': 70.57, 'cpu_s': 0.02, 'gpu_s': 70.36, 'wait_s': 14.59}
    [Time] wall=70.6s | cpu=0.0s | gpu=70.4s
    C:\Users\fbrev\anaconda3\envs\noisygl\Lib\site-packages\torch\nn\modules\module.py:1159: UserWarning: expandable_segments not supported on this platform (Triggered internally at ..\c10/cuda/CUDAAllocatorConfig.h:28.)
    return t.to(
    C:\Users\fbrev\Documents\Acadêmico\Simulações\Python\NoisyGL\predictor\Base_Predictor.py:144: UserWarning: Sparse CSR tensor support is in beta state. If you miss a functionality in the sparse tensor support, please submit a feature request to https://github.com/pytorch/pytorch/issues. (Triggered internally at ..\aten\src\ATen\SparseCsrTensorImpl.cpp:55.)
    self.adj_csr = self.adj.to_sparse_csr().to(self.device)
    [CPU] Loading amazonpho...
    DEBUG 3.1: Dataset init start
    DEBUG 3.2: prepare_data start amazonpho
    ----Data statistics------'
    Name: amazonpho
    #Nodes 7650
    #Edges 119081
    #Classes 8
    #Ave_degree 31.13
    ----Split statistics------'
    #Train samples 160 (20 nodes per class)
    #Val samples 500 (specified)
    #Test samples 1000 (specified)
    ----label noise information:------
    Instance dependent noise
    #Actual noise rate 0.51
    [cuda:0] Waiting for GPU slot...
    [cuda:0] Slot acquired (waited 7.2s). Training...
    FINAL_RESULT: {'acc': {'train': 0.575, 'valid': 0.38, 'test': 0.646}, 'wall_s': 72.52, 'cpu_s': 0.02, 'gpu_s': 72.29, 'wait_s': 7.2}
    [Time] wall=72.5s | cpu=0.0s | gpu=72.3s
    C:\Users\fbrev\anaconda3\envs\noisygl\Lib\site-packages\torch\nn\modules\module.py:1159: UserWarning: expandable_segments not supported on this platform (Triggered internally at ..\c10/cuda/CUDAAllocatorConfig.h:28.)
    return t.to(
    C:\Users\fbrev\Documents\Acadêmico\Simulações\Python\NoisyGL\predictor\Base_Predictor.py:144: UserWarning: Sparse CSR tensor support is in beta state. If you miss a functionality in the sparse tensor support, please submit a feature request to https://github.com/pytorch/pytorch/issues. (Triggered internally at ..\aten\src\ATen\SparseCsrTensorImpl.cpp:55.)
    self.adj_csr = self.adj.to_sparse_csr().to(self.device)
    [CPU] Loading amazonpho...
    DEBUG 3.1: Dataset init start
    DEBUG 3.2: prepare_data start amazonpho
    ----Data statistics------'
    Name: amazonpho
    #Nodes 7650
    #Edges 119081
    #Classes 8
    #Ave_degree 31.13
    ----Split statistics------'
    #Train samples 160 (20 nodes per class)
    #Val samples 500 (specified)
    #Test samples 1000 (specified)
    ----label noise information:------
    Instance dependent noise
    #Actual noise rate 0.50
    [cuda:0] Waiting for GPU slot...
    [cuda:0] Slot acquired (waited 0.0s). Training...
    FINAL_RESULT: {'acc': {'train': 0.55625, 'valid': 0.462, 'test': 0.753}, 'wall_s': 69.72, 'cpu_s': 0.02, 'gpu_s': 69.52, 'wait_s': 0.0}
    [Time] wall=69.7s | cpu=0.0s | gpu=69.5s
    C:\Users\fbrev\anaconda3\envs\noisygl\Lib\site-packages\torch\nn\modules\module.py:1159: UserWarning: expandable_segments not supported on this platform (Triggered internally at ..\c10/cuda/CUDAAllocatorConfig.h:28.)
    return t.to(
    C:\Users\fbrev\Documents\Acadêmico\Simulações\Python\NoisyGL\predictor\Base_Predictor.py:144: UserWarning: Sparse CSR tensor support is in beta state. If you miss a functionality in the sparse tensor support, please submit a feature request to https://github.com/pytorch/pytorch/issues. (Triggered internally at ..\aten\src\ATen\SparseCsrTensorImpl.cpp:55.)
    self.adj_csr = self.adj.to_sparse_csr().to(self.device)
    [CPU] Loading amazonpho...
    DEBUG 3.1: Dataset init start
    DEBUG 3.2: prepare_data start amazonpho
    ----Data statistics------'
    Name: amazonpho
    #Nodes 7650
    #Edges 119081
    #Classes 8
    #Ave_degree 31.13
    ----Split statistics------'
    #Train samples 160 (20 nodes per class)
    #Val samples 500 (specified)
    #Test samples 1000 (specified)
    ----label noise information:------
    Instance dependent noise
    #Actual noise rate 0.50
    [cuda:0] Waiting for GPU slot...
    [cuda:0] Slot acquired (waited 1.7s). Training...
    FINAL_RESULT: {'acc': {'train': 0.55625, 'valid': 0.368, 'test': 0.484}, 'wall_s': 72.67, 'cpu_s': 0.02, 'gpu_s': 72.47, 'wait_s': 1.72}
    [Time] wall=72.7s | cpu=0.0s | gpu=72.5s
    C:\Users\fbrev\anaconda3\envs\noisygl\Lib\site-packages\torch\nn\modules\module.py:1159: UserWarning: expandable_segments not supported on this platform (Triggered internally at ..\c10/cuda/CUDAAllocatorConfig.h:28.)
    return t.to(
    C:\Users\fbrev\Documents\Acadêmico\Simulações\Python\NoisyGL\predictor\Base_Predictor.py:144: UserWarning: Sparse CSR tensor support is in beta state. If you miss a functionality in the sparse tensor support, please submit a feature request to https://github.com/pytorch/pytorch/issues. (Triggered internally at ..\aten\src\ATen\SparseCsrTensorImpl.cpp:55.)
    self.adj_csr = self.adj.to_sparse_csr().to(self.device)
    [CPU] Loading amazonpho...
    DEBUG 3.1: Dataset init start
    DEBUG 3.2: prepare_data start amazonpho
    ----Data statistics------'
    Name: amazonpho
    #Nodes 7650
    #Edges 119081
    #Classes 8
    #Ave_degree 31.13
    ----Split statistics------'
    #Train samples 160 (20 nodes per class)
    #Val samples 500 (specified)
    #Test samples 1000 (specified)
    ----label noise information:------
    Instance dependent noise
    #Actual noise rate 0.50
    [cuda:0] Waiting for GPU slot...
    [cuda:0] Slot acquired (waited 0.0s). Training...
    FINAL_RESULT: {'acc': {'train': 0.5, 'valid': 0.428, 'test': 0.733}, 'wall_s': 72.17, 'cpu_s': 0.02, 'gpu_s': 71.95, 'wait_s': 0.0}
    [Time] wall=72.2s | cpu=0.0s | gpu=71.9s
    C:\Users\fbrev\anaconda3\envs\noisygl\Lib\site-packages\torch\nn\modules\module.py:1159: UserWarning: expandable_segments not supported on this platform (Triggered internally at ..\c10/cuda/CUDAAllocatorConfig.h:28.)
    return t.to(
    C:\Users\fbrev\Documents\Acadêmico\Simulações\Python\NoisyGL\predictor\Base_Predictor.py:144: UserWarning: Sparse CSR tensor support is in beta state. If you miss a functionality in the sparse tensor support, please submit a feature request to https://github.com/pytorch/pytorch/issues. (Triggered internally at ..\aten\src\ATen\SparseCsrTensorImpl.cpp:55.)
    self.adj_csr = self.adj.to_sparse_csr().to(self.device)
    [CPU] Loading amazonpho...
    DEBUG 3.1: Dataset init start
    DEBUG 3.2: prepare_data start amazonpho
    ----Data statistics------'
    Name: amazonpho
    #Nodes 7650
    #Edges 119081
    #Classes 8
    #Ave_degree 31.13
    ----Split statistics------'
    #Train samples 160 (20 nodes per class)
    #Val samples 500 (specified)
    #Test samples 1000 (specified)
    ----label noise information:------
    Instance dependent noise
    #Actual noise rate 0.50
    [cuda:0] Waiting for GPU slot...
    [cuda:0] Slot acquired (waited 1.1s). Training...
    FINAL_RESULT: {'acc': {'train': 0.60625, 'valid': 0.33, 'test': 0.589}, 'wall_s': 71.27, 'cpu_s': 0.02, 'gpu_s': 71.05, 'wait_s': 1.11}
    [Time] wall=71.3s | cpu=0.0s | gpu=71.1s
    C:\Users\fbrev\anaconda3\envs\noisygl\Lib\site-packages\torch\nn\modules\module.py:1159: UserWarning: expandable_segments not supported on this platform (Triggered internally at ..\c10/cuda/CUDAAllocatorConfig.h:28.)
    return t.to(
    C:\Users\fbrev\Documents\Acadêmico\Simulações\Python\NoisyGL\predictor\Base_Predictor.py:144: UserWarning: Sparse CSR tensor support is in beta state. If you miss a functionality in the sparse tensor support, please submit a feature request to https://github.com/pytorch/pytorch/issues. (Triggered internally at ..\aten\src\ATen\SparseCsrTensorImpl.cpp:55.)
    self.adj_csr = self.adj.to_sparse_csr().to(self.device)
    [CPU] Loading amazonpho...
    DEBUG 3.1: Dataset init start
    DEBUG 3.2: prepare_data start amazonpho
    ----Data statistics------'
    Name: amazonpho
    #Nodes 7650
    #Edges 119081
    #Classes 8
    #Ave_degree 31.13
    ----Split statistics------'
    #Train samples 160 (20 nodes per class)
    #Val samples 500 (specified)
    #Test samples 1000 (specified)
    ----label noise information:------
    Instance dependent noise
    #Actual noise rate 0.50
    [cuda:0] Waiting for GPU slot...
    [cuda:0] Slot acquired (waited 1.6s). Training...
    FINAL_RESULT: {'acc': {'train': 0.61875, 'valid': 0.472, 'test': 0.696}, 'wall_s': 71.99, 'cpu_s': 0.02, 'gpu_s': 71.76, 'wait_s': 1.62}
    [Time] wall=72.0s | cpu=0.0s | gpu=71.8s
    C:\Users\fbrev\anaconda3\envs\noisygl\Lib\site-packages\torch\nn\modules\module.py:1159: UserWarning: expandable_segments not supported on this platform (Triggered internally at ..\c10/cuda/CUDAAllocatorConfig.h:28.)
    return t.to(
    C:\Users\fbrev\Documents\Acadêmico\Simulações\Python\NoisyGL\predictor\Base_Predictor.py:144: UserWarning: Sparse CSR tensor support is in beta state. If you miss a functionality in the sparse tensor support, please submit a feature request to https://github.com/pytorch/pytorch/issues. (Triggered internally at ..\aten\src\ATen\SparseCsrTensorImpl.cpp:55.)
    self.adj_csr = self.adj.to_sparse_csr().to(self.device)
    [CPU] Loading amazonpho...
    DEBUG 3.1: Dataset init start
    DEBUG 3.2: prepare_data start amazonpho
    ----Data statistics------'
    Name: amazonpho
    #Nodes 7650
    #Edges 119081
    #Classes 8
    #Ave_degree 31.13
    ----Split statistics------'
    #Train samples 160 (20 nodes per class)
    #Val samples 500 (specified)
    #Test samples 1000 (specified)
    ----label noise information:------
    Instance dependent noise
    #Actual noise rate 0.50
    [cuda:0] Waiting for GPU slot...
    [cuda:0] Slot acquired (waited 1.7s). Training...
    FINAL_RESULT: {'acc': {'train': 0.59375, 'valid': 0.398, 'test': 0.666}, 'wall_s': 71.67, 'cpu_s': 0.02, 'gpu_s': 71.42, 'wait_s': 1.72}
    [Time] wall=71.7s | cpu=0.0s | gpu=71.4s
    C:\Users\fbrev\anaconda3\envs\noisygl\Lib\site-packages\torch\nn\modules\module.py:1159: UserWarning: expandable_segments not supported on this platform (Triggered internally at ..\c10/cuda/CUDAAllocatorConfig.h:28.)
    return t.to(
    C:\Users\fbrev\Documents\Acadêmico\Simulações\Python\NoisyGL\predictor\Base_Predictor.py:144: UserWarning: Sparse CSR tensor support is in beta state. If you miss a functionality in the sparse tensor support, please submit a feature request to https://github.com/pytorch/pytorch/issues. (Triggered internally at ..\aten\src\ATen\SparseCsrTensorImpl.cpp:55.)
    self.adj_csr = self.adj.to_sparse_csr().to(self.device)
  [Retest] Candidate 2 Avg: 0.6758

  [Retest] Candidate 3/3 (Trial 37, HPO_acc=0.7840)
    [CPU] Loading amazonpho...
    DEBUG 3.1: Dataset init start
    DEBUG 3.2: prepare_data start amazonpho
    ----Data statistics------'
    Name: amazonpho
    #Nodes 7650
    #Edges 119081
    #Classes 8
    #Ave_degree 31.13
    ----Split statistics------'
    #Train samples 160 (20 nodes per class)
    #Val samples 500 (specified)
    #Test samples 1000 (specified)
    ----label noise information:------
    Instance dependent noise
    #Actual noise rate 0.50
    [cuda:0] Waiting for GPU slot...
    [cuda:0] Slot acquired (waited 7.2s). Training...
    FINAL_RESULT: {'acc': {'train': 0.5125, 'valid': 0.444, 'test': 0.765}, 'wall_s': 72.33, 'cpu_s': 0.02, 'gpu_s': 72.09, 'wait_s': 7.2}
    [Time] wall=72.3s | cpu=0.0s | gpu=72.1s
    C:\Users\fbrev\anaconda3\envs\noisygl\Lib\site-packages\torch\nn\modules\module.py:1159: UserWarning: expandable_segments not supported on this platform (Triggered internally at ..\c10/cuda/CUDAAllocatorConfig.h:28.)
    return t.to(
    C:\Users\fbrev\Documents\Acadêmico\Simulações\Python\NoisyGL\predictor\Base_Predictor.py:144: UserWarning: Sparse CSR tensor support is in beta state. If you miss a functionality in the sparse tensor support, please submit a feature request to https://github.com/pytorch/pytorch/issues. (Triggered internally at ..\aten\src\ATen\SparseCsrTensorImpl.cpp:55.)
    self.adj_csr = self.adj.to_sparse_csr().to(self.device)
    [CPU] Loading amazonpho...
    DEBUG 3.1: Dataset init start
    DEBUG 3.2: prepare_data start amazonpho
    ----Data statistics------'
    Name: amazonpho
    #Nodes 7650
    #Edges 119081
    #Classes 8
    #Ave_degree 31.13
    ----Split statistics------'
    #Train samples 160 (20 nodes per class)
    #Val samples 500 (specified)
    #Test samples 1000 (specified)
    ----label noise information:------
    Instance dependent noise
    #Actual noise rate 0.51
    [cuda:0] Waiting for GPU slot...
    [cuda:0] Slot acquired (waited 1.0s). Training...
    FINAL_RESULT: {'acc': {'train': 0.575, 'valid': 0.434, 'test': 0.754}, 'wall_s': 72.12, 'cpu_s': 0.02, 'gpu_s': 71.84, 'wait_s': 0.96}
    [Time] wall=72.1s | cpu=0.0s | gpu=71.8s
    C:\Users\fbrev\anaconda3\envs\noisygl\Lib\site-packages\torch\nn\modules\module.py:1159: UserWarning: expandable_segments not supported on this platform (Triggered internally at ..\c10/cuda/CUDAAllocatorConfig.h:28.)
    return t.to(
    C:\Users\fbrev\Documents\Acadêmico\Simulações\Python\NoisyGL\predictor\Base_Predictor.py:144: UserWarning: Sparse CSR tensor support is in beta state. If you miss a functionality in the sparse tensor support, please submit a feature request to https://github.com/pytorch/pytorch/issues. (Triggered internally at ..\aten\src\ATen\SparseCsrTensorImpl.cpp:55.)
    self.adj_csr = self.adj.to_sparse_csr().to(self.device)
    [CPU] Loading amazonpho...
    DEBUG 3.1: Dataset init start
    DEBUG 3.2: prepare_data start amazonpho
    ----Data statistics------'
    Name: amazonpho
    #Nodes 7650
    #Edges 119081
    #Classes 8
    #Ave_degree 31.13
    ----Split statistics------'
    #Train samples 160 (20 nodes per class)
    #Val samples 500 (specified)
    #Test samples 1000 (specified)
    ----label noise information:------
    Instance dependent noise
    #Actual noise rate 0.50
    [cuda:0] Waiting for GPU slot...
    [cuda:0] Slot acquired (waited 1.7s). Training...
    FINAL_RESULT: {'acc': {'train': 0.5625, 'valid': 0.382, 'test': 0.658}, 'wall_s': 71.47, 'cpu_s': 0.02, 'gpu_s': 71.24, 'wait_s': 1.68}
    [Time] wall=71.5s | cpu=0.0s | gpu=71.2s
    C:\Users\fbrev\anaconda3\envs\noisygl\Lib\site-packages\torch\nn\modules\module.py:1159: UserWarning: expandable_segments not supported on this platform (Triggered internally at ..\c10/cuda/CUDAAllocatorConfig.h:28.)
    return t.to(
    C:\Users\fbrev\Documents\Acadêmico\Simulações\Python\NoisyGL\predictor\Base_Predictor.py:144: UserWarning: Sparse CSR tensor support is in beta state. If you miss a functionality in the sparse tensor support, please submit a feature request to https://github.com/pytorch/pytorch/issues. (Triggered internally at ..\aten\src\ATen\SparseCsrTensorImpl.cpp:55.)
    self.adj_csr = self.adj.to_sparse_csr().to(self.device)
    [CPU] Loading amazonpho...
    DEBUG 3.1: Dataset init start
    DEBUG 3.2: prepare_data start amazonpho
    ----Data statistics------'
    Name: amazonpho
    #Nodes 7650
    #Edges 119081
    #Classes 8
    #Ave_degree 31.13
    ----Split statistics------'
    #Train samples 160 (20 nodes per class)
    #Val samples 500 (specified)
    #Test samples 1000 (specified)
    ----label noise information:------
    Instance dependent noise
    #Actual noise rate 0.51
    [cuda:0] Waiting for GPU slot...
    [cuda:0] Slot acquired (waited 4.1s). Training...
    FINAL_RESULT: {'acc': {'train': 0.53125, 'valid': 0.38, 'test': 0.639}, 'wall_s': 72.75, 'cpu_s': 0.02, 'gpu_s': 72.51, 'wait_s': 4.11}
    [Time] wall=72.8s | cpu=0.0s | gpu=72.5s
    C:\Users\fbrev\anaconda3\envs\noisygl\Lib\site-packages\torch\nn\modules\module.py:1159: UserWarning: expandable_segments not supported on this platform (Triggered internally at ..\c10/cuda/CUDAAllocatorConfig.h:28.)
    return t.to(
    C:\Users\fbrev\Documents\Acadêmico\Simulações\Python\NoisyGL\predictor\Base_Predictor.py:144: UserWarning: Sparse CSR tensor support is in beta state. If you miss a functionality in the sparse tensor support, please submit a feature request to https://github.com/pytorch/pytorch/issues. (Triggered internally at ..\aten\src\ATen\SparseCsrTensorImpl.cpp:55.)
    self.adj_csr = self.adj.to_sparse_csr().to(self.device)
    [CPU] Loading amazonpho...
    DEBUG 3.1: Dataset init start
    DEBUG 3.2: prepare_data start amazonpho
    ----Data statistics------'
    Name: amazonpho
    #Nodes 7650
    #Edges 119081
    #Classes 8
    #Ave_degree 31.13
    ----Split statistics------'
    #Train samples 160 (20 nodes per class)
    #Val samples 500 (specified)
    #Test samples 1000 (specified)
    ----label noise information:------
    Instance dependent noise
    #Actual noise rate 0.50
    [cuda:0] Waiting for GPU slot...
    [cuda:0] Slot acquired (waited 1.5s). Training...
    FINAL_RESULT: {'acc': {'train': 0.5375, 'valid': 0.456, 'test': 0.757}, 'wall_s': 72.93, 'cpu_s': 0.02, 'gpu_s': 72.67, 'wait_s': 1.47}
    [Time] wall=72.9s | cpu=0.0s | gpu=72.7s
    C:\Users\fbrev\anaconda3\envs\noisygl\Lib\site-packages\torch\nn\modules\module.py:1159: UserWarning: expandable_segments not supported on this platform (Triggered internally at ..\c10/cuda/CUDAAllocatorConfig.h:28.)
    return t.to(
    C:\Users\fbrev\Documents\Acadêmico\Simulações\Python\NoisyGL\predictor\Base_Predictor.py:144: UserWarning: Sparse CSR tensor support is in beta state. If you miss a functionality in the sparse tensor support, please submit a feature request to https://github.com/pytorch/pytorch/issues. (Triggered internally at ..\aten\src\ATen\SparseCsrTensorImpl.cpp:55.)
    self.adj_csr = self.adj.to_sparse_csr().to(self.device)
    [CPU] Loading amazonpho...
    DEBUG 3.1: Dataset init start
    DEBUG 3.2: prepare_data start amazonpho
    ----Data statistics------'
    Name: amazonpho
    #Nodes 7650
    #Edges 119081
    #Classes 8
    #Ave_degree 31.13
    ----Split statistics------'
    #Train samples 160 (20 nodes per class)
    #Val samples 500 (specified)
    #Test samples 1000 (specified)
    ----label noise information:------
    Instance dependent noise
    #Actual noise rate 0.50
    [cuda:0] Waiting for GPU slot...
    [cuda:0] Slot acquired (waited 1.8s). Training...
    FINAL_RESULT: {'acc': {'train': 0.60625, 'valid': 0.364, 'test': 0.479}, 'wall_s': 72.93, 'cpu_s': 0.02, 'gpu_s': 72.7, 'wait_s': 1.77}
    [Time] wall=72.9s | cpu=0.0s | gpu=72.7s
    C:\Users\fbrev\anaconda3\envs\noisygl\Lib\site-packages\torch\nn\modules\module.py:1159: UserWarning: expandable_segments not supported on this platform (Triggered internally at ..\c10/cuda/CUDAAllocatorConfig.h:28.)
    return t.to(
    C:\Users\fbrev\Documents\Acadêmico\Simulações\Python\NoisyGL\predictor\Base_Predictor.py:144: UserWarning: Sparse CSR tensor support is in beta state. If you miss a functionality in the sparse tensor support, please submit a feature request to https://github.com/pytorch/pytorch/issues. (Triggered internally at ..\aten\src\ATen\SparseCsrTensorImpl.cpp:55.)
    self.adj_csr = self.adj.to_sparse_csr().to(self.device)
    [CPU] Loading amazonpho...
    DEBUG 3.1: Dataset init start
    DEBUG 3.2: prepare_data start amazonpho
    ----Data statistics------'
    Name: amazonpho
    #Nodes 7650
    #Edges 119081
    #Classes 8
    #Ave_degree 31.13
    ----Split statistics------'
    #Train samples 160 (20 nodes per class)
    #Val samples 500 (specified)
    #Test samples 1000 (specified)
    ----label noise information:------
    Instance dependent noise
    #Actual noise rate 0.50
    [cuda:0] Waiting for GPU slot...
    [cuda:0] Slot acquired (waited 0.8s). Training...
    FINAL_RESULT: {'acc': {'train': 0.5, 'valid': 0.432, 'test': 0.73}, 'wall_s': 73.28, 'cpu_s': 0.03, 'gpu_s': 73.01, 'wait_s': 0.81}
    [Time] wall=73.3s | cpu=0.0s | gpu=73.0s
    C:\Users\fbrev\anaconda3\envs\noisygl\Lib\site-packages\torch\nn\modules\module.py:1159: UserWarning: expandable_segments not supported on this platform (Triggered internally at ..\c10/cuda/CUDAAllocatorConfig.h:28.)
    return t.to(
    C:\Users\fbrev\Documents\Acadêmico\Simulações\Python\NoisyGL\predictor\Base_Predictor.py:144: UserWarning: Sparse CSR tensor support is in beta state. If you miss a functionality in the sparse tensor support, please submit a feature request to https://github.com/pytorch/pytorch/issues. (Triggered internally at ..\aten\src\ATen\SparseCsrTensorImpl.cpp:55.)
    self.adj_csr = self.adj.to_sparse_csr().to(self.device)
    [CPU] Loading amazonpho...
    DEBUG 3.1: Dataset init start
    DEBUG 3.2: prepare_data start amazonpho
    ----Data statistics------'
    Name: amazonpho
    #Nodes 7650
    #Edges 119081
    #Classes 8
    #Ave_degree 31.13
    ----Split statistics------'
    #Train samples 160 (20 nodes per class)
    #Val samples 500 (specified)
    #Test samples 1000 (specified)
    ----label noise information:------
    Instance dependent noise
    #Actual noise rate 0.50
    [cuda:0] Waiting for GPU slot...
    [cuda:0] Slot acquired (waited 0.7s). Training...
    FINAL_RESULT: {'acc': {'train': 0.55, 'valid': 0.332, 'test': 0.611}, 'wall_s': 71.98, 'cpu_s': 0.03, 'gpu_s': 71.69, 'wait_s': 0.66}
    [Time] wall=72.0s | cpu=0.0s | gpu=71.7s
    C:\Users\fbrev\anaconda3\envs\noisygl\Lib\site-packages\torch\nn\modules\module.py:1159: UserWarning: expandable_segments not supported on this platform (Triggered internally at ..\c10/cuda/CUDAAllocatorConfig.h:28.)
    return t.to(
    C:\Users\fbrev\Documents\Acadêmico\Simulações\Python\NoisyGL\predictor\Base_Predictor.py:144: UserWarning: Sparse CSR tensor support is in beta state. If you miss a functionality in the sparse tensor support, please submit a feature request to https://github.com/pytorch/pytorch/issues. (Triggered internally at ..\aten\src\ATen\SparseCsrTensorImpl.cpp:55.)
    self.adj_csr = self.adj.to_sparse_csr().to(self.device)
    [CPU] Loading amazonpho...
    DEBUG 3.1: Dataset init start
    DEBUG 3.2: prepare_data start amazonpho
    ----Data statistics------'
    Name: amazonpho
    #Nodes 7650
    #Edges 119081
    #Classes 8
    #Ave_degree 31.13
    ----Split statistics------'
    #Train samples 160 (20 nodes per class)
    #Val samples 500 (specified)
    #Test samples 1000 (specified)
    ----label noise information:------
    Instance dependent noise
    #Actual noise rate 0.50
    [cuda:0] Waiting for GPU slot...
    [cuda:0] Slot acquired (waited 1.2s). Training...
    FINAL_RESULT: {'acc': {'train': 0.61875, 'valid': 0.47, 'test': 0.693}, 'wall_s': 72.01, 'cpu_s': 0.02, 'gpu_s': 71.72, 'wait_s': 1.17}
    [Time] wall=72.0s | cpu=0.0s | gpu=71.7s
    C:\Users\fbrev\anaconda3\envs\noisygl\Lib\site-packages\torch\nn\modules\module.py:1159: UserWarning: expandable_segments not supported on this platform (Triggered internally at ..\c10/cuda/CUDAAllocatorConfig.h:28.)
    return t.to(
    C:\Users\fbrev\Documents\Acadêmico\Simulações\Python\NoisyGL\predictor\Base_Predictor.py:144: UserWarning: Sparse CSR tensor support is in beta state. If you miss a functionality in the sparse tensor support, please submit a feature request to https://github.com/pytorch/pytorch/issues. (Triggered internally at ..\aten\src\ATen\SparseCsrTensorImpl.cpp:55.)
    self.adj_csr = self.adj.to_sparse_csr().to(self.device)
    [CPU] Loading amazonpho...
    DEBUG 3.1: Dataset init start
    DEBUG 3.2: prepare_data start amazonpho
    ----Data statistics------'
    Name: amazonpho
    #Nodes 7650
    #Edges 119081
    #Classes 8
    #Ave_degree 31.13
    ----Split statistics------'
    #Train samples 160 (20 nodes per class)
    #Val samples 500 (specified)
    #Test samples 1000 (specified)
    ----label noise information:------
    Instance dependent noise
    #Actual noise rate 0.50
    [cuda:0] Waiting for GPU slot...
    [cuda:0] Slot acquired (waited 1.1s). Training...
    FINAL_RESULT: {'acc': {'train': 0.4375, 'valid': 0.396, 'test': 0.646}, 'wall_s': 72.1, 'cpu_s': 0.02, 'gpu_s': 71.87, 'wait_s': 1.06}
    [Time] wall=72.1s | cpu=0.0s | gpu=71.9s
    C:\Users\fbrev\anaconda3\envs\noisygl\Lib\site-packages\torch\nn\modules\module.py:1159: UserWarning: expandable_segments not supported on this platform (Triggered internally at ..\c10/cuda/CUDAAllocatorConfig.h:28.)
    return t.to(
    C:\Users\fbrev\Documents\Acadêmico\Simulações\Python\NoisyGL\predictor\Base_Predictor.py:144: UserWarning: Sparse CSR tensor support is in beta state. If you miss a functionality in the sparse tensor support, please submit a feature request to https://github.com/pytorch/pytorch/issues. (Triggered internally at ..\aten\src\ATen\SparseCsrTensorImpl.cpp:55.)
    self.adj_csr = self.adj.to_sparse_csr().to(self.device)
  [Retest] Candidate 3 Avg: 0.6732

[Phase 2] Starting final evaluation with 10 seeds (3000-3009)...
    [CPU] Loading amazonpho...
    DEBUG 3.1: Dataset init start
    DEBUG 3.2: prepare_data start amazonpho
    ----Data statistics------'
    Name: amazonpho
    #Nodes 7650
    #Edges 119081
    #Classes 8
    #Ave_degree 31.13
    ----Split statistics------'
    #Train samples 160 (20 nodes per class)
    #Val samples 500 (specified)
    #Test samples 1000 (specified)
    ----label noise information:------
    Instance dependent noise
    #Actual noise rate 0.50
    [cuda:0] Waiting for GPU slot...
    [cuda:0] Slot acquired (waited 1.8s). Training...
    FINAL_RESULT: {'acc': {'train': 0.5125, 'valid': 0.45, 'test': 0.8}, 'wall_s': 71.73, 'cpu_s': 0.03, 'gpu_s': 71.45, 'wait_s': 1.77}
    [Time] wall=71.7s | cpu=0.0s | gpu=71.4s
    C:\Users\fbrev\anaconda3\envs\noisygl\Lib\site-packages\torch\nn\modules\module.py:1159: UserWarning: expandable_segments not supported on this platform (Triggered internally at ..\c10/cuda/CUDAAllocatorConfig.h:28.)
    return t.to(
    C:\Users\fbrev\Documents\Acadêmico\Simulações\Python\NoisyGL\predictor\Base_Predictor.py:144: UserWarning: Sparse CSR tensor support is in beta state. If you miss a functionality in the sparse tensor support, please submit a feature request to https://github.com/pytorch/pytorch/issues. (Triggered internally at ..\aten\src\ATen\SparseCsrTensorImpl.cpp:55.)
    self.adj_csr = self.adj.to_sparse_csr().to(self.device)
    [CPU] Loading amazonpho...
    DEBUG 3.1: Dataset init start
    DEBUG 3.2: prepare_data start amazonpho
    ----Data statistics------'
    Name: amazonpho
    #Nodes 7650
    #Edges 119081
    #Classes 8
    #Ave_degree 31.13
    ----Split statistics------'
    #Train samples 160 (20 nodes per class)
    #Val samples 500 (specified)
    #Test samples 1000 (specified)
    ----label noise information:------
    Instance dependent noise
    #Actual noise rate 0.51
    [cuda:0] Waiting for GPU slot...
    [cuda:0] Slot acquired (waited 32.5s). Training...
    FINAL_RESULT: {'acc': {'train': 0.525, 'valid': 0.448, 'test': 0.674}, 'wall_s': 71.88, 'cpu_s': 0.02, 'gpu_s': 71.65, 'wait_s': 32.53}
    [Time] wall=71.9s | cpu=0.0s | gpu=71.7s
    C:\Users\fbrev\anaconda3\envs\noisygl\Lib\site-packages\torch\nn\modules\module.py:1159: UserWarning: expandable_segments not supported on this platform (Triggered internally at ..\c10/cuda/CUDAAllocatorConfig.h:28.)
    return t.to(
    C:\Users\fbrev\Documents\Acadêmico\Simulações\Python\NoisyGL\predictor\Base_Predictor.py:144: UserWarning: Sparse CSR tensor support is in beta state. If you miss a functionality in the sparse tensor support, please submit a feature request to https://github.com/pytorch/pytorch/issues. (Triggered internally at ..\aten\src\ATen\SparseCsrTensorImpl.cpp:55.)
    self.adj_csr = self.adj.to_sparse_csr().to(self.device)
    [CPU] Loading amazonpho...
    DEBUG 3.1: Dataset init start
    DEBUG 3.2: prepare_data start amazonpho
    ----Data statistics------'
    Name: amazonpho
    #Nodes 7650
    #Edges 119081
    #Classes 8
    #Ave_degree 31.13
    ----Split statistics------'
    #Train samples 160 (20 nodes per class)
    #Val samples 500 (specified)
    #Test samples 1000 (specified)
    ----label noise information:------
    Instance dependent noise
    #Actual noise rate 0.50
    [cuda:0] Waiting for GPU slot...
    [cuda:0] Slot acquired (waited 0.6s). Training...
    FINAL_RESULT: {'acc': {'train': 0.525, 'valid': 0.408, 'test': 0.545}, 'wall_s': 70.94, 'cpu_s': 0.02, 'gpu_s': 70.71, 'wait_s': 0.56}
    [Time] wall=70.9s | cpu=0.0s | gpu=70.7s
    C:\Users\fbrev\anaconda3\envs\noisygl\Lib\site-packages\torch\nn\modules\module.py:1159: UserWarning: expandable_segments not supported on this platform (Triggered internally at ..\c10/cuda/CUDAAllocatorConfig.h:28.)
    return t.to(
    C:\Users\fbrev\Documents\Acadêmico\Simulações\Python\NoisyGL\predictor\Base_Predictor.py:144: UserWarning: Sparse CSR tensor support is in beta state. If you miss a functionality in the sparse tensor support, please submit a feature request to https://github.com/pytorch/pytorch/issues. (Triggered internally at ..\aten\src\ATen\SparseCsrTensorImpl.cpp:55.)
    self.adj_csr = self.adj.to_sparse_csr().to(self.device)
    [CPU] Loading amazonpho...
    DEBUG 3.1: Dataset init start
    DEBUG 3.2: prepare_data start amazonpho
    ----Data statistics------'
    Name: amazonpho
    #Nodes 7650
    #Edges 119081
    #Classes 8
    #Ave_degree 31.13
    ----Split statistics------'
    #Train samples 160 (20 nodes per class)
    #Val samples 500 (specified)
    #Test samples 1000 (specified)
    ----label noise information:------
    Instance dependent noise
    #Actual noise rate 0.51
    [cuda:0] Waiting for GPU slot...
    [cuda:0] Slot acquired (waited 21.7s). Training...
    FINAL_RESULT: {'acc': {'train': 0.56875, 'valid': 0.422, 'test': 0.697}, 'wall_s': 71.45, 'cpu_s': 0.02, 'gpu_s': 71.22, 'wait_s': 21.7}
    [Time] wall=71.4s | cpu=0.0s | gpu=71.2s
    C:\Users\fbrev\anaconda3\envs\noisygl\Lib\site-packages\torch\nn\modules\module.py:1159: UserWarning: expandable_segments not supported on this platform (Triggered internally at ..\c10/cuda/CUDAAllocatorConfig.h:28.)
    return t.to(
    C:\Users\fbrev\Documents\Acadêmico\Simulações\Python\NoisyGL\predictor\Base_Predictor.py:144: UserWarning: Sparse CSR tensor support is in beta state. If you miss a functionality in the sparse tensor support, please submit a feature request to https://github.com/pytorch/pytorch/issues. (Triggered internally at ..\aten\src\ATen\SparseCsrTensorImpl.cpp:55.)
    self.adj_csr = self.adj.to_sparse_csr().to(self.device)
    [CPU] Loading amazonpho...
    DEBUG 3.1: Dataset init start
    DEBUG 3.2: prepare_data start amazonpho
    ----Data statistics------'
    Name: amazonpho
    #Nodes 7650
    #Edges 119081
    #Classes 8
    #Ave_degree 31.13
    ----Split statistics------'
    #Train samples 160 (20 nodes per class)
    #Val samples 500 (specified)
    #Test samples 1000 (specified)
    ----label noise information:------
    Instance dependent noise
    #Actual noise rate 0.51
    [cuda:0] Waiting for GPU slot...
    [cuda:0] Slot acquired (waited 4.3s). Training...
    FINAL_RESULT: {'acc': {'train': 0.46875, 'valid': 0.364, 'test': 0.616}, 'wall_s': 71.22, 'cpu_s': 0.02, 'gpu_s': 71.02, 'wait_s': 4.26}
    [Time] wall=71.2s | cpu=0.0s | gpu=71.0s
    C:\Users\fbrev\anaconda3\envs\noisygl\Lib\site-packages\torch\nn\modules\module.py:1159: UserWarning: expandable_segments not supported on this platform (Triggered internally at ..\c10/cuda/CUDAAllocatorConfig.h:28.)
    return t.to(
    C:\Users\fbrev\Documents\Acadêmico\Simulações\Python\NoisyGL\predictor\Base_Predictor.py:144: UserWarning: Sparse CSR tensor support is in beta state. If you miss a functionality in the sparse tensor support, please submit a feature request to https://github.com/pytorch/pytorch/issues. (Triggered internally at ..\aten\src\ATen\SparseCsrTensorImpl.cpp:55.)
    self.adj_csr = self.adj.to_sparse_csr().to(self.device)
    [CPU] Loading amazonpho...
    DEBUG 3.1: Dataset init start
    DEBUG 3.2: prepare_data start amazonpho
    ----Data statistics------'
    Name: amazonpho
    #Nodes 7650
    #Edges 119081
    #Classes 8
    #Ave_degree 31.13
    ----Split statistics------'
    #Train samples 160 (20 nodes per class)
    #Val samples 500 (specified)
    #Test samples 1000 (specified)
    ----label noise information:------
    Instance dependent noise
    #Actual noise rate 0.50
    [cuda:0] Waiting for GPU slot...
    [cuda:0] Slot acquired (waited 6.7s). Training...
    FINAL_RESULT: {'acc': {'train': 0.55625, 'valid': 0.404, 'test': 0.652}, 'wall_s': 70.81, 'cpu_s': 0.02, 'gpu_s': 70.61, 'wait_s': 6.74}
    [Time] wall=70.8s | cpu=0.0s | gpu=70.6s
    C:\Users\fbrev\anaconda3\envs\noisygl\Lib\site-packages\torch\nn\modules\module.py:1159: UserWarning: expandable_segments not supported on this platform (Triggered internally at ..\c10/cuda/CUDAAllocatorConfig.h:28.)
    return t.to(
    C:\Users\fbrev\Documents\Acadêmico\Simulações\Python\NoisyGL\predictor\Base_Predictor.py:144: UserWarning: Sparse CSR tensor support is in beta state. If you miss a functionality in the sparse tensor support, please submit a feature request to https://github.com/pytorch/pytorch/issues. (Triggered internally at ..\aten\src\ATen\SparseCsrTensorImpl.cpp:55.)
    self.adj_csr = self.adj.to_sparse_csr().to(self.device)
    [CPU] Loading amazonpho...
    DEBUG 3.1: Dataset init start
    DEBUG 3.2: prepare_data start amazonpho
    ----Data statistics------'
    Name: amazonpho
    #Nodes 7650
    #Edges 119081
    #Classes 8
    #Ave_degree 31.13
    ----Split statistics------'
    #Train samples 160 (20 nodes per class)
    #Val samples 500 (specified)
    #Test samples 1000 (specified)
    ----label noise information:------
    Instance dependent noise
    #Actual noise rate 0.51
    [cuda:0] Waiting for GPU slot...
    [cuda:0] Slot acquired (waited 15.8s). Training...
    FINAL_RESULT: {'acc': {'train': 0.53125, 'valid': 0.436, 'test': 0.588}, 'wall_s': 70.97, 'cpu_s': 0.02, 'gpu_s': 70.66, 'wait_s': 15.81}
    [Time] wall=71.0s | cpu=0.0s | gpu=70.7s
    C:\Users\fbrev\anaconda3\envs\noisygl\Lib\site-packages\torch\nn\modules\module.py:1159: UserWarning: expandable_segments not supported on this platform (Triggered internally at ..\c10/cuda/CUDAAllocatorConfig.h:28.)
    return t.to(
    C:\Users\fbrev\Documents\Acadêmico\Simulações\Python\NoisyGL\predictor\Base_Predictor.py:144: UserWarning: Sparse CSR tensor support is in beta state. If you miss a functionality in the sparse tensor support, please submit a feature request to https://github.com/pytorch/pytorch/issues. (Triggered internally at ..\aten\src\ATen\SparseCsrTensorImpl.cpp:55.)
    self.adj_csr = self.adj.to_sparse_csr().to(self.device)
    [CPU] Loading amazonpho...
    DEBUG 3.1: Dataset init start
    DEBUG 3.2: prepare_data start amazonpho
    ----Data statistics------'
    Name: amazonpho
    #Nodes 7650
    #Edges 119081
    #Classes 8
    #Ave_degree 31.13
    ----Split statistics------'
    #Train samples 160 (20 nodes per class)
    #Val samples 500 (specified)
    #Test samples 1000 (specified)
    ----label noise information:------
    Instance dependent noise
    #Actual noise rate 0.50
    [cuda:0] Waiting for GPU slot...
    [cuda:0] Slot acquired (waited 1.2s). Training...
    FINAL_RESULT: {'acc': {'train': 0.575, 'valid': 0.444, 'test': 0.85}, 'wall_s': 70.8, 'cpu_s': 0.02, 'gpu_s': 70.59, 'wait_s': 1.16}
    [Time] wall=70.8s | cpu=0.0s | gpu=70.6s
    C:\Users\fbrev\anaconda3\envs\noisygl\Lib\site-packages\torch\nn\modules\module.py:1159: UserWarning: expandable_segments not supported on this platform (Triggered internally at ..\c10/cuda/CUDAAllocatorConfig.h:28.)
    return t.to(
    C:\Users\fbrev\Documents\Acadêmico\Simulações\Python\NoisyGL\predictor\Base_Predictor.py:144: UserWarning: Sparse CSR tensor support is in beta state. If you miss a functionality in the sparse tensor support, please submit a feature request to https://github.com/pytorch/pytorch/issues. (Triggered internally at ..\aten\src\ATen\SparseCsrTensorImpl.cpp:55.)
    self.adj_csr = self.adj.to_sparse_csr().to(self.device)
    [CPU] Loading amazonpho...
    DEBUG 3.1: Dataset init start
    DEBUG 3.2: prepare_data start amazonpho
    ----Data statistics------'
    Name: amazonpho
    #Nodes 7650
    #Edges 119081
    #Classes 8
    #Ave_degree 31.13
    ----Split statistics------'
    #Train samples 160 (20 nodes per class)
    #Val samples 500 (specified)
    #Test samples 1000 (specified)
    ----label noise information:------
    Instance dependent noise
    #Actual noise rate 0.50
    [cuda:0] Waiting for GPU slot...
    [cuda:0] Slot acquired (waited 3.6s). Training...
    FINAL_RESULT: {'acc': {'train': 0.5625, 'valid': 0.392, 'test': 0.712}, 'wall_s': 72.1, 'cpu_s': 0.02, 'gpu_s': 71.87, 'wait_s': 3.6}
    [Time] wall=72.1s | cpu=0.0s | gpu=71.9s
    C:\Users\fbrev\anaconda3\envs\noisygl\Lib\site-packages\torch\nn\modules\module.py:1159: UserWarning: expandable_segments not supported on this platform (Triggered internally at ..\c10/cuda/CUDAAllocatorConfig.h:28.)
    return t.to(
    C:\Users\fbrev\Documents\Acadêmico\Simulações\Python\NoisyGL\predictor\Base_Predictor.py:144: UserWarning: Sparse CSR tensor support is in beta state. If you miss a functionality in the sparse tensor support, please submit a feature request to https://github.com/pytorch/pytorch/issues. (Triggered internally at ..\aten\src\ATen\SparseCsrTensorImpl.cpp:55.)
    self.adj_csr = self.adj.to_sparse_csr().to(self.device)
    [CPU] Loading amazonpho...
    DEBUG 3.1: Dataset init start
    DEBUG 3.2: prepare_data start amazonpho
    ----Data statistics------'
    Name: amazonpho
    #Nodes 7650
    #Edges 119081
    #Classes 8
    #Ave_degree 31.13
    ----Split statistics------'
    #Train samples 160 (20 nodes per class)
    #Val samples 500 (specified)
    #Test samples 1000 (specified)
    ----label noise information:------
    Instance dependent noise
    #Actual noise rate 0.50
    [cuda:0] Waiting for GPU slot...
    [cuda:0] Slot acquired (waited 18.0s). Training...
    FINAL_RESULT: {'acc': {'train': 0.51875, 'valid': 0.434, 'test': 0.746}, 'wall_s': 71.48, 'cpu_s': 0.02, 'gpu_s': 71.24, 'wait_s': 18.04}
    [Time] wall=71.5s | cpu=0.0s | gpu=71.2s
    C:\Users\fbrev\anaconda3\envs\noisygl\Lib\site-packages\torch\nn\modules\module.py:1159: UserWarning: expandable_segments not supported on this platform (Triggered internally at ..\c10/cuda/CUDAAllocatorConfig.h:28.)
    return t.to(
    C:\Users\fbrev\Documents\Acadêmico\Simulações\Python\NoisyGL\predictor\Base_Predictor.py:144: UserWarning: Sparse CSR tensor support is in beta state. If you miss a functionality in the sparse tensor support, please submit a feature request to https://github.com/pytorch/pytorch/issues. (Triggered internally at ..\aten\src\ATen\SparseCsrTensorImpl.cpp:55.)
    self.adj_csr = self.adj.to_sparse_csr().to(self.device)

[FINAL] cp_amazonpho_instance_0.5 | 0.6880 ± 0.0894
