[worker] START lnpcc_amazon-ratings_0.1 gpu=0
[HPO] Starting Phase 1 (Optuna) for lnpcc_amazon-ratings_instance_0.1...
[I 2026-04-27 13:20:14,786] Using an existing study with name 'lnpcc_amazon-ratings_instance_0.1' instead of creating a new one.
    [CPU] Loading amazon-ratings...
    DEBUG 3.1: Dataset init start
    DEBUG 3.2: prepare_data start amazon-ratings
    ----Data statistics------'
    Name: amazon-ratings
    #Nodes 24492
    #Edges 93050
    #Classes 5
    #Ave_degree 7.60
    ----Split statistics------'
    #Train samples 1224 (5.0 % of nodes)
    #Val samples 3673 (15.0 % of nodes)
    #Test samples 19595 (remaining)
    ----label noise information:------
    Instance dependent noise
    #Actual noise rate 0.13
    [cuda:0] LNPCC waiting for GPU slot...
    [cuda:0] Slot acquired (waited 199.4s). Starting GCN...
    FINAL_RESULT: {'acc': {'train': 0.4117647058823529, 'valid': 0.35638442689899263, 'test': 0.3869354427149783}, 'wall_s': 55.0, 'cpu_s': 50.66, 'gpu_s': 4.23, 'wait_s': 199.37}
    [Time] wall=55.0s | cpu=50.7s | gpu=4.2s
    C:\Users\fbrev\Documents\Acadêmico\Simulações\Python\NoisyGL\predictor\Base_Predictor.py:144: UserWarning: Sparse CSR tensor support is in beta state. If you miss a functionality in the sparse tensor support, please submit a feature request to https://github.com/pytorch/pytorch/issues. (Triggered internally at ..\aten\src\ATen\SparseCsrTensorImpl.cpp:55.)
    self.adj_csr = self.adj.to_sparse_csr().to(self.device)
[I 2026-04-27 13:24:38,173] Trial 111 finished with value: 0.3869354427149783 and parameters: {'lr': 0.1, 'weight_decay': 0.0001, 'n_hidden': 64, 'n_layer': 3, 'dropout': 0.6857524161165134, 'knn_mode': 's', 'k': 45, 'dexp': 7.913370986957897, 'p_grd': 0.4366193960465372, 'unc_rem': 0.14645263168964837, 'unc_rel': 0.5884627972051806}. Best is trial 29 with value: 0.40505230926256697.
    [CPU] Loading amazon-ratings...
    DEBUG 3.1: Dataset init start
    DEBUG 3.2: prepare_data start amazon-ratings
    ----Data statistics------'
    Name: amazon-ratings
    #Nodes 24492
    #Edges 93050
    #Classes 5
    #Ave_degree 7.60
    ----Split statistics------'
    #Train samples 1224 (5.0 % of nodes)
    #Val samples 3673 (15.0 % of nodes)
    #Test samples 19595 (remaining)
    ----label noise information:------
    Instance dependent noise
    #Actual noise rate 0.13
    [cuda:0] LNPCC waiting for GPU slot...
    [cuda:0] Slot acquired (waited 177.0s). Starting GCN...
    FINAL_RESULT: {'acc': {'train': 0.4338235294117647, 'valid': 0.36319085216444325, 'test': 0.3961214595560092}, 'wall_s': 74.63, 'cpu_s': 70.46, 'gpu_s': 4.12, 'wait_s': 177.05}
    [Time] wall=74.6s | cpu=70.5s | gpu=4.1s
    C:\Users\fbrev\Documents\Acadêmico\Simulações\Python\NoisyGL\predictor\Base_Predictor.py:144: UserWarning: Sparse CSR tensor support is in beta state. If you miss a functionality in the sparse tensor support, please submit a feature request to https://github.com/pytorch/pytorch/issues. (Triggered internally at ..\aten\src\ATen\SparseCsrTensorImpl.cpp:55.)
    self.adj_csr = self.adj.to_sparse_csr().to(self.device)
[I 2026-04-27 13:28:57,125] Trial 112 finished with value: 0.3961214595560092 and parameters: {'lr': 0.001, 'weight_decay': 0.001, 'n_hidden': 64, 'n_layer': 3, 'dropout': 0.40551629889361834, 'knn_mode': 's', 'k': 38, 'dexp': 7.764927555187233, 'p_grd': 0.6159137146472271, 'unc_rem': 0.9386424351631352, 'unc_rel': 0.7711065715172467}. Best is trial 29 with value: 0.40505230926256697.
    [CPU] Loading amazon-ratings...
    DEBUG 3.1: Dataset init start
    DEBUG 3.2: prepare_data start amazon-ratings
    ----Data statistics------'
    Name: amazon-ratings
    #Nodes 24492
    #Edges 93050
    #Classes 5
    #Ave_degree 7.60
    ----Split statistics------'
    #Train samples 1224 (5.0 % of nodes)
    #Val samples 3673 (15.0 % of nodes)
    #Test samples 19595 (remaining)
    ----label noise information:------
    Instance dependent noise
    #Actual noise rate 0.13
    [cuda:0] LNPCC waiting for GPU slot...
    [cuda:0] Slot acquired (waited 218.4s). Starting GCN...
    FINAL_RESULT: {'acc': {'train': 0.36631234668847096, 'valid': 0.35638442689899263, 'test': 0.3792293952538913}, 'wall_s': 63.54, 'cpu_s': 59.23, 'gpu_s': 4.25, 'wait_s': 218.45}
    [Time] wall=63.5s | cpu=59.2s | gpu=4.3s
    C:\Users\fbrev\Documents\Acadêmico\Simulações\Python\NoisyGL\predictor\Base_Predictor.py:144: UserWarning: Sparse CSR tensor support is in beta state. If you miss a functionality in the sparse tensor support, please submit a feature request to https://github.com/pytorch/pytorch/issues. (Triggered internally at ..\aten\src\ATen\SparseCsrTensorImpl.cpp:55.)
    self.adj_csr = self.adj.to_sparse_csr().to(self.device)
[I 2026-04-27 13:33:47,530] Trial 113 finished with value: 0.3792293952538913 and parameters: {'lr': 0.1, 'weight_decay': 0.001, 'n_hidden': 64, 'n_layer': 3, 'dropout': 0.7648385242265733, 'knn_mode': 's', 'k': 47, 'dexp': 3.741101036764663, 'p_grd': 0.4851778255697917, 'unc_rem': 0.848551500501356, 'unc_rel': 0.6201166875334572}. Best is trial 29 with value: 0.40505230926256697.
    [CPU] Loading amazon-ratings...
    DEBUG 3.1: Dataset init start
    DEBUG 3.2: prepare_data start amazon-ratings
    ----Data statistics------'
    Name: amazon-ratings
    #Nodes 24492
    #Edges 93050
    #Classes 5
    #Ave_degree 7.60
    ----Split statistics------'
    #Train samples 1224 (5.0 % of nodes)
    #Val samples 3673 (15.0 % of nodes)
    #Test samples 19595 (remaining)
    ----label noise information:------
    Instance dependent noise
    #Actual noise rate 0.13
    [cuda:0] LNPCC waiting for GPU slot...
    [cuda:0] Slot acquired (waited 699.6s). Starting GCN...
    FINAL_RESULT: {'acc': {'train': 0.40522875816993464, 'valid': 0.36373536618567925, 'test': 0.4019392702219954}, 'wall_s': 58.28, 'cpu_s': 54.17, 'gpu_s': 4.05, 'wait_s': 699.56}
    [Time] wall=58.3s | cpu=54.2s | gpu=4.1s
    C:\Users\fbrev\Documents\Acadêmico\Simulações\Python\NoisyGL\predictor\Base_Predictor.py:144: UserWarning: Sparse CSR tensor support is in beta state. If you miss a functionality in the sparse tensor support, please submit a feature request to https://github.com/pytorch/pytorch/issues. (Triggered internally at ..\aten\src\ATen\SparseCsrTensorImpl.cpp:55.)
    self.adj_csr = self.adj.to_sparse_csr().to(self.device)
[I 2026-04-27 13:46:32,943] Trial 114 finished with value: 0.4019392702219954 and parameters: {'lr': 0.1, 'weight_decay': 0.001, 'n_hidden': 64, 'n_layer': 3, 'dropout': 0.7192048569105968, 'knn_mode': 's', 'k': 44, 'dexp': 8.314276128819559, 'p_grd': 0.4759111946355921, 'unc_rem': 0.881455928871813, 'unc_rel': 0.6675847157357665}. Best is trial 29 with value: 0.40505230926256697.
    [CPU] Loading amazon-ratings...
    DEBUG 3.1: Dataset init start
    DEBUG 3.2: prepare_data start amazon-ratings
    ----Data statistics------'
    Name: amazon-ratings
    #Nodes 24492
    #Edges 93050
    #Classes 5
    #Ave_degree 7.60
    ----Split statistics------'
    #Train samples 1224 (5.0 % of nodes)
    #Val samples 3673 (15.0 % of nodes)
    #Test samples 19595 (remaining)
    ----label noise information:------
    Instance dependent noise
    #Actual noise rate 0.13
    [cuda:0] LNPCC waiting for GPU slot...
    [cuda:0] Slot acquired (waited 199.8s). Starting GCN...
    FINAL_RESULT: {'acc': {'train': 0.37336601307189543, 'valid': 0.3626463381432072, 'test': 0.39724419494769075}, 'wall_s': 57.29, 'cpu_s': 53.21, 'gpu_s': 4.03, 'wait_s': 199.75}
    [Time] wall=57.3s | cpu=53.2s | gpu=4.0s
    C:\Users\fbrev\Documents\Acadêmico\Simulações\Python\NoisyGL\predictor\Base_Predictor.py:144: UserWarning: Sparse CSR tensor support is in beta state. If you miss a functionality in the sparse tensor support, please submit a feature request to https://github.com/pytorch/pytorch/issues. (Triggered internally at ..\aten\src\ATen\SparseCsrTensorImpl.cpp:55.)
    self.adj_csr = self.adj.to_sparse_csr().to(self.device)
[I 2026-04-27 13:50:56,685] Trial 115 finished with value: 0.39724419494769075 and parameters: {'lr': 0.1, 'weight_decay': 0.001, 'n_hidden': 64, 'n_layer': 3, 'dropout': 0.7081767403895639, 'knn_mode': 's', 'k': 42, 'dexp': 8.431058487817433, 'p_grd': 0.5171808124654191, 'unc_rem': 0.7844893853221119, 'unc_rel': 0.6704342295636375}. Best is trial 29 with value: 0.40505230926256697.
    [CPU] Loading amazon-ratings...
    DEBUG 3.1: Dataset init start
    DEBUG 3.2: prepare_data start amazon-ratings
    ----Data statistics------'
    Name: amazon-ratings
    #Nodes 24492
    #Edges 93050
    #Classes 5
    #Ave_degree 7.60
    ----Split statistics------'
    #Train samples 1224 (5.0 % of nodes)
    #Val samples 3673 (15.0 % of nodes)
    #Test samples 19595 (remaining)
    ----label noise information:------
    Instance dependent noise
    #Actual noise rate 0.13
    [cuda:0] LNPCC waiting for GPU slot...
    [cuda:0] Slot acquired (waited 188.0s). Starting GCN...
    FINAL_RESULT: {'acc': {'train': 0.41017227235438886, 'valid': 0.3699972774298938, 'test': 0.3973972952283746}, 'wall_s': 61.7, 'cpu_s': 57.52, 'gpu_s': 4.13, 'wait_s': 187.99}
    [Time] wall=61.7s | cpu=57.5s | gpu=4.1s
    C:\Users\fbrev\Documents\Acadêmico\Simulações\Python\NoisyGL\predictor\Base_Predictor.py:144: UserWarning: Sparse CSR tensor support is in beta state. If you miss a functionality in the sparse tensor support, please submit a feature request to https://github.com/pytorch/pytorch/issues. (Triggered internally at ..\aten\src\ATen\SparseCsrTensorImpl.cpp:55.)
    self.adj_csr = self.adj.to_sparse_csr().to(self.device)
[I 2026-04-27 13:55:13,184] Trial 116 finished with value: 0.3973972952283746 and parameters: {'lr': 0.1, 'weight_decay': 0.001, 'n_hidden': 64, 'n_layer': 3, 'dropout': 0.7447244074250494, 'knn_mode': 's', 'k': 45, 'dexp': 8.94337743024295, 'p_grd': 0.49115318177112566, 'unc_rem': 0.09932102567225637, 'unc_rel': 0.6483464531104826}. Best is trial 29 with value: 0.40505230926256697.
    [CPU] Loading amazon-ratings...
    DEBUG 3.1: Dataset init start
    DEBUG 3.2: prepare_data start amazon-ratings
    ----Data statistics------'
    Name: amazon-ratings
    #Nodes 24492
    #Edges 93050
    #Classes 5
    #Ave_degree 7.60
    ----Split statistics------'
    #Train samples 1224 (5.0 % of nodes)
    #Val samples 3673 (15.0 % of nodes)
    #Test samples 19595 (remaining)
    ----label noise information:------
    Instance dependent noise
    #Actual noise rate 0.13
    [cuda:0] LNPCC waiting for GPU slot...
    [cuda:0] Slot acquired (waited 923.8s). Starting GCN...
    FINAL_RESULT: {'acc': {'train': 0.3799019607843137, 'valid': 0.36564116526000545, 'test': 0.3958152589946415}, 'wall_s': 60.81, 'cpu_s': 57.07, 'gpu_s': 3.68, 'wait_s': 923.81}
    [Time] wall=60.8s | cpu=57.1s | gpu=3.7s
    C:\Users\fbrev\Documents\Acadêmico\Simulações\Python\NoisyGL\predictor\Base_Predictor.py:144: UserWarning: Sparse CSR tensor support is in beta state. If you miss a functionality in the sparse tensor support, please submit a feature request to https://github.com/pytorch/pytorch/issues. (Triggered internally at ..\aten\src\ATen\SparseCsrTensorImpl.cpp:55.)
    self.adj_csr = self.adj.to_sparse_csr().to(self.device)
[I 2026-04-27 14:11:44,323] Trial 117 finished with value: 0.3958152589946415 and parameters: {'lr': 0.1, 'weight_decay': 0.001, 'n_hidden': 64, 'n_layer': 3, 'dropout': 0.7157468361836484, 'knn_mode': 's', 'k': 44, 'dexp': 8.283011585334261, 'p_grd': 0.5730803748273022, 'unc_rem': 0.8986436578720203, 'unc_rel': 0.7401991076291471}. Best is trial 29 with value: 0.40505230926256697.
    [CPU] Loading amazon-ratings...
    DEBUG 3.1: Dataset init start
    DEBUG 3.2: prepare_data start amazon-ratings
    ----Data statistics------'
    Name: amazon-ratings
    #Nodes 24492
    #Edges 93050
    #Classes 5
    #Ave_degree 7.60
    ----Split statistics------'
    #Train samples 1224 (5.0 % of nodes)
    #Val samples 3673 (15.0 % of nodes)
    #Test samples 19595 (remaining)
    ----label noise information:------
    Instance dependent noise
    #Actual noise rate 0.13
    [cuda:0] LNPCC waiting for GPU slot...
    [cuda:0] Slot acquired (waited 213.3s). Starting GCN...
    FINAL_RESULT: {'acc': {'train': 0.42915980230642503, 'valid': 0.3558399128777566, 'test': 0.388568512375606}, 'wall_s': 35.23, 'cpu_s': 31.08, 'gpu_s': 4.12, 'wait_s': 213.3}
    [Time] wall=35.2s | cpu=31.1s | gpu=4.1s
    C:\Users\fbrev\Documents\Acadêmico\Simulações\Python\NoisyGL\predictor\Base_Predictor.py:144: UserWarning: Sparse CSR tensor support is in beta state. If you miss a functionality in the sparse tensor support, please submit a feature request to https://github.com/pytorch/pytorch/issues. (Triggered internally at ..\aten\src\ATen\SparseCsrTensorImpl.cpp:55.)
    self.adj_csr = self.adj.to_sparse_csr().to(self.device)
[I 2026-04-27 14:15:58,927] Trial 118 finished with value: 0.388568512375606 and parameters: {'lr': 0.1, 'weight_decay': 0.001, 'n_hidden': 64, 'n_layer': 3, 'dropout': 0.05907667270930206, 'knn_mode': 's', 'k': 42, 'dexp': 7.1834273949904475, 'p_grd': 0.17690277103029328, 'unc_rem': 0.8320158634551782, 'unc_rel': 0.7892474478324625}. Best is trial 29 with value: 0.40505230926256697.
    [CPU] Loading amazon-ratings...
    DEBUG 3.1: Dataset init start
    DEBUG 3.2: prepare_data start amazon-ratings
    ----Data statistics------'
    Name: amazon-ratings
    #Nodes 24492
    #Edges 93050
    #Classes 5
    #Ave_degree 7.60
    ----Split statistics------'
    #Train samples 1224 (5.0 % of nodes)
    #Val samples 3673 (15.0 % of nodes)
    #Test samples 19595 (remaining)
    ----label noise information:------
    Instance dependent noise
    #Actual noise rate 0.13
    [cuda:0] LNPCC waiting for GPU slot...
    [cuda:0] Slot acquired (waited 445.9s). Starting GCN...
    FINAL_RESULT: {'acc': {'train': 0.3946078431372549, 'valid': 0.3569289409202287, 'test': 0.3914774177085991}, 'wall_s': 47.3, 'cpu_s': 43.2, 'gpu_s': 4.06, 'wait_s': 445.85}
    [Time] wall=47.3s | cpu=43.2s | gpu=4.1s
    C:\Users\fbrev\Documents\Acadêmico\Simulações\Python\NoisyGL\predictor\Base_Predictor.py:144: UserWarning: Sparse CSR tensor support is in beta state. If you miss a functionality in the sparse tensor support, please submit a feature request to https://github.com/pytorch/pytorch/issues. (Triggered internally at ..\aten\src\ATen\SparseCsrTensorImpl.cpp:55.)
    self.adj_csr = self.adj.to_sparse_csr().to(self.device)
[I 2026-04-27 14:24:18,283] Trial 119 finished with value: 0.3914774177085991 and parameters: {'lr': 0.1, 'weight_decay': 0.001, 'n_hidden': 64, 'n_layer': 3, 'dropout': 0.6670897170804477, 'knn_mode': 's', 'k': 43, 'dexp': 7.531494673367676, 'p_grd': 0.4413731316716666, 'unc_rem': 0.25350347489910563, 'unc_rel': 0.7014076118377134}. Best is trial 29 with value: 0.40505230926256697.
    [CPU] Loading amazon-ratings...
    DEBUG 3.1: Dataset init start
    DEBUG 3.2: prepare_data start amazon-ratings
    ----Data statistics------'
    Name: amazon-ratings
    #Nodes 24492
    #Edges 93050
    #Classes 5
    #Ave_degree 7.60
    ----Split statistics------'
    #Train samples 1224 (5.0 % of nodes)
    #Val samples 3673 (15.0 % of nodes)
    #Test samples 19595 (remaining)
    ----label noise information:------
    Instance dependent noise
    #Actual noise rate 0.13
    [cuda:0] LNPCC waiting for GPU slot...
    [cuda:0] Slot acquired (waited 671.9s). Starting GCN...
    FINAL_RESULT: {'acc': {'train': 0.15522875816993464, 'valid': 0.32752518377348216, 'test': 0.36851237560602196}, 'wall_s': 55.28, 'cpu_s': 52.23, 'gpu_s': 3.0, 'wait_s': 671.88}
    [Time] wall=55.3s | cpu=52.2s | gpu=3.0s
    C:\Users\fbrev\Documents\Acadêmico\Simulações\Python\NoisyGL\predictor\Base_Predictor.py:144: UserWarning: Sparse CSR tensor support is in beta state. If you miss a functionality in the sparse tensor support, please submit a feature request to https://github.com/pytorch/pytorch/issues. (Triggered internally at ..\aten\src\ATen\SparseCsrTensorImpl.cpp:55.)
    self.adj_csr = self.adj.to_sparse_csr().to(self.device)
[I 2026-04-27 14:36:31,170] Trial 120 finished with value: 0.36851237560602196 and parameters: {'lr': 0.1, 'weight_decay': 0.05, 'n_hidden': 64, 'n_layer': 3, 'dropout': 0.6461959922725148, 'knn_mode': 's', 'k': 39, 'dexp': 8.5792724769088, 'p_grd': 0.6816681811806183, 'unc_rem': 0.9287504189256315, 'unc_rel': 0.7245721641033781}. Best is trial 29 with value: 0.40505230926256697.
    [CPU] Loading amazon-ratings...
    DEBUG 3.1: Dataset init start
    DEBUG 3.2: prepare_data start amazon-ratings
    ----Data statistics------'
    Name: amazon-ratings
    #Nodes 24492
    #Edges 93050
    #Classes 5
    #Ave_degree 7.60
    ----Split statistics------'
    #Train samples 1224 (5.0 % of nodes)
    #Val samples 3673 (15.0 % of nodes)
    #Test samples 19595 (remaining)
    ----label noise information:------
    Instance dependent noise
    #Actual noise rate 0.13
    [cuda:0] LNPCC waiting for GPU slot...
    [cuda:0] Slot acquired (waited 152.4s). Starting GCN...
    FINAL_RESULT: {'acc': {'train': 0.4223856209150327, 'valid': 0.3667301933024775, 'test': 0.3869864761418729}, 'wall_s': 87.2, 'cpu_s': 84.89, 'gpu_s': 2.28, 'wait_s': 152.43}
    [Time] wall=87.2s | cpu=84.9s | gpu=2.3s
    C:\Users\fbrev\Documents\Acadêmico\Simulações\Python\NoisyGL\predictor\Base_Predictor.py:144: UserWarning: Sparse CSR tensor support is in beta state. If you miss a functionality in the sparse tensor support, please submit a feature request to https://github.com/pytorch/pytorch/issues. (Triggered internally at ..\aten\src\ATen\SparseCsrTensorImpl.cpp:55.)
    self.adj_csr = self.adj.to_sparse_csr().to(self.device)
[I 2026-04-27 14:40:36,639] Trial 121 finished with value: 0.3869864761418729 and parameters: {'lr': 0.1, 'weight_decay': 0.001, 'n_hidden': 32, 'n_layer': 2, 'dropout': 0.7210380069169746, 'knn_mode': 'd', 'k': 46, 'dexp': 7.987853473418753, 'p_grd': 0.5876747235935318, 'unc_rem': 0.8728795980504285, 'unc_rel': 0.5514169432782525}. Best is trial 29 with value: 0.40505230926256697.
    [CPU] Loading amazon-ratings...
    DEBUG 3.1: Dataset init start
    DEBUG 3.2: prepare_data start amazon-ratings
    ----Data statistics------'
    Name: amazon-ratings
    #Nodes 24492
    #Edges 93050
    #Classes 5
    #Ave_degree 7.60
    ----Split statistics------'
    #Train samples 1224 (5.0 % of nodes)
    #Val samples 3673 (15.0 % of nodes)
    #Test samples 19595 (remaining)
    ----label noise information:------
    Instance dependent noise
    #Actual noise rate 0.13
    [cuda:0] LNPCC waiting for GPU slot...
    [cuda:0] Slot acquired (waited 950.0s). Starting GCN...
    FINAL_RESULT: {'acc': {'train': 0.4550653594771242, 'valid': 0.37054179145112986, 'test': 0.3912732840010207}, 'wall_s': 50.83, 'cpu_s': 47.08, 'gpu_s': 3.7, 'wait_s': 950.03}
    [Time] wall=50.8s | cpu=47.1s | gpu=3.7s
    C:\Users\fbrev\Documents\Acadêmico\Simulações\Python\NoisyGL\predictor\Base_Predictor.py:144: UserWarning: Sparse CSR tensor support is in beta state. If you miss a functionality in the sparse tensor support, please submit a feature request to https://github.com/pytorch/pytorch/issues. (Triggered internally at ..\aten\src\ATen\SparseCsrTensorImpl.cpp:55.)
    self.adj_csr = self.adj.to_sparse_csr().to(self.device)
[I 2026-04-27 14:57:24,296] Trial 122 finished with value: 0.3912732840010207 and parameters: {'lr': 0.05, 'weight_decay': 0.001, 'n_hidden': 64, 'n_layer': 3, 'dropout': 0.7814689897991488, 'knn_mode': 's', 'k': 40, 'dexp': 4.243924343957331, 'p_grd': 0.5435739601948908, 'unc_rem': 0.889617860250579, 'unc_rel': 0.7622135523893792}. Best is trial 29 with value: 0.40505230926256697.
    [CPU] Loading amazon-ratings...
    DEBUG 3.1: Dataset init start
    DEBUG 3.2: prepare_data start amazon-ratings
    ----Data statistics------'
    Name: amazon-ratings
    #Nodes 24492
    #Edges 93050
    #Classes 5
    #Ave_degree 7.60
    ----Split statistics------'
    #Train samples 1224 (5.0 % of nodes)
    #Val samples 3673 (15.0 % of nodes)
    #Test samples 19595 (remaining)
    ----label noise information:------
    Instance dependent noise
    #Actual noise rate 0.13
    [cuda:0] LNPCC waiting for GPU slot...
    [cuda:0] Slot acquired (waited 675.2s). Starting GCN...
    FINAL_RESULT: {'acc': {'train': 0.3985270049099836, 'valid': 0.3661856792812415, 'test': 0.3962235264097984}, 'wall_s': 57.91, 'cpu_s': 52.49, 'gpu_s': 5.37, 'wait_s': 675.2}
    [Time] wall=57.9s | cpu=52.5s | gpu=5.4s
    C:\Users\fbrev\Documents\Acadêmico\Simulações\Python\NoisyGL\predictor\Base_Predictor.py:144: UserWarning: Sparse CSR tensor support is in beta state. If you miss a functionality in the sparse tensor support, please submit a feature request to https://github.com/pytorch/pytorch/issues. (Triggered internally at ..\aten\src\ATen\SparseCsrTensorImpl.cpp:55.)
    self.adj_csr = self.adj.to_sparse_csr().to(self.device)
[I 2026-04-27 15:09:43,797] Trial 123 finished with value: 0.3962235264097984 and parameters: {'lr': 0.1, 'weight_decay': 0.001, 'n_hidden': 128, 'n_layer': 3, 'dropout': 0.7547103373599714, 'knn_mode': 's', 'k': 48, 'dexp': 4.7940954061567, 'p_grd': 0.47820489452832704, 'unc_rem': 0.875759231725903, 'unc_rel': 0.6264608198438347}. Best is trial 29 with value: 0.40505230926256697.
    [CPU] Loading amazon-ratings...
    DEBUG 3.1: Dataset init start
    DEBUG 3.2: prepare_data start amazon-ratings
    ----Data statistics------'
    Name: amazon-ratings
    #Nodes 24492
    #Edges 93050
    #Classes 5
    #Ave_degree 7.60
    ----Split statistics------'
    #Train samples 1224 (5.0 % of nodes)
    #Val samples 3673 (15.0 % of nodes)
    #Test samples 19595 (remaining)
    ----label noise information:------
    Instance dependent noise
    #Actual noise rate 0.13
    [cuda:0] LNPCC waiting for GPU slot...
    [cuda:0] Slot acquired (waited 195.1s). Starting GCN...
    FINAL_RESULT: {'acc': {'train': 0.38480392156862747, 'valid': 0.3629185951538252, 'test': 0.3932635876499107}, 'wall_s': 55.74, 'cpu_s': 46.75, 'gpu_s': 8.95, 'wait_s': 195.07}
    [Time] wall=55.7s | cpu=46.7s | gpu=9.0s
    C:\Users\fbrev\Documents\Acadêmico\Simulações\Python\NoisyGL\predictor\Base_Predictor.py:144: UserWarning: Sparse CSR tensor support is in beta state. If you miss a functionality in the sparse tensor support, please submit a feature request to https://github.com/pytorch/pytorch/issues. (Triggered internally at ..\aten\src\ATen\SparseCsrTensorImpl.cpp:55.)
    self.adj_csr = self.adj.to_sparse_csr().to(self.device)
[I 2026-04-27 15:14:00,879] Trial 124 finished with value: 0.3932635876499107 and parameters: {'lr': 0.1, 'weight_decay': 0.001, 'n_hidden': 256, 'n_layer': 3, 'dropout': 0.799323035916677, 'knn_mode': 's', 'k': 46, 'dexp': 5.033181543887962, 'p_grd': 0.4669695969128294, 'unc_rem': 0.8567160794614109, 'unc_rel': 0.6785492231723849}. Best is trial 29 with value: 0.40505230926256697.
    [CPU] Loading amazon-ratings...
    DEBUG 3.1: Dataset init start
    DEBUG 3.2: prepare_data start amazon-ratings
    ----Data statistics------'
    Name: amazon-ratings
    #Nodes 24492
    #Edges 93050
    #Classes 5
    #Ave_degree 7.60
    ----Split statistics------'
    #Train samples 1224 (5.0 % of nodes)
    #Val samples 3673 (15.0 % of nodes)
    #Test samples 19595 (remaining)
    ----label noise information:------
    Instance dependent noise
    #Actual noise rate 0.13
    [cuda:0] LNPCC waiting for GPU slot...
    [cuda:0] Slot acquired (waited 447.3s). Starting GCN...
    FINAL_RESULT: {'acc': {'train': 0.40931372549019607, 'valid': 0.37135856248298393, 'test': 0.3959173258484307}, 'wall_s': 47.83, 'cpu_s': 44.06, 'gpu_s': 3.72, 'wait_s': 447.26}
    [Time] wall=47.8s | cpu=44.1s | gpu=3.7s
    C:\Users\fbrev\Documents\Acadêmico\Simulações\Python\NoisyGL\predictor\Base_Predictor.py:144: UserWarning: Sparse CSR tensor support is in beta state. If you miss a functionality in the sparse tensor support, please submit a feature request to https://github.com/pytorch/pytorch/issues. (Triggered internally at ..\aten\src\ATen\SparseCsrTensorImpl.cpp:55.)
    self.adj_csr = self.adj.to_sparse_csr().to(self.device)
[I 2026-04-27 15:22:22,843] Trial 125 finished with value: 0.3959173258484307 and parameters: {'lr': 0.1, 'weight_decay': 0.001, 'n_hidden': 64, 'n_layer': 3, 'dropout': 0.743173148913637, 'knn_mode': 's', 'k': 44, 'dexp': 4.410707363107579, 'p_grd': 0.5190436730261426, 'unc_rem': 0.801196576872309, 'unc_rel': 0.5931628570463741}. Best is trial 29 with value: 0.40505230926256697.
    [CPU] Loading amazon-ratings...
    DEBUG 3.1: Dataset init start
    DEBUG 3.2: prepare_data start amazon-ratings
    ----Data statistics------'
    Name: amazon-ratings
    #Nodes 24492
    #Edges 93050
    #Classes 5
    #Ave_degree 7.60
    ----Split statistics------'
    #Train samples 1224 (5.0 % of nodes)
    #Val samples 3673 (15.0 % of nodes)
    #Test samples 19595 (remaining)
    ----label noise information:------
    Instance dependent noise
    #Actual noise rate 0.13
    [cuda:0] LNPCC waiting for GPU slot...
    [cuda:0] Slot acquired (waited 201.3s). Starting GCN...
    FINAL_RESULT: {'acc': {'train': 0.39279869067103107, 'valid': 0.3661856792812415, 'test': 0.3967848941056392}, 'wall_s': 48.93, 'cpu_s': 44.83, 'gpu_s': 4.05, 'wait_s': 201.3}
    [Time] wall=48.9s | cpu=44.8s | gpu=4.1s
    C:\Users\fbrev\Documents\Acadêmico\Simulações\Python\NoisyGL\predictor\Base_Predictor.py:144: UserWarning: Sparse CSR tensor support is in beta state. If you miss a functionality in the sparse tensor support, please submit a feature request to https://github.com/pytorch/pytorch/issues. (Triggered internally at ..\aten\src\ATen\SparseCsrTensorImpl.cpp:55.)
    self.adj_csr = self.adj.to_sparse_csr().to(self.device)
[I 2026-04-27 15:26:39,633] Trial 126 finished with value: 0.3967848941056392 and parameters: {'lr': 0.1, 'weight_decay': 0.001, 'n_hidden': 64, 'n_layer': 3, 'dropout': 0.6945547027929713, 'knn_mode': 's', 'k': 11, 'dexp': 4.563026352586606, 'p_grd': 0.39777117910331067, 'unc_rem': 0.9154535770171682, 'unc_rel': 0.6627786477788731}. Best is trial 29 with value: 0.40505230926256697.
    [CPU] Loading amazon-ratings...
    DEBUG 3.1: Dataset init start
    DEBUG 3.2: prepare_data start amazon-ratings
    ----Data statistics------'
    Name: amazon-ratings
    #Nodes 24492
    #Edges 93050
    #Classes 5
    #Ave_degree 7.60
    ----Split statistics------'
    #Train samples 1224 (5.0 % of nodes)
    #Val samples 3673 (15.0 % of nodes)
    #Test samples 19595 (remaining)
    ----label noise information:------
    Instance dependent noise
    #Actual noise rate 0.13
    [cuda:0] LNPCC waiting for GPU slot...
    [cuda:0] Slot acquired (waited 214.2s). Starting GCN...
    FINAL_RESULT: {'acc': {'train': 0.44353518821603927, 'valid': 0.36101279607949904, 'test': 0.3945394233222761}, 'wall_s': 46.61, 'cpu_s': 41.19, 'gpu_s': 5.36, 'wait_s': 214.2}
    [Time] wall=46.6s | cpu=41.2s | gpu=5.4s
    C:\Users\fbrev\Documents\Acadêmico\Simulações\Python\NoisyGL\predictor\Base_Predictor.py:144: UserWarning: Sparse CSR tensor support is in beta state. If you miss a functionality in the sparse tensor support, please submit a feature request to https://github.com/pytorch/pytorch/issues. (Triggered internally at ..\aten\src\ATen\SparseCsrTensorImpl.cpp:55.)
    self.adj_csr = self.adj.to_sparse_csr().to(self.device)
[I 2026-04-27 15:31:06,706] Trial 127 finished with value: 0.3945394233222761 and parameters: {'lr': 0.01, 'weight_decay': 0.001, 'n_hidden': 128, 'n_layer': 3, 'dropout': 0.7289061256623246, 'knn_mode': 's', 'k': 47, 'dexp': 5.150729342621859, 'p_grd': 0.3653582227112274, 'unc_rem': 0.8264291522020403, 'unc_rel': 0.7197049161979504}. Best is trial 29 with value: 0.40505230926256697.
    [CPU] Loading amazon-ratings...
    DEBUG 3.1: Dataset init start
    DEBUG 3.2: prepare_data start amazon-ratings
    ----Data statistics------'
    Name: amazon-ratings
    #Nodes 24492
    #Edges 93050
    #Classes 5
    #Ave_degree 7.60
    ----Split statistics------'
    #Train samples 1224 (5.0 % of nodes)
    #Val samples 3673 (15.0 % of nodes)
    #Test samples 19595 (remaining)
    ----label noise information:------
    Instance dependent noise
    #Actual noise rate 0.13
    [cuda:0] LNPCC waiting for GPU slot...
    [cuda:0] Slot acquired (waited 686.1s). Starting GCN...
    FINAL_RESULT: {'acc': {'train': 0.3954248366013072, 'valid': 0.36591342227062346, 'test': 0.3955600918601684}, 'wall_s': 69.68, 'cpu_s': 65.68, 'gpu_s': 3.97, 'wait_s': 686.05}
    [Time] wall=69.7s | cpu=65.7s | gpu=4.0s
    C:\Users\fbrev\Documents\Acadêmico\Simulações\Python\NoisyGL\predictor\Base_Predictor.py:144: UserWarning: Sparse CSR tensor support is in beta state. If you miss a functionality in the sparse tensor support, please submit a feature request to https://github.com/pytorch/pytorch/issues. (Triggered internally at ..\aten\src\ATen\SparseCsrTensorImpl.cpp:55.)
    self.adj_csr = self.adj.to_sparse_csr().to(self.device)
[I 2026-04-27 15:43:49,145] Trial 128 finished with value: 0.3955600918601684 and parameters: {'lr': 0.1, 'weight_decay': 0.001, 'n_hidden': 64, 'n_layer': 3, 'dropout': 0.30574617419055006, 'knn_mode': 's', 'k': 49, 'dexp': 3.472327708312996, 'p_grd': 0.6504428586315133, 'unc_rem': 0.35927734078119095, 'unc_rel': 0.6464406033864666}. Best is trial 29 with value: 0.40505230926256697.
    [CPU] Loading amazon-ratings...
    DEBUG 3.1: Dataset init start
    DEBUG 3.2: prepare_data start amazon-ratings
    ----Data statistics------'
    Name: amazon-ratings
    #Nodes 24492
    #Edges 93050
    #Classes 5
    #Ave_degree 7.60
    ----Split statistics------'
    #Train samples 1224 (5.0 % of nodes)
    #Val samples 3673 (15.0 % of nodes)
    #Test samples 19595 (remaining)
    ----label noise information:------
    Instance dependent noise
    #Actual noise rate 0.13
    [cuda:0] LNPCC waiting for GPU slot...
    [cuda:0] Slot acquired (waited 194.8s). Starting GCN...
    FINAL_RESULT: {'acc': {'train': 0.40180032733224225, 'valid': 0.3670024503130956, 'test': 0.4008165348303139}, 'wall_s': 60.52, 'cpu_s': 56.5, 'gpu_s': 3.98, 'wait_s': 194.78}
    [Time] wall=60.5s | cpu=56.5s | gpu=4.0s
    C:\Users\fbrev\Documents\Acadêmico\Simulações\Python\NoisyGL\predictor\Base_Predictor.py:144: UserWarning: Sparse CSR tensor support is in beta state. If you miss a functionality in the sparse tensor support, please submit a feature request to https://github.com/pytorch/pytorch/issues. (Triggered internally at ..\aten\src\ATen\SparseCsrTensorImpl.cpp:55.)
    self.adj_csr = self.adj.to_sparse_csr().to(self.device)
[I 2026-04-27 15:48:10,839] Trial 129 finished with value: 0.4008165348303139 and parameters: {'lr': 0.1, 'weight_decay': 0.001, 'n_hidden': 64, 'n_layer': 3, 'dropout': 0.7680152461166344, 'knn_mode': 's', 'k': 41, 'dexp': 5.4196658026084545, 'p_grd': 0.49891062437362904, 'unc_rem': 0.7826230942226724, 'unc_rel': 0.7483113125596113}. Best is trial 29 with value: 0.40505230926256697.
    [CPU] Loading amazon-ratings...
    DEBUG 3.1: Dataset init start
    DEBUG 3.2: prepare_data start amazon-ratings
    ----Data statistics------'
    Name: amazon-ratings
    #Nodes 24492
    #Edges 93050
    #Classes 5
    #Ave_degree 7.60
    ----Split statistics------'
    #Train samples 1224 (5.0 % of nodes)
    #Val samples 3673 (15.0 % of nodes)
    #Test samples 19595 (remaining)
    ----label noise information:------
    Instance dependent noise
    #Actual noise rate 0.13
    [cuda:0] LNPCC waiting for GPU slot...
    [cuda:0] Slot acquired (waited 193.5s). Starting GCN...
    FINAL_RESULT: {'acc': {'train': 0.4068627450980392, 'valid': 0.36836373536618566, 'test': 0.4026027047716254}, 'wall_s': 60.18, 'cpu_s': 55.95, 'gpu_s': 4.19, 'wait_s': 193.47}
    [Time] wall=60.2s | cpu=55.9s | gpu=4.2s
    C:\Users\fbrev\Documents\Acadêmico\Simulações\Python\NoisyGL\predictor\Base_Predictor.py:144: UserWarning: Sparse CSR tensor support is in beta state. If you miss a functionality in the sparse tensor support, please submit a feature request to https://github.com/pytorch/pytorch/issues. (Triggered internally at ..\aten\src\ATen\SparseCsrTensorImpl.cpp:55.)
    self.adj_csr = self.adj.to_sparse_csr().to(self.device)
[I 2026-04-27 15:52:30,647] Trial 130 finished with value: 0.4026027047716254 and parameters: {'lr': 0.1, 'weight_decay': 0.001, 'n_hidden': 64, 'n_layer': 3, 'dropout': 0.7694230149303819, 'knn_mode': 's', 'k': 42, 'dexp': 3.9278350075159403, 'p_grd': 0.49968997557059736, 'unc_rem': 0.7870679642571233, 'unc_rel': 0.7449407176881988}. Best is trial 29 with value: 0.40505230926256697.
    [CPU] Loading amazon-ratings...
    DEBUG 3.1: Dataset init start
    DEBUG 3.2: prepare_data start amazon-ratings
    ----Data statistics------'
    Name: amazon-ratings
    #Nodes 24492
    #Edges 93050
    #Classes 5
    #Ave_degree 7.60
    ----Split statistics------'
    #Train samples 1224 (5.0 % of nodes)
    #Val samples 3673 (15.0 % of nodes)
    #Test samples 19595 (remaining)
    ----label noise information:------
    Instance dependent noise
    #Actual noise rate 0.13
    [cuda:0] LNPCC waiting for GPU slot...
    [cuda:0] Slot acquired (waited 194.3s). Starting GCN...
    FINAL_RESULT: {'acc': {'train': 0.34967320261437906, 'valid': 0.3302477538796624, 'test': 0.3702985455473335}, 'wall_s': 60.89, 'cpu_s': 56.86, 'gpu_s': 3.99, 'wait_s': 194.25}
    [Time] wall=60.9s | cpu=56.9s | gpu=4.0s
    C:\Users\fbrev\Documents\Acadêmico\Simulações\Python\NoisyGL\predictor\Base_Predictor.py:144: UserWarning: Sparse CSR tensor support is in beta state. If you miss a functionality in the sparse tensor support, please submit a feature request to https://github.com/pytorch/pytorch/issues. (Triggered internally at ..\aten\src\ATen\SparseCsrTensorImpl.cpp:55.)
    self.adj_csr = self.adj.to_sparse_csr().to(self.device)
[I 2026-04-27 15:56:52,289] Trial 131 finished with value: 0.3702985455473335 and parameters: {'lr': 0.1, 'weight_decay': 0.0, 'n_hidden': 64, 'n_layer': 3, 'dropout': 0.7840820570073064, 'knn_mode': 's', 'k': 37, 'dexp': 3.2001477468180686, 'p_grd': 0.5653590953404003, 'unc_rem': 0.7269490960984085, 'unc_rel': 0.8336959543645098}. Best is trial 29 with value: 0.40505230926256697.
    [CPU] Loading amazon-ratings...
    DEBUG 3.1: Dataset init start
    DEBUG 3.2: prepare_data start amazon-ratings
    ----Data statistics------'
    Name: amazon-ratings
    #Nodes 24492
    #Edges 93050
    #Classes 5
    #Ave_degree 7.60
    ----Split statistics------'
    #Train samples 1224 (5.0 % of nodes)
    #Val samples 3673 (15.0 % of nodes)
    #Test samples 19595 (remaining)
    ----label noise information:------
    Instance dependent noise
    #Actual noise rate 0.13
    [cuda:0] LNPCC waiting for GPU slot...
    [cuda:0] Slot acquired (waited 450.9s). Starting GCN...
    FINAL_RESULT: {'acc': {'train': 0.4071954210956664, 'valid': 0.3675469643343316, 'test': 0.39918346516968617}, 'wall_s': 48.9, 'cpu_s': 45.0, 'gpu_s': 3.85, 'wait_s': 450.88}
    [Time] wall=48.9s | cpu=45.0s | gpu=3.9s
    C:\Users\fbrev\Documents\Acadêmico\Simulações\Python\NoisyGL\predictor\Base_Predictor.py:144: UserWarning: Sparse CSR tensor support is in beta state. If you miss a functionality in the sparse tensor support, please submit a feature request to https://github.com/pytorch/pytorch/issues. (Triggered internally at ..\aten\src\ATen\SparseCsrTensorImpl.cpp:55.)
    self.adj_csr = self.adj.to_sparse_csr().to(self.device)
[I 2026-04-27 16:05:18,371] Trial 132 finished with value: 0.39918346516968617 and parameters: {'lr': 0.1, 'weight_decay': 0.001, 'n_hidden': 64, 'n_layer': 3, 'dropout': 0.7705712104853982, 'knn_mode': 's', 'k': 41, 'dexp': 3.6853194750237677, 'p_grd': 0.4999004131162476, 'unc_rem': 0.3292765889255187, 'unc_rel': 0.7553653184590134}. Best is trial 29 with value: 0.40505230926256697.
    [CPU] Loading amazon-ratings...
    DEBUG 3.1: Dataset init start
    DEBUG 3.2: prepare_data start amazon-ratings
    ----Data statistics------'
    Name: amazon-ratings
    #Nodes 24492
    #Edges 93050
    #Classes 5
    #Ave_degree 7.60
    ----Split statistics------'
    #Train samples 1224 (5.0 % of nodes)
    #Val samples 3673 (15.0 % of nodes)
    #Test samples 19595 (remaining)
    ----label noise information:------
    Instance dependent noise
    #Actual noise rate 0.13
    [cuda:0] LNPCC waiting for GPU slot...
    [cuda:0] Slot acquired (waited 194.0s). Starting GCN...
    FINAL_RESULT: {'acc': {'train': 0.40558292282430214, 'valid': 0.36918050639803973, 'test': 0.3995917325848431}, 'wall_s': 61.22, 'cpu_s': 57.44, 'gpu_s': 3.75, 'wait_s': 193.96}
    [Time] wall=61.2s | cpu=57.4s | gpu=3.7s
    C:\Users\fbrev\Documents\Acadêmico\Simulações\Python\NoisyGL\predictor\Base_Predictor.py:144: UserWarning: Sparse CSR tensor support is in beta state. If you miss a functionality in the sparse tensor support, please submit a feature request to https://github.com/pytorch/pytorch/issues. (Triggered internally at ..\aten\src\ATen\SparseCsrTensorImpl.cpp:55.)
    self.adj_csr = self.adj.to_sparse_csr().to(self.device)
[I 2026-04-27 16:09:40,092] Trial 133 finished with value: 0.3995917325848431 and parameters: {'lr': 0.1, 'weight_decay': 0.001, 'n_hidden': 64, 'n_layer': 3, 'dropout': 0.7689630361966824, 'knn_mode': 's', 'k': 40, 'dexp': 3.954746714698336, 'p_grd': 0.5022884862088823, 'unc_rem': 0.20505790991024891, 'unc_rel': 0.7482474038655841}. Best is trial 29 with value: 0.40505230926256697.
    [CPU] Loading amazon-ratings...
    DEBUG 3.1: Dataset init start
    DEBUG 3.2: prepare_data start amazon-ratings
    ----Data statistics------'
    Name: amazon-ratings
    #Nodes 24492
    #Edges 93050
    #Classes 5
    #Ave_degree 7.60
    ----Split statistics------'
    #Train samples 1224 (5.0 % of nodes)
    #Val samples 3673 (15.0 % of nodes)
    #Test samples 19595 (remaining)
    ----label noise information:------
    Instance dependent noise
    #Actual noise rate 0.13
    [cuda:0] LNPCC waiting for GPU slot...
    [cuda:0] Slot acquired (waited 734.8s). Starting GCN...
    FINAL_RESULT: {'acc': {'train': 0.41618969746524936, 'valid': 0.3670024503130956, 'test': 0.39918346516968617}, 'wall_s': 53.59, 'cpu_s': 49.48, 'gpu_s': 4.06, 'wait_s': 734.82}
    [Time] wall=53.6s | cpu=49.5s | gpu=4.1s
    C:\Users\fbrev\Documents\Acadêmico\Simulações\Python\NoisyGL\predictor\Base_Predictor.py:144: UserWarning: Sparse CSR tensor support is in beta state. If you miss a functionality in the sparse tensor support, please submit a feature request to https://github.com/pytorch/pytorch/issues. (Triggered internally at ..\aten\src\ATen\SparseCsrTensorImpl.cpp:55.)
    self.adj_csr = self.adj.to_sparse_csr().to(self.device)
[I 2026-04-27 16:22:55,285] Trial 134 finished with value: 0.39918346516968617 and parameters: {'lr': 0.1, 'weight_decay': 0.001, 'n_hidden': 64, 'n_layer': 3, 'dropout': 0.7601557832558988, 'knn_mode': 's', 'k': 41, 'dexp': 3.999606438641158, 'p_grd': 0.503928614357559, 'unc_rem': 0.19932189921802804, 'unc_rel': 0.7792464718208989}. Best is trial 29 with value: 0.40505230926256697.
    [CPU] Loading amazon-ratings...
    DEBUG 3.1: Dataset init start
    DEBUG 3.2: prepare_data start amazon-ratings
    ----Data statistics------'
    Name: amazon-ratings
    #Nodes 24492
    #Edges 93050
    #Classes 5
    #Ave_degree 7.60
    ----Split statistics------'
    #Train samples 1224 (5.0 % of nodes)
    #Val samples 3673 (15.0 % of nodes)
    #Test samples 19595 (remaining)
    ----label noise information:------
    Instance dependent noise
    #Actual noise rate 0.13
    [cuda:0] LNPCC waiting for GPU slot...
    [cuda:0] Slot acquired (waited 448.3s). Starting GCN...
    FINAL_RESULT: {'acc': {'train': 0.41013071895424835, 'valid': 0.36373536618567925, 'test': 0.39540699157948456}, 'wall_s': 73.93, 'cpu_s': 69.96, 'gpu_s': 3.92, 'wait_s': 448.3}
    [Time] wall=73.9s | cpu=70.0s | gpu=3.9s
    C:\Users\fbrev\Documents\Acadêmico\Simulações\Python\NoisyGL\predictor\Base_Predictor.py:144: UserWarning: Sparse CSR tensor support is in beta state. If you miss a functionality in the sparse tensor support, please submit a feature request to https://github.com/pytorch/pytorch/issues. (Triggered internally at ..\aten\src\ATen\SparseCsrTensorImpl.cpp:55.)
    self.adj_csr = self.adj.to_sparse_csr().to(self.device)
[I 2026-04-27 16:31:44,983] Trial 135 finished with value: 0.39540699157948456 and parameters: {'lr': 0.1, 'weight_decay': 0.001, 'n_hidden': 64, 'n_layer': 3, 'dropout': 0.7678673502675774, 'knn_mode': 's', 'k': 40, 'dexp': 4.33280396332657, 'p_grd': 0.5476174760569619, 'unc_rem': 0.32748493832273107, 'unc_rel': 0.8092287439953012}. Best is trial 29 with value: 0.40505230926256697.
    [CPU] Loading amazon-ratings...
    DEBUG 3.1: Dataset init start
    DEBUG 3.2: prepare_data start amazon-ratings
    ----Data statistics------'
    Name: amazon-ratings
    #Nodes 24492
    #Edges 93050
    #Classes 5
    #Ave_degree 7.60
    ----Split statistics------'
    #Train samples 1224 (5.0 % of nodes)
    #Val samples 3673 (15.0 % of nodes)
    #Test samples 19595 (remaining)
    ----label noise information:------
    Instance dependent noise
    #Actual noise rate 0.13
    [cuda:0] LNPCC waiting for GPU slot...
    [cuda:0] Slot acquired (waited 199.3s). Starting GCN...
    FINAL_RESULT: {'acc': {'train': 0.18755118755118755, 'valid': 0.32752518377348216, 'test': 0.36851237560602196}, 'wall_s': 60.72, 'cpu_s': 56.56, 'gpu_s': 4.12, 'wait_s': 199.35}
    [Time] wall=60.7s | cpu=56.6s | gpu=4.1s
    C:\Users\fbrev\Documents\Acadêmico\Simulações\Python\NoisyGL\predictor\Base_Predictor.py:144: UserWarning: Sparse CSR tensor support is in beta state. If you miss a functionality in the sparse tensor support, please submit a feature request to https://github.com/pytorch/pytorch/issues. (Triggered internally at ..\aten\src\ATen\SparseCsrTensorImpl.cpp:55.)
    self.adj_csr = self.adj.to_sparse_csr().to(self.device)
[I 2026-04-27 16:36:11,727] Trial 136 finished with value: 0.36851237560602196 and parameters: {'lr': 0.1, 'weight_decay': 0.01, 'n_hidden': 64, 'n_layer': 3, 'dropout': 0.7309214318128213, 'knn_mode': 's', 'k': 42, 'dexp': 3.8183616045657227, 'p_grd': 0.5315937813956572, 'unc_rem': 0.27806577300926794, 'unc_rel': 0.7516715941689985}. Best is trial 29 with value: 0.40505230926256697.
    [CPU] Loading amazon-ratings...
    DEBUG 3.1: Dataset init start
    DEBUG 3.2: prepare_data start amazon-ratings
    ----Data statistics------'
    Name: amazon-ratings
    #Nodes 24492
    #Edges 93050
    #Classes 5
    #Ave_degree 7.60
    ----Split statistics------'
    #Train samples 1224 (5.0 % of nodes)
    #Val samples 3673 (15.0 % of nodes)
    #Test samples 19595 (remaining)
    ----label noise information:------
    Instance dependent noise
    #Actual noise rate 0.13
    [cuda:0] LNPCC waiting for GPU slot...
    [cuda:0] Slot acquired (waited 186.4s). Starting GCN...
    FINAL_RESULT: {'acc': {'train': 0.4063777596075225, 'valid': 0.3640076231962973, 'test': 0.39760142893595307}, 'wall_s': 74.53, 'cpu_s': 70.68, 'gpu_s': 3.8, 'wait_s': 186.36}
    [Time] wall=74.5s | cpu=70.7s | gpu=3.8s
    C:\Users\fbrev\Documents\Acadêmico\Simulações\Python\NoisyGL\predictor\Base_Predictor.py:144: UserWarning: Sparse CSR tensor support is in beta state. If you miss a functionality in the sparse tensor support, please submit a feature request to https://github.com/pytorch/pytorch/issues. (Triggered internally at ..\aten\src\ATen\SparseCsrTensorImpl.cpp:55.)
    self.adj_csr = self.adj.to_sparse_csr().to(self.device)
[I 2026-04-27 16:40:39,581] Trial 137 finished with value: 0.39760142893595307 and parameters: {'lr': 0.1, 'weight_decay': 0.001, 'n_hidden': 64, 'n_layer': 3, 'dropout': 0.7074453900363584, 'knn_mode': 's', 'k': 43, 'dexp': 3.8870399399285587, 'p_grd': 0.6231756032175663, 'unc_rem': 0.18542099155285613, 'unc_rel': 0.7950191652050819}. Best is trial 29 with value: 0.40505230926256697.
    [CPU] Loading amazon-ratings...
    DEBUG 3.1: Dataset init start
    DEBUG 3.2: prepare_data start amazon-ratings
    ----Data statistics------'
    Name: amazon-ratings
    #Nodes 24492
    #Edges 93050
    #Classes 5
    #Ave_degree 7.60
    ----Split statistics------'
    #Train samples 1224 (5.0 % of nodes)
    #Val samples 3673 (15.0 % of nodes)
    #Test samples 19595 (remaining)
    ----label noise information:------
    Instance dependent noise
    #Actual noise rate 0.13
    [cuda:0] LNPCC waiting for GPU slot...
    [cuda:0] Slot acquired (waited 982.3s). Starting GCN...
    FINAL_RESULT: {'acc': {'train': 0.419460343417825, 'valid': 0.3672747073237136, 'test': 0.39760142893595307}, 'wall_s': 64.0, 'cpu_s': 60.28, 'gpu_s': 3.68, 'wait_s': 982.3}
    [Time] wall=64.0s | cpu=60.3s | gpu=3.7s
    C:\Users\fbrev\Documents\Acadêmico\Simulações\Python\NoisyGL\predictor\Base_Predictor.py:144: UserWarning: Sparse CSR tensor support is in beta state. If you miss a functionality in the sparse tensor support, please submit a feature request to https://github.com/pytorch/pytorch/issues. (Triggered internally at ..\aten\src\ATen\SparseCsrTensorImpl.cpp:55.)
    self.adj_csr = self.adj.to_sparse_csr().to(self.device)
[I 2026-04-27 16:58:12,666] Trial 138 finished with value: 0.39760142893595307 and parameters: {'lr': 0.1, 'weight_decay': 0.001, 'n_hidden': 64, 'n_layer': 3, 'dropout': 0.26355411447340515, 'knn_mode': 's', 'k': 41, 'dexp': 8.20537941782604, 'p_grd': 0.5009386218984114, 'unc_rem': 0.42689600513469284, 'unc_rel': 0.703476853612063}. Best is trial 29 with value: 0.40505230926256697.
    [CPU] Loading amazon-ratings...
    DEBUG 3.1: Dataset init start
    DEBUG 3.2: prepare_data start amazon-ratings
    ----Data statistics------'
    Name: amazon-ratings
    #Nodes 24492
    #Edges 93050
    #Classes 5
    #Ave_degree 7.60
    ----Split statistics------'
    #Train samples 1224 (5.0 % of nodes)
    #Val samples 3673 (15.0 % of nodes)
    #Test samples 19595 (remaining)
    ----label noise information:------
    Instance dependent noise
    #Actual noise rate 0.13
    [cuda:0] LNPCC waiting for GPU slot...
    [cuda:0] Slot acquired (waited 960.5s). Starting GCN...
    FINAL_RESULT: {'acc': {'train': 0.4560669456066946, 'valid': 0.3670024503130956, 'test': 0.3910691502934422}, 'wall_s': 46.99, 'cpu_s': 42.94, 'gpu_s': 4.0, 'wait_s': 960.48}
    [Time] wall=47.0s | cpu=42.9s | gpu=4.0s
    C:\Users\fbrev\Documents\Acadêmico\Simulações\Python\NoisyGL\predictor\Base_Predictor.py:144: UserWarning: Sparse CSR tensor support is in beta state. If you miss a functionality in the sparse tensor support, please submit a feature request to https://github.com/pytorch/pytorch/issues. (Triggered internally at ..\aten\src\ATen\SparseCsrTensorImpl.cpp:55.)
    self.adj_csr = self.adj.to_sparse_csr().to(self.device)
[I 2026-04-27 17:15:06,694] Trial 139 finished with value: 0.3910691502934422 and parameters: {'lr': 0.001, 'weight_decay': 0.001, 'n_hidden': 64, 'n_layer': 3, 'dropout': 0.6793594174604157, 'knn_mode': 's', 'k': 42, 'dexp': 7.813833258378739, 'p_grd': 0.4272763617245973, 'unc_rem': 0.044009536573926894, 'unc_rel': 0.7295999658781581}. Best is trial 29 with value: 0.40505230926256697.
    [CPU] Loading amazon-ratings...
    DEBUG 3.1: Dataset init start
    DEBUG 3.2: prepare_data start amazon-ratings
    ----Data statistics------'
    Name: amazon-ratings
    #Nodes 24492
    #Edges 93050
    #Classes 5
    #Ave_degree 7.60
    ----Split statistics------'
    #Train samples 1224 (5.0 % of nodes)
    #Val samples 3673 (15.0 % of nodes)
    #Test samples 19595 (remaining)
    ----label noise information:------
    Instance dependent noise
    #Actual noise rate 0.13
    [cuda:0] LNPCC waiting for GPU slot...
    [cuda:0] Slot acquired (waited 607.5s). Starting GCN...
    FINAL_RESULT: {'acc': {'train': 0.4717906786590352, 'valid': 0.37054179145112986, 'test': 0.39504975759122224}, 'wall_s': 149.83, 'cpu_s': 145.76, 'gpu_s': 4.03, 'wait_s': 607.5}
    [Time] wall=149.8s | cpu=145.8s | gpu=4.0s
    C:\Users\fbrev\Documents\Acadêmico\Simulações\Python\NoisyGL\predictor\Base_Predictor.py:144: UserWarning: Sparse CSR tensor support is in beta state. If you miss a functionality in the sparse tensor support, please submit a feature request to https://github.com/pytorch/pytorch/issues. (Triggered internally at ..\aten\src\ATen\SparseCsrTensorImpl.cpp:55.)
    self.adj_csr = self.adj.to_sparse_csr().to(self.device)
[I 2026-04-27 17:27:50,588] Trial 140 finished with value: 0.39504975759122224 and parameters: {'lr': 0.1, 'weight_decay': 0.0001, 'n_hidden': 64, 'n_layer': 3, 'dropout': 0.7439954432692447, 'knn_mode': 's', 'k': 38, 'dexp': 4.19433681124272, 'p_grd': 0.9961618545643931, 'unc_rem': 0.38175225507629135, 'unc_rel': 0.7546378397139302}. Best is trial 29 with value: 0.40505230926256697.
    [CPU] Loading amazon-ratings...
    DEBUG 3.1: Dataset init start
    DEBUG 3.2: prepare_data start amazon-ratings
    ----Data statistics------'
    Name: amazon-ratings
    #Nodes 24492
    #Edges 93050
    #Classes 5
    #Ave_degree 7.60
    ----Split statistics------'
    #Train samples 1224 (5.0 % of nodes)
    #Val samples 3673 (15.0 % of nodes)
    #Test samples 19595 (remaining)
    ----label noise information:------
    Instance dependent noise
    #Actual noise rate 0.13
    [cuda:0] LNPCC waiting for GPU slot...
    [cuda:0] Slot acquired (waited 189.8s). Starting GCN...
    FINAL_RESULT: {'acc': {'train': 0.39983579638752054, 'valid': 0.3670024503130956, 'test': 0.39372288849196224}, 'wall_s': 59.42, 'cpu_s': 55.24, 'gpu_s': 4.13, 'wait_s': 189.79}
    [Time] wall=59.4s | cpu=55.2s | gpu=4.1s
    C:\Users\fbrev\Documents\Acadêmico\Simulações\Python\NoisyGL\predictor\Base_Predictor.py:144: UserWarning: Sparse CSR tensor support is in beta state. If you miss a functionality in the sparse tensor support, please submit a feature request to https://github.com/pytorch/pytorch/issues. (Triggered internally at ..\aten\src\ATen\SparseCsrTensorImpl.cpp:55.)
    self.adj_csr = self.adj.to_sparse_csr().to(self.device)
[I 2026-04-27 17:32:06,446] Trial 141 finished with value: 0.39372288849196224 and parameters: {'lr': 0.1, 'weight_decay': 0.001, 'n_hidden': 64, 'n_layer': 3, 'dropout': 0.7677856119724898, 'knn_mode': 's', 'k': 40, 'dexp': 8.918141792850568, 'p_grd': 0.5173135888215328, 'unc_rem': 0.09492731638385586, 'unc_rel': 0.7701955301731224}. Best is trial 29 with value: 0.40505230926256697.
    [CPU] Loading amazon-ratings...
    DEBUG 3.1: Dataset init start
    DEBUG 3.2: prepare_data start amazon-ratings
    ----Data statistics------'
    Name: amazon-ratings
    #Nodes 24492
    #Edges 93050
    #Classes 5
    #Ave_degree 7.60
    ----Split statistics------'
    #Train samples 1224 (5.0 % of nodes)
    #Val samples 3673 (15.0 % of nodes)
    #Test samples 19595 (remaining)
    ----label noise information:------
    Instance dependent noise
    #Actual noise rate 0.13
    [cuda:0] LNPCC waiting for GPU slot...
    [cuda:0] Slot acquired (waited 149.5s). Starting GCN...
    FINAL_RESULT: {'acc': {'train': 0.4256535947712418, 'valid': 0.36346310917506125, 'test': 0.39356978821127836}, 'wall_s': 90.04, 'cpu_s': 86.92, 'gpu_s': 3.07, 'wait_s': 149.53}
    [Time] wall=90.0s | cpu=86.9s | gpu=3.1s
    C:\Users\fbrev\Documents\Acadêmico\Simulações\Python\NoisyGL\predictor\Base_Predictor.py:144: UserWarning: Sparse CSR tensor support is in beta state. If you miss a functionality in the sparse tensor support, please submit a feature request to https://github.com/pytorch/pytorch/issues. (Triggered internally at ..\aten\src\ATen\SparseCsrTensorImpl.cpp:55.)
    self.adj_csr = self.adj.to_sparse_csr().to(self.device)
[I 2026-04-27 17:36:12,759] Trial 142 finished with value: 0.39356978821127836 and parameters: {'lr': 0.1, 'weight_decay': 0.001, 'n_hidden': 64, 'n_layer': 2, 'dropout': 0.721874448488231, 'knn_mode': 'd', 'k': 44, 'dexp': 4.559439672606615, 'p_grd': 0.45385606118097116, 'unc_rem': 0.7781540323352604, 'unc_rel': 0.8672852313526473}. Best is trial 29 with value: 0.40505230926256697.
    [CPU] Loading amazon-ratings...
    DEBUG 3.1: Dataset init start
    DEBUG 3.2: prepare_data start amazon-ratings
    ----Data statistics------'
    Name: amazon-ratings
    #Nodes 24492
    #Edges 93050
    #Classes 5
    #Ave_degree 7.60
    ----Split statistics------'
    #Train samples 1224 (5.0 % of nodes)
    #Val samples 3673 (15.0 % of nodes)
    #Test samples 19595 (remaining)
    ----label noise information:------
    Instance dependent noise
    #Actual noise rate 0.13
    [cuda:0] LNPCC waiting for GPU slot...
    [cuda:0] Slot acquired (waited 190.3s). Starting GCN...
    FINAL_RESULT: {'acc': {'train': 0.3896636587366694, 'valid': 0.3661856792812415, 'test': 0.3981117632048992}, 'wall_s': 55.7, 'cpu_s': 51.8, 'gpu_s': 3.86, 'wait_s': 190.31}
    [Time] wall=55.7s | cpu=51.8s | gpu=3.9s
    C:\Users\fbrev\Documents\Acadêmico\Simulações\Python\NoisyGL\predictor\Base_Predictor.py:144: UserWarning: Sparse CSR tensor support is in beta state. If you miss a functionality in the sparse tensor support, please submit a feature request to https://github.com/pytorch/pytorch/issues. (Triggered internally at ..\aten\src\ATen\SparseCsrTensorImpl.cpp:55.)
    self.adj_csr = self.adj.to_sparse_csr().to(self.device)
[I 2026-04-27 17:40:25,482] Trial 143 finished with value: 0.3981117632048992 and parameters: {'lr': 0.1, 'weight_decay': 0.001, 'n_hidden': 64, 'n_layer': 3, 'dropout': 0.7614165293976004, 'knn_mode': 's', 'k': 41, 'dexp': 3.9931283931254193, 'p_grd': 0.49888640762890435, 'unc_rem': 0.154776683584186, 'unc_rel': 0.7859238110606959}. Best is trial 29 with value: 0.40505230926256697.
    [CPU] Loading amazon-ratings...
    DEBUG 3.1: Dataset init start
    DEBUG 3.2: prepare_data start amazon-ratings
    ----Data statistics------'
    Name: amazon-ratings
    #Nodes 24492
    #Edges 93050
    #Classes 5
    #Ave_degree 7.60
    ----Split statistics------'
    #Train samples 1224 (5.0 % of nodes)
    #Val samples 3673 (15.0 % of nodes)
    #Test samples 19595 (remaining)
    ----label noise information:------
    Instance dependent noise
    #Actual noise rate 0.13
    [cuda:0] LNPCC waiting for GPU slot...
    [cuda:0] Slot acquired (waited 200.9s). Starting GCN...
    FINAL_RESULT: {'acc': {'train': 0.39983646770237125, 'valid': 0.3664579362918595, 'test': 0.3967848941056392}, 'wall_s': 46.96, 'cpu_s': 43.09, 'gpu_s': 3.82, 'wait_s': 200.93}
    [Time] wall=47.0s | cpu=43.1s | gpu=3.8s
    C:\Users\fbrev\Documents\Acadêmico\Simulações\Python\NoisyGL\predictor\Base_Predictor.py:144: UserWarning: Sparse CSR tensor support is in beta state. If you miss a functionality in the sparse tensor support, please submit a feature request to https://github.com/pytorch/pytorch/issues. (Triggered internally at ..\aten\src\ATen\SparseCsrTensorImpl.cpp:55.)
    self.adj_csr = self.adj.to_sparse_csr().to(self.device)
[I 2026-04-27 17:44:39,902] Trial 144 finished with value: 0.3967848941056392 and parameters: {'lr': 0.1, 'weight_decay': 0.001, 'n_hidden': 64, 'n_layer': 3, 'dropout': 0.7944554837019516, 'knn_mode': 's', 'k': 39, 'dexp': 3.4342103314271304, 'p_grd': 0.4960038085213213, 'unc_rem': 0.2253219233469046, 'unc_rel': 0.8048382622165451}. Best is trial 29 with value: 0.40505230926256697.
    [CPU] Loading amazon-ratings...
    DEBUG 3.1: Dataset init start
    DEBUG 3.2: prepare_data start amazon-ratings
    ----Data statistics------'
    Name: amazon-ratings
    #Nodes 24492
    #Edges 93050
    #Classes 5
    #Ave_degree 7.60
    ----Split statistics------'
    #Train samples 1224 (5.0 % of nodes)
    #Val samples 3673 (15.0 % of nodes)
    #Test samples 19595 (remaining)
    ----label noise information:------
    Instance dependent noise
    #Actual noise rate 0.13
    [cuda:0] LNPCC waiting for GPU slot...
    [cuda:0] Slot acquired (waited 684.4s). Starting GCN...
    FINAL_RESULT: {'acc': {'train': 0.42342342342342343, 'valid': 0.3689082493874217, 'test': 0.39734626180147997}, 'wall_s': 51.99, 'cpu_s': 48.2, 'gpu_s': 3.74, 'wait_s': 684.42}
    [Time] wall=52.0s | cpu=48.2s | gpu=3.7s
    C:\Users\fbrev\Documents\Acadêmico\Simulações\Python\NoisyGL\predictor\Base_Predictor.py:144: UserWarning: Sparse CSR tensor support is in beta state. If you miss a functionality in the sparse tensor support, please submit a feature request to https://github.com/pytorch/pytorch/issues. (Triggered internally at ..\aten\src\ATen\SparseCsrTensorImpl.cpp:55.)
    self.adj_csr = self.adj.to_sparse_csr().to(self.device)
[I 2026-04-27 17:57:03,127] Trial 145 finished with value: 0.39734626180147997 and parameters: {'lr': 0.1, 'weight_decay': 0.001, 'n_hidden': 64, 'n_layer': 3, 'dropout': 0.741537358256401, 'knn_mode': 's', 'k': 41, 'dexp': 4.0460136568356635, 'p_grd': 0.5405303112830301, 'unc_rem': 0.3223594249902515, 'unc_rel': 0.6908444584807077}. Best is trial 29 with value: 0.40505230926256697.
    [CPU] Loading amazon-ratings...
    DEBUG 3.1: Dataset init start
    DEBUG 3.2: prepare_data start amazon-ratings
    ----Data statistics------'
    Name: amazon-ratings
    #Nodes 24492
    #Edges 93050
    #Classes 5
    #Ave_degree 7.60
    ----Split statistics------'
    #Train samples 1224 (5.0 % of nodes)
    #Val samples 3673 (15.0 % of nodes)
    #Test samples 19595 (remaining)
    ----label noise information:------
    Instance dependent noise
    #Actual noise rate 0.13
    [cuda:0] LNPCC waiting for GPU slot...
    [cuda:0] Slot acquired (waited 182.4s). Starting GCN...
    FINAL_RESULT: {'acc': {'train': 0.4024590163934426, 'valid': 0.37081404846174787, 'test': 0.39984689971931614}, 'wall_s': 61.19, 'cpu_s': 57.32, 'gpu_s': 3.82, 'wait_s': 182.43}
    [Time] wall=61.2s | cpu=57.3s | gpu=3.8s
    C:\Users\fbrev\Documents\Acadêmico\Simulações\Python\NoisyGL\predictor\Base_Predictor.py:144: UserWarning: Sparse CSR tensor support is in beta state. If you miss a functionality in the sparse tensor support, please submit a feature request to https://github.com/pytorch/pytorch/issues. (Triggered internally at ..\aten\src\ATen\SparseCsrTensorImpl.cpp:55.)
    self.adj_csr = self.adj.to_sparse_csr().to(self.device)
[I 2026-04-27 18:01:13,563] Trial 146 finished with value: 0.39984689971931614 and parameters: {'lr': 0.1, 'weight_decay': 0.001, 'n_hidden': 64, 'n_layer': 3, 'dropout': 0.7686981034896659, 'knn_mode': 's', 'k': 43, 'dexp': 3.708216741908808, 'p_grd': 0.5123397423464755, 'unc_rem': 0.19497769081528987, 'unc_rel': 0.8398330008823844}. Best is trial 29 with value: 0.40505230926256697.
    [CPU] Loading amazon-ratings...
    DEBUG 3.1: Dataset init start
    DEBUG 3.2: prepare_data start amazon-ratings
    ----Data statistics------'
    Name: amazon-ratings
    #Nodes 24492
    #Edges 93050
    #Classes 5
    #Ave_degree 7.60
    ----Split statistics------'
    #Train samples 1224 (5.0 % of nodes)
    #Val samples 3673 (15.0 % of nodes)
    #Test samples 19595 (remaining)
    ----label noise information:------
    Instance dependent noise
    #Actual noise rate 0.13
    [cuda:0] LNPCC waiting for GPU slot...
    [cuda:0] Slot acquired (waited 413.4s). Starting GCN...
    FINAL_RESULT: {'acc': {'train': 0.39411283728536384, 'valid': 0.3689082493874217, 'test': 0.39862209747384536}, 'wall_s': 57.86, 'cpu_s': 54.05, 'gpu_s': 3.76, 'wait_s': 413.42}
    [Time] wall=57.9s | cpu=54.1s | gpu=3.8s
    C:\Users\fbrev\Documents\Acadêmico\Simulações\Python\NoisyGL\predictor\Base_Predictor.py:144: UserWarning: Sparse CSR tensor support is in beta state. If you miss a functionality in the sparse tensor support, please submit a feature request to https://github.com/pytorch/pytorch/issues. (Triggered internally at ..\aten\src\ATen\SparseCsrTensorImpl.cpp:55.)
    self.adj_csr = self.adj.to_sparse_csr().to(self.device)
[I 2026-04-27 18:09:11,252] Trial 147 finished with value: 0.39862209747384536 and parameters: {'lr': 0.1, 'weight_decay': 0.001, 'n_hidden': 64, 'n_layer': 3, 'dropout': 0.7781285163581673, 'knn_mode': 's', 'k': 43, 'dexp': 9.311525262156065, 'p_grd': 0.576126778947376, 'unc_rem': 0.12504980270894245, 'unc_rel': 0.8872811029551277}. Best is trial 29 with value: 0.40505230926256697.
    [CPU] Loading amazon-ratings...
    DEBUG 3.1: Dataset init start
    DEBUG 3.2: prepare_data start amazon-ratings
    ----Data statistics------'
    Name: amazon-ratings
    #Nodes 24492
    #Edges 93050
    #Classes 5
    #Ave_degree 7.60
    ----Split statistics------'
    #Train samples 1224 (5.0 % of nodes)
    #Val samples 3673 (15.0 % of nodes)
    #Test samples 19595 (remaining)
    ----label noise information:------
    Instance dependent noise
    #Actual noise rate 0.13
    [cuda:0] LNPCC waiting for GPU slot...
    [cuda:0] Slot acquired (waited 682.5s). Starting GCN...
    FINAL_RESULT: {'acc': {'train': 0.408298755186722, 'valid': 0.3642798802069153, 'test': 0.39540699157948456}, 'wall_s': 52.29, 'cpu_s': 49.25, 'gpu_s': 2.99, 'wait_s': 682.5}
    [Time] wall=52.3s | cpu=49.3s | gpu=3.0s
    C:\Users\fbrev\Documents\Acadêmico\Simulações\Python\NoisyGL\predictor\Base_Predictor.py:144: UserWarning: Sparse CSR tensor support is in beta state. If you miss a functionality in the sparse tensor support, please submit a feature request to https://github.com/pytorch/pytorch/issues. (Triggered internally at ..\aten\src\ATen\SparseCsrTensorImpl.cpp:55.)
    self.adj_csr = self.adj.to_sparse_csr().to(self.device)
[I 2026-04-27 18:21:32,398] Trial 148 finished with value: 0.39540699157948456 and parameters: {'lr': 0.1, 'weight_decay': 0.001, 'n_hidden': 32, 'n_layer': 3, 'dropout': 0.3533960606387425, 'knn_mode': 's', 'k': 45, 'dexp': 3.3589173850838665, 'p_grd': 0.5255964951488439, 'unc_rem': 0.06571509825893357, 'unc_rel': 0.17297262622677456}. Best is trial 29 with value: 0.40505230926256697.
    [CPU] Loading amazon-ratings...
    DEBUG 3.1: Dataset init start
    DEBUG 3.2: prepare_data start amazon-ratings
    ----Data statistics------'
    Name: amazon-ratings
    #Nodes 24492
    #Edges 93050
    #Classes 5
    #Ave_degree 7.60
    ----Split statistics------'
    #Train samples 1224 (5.0 % of nodes)
    #Val samples 3673 (15.0 % of nodes)
    #Test samples 19595 (remaining)
    ----label noise information:------
    Instance dependent noise
    #Actual noise rate 0.13
    [cuda:0] LNPCC waiting for GPU slot...
    [cuda:0] Slot acquired (waited 698.8s). Starting GCN...
    FINAL_RESULT: {'acc': {'train': 0.3924466338259442, 'valid': 0.36564116526000545, 'test': 0.39719316152079615}, 'wall_s': 51.93, 'cpu_s': 47.92, 'gpu_s': 3.96, 'wait_s': 698.79}
    [Time] wall=51.9s | cpu=47.9s | gpu=4.0s
    C:\Users\fbrev\Documents\Acadêmico\Simulações\Python\NoisyGL\predictor\Base_Predictor.py:144: UserWarning: Sparse CSR tensor support is in beta state. If you miss a functionality in the sparse tensor support, please submit a feature request to https://github.com/pytorch/pytorch/issues. (Triggered internally at ..\aten\src\ATen\SparseCsrTensorImpl.cpp:55.)
    self.adj_csr = self.adj.to_sparse_csr().to(self.device)
[I 2026-04-27 18:34:10,163] Trial 149 finished with value: 0.39719316152079615 and parameters: {'lr': 0.1, 'weight_decay': 0.001, 'n_hidden': 64, 'n_layer': 3, 'dropout': 0.7264866262600113, 'knn_mode': 's', 'k': 42, 'dexp': 3.619920073658279, 'p_grd': 0.44161728158033053, 'unc_rem': 0.5415452488662263, 'unc_rel': 0.8518303457380481}. Best is trial 29 with value: 0.40505230926256697.
    [CPU] Loading amazon-ratings...
    DEBUG 3.1: Dataset init start
    DEBUG 3.2: prepare_data start amazon-ratings
    ----Data statistics------'
    Name: amazon-ratings
    #Nodes 24492
    #Edges 93050
    #Classes 5
    #Ave_degree 7.60
    ----Split statistics------'
    #Train samples 1224 (5.0 % of nodes)
    #Val samples 3673 (15.0 % of nodes)
    #Test samples 19595 (remaining)
    ----label noise information:------
    Instance dependent noise
    #Actual noise rate 0.13
    [cuda:0] LNPCC waiting for GPU slot...
    [cuda:0] Slot acquired (waited 195.0s). Starting GCN...
    FINAL_RESULT: {'acc': {'train': 0.45870809484873265, 'valid': 0.36536890824938745, 'test': 0.39408012248022456}, 'wall_s': 53.0, 'cpu_s': 49.11, 'gpu_s': 3.83, 'wait_s': 194.96}
    [Time] wall=53.0s | cpu=49.1s | gpu=3.8s
    C:\Users\fbrev\Documents\Acadêmico\Simulações\Python\NoisyGL\predictor\Base_Predictor.py:144: UserWarning: Sparse CSR tensor support is in beta state. If you miss a functionality in the sparse tensor support, please submit a feature request to https://github.com/pytorch/pytorch/issues. (Triggered internally at ..\aten\src\ATen\SparseCsrTensorImpl.cpp:55.)
    self.adj_csr = self.adj.to_sparse_csr().to(self.device)
[I 2026-04-27 18:38:25,243] Trial 150 finished with value: 0.39408012248022456 and parameters: {'lr': 0.01, 'weight_decay': 0.001, 'n_hidden': 64, 'n_layer': 3, 'dropout': 0.69838561308501, 'knn_mode': 's', 'k': 44, 'dexp': 5.4470012402409935, 'p_grd': 0.4694676773106451, 'unc_rem': 0.7596092890735127, 'unc_rel': 0.8322700323990195}. Best is trial 29 with value: 0.40505230926256697.
    [CPU] Loading amazon-ratings...
    DEBUG 3.1: Dataset init start
    DEBUG 3.2: prepare_data start amazon-ratings
    ----Data statistics------'
    Name: amazon-ratings
    #Nodes 24492
    #Edges 93050
    #Classes 5
    #Ave_degree 7.60
    ----Split statistics------'
    #Train samples 1224 (5.0 % of nodes)
    #Val samples 3673 (15.0 % of nodes)
    #Test samples 19595 (remaining)
    ----label noise information:------
    Instance dependent noise
    #Actual noise rate 0.13
    [cuda:0] LNPCC waiting for GPU slot...
    [cuda:0] Slot acquired (waited 176.6s). Starting GCN...
    FINAL_RESULT: {'acc': {'train': 0.22140522875816993, 'valid': 0.32752518377348216, 'test': 0.36851237560602196}, 'wall_s': 72.01, 'cpu_s': 62.73, 'gpu_s': 9.24, 'wait_s': 176.62}
    [Time] wall=72.0s | cpu=62.7s | gpu=9.2s
    C:\Users\fbrev\Documents\Acadêmico\Simulações\Python\NoisyGL\predictor\Base_Predictor.py:144: UserWarning: Sparse CSR tensor support is in beta state. If you miss a functionality in the sparse tensor support, please submit a feature request to https://github.com/pytorch/pytorch/issues. (Triggered internally at ..\aten\src\ATen\SparseCsrTensorImpl.cpp:55.)
    self.adj_csr = self.adj.to_sparse_csr().to(self.device)
[I 2026-04-27 18:42:40,669] Trial 151 finished with value: 0.36851237560602196 and parameters: {'lr': 0.1, 'weight_decay': 0.05, 'n_hidden': 256, 'n_layer': 3, 'dropout': 0.7719747732547153, 'knn_mode': 's', 'k': 38, 'dexp': 3.734084712036477, 'p_grd': 0.6006830728340252, 'unc_rem': 0.8462391205349934, 'unc_rel': 0.7371613367151174}. Best is trial 29 with value: 0.40505230926256697.
    [CPU] Loading amazon-ratings...
    DEBUG 3.1: Dataset init start
    DEBUG 3.2: prepare_data start amazon-ratings
    ----Data statistics------'
    Name: amazon-ratings
    #Nodes 24492
    #Edges 93050
    #Classes 5
    #Ave_degree 7.60
    ----Split statistics------'
    #Train samples 1224 (5.0 % of nodes)
    #Val samples 3673 (15.0 % of nodes)
    #Test samples 19595 (remaining)
    ----label noise information:------
    Instance dependent noise
    #Actual noise rate 0.13
    [cuda:0] LNPCC waiting for GPU slot...
    [cuda:0] Slot acquired (waited 92.7s). Starting GCN...
    FINAL_RESULT: {'acc': {'train': 0.37254901960784315, 'valid': 0.35883473999455484, 'test': 0.3894360806328145}, 'wall_s': 152.22, 'cpu_s': 148.3, 'gpu_s': 3.88, 'wait_s': 92.66}
    [Time] wall=152.2s | cpu=148.3s | gpu=3.9s
    C:\Users\fbrev\Documents\Acadêmico\Simulações\Python\NoisyGL\predictor\Base_Predictor.py:144: UserWarning: Sparse CSR tensor support is in beta state. If you miss a functionality in the sparse tensor support, please submit a feature request to https://github.com/pytorch/pytorch/issues. (Triggered internally at ..\aten\src\ATen\SparseCsrTensorImpl.cpp:55.)
    self.adj_csr = self.adj.to_sparse_csr().to(self.device)
[I 2026-04-27 18:46:51,768] Trial 152 finished with value: 0.3894360806328145 and parameters: {'lr': 0.1, 'weight_decay': 0.001, 'n_hidden': 64, 'n_layer': 3, 'dropout': 0.7455464858663002, 'knn_mode': 's', 'k': 40, 'dexp': 2.9121087178252756, 'p_grd': 0.9594730984207525, 'unc_rem': 0.4580763576314432, 'unc_rel': 0.7067002415223522}. Best is trial 29 with value: 0.40505230926256697.
    [CPU] Loading amazon-ratings...
    DEBUG 3.1: Dataset init start
    DEBUG 3.2: prepare_data start amazon-ratings
    ----Data statistics------'
    Name: amazon-ratings
    #Nodes 24492
    #Edges 93050
    #Classes 5
    #Ave_degree 7.60
    ----Split statistics------'
    #Train samples 1224 (5.0 % of nodes)
    #Val samples 3673 (15.0 % of nodes)
    #Test samples 19595 (remaining)
    ----label noise information:------
    Instance dependent noise
    #Actual noise rate 0.13
    [cuda:0] LNPCC waiting for GPU slot...
    [cuda:0] Slot acquired (waited 2123.9s). Starting GCN...
    FINAL_RESULT: {'acc': {'train': 0.39084219133278825, 'valid': 0.3751701606316363, 'test': 0.4026027047716254}, 'wall_s': 51.09, 'cpu_s': 47.07, 'gpu_s': 3.97, 'wait_s': 2123.91}
    [Time] wall=51.1s | cpu=47.1s | gpu=4.0s
    C:\Users\fbrev\Documents\Acadêmico\Simulações\Python\NoisyGL\predictor\Base_Predictor.py:144: UserWarning: Sparse CSR tensor support is in beta state. If you miss a functionality in the sparse tensor support, please submit a feature request to https://github.com/pytorch/pytorch/issues. (Triggered internally at ..\aten\src\ATen\SparseCsrTensorImpl.cpp:55.)
    self.adj_csr = self.adj.to_sparse_csr().to(self.device)
[I 2026-04-27 19:23:13,147] Trial 153 finished with value: 0.4026027047716254 and parameters: {'lr': 0.1, 'weight_decay': 0.001, 'n_hidden': 64, 'n_layer': 3, 'dropout': 0.7617573589771802, 'knn_mode': 's', 'k': 43, 'dexp': 3.9533163722881297, 'p_grd': 0.5037544803976594, 'unc_rem': 0.2230924482525376, 'unc_rel': 0.7653947174135075}. Best is trial 29 with value: 0.40505230926256697.
    [CPU] Loading amazon-ratings...
    DEBUG 3.1: Dataset init start
    DEBUG 3.2: prepare_data start amazon-ratings
    ----Data statistics------'
    Name: amazon-ratings
    #Nodes 24492
    #Edges 93050
    #Classes 5
    #Ave_degree 7.60
    ----Split statistics------'
    #Train samples 1224 (5.0 % of nodes)
    #Val samples 3673 (15.0 % of nodes)
    #Test samples 19595 (remaining)
    ----label noise information:------
    Instance dependent noise
    #Actual noise rate 0.13
    [cuda:0] LNPCC waiting for GPU slot...
    [cuda:0] Slot acquired (waited 191.5s). Starting GCN...
    FINAL_RESULT: {'acc': {'train': 0.38984438984438985, 'valid': 0.3591069970051729, 'test': 0.39397805562643534}, 'wall_s': 52.55, 'cpu_s': 49.2, 'gpu_s': 3.29, 'wait_s': 191.54}
    [Time] wall=52.5s | cpu=49.2s | gpu=3.3s
    C:\Users\fbrev\Documents\Acadêmico\Simulações\Python\NoisyGL\predictor\Base_Predictor.py:144: UserWarning: Sparse CSR tensor support is in beta state. If you miss a functionality in the sparse tensor support, please submit a feature request to https://github.com/pytorch/pytorch/issues. (Triggered internally at ..\aten\src\ATen\SparseCsrTensorImpl.cpp:55.)
    self.adj_csr = self.adj.to_sparse_csr().to(self.device)
[I 2026-04-27 19:27:23,893] Trial 154 finished with value: 0.39397805562643534 and parameters: {'lr': 0.1, 'weight_decay': 0.001, 'n_hidden': 64, 'n_layer': 3, 'dropout': 0.7967385701285626, 'knn_mode': 's', 'k': 43, 'dexp': 4.309651284095634, 'p_grd': 0.48920627591478955, 'unc_rem': 0.24299090104438786, 'unc_rel': 0.7596845455637515}. Best is trial 29 with value: 0.40505230926256697.
    [CPU] Loading amazon-ratings...
    DEBUG 3.1: Dataset init start
    DEBUG 3.2: prepare_data start amazon-ratings
    ----Data statistics------'
    Name: amazon-ratings
    #Nodes 24492
    #Edges 93050
    #Classes 5
    #Ave_degree 7.60
    ----Split statistics------'
    #Train samples 1224 (5.0 % of nodes)
    #Val samples 3673 (15.0 % of nodes)
    #Test samples 19595 (remaining)
    ----label noise information:------
    Instance dependent noise
    #Actual noise rate 0.13
    [cuda:0] LNPCC waiting for GPU slot...
    [cuda:0] Slot acquired (waited 178.4s). Starting GCN...
    FINAL_RESULT: {'acc': {'train': 0.37367130008176613, 'valid': 0.3689082493874217, 'test': 0.39663179382495534}, 'wall_s': 62.19, 'cpu_s': 58.25, 'gpu_s': 3.88, 'wait_s': 178.43}
    [Time] wall=62.2s | cpu=58.3s | gpu=3.9s
    C:\Users\fbrev\Documents\Acadêmico\Simulações\Python\NoisyGL\predictor\Base_Predictor.py:144: UserWarning: Sparse CSR tensor support is in beta state. If you miss a functionality in the sparse tensor support, please submit a feature request to https://github.com/pytorch/pytorch/issues. (Triggered internally at ..\aten\src\ATen\SparseCsrTensorImpl.cpp:55.)
    self.adj_csr = self.adj.to_sparse_csr().to(self.device)
[I 2026-04-27 19:31:31,178] Trial 155 finished with value: 0.39663179382495534 and parameters: {'lr': 0.1, 'weight_decay': 0.001, 'n_hidden': 64, 'n_layer': 3, 'dropout': 0.7545853693877036, 'knn_mode': 's', 'k': 42, 'dexp': 7.635972274985145, 'p_grd': 0.5508976127110303, 'unc_rem': 0.2080356368952528, 'unc_rel': 0.8124294260988099}. Best is trial 29 with value: 0.40505230926256697.
    [CPU] Loading amazon-ratings...
    DEBUG 3.1: Dataset init start
    DEBUG 3.2: prepare_data start amazon-ratings
    ----Data statistics------'
    Name: amazon-ratings
    #Nodes 24492
    #Edges 93050
    #Classes 5
    #Ave_degree 7.60
    ----Split statistics------'
    #Train samples 1224 (5.0 % of nodes)
    #Val samples 3673 (15.0 % of nodes)
    #Test samples 19595 (remaining)
    ----label noise information:------
    Instance dependent noise
    #Actual noise rate 0.13
    [cuda:0] LNPCC waiting for GPU slot...
    [cuda:0] Slot acquired (waited 379.0s). Starting GCN...
    FINAL_RESULT: {'acc': {'train': 0.4236453201970443, 'valid': 0.3640076231962973, 'test': 0.3961724929829038}, 'wall_s': 56.29, 'cpu_s': 52.31, 'gpu_s': 3.93, 'wait_s': 379.03}
    [Time] wall=56.3s | cpu=52.3s | gpu=3.9s
    C:\Users\fbrev\Documents\Acadêmico\Simulações\Python\NoisyGL\predictor\Base_Predictor.py:144: UserWarning: Sparse CSR tensor support is in beta state. If you miss a functionality in the sparse tensor support, please submit a feature request to https://github.com/pytorch/pytorch/issues. (Triggered internally at ..\aten\src\ATen\SparseCsrTensorImpl.cpp:55.)
    self.adj_csr = self.adj.to_sparse_csr().to(self.device)
[I 2026-04-27 19:38:53,162] Trial 156 finished with value: 0.3961724929829038 and parameters: {'lr': 0.1, 'weight_decay': 0.001, 'n_hidden': 64, 'n_layer': 3, 'dropout': 0.714768951282316, 'knn_mode': 's', 'k': 43, 'dexp': 3.818883373189572, 'p_grd': 0.51683440167404, 'unc_rem': 0.1724081269252412, 'unc_rel': 0.7328831305896539}. Best is trial 29 with value: 0.40505230926256697.
    [CPU] Loading amazon-ratings...
    DEBUG 3.1: Dataset init start
    DEBUG 3.2: prepare_data start amazon-ratings
    ----Data statistics------'
    Name: amazon-ratings
    #Nodes 24492
    #Edges 93050
    #Classes 5
    #Ave_degree 7.60
    ----Split statistics------'
    #Train samples 1224 (5.0 % of nodes)
    #Val samples 3673 (15.0 % of nodes)
    #Test samples 19595 (remaining)
    ----label noise information:------
    Instance dependent noise
    #Actual noise rate 0.13
    [cuda:0] LNPCC waiting for GPU slot...
    [cuda:0] Slot acquired (waited 1114.2s). Starting GCN...
    FINAL_RESULT: {'acc': {'train': 0.40098199672667756, 'valid': 0.3650966512387694, 'test': 0.3964786935442715}, 'wall_s': 52.67, 'cpu_s': 48.31, 'gpu_s': 4.31, 'wait_s': 1114.23}
    [Time] wall=52.7s | cpu=48.3s | gpu=4.3s
    C:\Users\fbrev\Documents\Acadêmico\Simulações\Python\NoisyGL\predictor\Base_Predictor.py:144: UserWarning: Sparse CSR tensor support is in beta state. If you miss a functionality in the sparse tensor support, please submit a feature request to https://github.com/pytorch/pytorch/issues. (Triggered internally at ..\aten\src\ATen\SparseCsrTensorImpl.cpp:55.)
    self.adj_csr = self.adj.to_sparse_csr().to(self.device)
[I 2026-04-27 19:58:26,871] Trial 157 finished with value: 0.3964786935442715 and parameters: {'lr': 0.05, 'weight_decay': 0.001, 'n_hidden': 64, 'n_layer': 3, 'dropout': 0.7774387722295826, 'knn_mode': 's', 'k': 45, 'dexp': 8.377615002280503, 'p_grd': 0.48389916310163844, 'unc_rem': 0.2910174728943591, 'unc_rel': 0.7897311461608848}. Best is trial 29 with value: 0.40505230926256697.
    [CPU] Loading amazon-ratings...
    DEBUG 3.1: Dataset init start
    DEBUG 3.2: prepare_data start amazon-ratings
    ----Data statistics------'
    Name: amazon-ratings
    #Nodes 24492
    #Edges 93050
    #Classes 5
    #Ave_degree 7.60
    ----Split statistics------'
    #Train samples 1224 (5.0 % of nodes)
    #Val samples 3673 (15.0 % of nodes)
    #Test samples 19595 (remaining)
    ----label noise information:------
    Instance dependent noise
    #Actual noise rate 0.13
    [cuda:0] LNPCC waiting for GPU slot...
    [cuda:0] Slot acquired (waited 1351.2s). Starting GCN...
    FINAL_RESULT: {'acc': {'train': 0.401471790678659, 'valid': 0.37135856248298393, 'test': 0.39724419494769075}, 'wall_s': 68.51, 'cpu_s': 64.35, 'gpu_s': 4.12, 'wait_s': 1351.2}
    [Time] wall=68.5s | cpu=64.3s | gpu=4.1s
    C:\Users\fbrev\Documents\Acadêmico\Simulações\Python\NoisyGL\predictor\Base_Predictor.py:144: UserWarning: Sparse CSR tensor support is in beta state. If you miss a functionality in the sparse tensor support, please submit a feature request to https://github.com/pytorch/pytorch/issues. (Triggered internally at ..\aten\src\ATen\SparseCsrTensorImpl.cpp:55.)
    self.adj_csr = self.adj.to_sparse_csr().to(self.device)
[I 2026-04-27 20:22:13,174] Trial 158 finished with value: 0.39724419494769075 and parameters: {'lr': 0.1, 'weight_decay': 0.001, 'n_hidden': 64, 'n_layer': 3, 'dropout': 0.7361144735335033, 'knn_mode': 's', 'k': 39, 'dexp': 4.193891179897211, 'p_grd': 0.6675648494748372, 'unc_rem': 0.14330001919659335, 'unc_rel': 0.7118028397968786}. Best is trial 29 with value: 0.40505230926256697.
    [CPU] Loading amazon-ratings...
    DEBUG 3.1: Dataset init start
    DEBUG 3.2: prepare_data start amazon-ratings
    ----Data statistics------'
    Name: amazon-ratings
    #Nodes 24492
    #Edges 93050
    #Classes 5
    #Ave_degree 7.60
    ----Split statistics------'
    #Train samples 1224 (5.0 % of nodes)
    #Val samples 3673 (15.0 % of nodes)
    #Test samples 19595 (remaining)
    ----label noise information:------
    Instance dependent noise
    #Actual noise rate 0.13
    [cuda:0] LNPCC waiting for GPU slot...
    [cuda:0] Slot acquired (waited 610.3s). Starting GCN...
    FINAL_RESULT: {'acc': {'train': 0.37180616740088107, 'valid': 0.37299210454669207, 'test': 0.40209237050267926}, 'wall_s': 55.58, 'cpu_s': 51.02, 'gpu_s': 4.51, 'wait_s': 610.34}
    [Time] wall=55.6s | cpu=51.0s | gpu=4.5s
    C:\Users\fbrev\Documents\Acadêmico\Simulações\Python\NoisyGL\predictor\Base_Predictor.py:144: UserWarning: Sparse CSR tensor support is in beta state. If you miss a functionality in the sparse tensor support, please submit a feature request to https://github.com/pytorch/pytorch/issues. (Triggered internally at ..\aten\src\ATen\SparseCsrTensorImpl.cpp:55.)
    self.adj_csr = self.adj.to_sparse_csr().to(self.device)
[I 2026-04-27 20:33:25,951] Trial 159 finished with value: 0.40209237050267926 and parameters: {'lr': 0.1, 'weight_decay': 0.001, 'n_hidden': 64, 'n_layer': 3, 'dropout': 0.7646828576473683, 'knn_mode': 's', 'k': 41, 'dexp': 8.674457389299391, 'p_grd': 0.46009750683927697, 'unc_rem': 0.020038876511805165, 'unc_rel': 0.7756213628660752}. Best is trial 29 with value: 0.40505230926256697.
    [CPU] Loading amazon-ratings...
    DEBUG 3.1: Dataset init start
    DEBUG 3.2: prepare_data start amazon-ratings
    ----Data statistics------'
    Name: amazon-ratings
    #Nodes 24492
    #Edges 93050
    #Classes 5
    #Ave_degree 7.60
    ----Split statistics------'
    #Train samples 1224 (5.0 % of nodes)
    #Val samples 3673 (15.0 % of nodes)
    #Test samples 19595 (remaining)
    ----label noise information:------
    Instance dependent noise
    #Actual noise rate 0.13
    [cuda:0] LNPCC waiting for GPU slot...
    [cuda:0] Slot acquired (waited 184.7s). Starting GCN...
    FINAL_RESULT: {'acc': {'train': 0.39634146341463417, 'valid': 0.35502314184590256, 'test': 0.3914774177085991}, 'wall_s': 80.0, 'cpu_s': 76.14, 'gpu_s': 3.82, 'wait_s': 184.65}
    [Time] wall=80.0s | cpu=76.1s | gpu=3.8s
    C:\Users\fbrev\Documents\Acadêmico\Simulações\Python\NoisyGL\predictor\Base_Predictor.py:144: UserWarning: Sparse CSR tensor support is in beta state. If you miss a functionality in the sparse tensor support, please submit a feature request to https://github.com/pytorch/pytorch/issues. (Triggered internally at ..\aten\src\ATen\SparseCsrTensorImpl.cpp:55.)
    self.adj_csr = self.adj.to_sparse_csr().to(self.device)
[I 2026-04-27 20:37:59,428] Trial 160 finished with value: 0.3914774177085991 and parameters: {'lr': 0.1, 'weight_decay': 0.001, 'n_hidden': 64, 'n_layer': 3, 'dropout': 0.6912780119389641, 'knn_mode': 's', 'k': 36, 'dexp': 8.751135003618385, 'p_grd': 0.4516772189394568, 'unc_rem': 0.024457567928383685, 'unc_rel': 0.8362248675494897}. Best is trial 29 with value: 0.40505230926256697.

[Retest] Phase 1 Finished. Validating Top 3 (10 runs each)...

  [Retest] Candidate 1/3 (Trial 29, HPO_acc=0.4051)
    [CPU] Loading amazon-ratings...
    DEBUG 3.1: Dataset init start
    DEBUG 3.2: prepare_data start amazon-ratings
    ----Data statistics------'
    Name: amazon-ratings
    #Nodes 24492
    #Edges 93050
    #Classes 5
    #Ave_degree 7.60
    ----Split statistics------'
    #Train samples 1224 (5.0 % of nodes)
    #Val samples 3673 (15.0 % of nodes)
    #Test samples 19595 (remaining)
    ----label noise information:------
    Instance dependent noise
    #Actual noise rate 0.13
    [cuda:0] LNPCC waiting for GPU slot...
    [cuda:0] Slot acquired (waited 1031.6s). Starting GCN...
    FINAL_RESULT: {'acc': {'train': 0.46019247594050744, 'valid': 0.3670024503130956, 'test': 0.40556264353151317}, 'wall_s': 72.85, 'cpu_s': 68.88, 'gpu_s': 3.91, 'wait_s': 1031.64}
    [Time] wall=72.9s | cpu=68.9s | gpu=3.9s
    C:\Users\fbrev\Documents\Acadêmico\Simulações\Python\NoisyGL\predictor\Base_Predictor.py:144: UserWarning: Sparse CSR tensor support is in beta state. If you miss a functionality in the sparse tensor support, please submit a feature request to https://github.com/pytorch/pytorch/issues. (Triggered internally at ..\aten\src\ATen\SparseCsrTensorImpl.cpp:55.)
    self.adj_csr = self.adj.to_sparse_csr().to(self.device)
    [CPU] Loading amazon-ratings...
    DEBUG 3.1: Dataset init start
    DEBUG 3.2: prepare_data start amazon-ratings
    ----Data statistics------'
    Name: amazon-ratings
    #Nodes 24492
    #Edges 93050
    #Classes 5
    #Ave_degree 7.60
    ----Split statistics------'
    #Train samples 1224 (5.0 % of nodes)
    #Val samples 3673 (15.0 % of nodes)
    #Test samples 19595 (remaining)
    ----label noise information:------
    Instance dependent noise
    #Actual noise rate 0.13
    [cuda:0] LNPCC waiting for GPU slot...
    [cuda:0] Slot acquired (waited 114.5s). Starting GCN...
    FINAL_RESULT: {'acc': {'train': 0.4607329842931937, 'valid': 0.38115981486523276, 'test': 0.39704006124011226}, 'wall_s': 75.8, 'cpu_s': 71.92, 'gpu_s': 3.83, 'wait_s': 114.47}
    [Time] wall=75.8s | cpu=71.9s | gpu=3.8s
    C:\Users\fbrev\Documents\Acadêmico\Simulações\Python\NoisyGL\predictor\Base_Predictor.py:144: UserWarning: Sparse CSR tensor support is in beta state. If you miss a functionality in the sparse tensor support, please submit a feature request to https://github.com/pytorch/pytorch/issues. (Triggered internally at ..\aten\src\ATen\SparseCsrTensorImpl.cpp:55.)
    self.adj_csr = self.adj.to_sparse_csr().to(self.device)
    [CPU] Loading amazon-ratings...
    DEBUG 3.1: Dataset init start
    DEBUG 3.2: prepare_data start amazon-ratings
    ----Data statistics------'
    Name: amazon-ratings
    #Nodes 24492
    #Edges 93050
    #Classes 5
    #Ave_degree 7.60
    ----Split statistics------'
    #Train samples 1224 (5.0 % of nodes)
    #Val samples 3673 (15.0 % of nodes)
    #Test samples 19595 (remaining)
    ----label noise information:------
    Instance dependent noise
    #Actual noise rate 0.13
    [cuda:0] LNPCC waiting for GPU slot...
    [cuda:0] Slot acquired (waited 117.9s). Starting GCN...
    FINAL_RESULT: {'acc': {'train': 0.4155052264808362, 'valid': 0.3621018241219711, 'test': 0.3929063536616484}, 'wall_s': 74.67, 'cpu_s': 70.72, 'gpu_s': 3.89, 'wait_s': 117.87}
    [Time] wall=74.7s | cpu=70.7s | gpu=3.9s
    C:\Users\fbrev\Documents\Acadêmico\Simulações\Python\NoisyGL\predictor\Base_Predictor.py:144: UserWarning: Sparse CSR tensor support is in beta state. If you miss a functionality in the sparse tensor support, please submit a feature request to https://github.com/pytorch/pytorch/issues. (Triggered internally at ..\aten\src\ATen\SparseCsrTensorImpl.cpp:55.)
    self.adj_csr = self.adj.to_sparse_csr().to(self.device)
    [CPU] Loading amazon-ratings...
    DEBUG 3.1: Dataset init start
    DEBUG 3.2: prepare_data start amazon-ratings
    ----Data statistics------'
    Name: amazon-ratings
    #Nodes 24492
    #Edges 93050
    #Classes 5
    #Ave_degree 7.60
    ----Split statistics------'
    #Train samples 1224 (5.0 % of nodes)
    #Val samples 3673 (15.0 % of nodes)
    #Test samples 19595 (remaining)
    ----label noise information:------
    Instance dependent noise
    #Actual noise rate 0.13
    [cuda:0] LNPCC waiting for GPU slot...
    [cuda:0] Slot acquired (waited 175.5s). Starting GCN...
    FINAL_RESULT: {'acc': {'train': 0.45194805194805193, 'valid': 0.3675469643343316, 'test': 0.387905077825976}, 'wall_s': 71.08, 'cpu_s': 67.0, 'gpu_s': 4.03, 'wait_s': 175.46}
    [Time] wall=71.1s | cpu=67.0s | gpu=4.0s
    C:\Users\fbrev\Documents\Acadêmico\Simulações\Python\NoisyGL\predictor\Base_Predictor.py:144: UserWarning: Sparse CSR tensor support is in beta state. If you miss a functionality in the sparse tensor support, please submit a feature request to https://github.com/pytorch/pytorch/issues. (Triggered internally at ..\aten\src\ATen\SparseCsrTensorImpl.cpp:55.)
    self.adj_csr = self.adj.to_sparse_csr().to(self.device)
    [CPU] Loading amazon-ratings...
    DEBUG 3.1: Dataset init start
    DEBUG 3.2: prepare_data start amazon-ratings
    ----Data statistics------'
    Name: amazon-ratings
    #Nodes 24492
    #Edges 93050
    #Classes 5
    #Ave_degree 7.60
    ----Split statistics------'
    #Train samples 1224 (5.0 % of nodes)
    #Val samples 3673 (15.0 % of nodes)
    #Test samples 19595 (remaining)
    ----label noise information:------
    Instance dependent noise
    #Actual noise rate 0.13
    [cuda:0] LNPCC waiting for GPU slot...
    [cuda:0] Slot acquired (waited 583.3s). Starting GCN...
    FINAL_RESULT: {'acc': {'train': 0.3905429071803853, 'valid': 0.3623740811325892, 'test': 0.38902781321765756}, 'wall_s': 56.08, 'cpu_s': 51.91, 'gpu_s': 4.12, 'wait_s': 583.26}
    [Time] wall=56.1s | cpu=51.9s | gpu=4.1s
    C:\Users\fbrev\Documents\Acadêmico\Simulações\Python\NoisyGL\predictor\Base_Predictor.py:144: UserWarning: Sparse CSR tensor support is in beta state. If you miss a functionality in the sparse tensor support, please submit a feature request to https://github.com/pytorch/pytorch/issues. (Triggered internally at ..\aten\src\ATen\SparseCsrTensorImpl.cpp:55.)
    self.adj_csr = self.adj.to_sparse_csr().to(self.device)
    [CPU] Loading amazon-ratings...
    DEBUG 3.1: Dataset init start
    DEBUG 3.2: prepare_data start amazon-ratings
    ----Data statistics------'
    Name: amazon-ratings
    #Nodes 24492
    #Edges 93050
    #Classes 5
    #Ave_degree 7.60
    ----Split statistics------'
    #Train samples 1224 (5.0 % of nodes)
    #Val samples 3673 (15.0 % of nodes)
    #Test samples 19595 (remaining)
    ----label noise information:------
    Instance dependent noise
    #Actual noise rate 0.13
    [cuda:0] LNPCC waiting for GPU slot...
    [cuda:0] Slot acquired (waited 371.4s). Starting GCN...
    FINAL_RESULT: {'acc': {'train': 0.41767764298093585, 'valid': 0.3931391233324258, 'test': 0.3992344985965808}, 'wall_s': 69.81, 'cpu_s': 65.82, 'gpu_s': 3.95, 'wait_s': 371.42}
    [Time] wall=69.8s | cpu=65.8s | gpu=3.9s
    C:\Users\fbrev\Documents\Acadêmico\Simulações\Python\NoisyGL\predictor\Base_Predictor.py:144: UserWarning: Sparse CSR tensor support is in beta state. If you miss a functionality in the sparse tensor support, please submit a feature request to https://github.com/pytorch/pytorch/issues. (Triggered internally at ..\aten\src\ATen\SparseCsrTensorImpl.cpp:55.)
    self.adj_csr = self.adj.to_sparse_csr().to(self.device)
    [CPU] Loading amazon-ratings...
    DEBUG 3.1: Dataset init start
    DEBUG 3.2: prepare_data start amazon-ratings
    ----Data statistics------'
    Name: amazon-ratings
    #Nodes 24492
    #Edges 93050
    #Classes 5
    #Ave_degree 7.60
    ----Split statistics------'
    #Train samples 1224 (5.0 % of nodes)
    #Val samples 3673 (15.0 % of nodes)
    #Test samples 19595 (remaining)
    ----label noise information:------
    Instance dependent noise
    #Actual noise rate 0.13
    [cuda:0] LNPCC waiting for GPU slot...
    [cuda:0] Slot acquired (waited 376.6s). Starting GCN...
    FINAL_RESULT: {'acc': {'train': 0.42541924095322153, 'valid': 0.3770759597059624, 'test': 0.39984689971931614}, 'wall_s': 60.49, 'cpu_s': 56.4, 'gpu_s': 4.03, 'wait_s': 376.65}
    [Time] wall=60.5s | cpu=56.4s | gpu=4.0s
    C:\Users\fbrev\Documents\Acadêmico\Simulações\Python\NoisyGL\predictor\Base_Predictor.py:144: UserWarning: Sparse CSR tensor support is in beta state. If you miss a functionality in the sparse tensor support, please submit a feature request to https://github.com/pytorch/pytorch/issues. (Triggered internally at ..\aten\src\ATen\SparseCsrTensorImpl.cpp:55.)
    self.adj_csr = self.adj.to_sparse_csr().to(self.device)
    [CPU] Loading amazon-ratings...
    DEBUG 3.1: Dataset init start
    DEBUG 3.2: prepare_data start amazon-ratings
    ----Data statistics------'
    Name: amazon-ratings
    #Nodes 24492
    #Edges 93050
    #Classes 5
    #Ave_degree 7.60
    ----Split statistics------'
    #Train samples 1224 (5.0 % of nodes)
    #Val samples 3673 (15.0 % of nodes)
    #Test samples 19595 (remaining)
    ----label noise information:------
    Instance dependent noise
    #Actual noise rate 0.13
    [cuda:0] LNPCC waiting for GPU slot...
    [cuda:0] Slot acquired (waited 182.0s). Starting GCN...
    FINAL_RESULT: {'acc': {'train': 0.4084136722173532, 'valid': 0.37598693166349034, 'test': 0.4005613676958408}, 'wall_s': 59.01, 'cpu_s': 54.59, 'gpu_s': 4.39, 'wait_s': 182.02}
    [Time] wall=59.0s | cpu=54.6s | gpu=4.4s
    C:\Users\fbrev\Documents\Acadêmico\Simulações\Python\NoisyGL\predictor\Base_Predictor.py:144: UserWarning: Sparse CSR tensor support is in beta state. If you miss a functionality in the sparse tensor support, please submit a feature request to https://github.com/pytorch/pytorch/issues. (Triggered internally at ..\aten\src\ATen\SparseCsrTensorImpl.cpp:55.)
    self.adj_csr = self.adj.to_sparse_csr().to(self.device)
    [CPU] Loading amazon-ratings...
    DEBUG 3.1: Dataset init start
    DEBUG 3.2: prepare_data start amazon-ratings
    ----Data statistics------'
    Name: amazon-ratings
    #Nodes 24492
    #Edges 93050
    #Classes 5
    #Ave_degree 7.60
    ----Split statistics------'
    #Train samples 1224 (5.0 % of nodes)
    #Val samples 3673 (15.0 % of nodes)
    #Test samples 19595 (remaining)
    ----label noise information:------
    Instance dependent noise
    #Actual noise rate 0.13
    [cuda:0] LNPCC waiting for GPU slot...
    [cuda:0] Slot acquired (waited 1054.2s). Starting GCN...
    FINAL_RESULT: {'acc': {'train': 0.436411149825784, 'valid': 0.3748979036210182, 'test': 0.39862209747384536}, 'wall_s': 63.92, 'cpu_s': 60.0, 'gpu_s': 3.87, 'wait_s': 1054.18}
    [Time] wall=63.9s | cpu=60.0s | gpu=3.9s
    C:\Users\fbrev\Documents\Acadêmico\Simulações\Python\NoisyGL\predictor\Base_Predictor.py:144: UserWarning: Sparse CSR tensor support is in beta state. If you miss a functionality in the sparse tensor support, please submit a feature request to https://github.com/pytorch/pytorch/issues. (Triggered internally at ..\aten\src\ATen\SparseCsrTensorImpl.cpp:55.)
    self.adj_csr = self.adj.to_sparse_csr().to(self.device)
    [CPU] Loading amazon-ratings...
    DEBUG 3.1: Dataset init start
    DEBUG 3.2: prepare_data start amazon-ratings
    ----Data statistics------'
    Name: amazon-ratings
    #Nodes 24492
    #Edges 93050
    #Classes 5
    #Ave_degree 7.60
    ----Split statistics------'
    #Train samples 1224 (5.0 % of nodes)
    #Val samples 3673 (15.0 % of nodes)
    #Test samples 19595 (remaining)
    ----label noise information:------
    Instance dependent noise
    #Actual noise rate 0.13
    [cuda:0] LNPCC waiting for GPU slot...
    [cuda:0] Slot acquired (waited 181.4s). Starting GCN...
    FINAL_RESULT: {'acc': {'train': 0.40568475452196384, 'valid': 0.3517560577184862, 'test': 0.3984179637662669}, 'wall_s': 77.18, 'cpu_s': 72.93, 'gpu_s': 4.2, 'wait_s': 181.44}
    [Time] wall=77.2s | cpu=72.9s | gpu=4.2s
    C:\Users\fbrev\Documents\Acadêmico\Simulações\Python\NoisyGL\predictor\Base_Predictor.py:144: UserWarning: Sparse CSR tensor support is in beta state. If you miss a functionality in the sparse tensor support, please submit a feature request to https://github.com/pytorch/pytorch/issues. (Triggered internally at ..\aten\src\ATen\SparseCsrTensorImpl.cpp:55.)
    self.adj_csr = self.adj.to_sparse_csr().to(self.device)
  [Retest] Candidate 1 Avg: 0.3969

  [Retest] Candidate 2/3 (Trial 79, HPO_acc=0.4045)
    [CPU] Loading amazon-ratings...
    DEBUG 3.1: Dataset init start
    DEBUG 3.2: prepare_data start amazon-ratings
    ----Data statistics------'
    Name: amazon-ratings
    #Nodes 24492
    #Edges 93050
    #Classes 5
    #Ave_degree 7.60
    ----Split statistics------'
    #Train samples 1224 (5.0 % of nodes)
    #Val samples 3673 (15.0 % of nodes)
    #Test samples 19595 (remaining)
    ----label noise information:------
    Instance dependent noise
    #Actual noise rate 0.13
    [cuda:0] LNPCC waiting for GPU slot...
    [cuda:0] Slot acquired (waited 282.2s). Starting GCN...
    FINAL_RESULT: {'acc': {'train': 0.4076797385620915, 'valid': 0.36781922134494965, 'test': 0.39846899719316153}, 'wall_s': 54.08, 'cpu_s': 48.45, 'gpu_s': 5.6, 'wait_s': 282.19}
    [Time] wall=54.1s | cpu=48.4s | gpu=5.6s
    C:\Users\fbrev\Documents\Acadêmico\Simulações\Python\NoisyGL\predictor\Base_Predictor.py:144: UserWarning: Sparse CSR tensor support is in beta state. If you miss a functionality in the sparse tensor support, please submit a feature request to https://github.com/pytorch/pytorch/issues. (Triggered internally at ..\aten\src\ATen\SparseCsrTensorImpl.cpp:55.)
    self.adj_csr = self.adj.to_sparse_csr().to(self.device)
    [CPU] Loading amazon-ratings...
    DEBUG 3.1: Dataset init start
    DEBUG 3.2: prepare_data start amazon-ratings
    ----Data statistics------'
    Name: amazon-ratings
    #Nodes 24492
    #Edges 93050
    #Classes 5
    #Ave_degree 7.60
    ----Split statistics------'
    #Train samples 1224 (5.0 % of nodes)
    #Val samples 3673 (15.0 % of nodes)
    #Test samples 19595 (remaining)
    ----label noise information:------
    Instance dependent noise
    #Actual noise rate 0.13
    [cuda:0] LNPCC waiting for GPU slot...
    [cuda:0] Slot acquired (waited 208.2s). Starting GCN...
    FINAL_RESULT: {'acc': {'train': 0.3652743652743653, 'valid': 0.3697250204192758, 'test': 0.37963766266904825}, 'wall_s': 47.47, 'cpu_s': 41.67, 'gpu_s': 5.75, 'wait_s': 208.16}
    [Time] wall=47.5s | cpu=41.7s | gpu=5.7s
    C:\Users\fbrev\Documents\Acadêmico\Simulações\Python\NoisyGL\predictor\Base_Predictor.py:144: UserWarning: Sparse CSR tensor support is in beta state. If you miss a functionality in the sparse tensor support, please submit a feature request to https://github.com/pytorch/pytorch/issues. (Triggered internally at ..\aten\src\ATen\SparseCsrTensorImpl.cpp:55.)
    self.adj_csr = self.adj.to_sparse_csr().to(self.device)
    [CPU] Loading amazon-ratings...
    DEBUG 3.1: Dataset init start
    DEBUG 3.2: prepare_data start amazon-ratings
    ----Data statistics------'
    Name: amazon-ratings
    #Nodes 24492
    #Edges 93050
    #Classes 5
    #Ave_degree 7.60
    ----Split statistics------'
    #Train samples 1224 (5.0 % of nodes)
    #Val samples 3673 (15.0 % of nodes)
    #Test samples 19595 (remaining)
    ----label noise information:------
    Instance dependent noise
    #Actual noise rate 0.13
    [cuda:0] LNPCC waiting for GPU slot...
    [cuda:0] Slot acquired (waited 408.2s). Starting GCN...
    FINAL_RESULT: {'acc': {'train': 0.3844262295081967, 'valid': 0.35774571195208277, 'test': 0.3859658076039806}, 'wall_s': 46.42, 'cpu_s': 40.88, 'gpu_s': 5.5, 'wait_s': 408.19}
    [Time] wall=46.4s | cpu=40.9s | gpu=5.5s
    C:\Users\fbrev\Documents\Acadêmico\Simulações\Python\NoisyGL\predictor\Base_Predictor.py:144: UserWarning: Sparse CSR tensor support is in beta state. If you miss a functionality in the sparse tensor support, please submit a feature request to https://github.com/pytorch/pytorch/issues. (Triggered internally at ..\aten\src\ATen\SparseCsrTensorImpl.cpp:55.)
    self.adj_csr = self.adj.to_sparse_csr().to(self.device)
    [CPU] Loading amazon-ratings...
    DEBUG 3.1: Dataset init start
    DEBUG 3.2: prepare_data start amazon-ratings
    ----Data statistics------'
    Name: amazon-ratings
    #Nodes 24492
    #Edges 93050
    #Classes 5
    #Ave_degree 7.60
    ----Split statistics------'
    #Train samples 1224 (5.0 % of nodes)
    #Val samples 3673 (15.0 % of nodes)
    #Test samples 19595 (remaining)
    ----label noise information:------
    Instance dependent noise
    #Actual noise rate 0.13
    [cuda:0] LNPCC waiting for GPU slot...
    [cuda:0] Slot acquired (waited 210.2s). Starting GCN...
    FINAL_RESULT: {'acc': {'train': 0.3815359477124183, 'valid': 0.3626463381432072, 'test': 0.39795866292421533}, 'wall_s': 51.25, 'cpu_s': 45.38, 'gpu_s': 5.82, 'wait_s': 210.18}
    [Time] wall=51.3s | cpu=45.4s | gpu=5.8s
    C:\Users\fbrev\Documents\Acadêmico\Simulações\Python\NoisyGL\predictor\Base_Predictor.py:144: UserWarning: Sparse CSR tensor support is in beta state. If you miss a functionality in the sparse tensor support, please submit a feature request to https://github.com/pytorch/pytorch/issues. (Triggered internally at ..\aten\src\ATen\SparseCsrTensorImpl.cpp:55.)
    self.adj_csr = self.adj.to_sparse_csr().to(self.device)
    [CPU] Loading amazon-ratings...
    DEBUG 3.1: Dataset init start
    DEBUG 3.2: prepare_data start amazon-ratings
    ----Data statistics------'
    Name: amazon-ratings
    #Nodes 24492
    #Edges 93050
    #Classes 5
    #Ave_degree 7.60
    ----Split statistics------'
    #Train samples 1224 (5.0 % of nodes)
    #Val samples 3673 (15.0 % of nodes)
    #Test samples 19595 (remaining)
    ----label noise information:------
    Instance dependent noise
    #Actual noise rate 0.13
    [cuda:0] LNPCC waiting for GPU slot...
    [cuda:0] Slot acquired (waited 148.2s). Starting GCN...
    FINAL_RESULT: {'acc': {'train': 0.369672131147541, 'valid': 0.3648243942281514, 'test': 0.3944373564684869}, 'wall_s': 55.36, 'cpu_s': 49.65, 'gpu_s': 5.65, 'wait_s': 148.24}
    [Time] wall=55.4s | cpu=49.7s | gpu=5.7s
    C:\Users\fbrev\Documents\Acadêmico\Simulações\Python\NoisyGL\predictor\Base_Predictor.py:144: UserWarning: Sparse CSR tensor support is in beta state. If you miss a functionality in the sparse tensor support, please submit a feature request to https://github.com/pytorch/pytorch/issues. (Triggered internally at ..\aten\src\ATen\SparseCsrTensorImpl.cpp:55.)
    self.adj_csr = self.adj.to_sparse_csr().to(self.device)
    [CPU] Loading amazon-ratings...
    DEBUG 3.1: Dataset init start
    DEBUG 3.2: prepare_data start amazon-ratings
    ----Data statistics------'
    Name: amazon-ratings
    #Nodes 24492
    #Edges 93050
    #Classes 5
    #Ave_degree 7.60
    ----Split statistics------'
    #Train samples 1224 (5.0 % of nodes)
    #Val samples 3673 (15.0 % of nodes)
    #Test samples 19595 (remaining)
    ----label noise information:------
    Instance dependent noise
    #Actual noise rate 0.13
    [cuda:0] LNPCC waiting for GPU slot...
    [cuda:0] Slot acquired (waited 202.6s). Starting GCN...
    FINAL_RESULT: {'acc': {'train': 0.44071954210956665, 'valid': 0.3947726653961339, 'test': 0.39596835927532537}, 'wall_s': 51.87, 'cpu_s': 46.14, 'gpu_s': 5.68, 'wait_s': 202.57}
    [Time] wall=51.9s | cpu=46.1s | gpu=5.7s
    C:\Users\fbrev\Documents\Acadêmico\Simulações\Python\NoisyGL\predictor\Base_Predictor.py:144: UserWarning: Sparse CSR tensor support is in beta state. If you miss a functionality in the sparse tensor support, please submit a feature request to https://github.com/pytorch/pytorch/issues. (Triggered internally at ..\aten\src\ATen\SparseCsrTensorImpl.cpp:55.)
    self.adj_csr = self.adj.to_sparse_csr().to(self.device)
    [CPU] Loading amazon-ratings...
    DEBUG 3.1: Dataset init start
    DEBUG 3.2: prepare_data start amazon-ratings
    ----Data statistics------'
    Name: amazon-ratings
    #Nodes 24492
    #Edges 93050
    #Classes 5
    #Ave_degree 7.60
    ----Split statistics------'
    #Train samples 1224 (5.0 % of nodes)
    #Val samples 3673 (15.0 % of nodes)
    #Test samples 19595 (remaining)
    ----label noise information:------
    Instance dependent noise
    #Actual noise rate 0.13
    [cuda:0] LNPCC waiting for GPU slot...
    [cuda:0] Slot acquired (waited 1089.0s). Starting GCN...
    FINAL_RESULT: {'acc': {'train': 0.39262295081967213, 'valid': 0.36373536618567925, 'test': 0.3805562643531513}, 'wall_s': 53.54, 'cpu_s': 47.88, 'gpu_s': 5.61, 'wait_s': 1089.0}
    [Time] wall=53.5s | cpu=47.9s | gpu=5.6s
    C:\Users\fbrev\Documents\Acadêmico\Simulações\Python\NoisyGL\predictor\Base_Predictor.py:144: UserWarning: Sparse CSR tensor support is in beta state. If you miss a functionality in the sparse tensor support, please submit a feature request to https://github.com/pytorch/pytorch/issues. (Triggered internally at ..\aten\src\ATen\SparseCsrTensorImpl.cpp:55.)
    self.adj_csr = self.adj.to_sparse_csr().to(self.device)
    [CPU] Loading amazon-ratings...
    DEBUG 3.1: Dataset init start
    DEBUG 3.2: prepare_data start amazon-ratings
    ----Data statistics------'
    Name: amazon-ratings
    #Nodes 24492
    #Edges 93050
    #Classes 5
    #Ave_degree 7.60
    ----Split statistics------'
    #Train samples 1224 (5.0 % of nodes)
    #Val samples 3673 (15.0 % of nodes)
    #Test samples 19595 (remaining)
    ----label noise information:------
    Instance dependent noise
    #Actual noise rate 0.13
    [cuda:0] LNPCC waiting for GPU slot...
    [cuda:0] Slot acquired (waited 853.7s). Starting GCN...
    FINAL_RESULT: {'acc': {'train': 0.34206219312602293, 'valid': 0.3699972774298938, 'test': 0.3944883898953815}, 'wall_s': 52.35, 'cpu_s': 46.97, 'gpu_s': 5.33, 'wait_s': 853.69}
    [Time] wall=52.4s | cpu=47.0s | gpu=5.3s
    C:\Users\fbrev\Documents\Acadêmico\Simulações\Python\NoisyGL\predictor\Base_Predictor.py:144: UserWarning: Sparse CSR tensor support is in beta state. If you miss a functionality in the sparse tensor support, please submit a feature request to https://github.com/pytorch/pytorch/issues. (Triggered internally at ..\aten\src\ATen\SparseCsrTensorImpl.cpp:55.)
    self.adj_csr = self.adj.to_sparse_csr().to(self.device)
    [CPU] Loading amazon-ratings...
    DEBUG 3.1: Dataset init start
    DEBUG 3.2: prepare_data start amazon-ratings
    ----Data statistics------'
    Name: amazon-ratings
    #Nodes 24492
    #Edges 93050
    #Classes 5
    #Ave_degree 7.60
    ----Split statistics------'
    #Train samples 1224 (5.0 % of nodes)
    #Val samples 3673 (15.0 % of nodes)
    #Test samples 19595 (remaining)
    ----label noise information:------
    Instance dependent noise
    #Actual noise rate 0.13
    [cuda:0] LNPCC waiting for GPU slot...
    [cuda:0] Slot acquired (waited 208.0s). Starting GCN...
    FINAL_RESULT: {'acc': {'train': 0.3581967213114754, 'valid': 0.34113803430438333, 'test': 0.3680530747639704}, 'wall_s': 51.2, 'cpu_s': 45.7, 'gpu_s': 5.46, 'wait_s': 208.0}
    [Time] wall=51.2s | cpu=45.7s | gpu=5.5s
    C:\Users\fbrev\Documents\Acadêmico\Simulações\Python\NoisyGL\predictor\Base_Predictor.py:144: UserWarning: Sparse CSR tensor support is in beta state. If you miss a functionality in the sparse tensor support, please submit a feature request to https://github.com/pytorch/pytorch/issues. (Triggered internally at ..\aten\src\ATen\SparseCsrTensorImpl.cpp:55.)
    self.adj_csr = self.adj.to_sparse_csr().to(self.device)
    [CPU] Loading amazon-ratings...
    DEBUG 3.1: Dataset init start
    DEBUG 3.2: prepare_data start amazon-ratings
    ----Data statistics------'
    Name: amazon-ratings
    #Nodes 24492
    #Edges 93050
    #Classes 5
    #Ave_degree 7.60
    ----Split statistics------'
    #Train samples 1224 (5.0 % of nodes)
    #Val samples 3673 (15.0 % of nodes)
    #Test samples 19595 (remaining)
    ----label noise information:------
    Instance dependent noise
    #Actual noise rate 0.13
    [cuda:0] LNPCC waiting for GPU slot...
    [cuda:0] Slot acquired (waited 599.4s). Starting GCN...
    FINAL_RESULT: {'acc': {'train': 0.39803439803439805, 'valid': 0.35883473999455484, 'test': 0.4005613676958408}, 'wall_s': 46.17, 'cpu_s': 40.25, 'gpu_s': 5.88, 'wait_s': 599.38}
    [Time] wall=46.2s | cpu=40.2s | gpu=5.9s
    C:\Users\fbrev\Documents\Acadêmico\Simulações\Python\NoisyGL\predictor\Base_Predictor.py:144: UserWarning: Sparse CSR tensor support is in beta state. If you miss a functionality in the sparse tensor support, please submit a feature request to https://github.com/pytorch/pytorch/issues. (Triggered internally at ..\aten\src\ATen\SparseCsrTensorImpl.cpp:55.)
    self.adj_csr = self.adj.to_sparse_csr().to(self.device)
  [Retest] Candidate 2 Avg: 0.3896

  [Retest] Candidate 3/3 (Trial 72, HPO_acc=0.4033)
    [CPU] Loading amazon-ratings...
    DEBUG 3.1: Dataset init start
    DEBUG 3.2: prepare_data start amazon-ratings
    ----Data statistics------'
    Name: amazon-ratings
    #Nodes 24492
    #Edges 93050
    #Classes 5
    #Ave_degree 7.60
    ----Split statistics------'
    #Train samples 1224 (5.0 % of nodes)
    #Val samples 3673 (15.0 % of nodes)
    #Test samples 19595 (remaining)
    ----label noise information:------
    Instance dependent noise
    #Actual noise rate 0.13
    [cuda:0] LNPCC waiting for GPU slot...
    [cuda:0] Slot acquired (waited 683.6s). Starting GCN...
    FINAL_RESULT: {'acc': {'train': 0.4158496732026144, 'valid': 0.3694527634086578, 'test': 0.4071446797652462}, 'wall_s': 61.07, 'cpu_s': 57.25, 'gpu_s': 3.76, 'wait_s': 683.58}
    [Time] wall=61.1s | cpu=57.3s | gpu=3.8s
    C:\Users\fbrev\Documents\Acadêmico\Simulações\Python\NoisyGL\predictor\Base_Predictor.py:144: UserWarning: Sparse CSR tensor support is in beta state. If you miss a functionality in the sparse tensor support, please submit a feature request to https://github.com/pytorch/pytorch/issues. (Triggered internally at ..\aten\src\ATen\SparseCsrTensorImpl.cpp:55.)
    self.adj_csr = self.adj.to_sparse_csr().to(self.device)
    [CPU] Loading amazon-ratings...
    DEBUG 3.1: Dataset init start
    DEBUG 3.2: prepare_data start amazon-ratings
    ----Data statistics------'
    Name: amazon-ratings
    #Nodes 24492
    #Edges 93050
    #Classes 5
    #Ave_degree 7.60
    ----Split statistics------'
    #Train samples 1224 (5.0 % of nodes)
    #Val samples 3673 (15.0 % of nodes)
    #Test samples 19595 (remaining)
    ----label noise information:------
    Instance dependent noise
    #Actual noise rate 0.13
    [cuda:0] LNPCC waiting for GPU slot...
    [cuda:0] Slot acquired (waited 131.2s). Starting GCN...
    FINAL_RESULT: {'acc': {'train': 0.3570261437908497, 'valid': 0.3825210999183229, 'test': 0.40372544016330697}, 'wall_s': 62.9, 'cpu_s': 59.07, 'gpu_s': 3.78, 'wait_s': 131.22}
    [Time] wall=62.9s | cpu=59.1s | gpu=3.8s
    C:\Users\fbrev\Documents\Acadêmico\Simulações\Python\NoisyGL\predictor\Base_Predictor.py:144: UserWarning: Sparse CSR tensor support is in beta state. If you miss a functionality in the sparse tensor support, please submit a feature request to https://github.com/pytorch/pytorch/issues. (Triggered internally at ..\aten\src\ATen\SparseCsrTensorImpl.cpp:55.)
    self.adj_csr = self.adj.to_sparse_csr().to(self.device)
    [CPU] Loading amazon-ratings...
    DEBUG 3.1: Dataset init start
    DEBUG 3.2: prepare_data start amazon-ratings
    ----Data statistics------'
    Name: amazon-ratings
    #Nodes 24492
    #Edges 93050
    #Classes 5
    #Ave_degree 7.60
    ----Split statistics------'
    #Train samples 1224 (5.0 % of nodes)
    #Val samples 3673 (15.0 % of nodes)
    #Test samples 19595 (remaining)
    ----label noise information:------
    Instance dependent noise
    #Actual noise rate 0.13
    [cuda:0] LNPCC waiting for GPU slot...
    [cuda:0] Slot acquired (waited 386.2s). Starting GCN...
    FINAL_RESULT: {'acc': {'train': 0.38562091503267976, 'valid': 0.36346310917506125, 'test': 0.3913243174279153}, 'wall_s': 64.26, 'cpu_s': 60.32, 'gpu_s': 3.9, 'wait_s': 386.19}
    [Time] wall=64.3s | cpu=60.3s | gpu=3.9s
    C:\Users\fbrev\Documents\Acadêmico\Simulações\Python\NoisyGL\predictor\Base_Predictor.py:144: UserWarning: Sparse CSR tensor support is in beta state. If you miss a functionality in the sparse tensor support, please submit a feature request to https://github.com/pytorch/pytorch/issues. (Triggered internally at ..\aten\src\ATen\SparseCsrTensorImpl.cpp:55.)
    self.adj_csr = self.adj.to_sparse_csr().to(self.device)
    [CPU] Loading amazon-ratings...
    DEBUG 3.1: Dataset init start
    DEBUG 3.2: prepare_data start amazon-ratings
    ----Data statistics------'
    Name: amazon-ratings
    #Nodes 24492
    #Edges 93050
    #Classes 5
    #Ave_degree 7.60
    ----Split statistics------'
    #Train samples 1224 (5.0 % of nodes)
    #Val samples 3673 (15.0 % of nodes)
    #Test samples 19595 (remaining)
    ----label noise information:------
    Instance dependent noise
    #Actual noise rate 0.13
    [cuda:0] LNPCC waiting for GPU slot...
    [cuda:0] Slot acquired (waited 190.0s). Starting GCN...
    FINAL_RESULT: {'acc': {'train': 0.369281045751634, 'valid': 0.3615573101007351, 'test': 0.3910181168665476}, 'wall_s': 62.24, 'cpu_s': 58.51, 'gpu_s': 3.69, 'wait_s': 190.02}
    [Time] wall=62.2s | cpu=58.5s | gpu=3.7s
    C:\Users\fbrev\Documents\Acadêmico\Simulações\Python\NoisyGL\predictor\Base_Predictor.py:144: UserWarning: Sparse CSR tensor support is in beta state. If you miss a functionality in the sparse tensor support, please submit a feature request to https://github.com/pytorch/pytorch/issues. (Triggered internally at ..\aten\src\ATen\SparseCsrTensorImpl.cpp:55.)
    self.adj_csr = self.adj.to_sparse_csr().to(self.device)
    [CPU] Loading amazon-ratings...
    DEBUG 3.1: Dataset init start
    DEBUG 3.2: prepare_data start amazon-ratings
    ----Data statistics------'
    Name: amazon-ratings
    #Nodes 24492
    #Edges 93050
    #Classes 5
    #Ave_degree 7.60
    ----Split statistics------'
    #Train samples 1224 (5.0 % of nodes)
    #Val samples 3673 (15.0 % of nodes)
    #Test samples 19595 (remaining)
    ----label noise information:------
    Instance dependent noise
    #Actual noise rate 0.13
    [cuda:0] LNPCC waiting for GPU slot...
    [cuda:0] Slot acquired (waited 177.5s). Starting GCN...
    FINAL_RESULT: {'acc': {'train': 0.375, 'valid': 0.36373536618567925, 'test': 0.3978055626435315}, 'wall_s': 64.59, 'cpu_s': 60.61, 'gpu_s': 3.95, 'wait_s': 177.52}
    [Time] wall=64.6s | cpu=60.6s | gpu=3.9s
    C:\Users\fbrev\Documents\Acadêmico\Simulações\Python\NoisyGL\predictor\Base_Predictor.py:144: UserWarning: Sparse CSR tensor support is in beta state. If you miss a functionality in the sparse tensor support, please submit a feature request to https://github.com/pytorch/pytorch/issues. (Triggered internally at ..\aten\src\ATen\SparseCsrTensorImpl.cpp:55.)
    self.adj_csr = self.adj.to_sparse_csr().to(self.device)
    [CPU] Loading amazon-ratings...
    DEBUG 3.1: Dataset init start
    DEBUG 3.2: prepare_data start amazon-ratings
    ----Data statistics------'
    Name: amazon-ratings
    #Nodes 24492
    #Edges 93050
    #Classes 5
    #Ave_degree 7.60
    ----Split statistics------'
    #Train samples 1224 (5.0 % of nodes)
    #Val samples 3673 (15.0 % of nodes)
    #Test samples 19595 (remaining)
    ----label noise information:------
    Instance dependent noise
    #Actual noise rate 0.13
    [cuda:0] LNPCC waiting for GPU slot...
    [cuda:0] Slot acquired (waited 142.9s). Starting GCN...
    FINAL_RESULT: {'acc': {'train': 0.39133986928104575, 'valid': 0.38796624013068337, 'test': 0.39020158203623373}, 'wall_s': 53.4, 'cpu_s': 49.69, 'gpu_s': 3.67, 'wait_s': 142.86}
    [Time] wall=53.4s | cpu=49.7s | gpu=3.7s
    C:\Users\fbrev\Documents\Acadêmico\Simulações\Python\NoisyGL\predictor\Base_Predictor.py:144: UserWarning: Sparse CSR tensor support is in beta state. If you miss a functionality in the sparse tensor support, please submit a feature request to https://github.com/pytorch/pytorch/issues. (Triggered internally at ..\aten\src\ATen\SparseCsrTensorImpl.cpp:55.)
    self.adj_csr = self.adj.to_sparse_csr().to(self.device)
    [CPU] Loading amazon-ratings...
    DEBUG 3.1: Dataset init start
    DEBUG 3.2: prepare_data start amazon-ratings
    ----Data statistics------'
    Name: amazon-ratings
    #Nodes 24492
    #Edges 93050
    #Classes 5
    #Ave_degree 7.60
    ----Split statistics------'
    #Train samples 1224 (5.0 % of nodes)
    #Val samples 3673 (15.0 % of nodes)
    #Test samples 19595 (remaining)
    ----label noise information:------
    Instance dependent noise
    #Actual noise rate 0.13
    [cuda:0] LNPCC waiting for GPU slot...
    [cuda:0] Slot acquired (waited 561.4s). Starting GCN...
    FINAL_RESULT: {'acc': {'train': 0.40931372549019607, 'valid': 0.37380887557854614, 'test': 0.3930084205154376}, 'wall_s': 50.05, 'cpu_s': 46.97, 'gpu_s': 3.03, 'wait_s': 561.39}
    [Time] wall=50.0s | cpu=47.0s | gpu=3.0s
    C:\Users\fbrev\Documents\Acadêmico\Simulações\Python\NoisyGL\predictor\Base_Predictor.py:144: UserWarning: Sparse CSR tensor support is in beta state. If you miss a functionality in the sparse tensor support, please submit a feature request to https://github.com/pytorch/pytorch/issues. (Triggered internally at ..\aten\src\ATen\SparseCsrTensorImpl.cpp:55.)
    self.adj_csr = self.adj.to_sparse_csr().to(self.device)
    [CPU] Loading amazon-ratings...
    DEBUG 3.1: Dataset init start
    DEBUG 3.2: prepare_data start amazon-ratings
    ----Data statistics------'
    Name: amazon-ratings
    #Nodes 24492
    #Edges 93050
    #Classes 5
    #Ave_degree 7.60
    ----Split statistics------'
    #Train samples 1224 (5.0 % of nodes)
    #Val samples 3673 (15.0 % of nodes)
    #Test samples 19595 (remaining)
    ----label noise information:------
    Instance dependent noise
    #Actual noise rate 0.13
    [cuda:0] LNPCC waiting for GPU slot...
    [cuda:0] Slot acquired (waited 774.5s). Starting GCN...
    FINAL_RESULT: {'acc': {'train': 0.4133986928104575, 'valid': 0.3732643615573101, 'test': 0.40137790252615463}, 'wall_s': 54.04, 'cpu_s': 50.75, 'gpu_s': 3.26, 'wait_s': 774.51}
    [Time] wall=54.0s | cpu=50.7s | gpu=3.3s
    C:\Users\fbrev\Documents\Acadêmico\Simulações\Python\NoisyGL\predictor\Base_Predictor.py:144: UserWarning: Sparse CSR tensor support is in beta state. If you miss a functionality in the sparse tensor support, please submit a feature request to https://github.com/pytorch/pytorch/issues. (Triggered internally at ..\aten\src\ATen\SparseCsrTensorImpl.cpp:55.)
    self.adj_csr = self.adj.to_sparse_csr().to(self.device)
    [CPU] Loading amazon-ratings...
    DEBUG 3.1: Dataset init start
    DEBUG 3.2: prepare_data start amazon-ratings
    ----Data statistics------'
    Name: amazon-ratings
    #Nodes 24492
    #Edges 93050
    #Classes 5
    #Ave_degree 7.60
    ----Split statistics------'
    #Train samples 1224 (5.0 % of nodes)
    #Val samples 3673 (15.0 % of nodes)
    #Test samples 19595 (remaining)
    ----label noise information:------
    Instance dependent noise
    #Actual noise rate 0.13
    [cuda:0] LNPCC waiting for GPU slot...
    [cuda:0] Slot acquired (waited 1845.1s). Starting GCN...
    FINAL_RESULT: {'acc': {'train': 0.39624183006535946, 'valid': 0.3675469643343316, 'test': 0.39760142893595307}, 'wall_s': 47.8, 'cpu_s': 44.65, 'gpu_s': 3.11, 'wait_s': 1845.14}
    [Time] wall=47.8s | cpu=44.7s | gpu=3.1s
    C:\Users\fbrev\Documents\Acadêmico\Simulações\Python\NoisyGL\predictor\Base_Predictor.py:144: UserWarning: Sparse CSR tensor support is in beta state. If you miss a functionality in the sparse tensor support, please submit a feature request to https://github.com/pytorch/pytorch/issues. (Triggered internally at ..\aten\src\ATen\SparseCsrTensorImpl.cpp:55.)
    self.adj_csr = self.adj.to_sparse_csr().to(self.device)
    [CPU] Loading amazon-ratings...
    DEBUG 3.1: Dataset init start
    DEBUG 3.2: prepare_data start amazon-ratings
    ----Data statistics------'
    Name: amazon-ratings
    #Nodes 24492
    #Edges 93050
    #Classes 5
    #Ave_degree 7.60
    ----Split statistics------'
    #Train samples 1224 (5.0 % of nodes)
    #Val samples 3673 (15.0 % of nodes)
    #Test samples 19595 (remaining)
    ----label noise information:------
    Instance dependent noise
    #Actual noise rate 0.13
    [cuda:0] LNPCC waiting for GPU slot...
    [cuda:0] Slot acquired (waited 140.8s). Starting GCN...
    FINAL_RESULT: {'acc': {'train': 0.40522875816993464, 'valid': 0.3498502586441601, 'test': 0.405715743812197}, 'wall_s': 45.44, 'cpu_s': 42.42, 'gpu_s': 2.98, 'wait_s': 140.77}
    [Time] wall=45.4s | cpu=42.4s | gpu=3.0s
    C:\Users\fbrev\Documents\Acadêmico\Simulações\Python\NoisyGL\predictor\Base_Predictor.py:144: UserWarning: Sparse CSR tensor support is in beta state. If you miss a functionality in the sparse tensor support, please submit a feature request to https://github.com/pytorch/pytorch/issues. (Triggered internally at ..\aten\src\ATen\SparseCsrTensorImpl.cpp:55.)
    self.adj_csr = self.adj.to_sparse_csr().to(self.device)
  [Retest] Candidate 3 Avg: 0.3979

[Phase 2] Starting final evaluation with 10 seeds (3000-3009)...
    [CPU] Loading amazon-ratings...
    DEBUG 3.1: Dataset init start
    DEBUG 3.2: prepare_data start amazon-ratings
    ----Data statistics------'
    Name: amazon-ratings
    #Nodes 24492
    #Edges 93050
    #Classes 5
    #Ave_degree 7.60
    ----Split statistics------'
    #Train samples 1224 (5.0 % of nodes)
    #Val samples 3673 (15.0 % of nodes)
    #Test samples 19595 (remaining)
    ----label noise information:------
    Instance dependent noise
    #Actual noise rate 0.13
    [cuda:0] LNPCC waiting for GPU slot...
    [cuda:0] Slot acquired (waited 437.9s). Starting GCN...
    FINAL_RESULT: {'acc': {'train': 0.4223856209150327, 'valid': 0.36346310917506125, 'test': 0.392957387088543}, 'wall_s': 43.76, 'cpu_s': 40.79, 'gpu_s': 2.94, 'wait_s': 437.88}
    [Time] wall=43.8s | cpu=40.8s | gpu=2.9s
    C:\Users\fbrev\Documents\Acadêmico\Simulações\Python\NoisyGL\predictor\Base_Predictor.py:144: UserWarning: Sparse CSR tensor support is in beta state. If you miss a functionality in the sparse tensor support, please submit a feature request to https://github.com/pytorch/pytorch/issues. (Triggered internally at ..\aten\src\ATen\SparseCsrTensorImpl.cpp:55.)
    self.adj_csr = self.adj.to_sparse_csr().to(self.device)
    [CPU] Loading amazon-ratings...
    DEBUG 3.1: Dataset init start
    DEBUG 3.2: prepare_data start amazon-ratings
    ----Data statistics------'
    Name: amazon-ratings
    #Nodes 24492
    #Edges 93050
    #Classes 5
    #Ave_degree 7.60
    ----Split statistics------'
    #Train samples 1224 (5.0 % of nodes)
    #Val samples 3673 (15.0 % of nodes)
    #Test samples 19595 (remaining)
    ----label noise information:------
    Instance dependent noise
    #Actual noise rate 0.13
    [cuda:0] LNPCC waiting for GPU slot...
    [cuda:0] Slot acquired (waited 290.2s). Starting GCN...
    FINAL_RESULT: {'acc': {'train': 0.40522875816993464, 'valid': 0.3512115436972502, 'test': 0.3980607297780046}, 'wall_s': 51.06, 'cpu_s': 47.96, 'gpu_s': 3.07, 'wait_s': 290.15}
    [Time] wall=51.1s | cpu=48.0s | gpu=3.1s
    C:\Users\fbrev\Documents\Acadêmico\Simulações\Python\NoisyGL\predictor\Base_Predictor.py:144: UserWarning: Sparse CSR tensor support is in beta state. If you miss a functionality in the sparse tensor support, please submit a feature request to https://github.com/pytorch/pytorch/issues. (Triggered internally at ..\aten\src\ATen\SparseCsrTensorImpl.cpp:55.)
    self.adj_csr = self.adj.to_sparse_csr().to(self.device)
    [CPU] Loading amazon-ratings...
    DEBUG 3.1: Dataset init start
    DEBUG 3.2: prepare_data start amazon-ratings
    ----Data statistics------'
    Name: amazon-ratings
    #Nodes 24492
    #Edges 93050
    #Classes 5
    #Ave_degree 7.60
    ----Split statistics------'
    #Train samples 1224 (5.0 % of nodes)
    #Val samples 3673 (15.0 % of nodes)
    #Test samples 19595 (remaining)
    ----label noise information:------
    Instance dependent noise
    #Actual noise rate 0.13
    [cuda:0] LNPCC waiting for GPU slot...
    [cuda:0] Slot acquired (waited 135.4s). Starting GCN...
    FINAL_RESULT: {'acc': {'train': 0.42401960784313725, 'valid': 0.35992376803702697, 'test': 0.38091349834141364}, 'wall_s': 51.05, 'cpu_s': 48.05, 'gpu_s': 2.97, 'wait_s': 135.36}
    [Time] wall=51.1s | cpu=48.0s | gpu=3.0s
    C:\Users\fbrev\Documents\Acadêmico\Simulações\Python\NoisyGL\predictor\Base_Predictor.py:144: UserWarning: Sparse CSR tensor support is in beta state. If you miss a functionality in the sparse tensor support, please submit a feature request to https://github.com/pytorch/pytorch/issues. (Triggered internally at ..\aten\src\ATen\SparseCsrTensorImpl.cpp:55.)
    self.adj_csr = self.adj.to_sparse_csr().to(self.device)
    [CPU] Loading amazon-ratings...
    DEBUG 3.1: Dataset init start
    DEBUG 3.2: prepare_data start amazon-ratings
    ----Data statistics------'
    Name: amazon-ratings
    #Nodes 24492
    #Edges 93050
    #Classes 5
    #Ave_degree 7.60
    ----Split statistics------'
    #Train samples 1224 (5.0 % of nodes)
    #Val samples 3673 (15.0 % of nodes)
    #Test samples 19595 (remaining)
    ----label noise information:------
    Instance dependent noise
    #Actual noise rate 0.13
    [cuda:0] LNPCC waiting for GPU slot...
    [cuda:0] Slot acquired (waited 105.9s). Starting GCN...
    FINAL_RESULT: {'acc': {'train': 0.39133986928104575, 'valid': 0.3765314456847264, 'test': 0.38264863485583056}, 'wall_s': 43.36, 'cpu_s': 40.3, 'gpu_s': 3.03, 'wait_s': 105.89}
    [Time] wall=43.4s | cpu=40.3s | gpu=3.0s
    C:\Users\fbrev\Documents\Acadêmico\Simulações\Python\NoisyGL\predictor\Base_Predictor.py:144: UserWarning: Sparse CSR tensor support is in beta state. If you miss a functionality in the sparse tensor support, please submit a feature request to https://github.com/pytorch/pytorch/issues. (Triggered internally at ..\aten\src\ATen\SparseCsrTensorImpl.cpp:55.)
    self.adj_csr = self.adj.to_sparse_csr().to(self.device)
    [CPU] Loading amazon-ratings...
    DEBUG 3.1: Dataset init start
    DEBUG 3.2: prepare_data start amazon-ratings
    ----Data statistics------'
    Name: amazon-ratings
    #Nodes 24492
    #Edges 93050
    #Classes 5
    #Ave_degree 7.60
    ----Split statistics------'
    #Train samples 1224 (5.0 % of nodes)
    #Val samples 3673 (15.0 % of nodes)
    #Test samples 19595 (remaining)
    ----label noise information:------
    Instance dependent noise
    #Actual noise rate 0.13
    [cuda:0] LNPCC waiting for GPU slot...
    [cuda:0] Slot acquired (waited 103.5s). Starting GCN...
    FINAL_RESULT: {'acc': {'train': 0.42483660130718953, 'valid': 0.3776204737271985, 'test': 0.40459300842051543}, 'wall_s': 44.3, 'cpu_s': 41.27, 'gpu_s': 3.0, 'wait_s': 103.45}
    [Time] wall=44.3s | cpu=41.3s | gpu=3.0s
    C:\Users\fbrev\Documents\Acadêmico\Simulações\Python\NoisyGL\predictor\Base_Predictor.py:144: UserWarning: Sparse CSR tensor support is in beta state. If you miss a functionality in the sparse tensor support, please submit a feature request to https://github.com/pytorch/pytorch/issues. (Triggered internally at ..\aten\src\ATen\SparseCsrTensorImpl.cpp:55.)
    self.adj_csr = self.adj.to_sparse_csr().to(self.device)
    [CPU] Loading amazon-ratings...
    DEBUG 3.1: Dataset init start
    DEBUG 3.2: prepare_data start amazon-ratings
    ----Data statistics------'
    Name: amazon-ratings
    #Nodes 24492
    #Edges 93050
    #Classes 5
    #Ave_degree 7.60
    ----Split statistics------'
    #Train samples 1224 (5.0 % of nodes)
    #Val samples 3673 (15.0 % of nodes)
    #Test samples 19595 (remaining)
    ----label noise information:------
    Instance dependent noise
    #Actual noise rate 0.13
    [cuda:0] LNPCC waiting for GPU slot...
    [cuda:0] Slot acquired (waited 104.8s). Starting GCN...
    FINAL_RESULT: {'acc': {'train': 0.39133986928104575, 'valid': 0.3694527634086578, 'test': 0.40265373819852}, 'wall_s': 48.94, 'cpu_s': 45.85, 'gpu_s': 3.05, 'wait_s': 104.84}
    [Time] wall=48.9s | cpu=45.8s | gpu=3.1s
    C:\Users\fbrev\Documents\Acadêmico\Simulações\Python\NoisyGL\predictor\Base_Predictor.py:144: UserWarning: Sparse CSR tensor support is in beta state. If you miss a functionality in the sparse tensor support, please submit a feature request to https://github.com/pytorch/pytorch/issues. (Triggered internally at ..\aten\src\ATen\SparseCsrTensorImpl.cpp:55.)
    self.adj_csr = self.adj.to_sparse_csr().to(self.device)
    [CPU] Loading amazon-ratings...
    DEBUG 3.1: Dataset init start
    DEBUG 3.2: prepare_data start amazon-ratings
    ----Data statistics------'
    Name: amazon-ratings
    #Nodes 24492
    #Edges 93050
    #Classes 5
    #Ave_degree 7.60
    ----Split statistics------'
    #Train samples 1224 (5.0 % of nodes)
    #Val samples 3673 (15.0 % of nodes)
    #Test samples 19595 (remaining)
    ----label noise information:------
    Instance dependent noise
    #Actual noise rate 0.13
    [cuda:0] LNPCC waiting for GPU slot...
    [cuda:0] Slot acquired (waited 443.7s). Starting GCN...
    FINAL_RESULT: {'acc': {'train': 0.37254901960784315, 'valid': 0.37081404846174787, 'test': 0.3932635876499107}, 'wall_s': 45.92, 'cpu_s': 42.84, 'gpu_s': 3.04, 'wait_s': 443.66}
    [Time] wall=45.9s | cpu=42.8s | gpu=3.0s
    C:\Users\fbrev\Documents\Acadêmico\Simulações\Python\NoisyGL\predictor\Base_Predictor.py:144: UserWarning: Sparse CSR tensor support is in beta state. If you miss a functionality in the sparse tensor support, please submit a feature request to https://github.com/pytorch/pytorch/issues. (Triggered internally at ..\aten\src\ATen\SparseCsrTensorImpl.cpp:55.)
    self.adj_csr = self.adj.to_sparse_csr().to(self.device)
    [CPU] Loading amazon-ratings...
    DEBUG 3.1: Dataset init start
    DEBUG 3.2: prepare_data start amazon-ratings
    ----Data statistics------'
    Name: amazon-ratings
    #Nodes 24492
    #Edges 93050
    #Classes 5
    #Ave_degree 7.60
    ----Split statistics------'
    #Train samples 1224 (5.0 % of nodes)
    #Val samples 3673 (15.0 % of nodes)
    #Test samples 19595 (remaining)
    ----label noise information:------
    Instance dependent noise
    #Actual noise rate 0.13
    [cuda:0] LNPCC waiting for GPU slot...
    [cuda:0] Slot acquired (waited 187.7s). Starting GCN...
    FINAL_RESULT: {'acc': {'train': 0.4223856209150327, 'valid': 0.3645521372175334, 'test': 0.38540443990813983}, 'wall_s': 43.22, 'cpu_s': 40.09, 'gpu_s': 3.1, 'wait_s': 187.71}
    [Time] wall=43.2s | cpu=40.1s | gpu=3.1s
    C:\Users\fbrev\Documents\Acadêmico\Simulações\Python\NoisyGL\predictor\Base_Predictor.py:144: UserWarning: Sparse CSR tensor support is in beta state. If you miss a functionality in the sparse tensor support, please submit a feature request to https://github.com/pytorch/pytorch/issues. (Triggered internally at ..\aten\src\ATen\SparseCsrTensorImpl.cpp:55.)
    self.adj_csr = self.adj.to_sparse_csr().to(self.device)
    [CPU] Loading amazon-ratings...
    DEBUG 3.1: Dataset init start
    DEBUG 3.2: prepare_data start amazon-ratings
    ----Data statistics------'
    Name: amazon-ratings
    #Nodes 24492
    #Edges 93050
    #Classes 5
    #Ave_degree 7.60
    ----Split statistics------'
    #Train samples 1224 (5.0 % of nodes)
    #Val samples 3673 (15.0 % of nodes)
    #Test samples 19595 (remaining)
    ----label noise information:------
    Instance dependent noise
    #Actual noise rate 0.13
    [cuda:0] LNPCC waiting for GPU slot...
    [cuda:0] Slot acquired (waited 673.2s). Starting GCN...
    FINAL_RESULT: {'acc': {'train': 0.3880718954248366, 'valid': 0.3675469643343316, 'test': 0.3897422811941822}, 'wall_s': 39.95, 'cpu_s': 36.59, 'gpu_s': 3.32, 'wait_s': 673.16}
    [Time] wall=40.0s | cpu=36.6s | gpu=3.3s
    C:\Users\fbrev\Documents\Acadêmico\Simulações\Python\NoisyGL\predictor\Base_Predictor.py:144: UserWarning: Sparse CSR tensor support is in beta state. If you miss a functionality in the sparse tensor support, please submit a feature request to https://github.com/pytorch/pytorch/issues. (Triggered internally at ..\aten\src\ATen\SparseCsrTensorImpl.cpp:55.)
    self.adj_csr = self.adj.to_sparse_csr().to(self.device)
    [CPU] Loading amazon-ratings...
    DEBUG 3.1: Dataset init start
    DEBUG 3.2: prepare_data start amazon-ratings
    ----Data statistics------'
    Name: amazon-ratings
    #Nodes 24492
    #Edges 93050
    #Classes 5
    #Ave_degree 7.60
    ----Split statistics------'
    #Train samples 1224 (5.0 % of nodes)
    #Val samples 3673 (15.0 % of nodes)
    #Test samples 19595 (remaining)
    ----label noise information:------
    Instance dependent noise
    #Actual noise rate 0.13
    [cuda:0] LNPCC waiting for GPU slot...
    [cuda:0] Slot acquired (waited 668.1s). Starting GCN...
    FINAL_RESULT: {'acc': {'train': 0.39215686274509803, 'valid': 0.37408113258916414, 'test': 0.3848941056391937}, 'wall_s': 52.9, 'cpu_s': 49.44, 'gpu_s': 3.42, 'wait_s': 668.07}
    [Time] wall=52.9s | cpu=49.4s | gpu=3.4s
    C:\Users\fbrev\Documents\Acadêmico\Simulações\Python\NoisyGL\predictor\Base_Predictor.py:144: UserWarning: Sparse CSR tensor support is in beta state. If you miss a functionality in the sparse tensor support, please submit a feature request to https://github.com/pytorch/pytorch/issues. (Triggered internally at ..\aten\src\ATen\SparseCsrTensorImpl.cpp:55.)
    self.adj_csr = self.adj.to_sparse_csr().to(self.device)

[FINAL] lnpcc_amazon-ratings_instance_0.1 | 0.3915 ± 0.0079
