[worker] START cp_amazonpho_0.4 gpu=1
[HPO] Starting Phase 1 (Optuna) for cp_amazonpho_instance_0.4...
[I 2026-05-02 20:11:02,576] A new study created in RDB with name: cp_amazonpho_instance_0.4
    [CPU] Loading amazonpho...
    DEBUG 3.1: Dataset init start
    DEBUG 3.2: prepare_data start amazonpho
    ----Data statistics------'
    Name: amazonpho
    #Nodes 7650
    #Edges 119081
    #Classes 8
    #Ave_degree 31.13
    ----Split statistics------'
    #Train samples 160 (20 nodes per class)
    #Val samples 500 (specified)
    #Test samples 1000 (specified)
    ----label noise information:------
    Instance dependent noise
    #Actual noise rate 0.40
    [cuda:1] Waiting for GPU slot...
    [cuda:1] Slot acquired (waited 56.6s). Training...
    FINAL_RESULT: {'acc': {'train': 0.58125, 'valid': 0.502, 'test': 0.762}, 'wall_s': 70.37, 'cpu_s': 0.02, 'gpu_s': 70.22, 'wait_s': 56.56}
    [Time] wall=70.4s | cpu=0.0s | gpu=70.2s
    C:\Users\fbrev\anaconda3\envs\noisygl\Lib\site-packages\torch\nn\modules\module.py:1159: UserWarning: expandable_segments not supported on this platform (Triggered internally at ..\c10/cuda/CUDAAllocatorConfig.h:28.)
    return t.to(
    C:\Users\fbrev\Documents\Acadêmico\Simulações\Python\NoisyGL\predictor\Base_Predictor.py:144: UserWarning: Sparse CSR tensor support is in beta state. If you miss a functionality in the sparse tensor support, please submit a feature request to https://github.com/pytorch/pytorch/issues. (Triggered internally at ..\aten\src\ATen\SparseCsrTensorImpl.cpp:55.)
    self.adj_csr = self.adj.to_sparse_csr().to(self.device)
[I 2026-05-02 20:13:14,011] Trial 0 finished with value: 0.762 and parameters: {'lr': 0.01, 'weight_decay': 0.0001, 'n_hidden': 256, 'n_layer': 3, 'dropout': 0.7423310186926412}. Best is trial 0 with value: 0.762.
    [CPU] Loading amazonpho...
    DEBUG 3.1: Dataset init start
    DEBUG 3.2: prepare_data start amazonpho
    ----Data statistics------'
    Name: amazonpho
    #Nodes 7650
    #Edges 119081
    #Classes 8
    #Ave_degree 31.13
    ----Split statistics------'
    #Train samples 160 (20 nodes per class)
    #Val samples 500 (specified)
    #Test samples 1000 (specified)
    ----label noise information:------
    Instance dependent noise
    #Actual noise rate 0.40
    [cuda:1] Waiting for GPU slot...
    [cuda:1] Slot acquired (waited 320.2s). Training...
    FINAL_RESULT: {'acc': {'train': 0.61875, 'valid': 0.508, 'test': 0.795}, 'wall_s': 67.53, 'cpu_s': 0.02, 'gpu_s': 67.38, 'wait_s': 320.24}
    [Time] wall=67.5s | cpu=0.0s | gpu=67.4s
    C:\Users\fbrev\anaconda3\envs\noisygl\Lib\site-packages\torch\nn\modules\module.py:1159: UserWarning: expandable_segments not supported on this platform (Triggered internally at ..\c10/cuda/CUDAAllocatorConfig.h:28.)
    return t.to(
    C:\Users\fbrev\Documents\Acadêmico\Simulações\Python\NoisyGL\predictor\Base_Predictor.py:144: UserWarning: Sparse CSR tensor support is in beta state. If you miss a functionality in the sparse tensor support, please submit a feature request to https://github.com/pytorch/pytorch/issues. (Triggered internally at ..\aten\src\ATen\SparseCsrTensorImpl.cpp:55.)
    self.adj_csr = self.adj.to_sparse_csr().to(self.device)
[I 2026-05-02 20:19:46,304] Trial 1 finished with value: 0.795 and parameters: {'lr': 0.001, 'weight_decay': 0.01, 'n_hidden': 256, 'n_layer': 2, 'dropout': 0.771794424480742}. Best is trial 1 with value: 0.795.
    [CPU] Loading amazonpho...
    DEBUG 3.1: Dataset init start
    DEBUG 3.2: prepare_data start amazonpho
    ----Data statistics------'
    Name: amazonpho
    #Nodes 7650
    #Edges 119081
    #Classes 8
    #Ave_degree 31.13
    ----Split statistics------'
    #Train samples 160 (20 nodes per class)
    #Val samples 500 (specified)
    #Test samples 1000 (specified)
    ----label noise information:------
    Instance dependent noise
    #Actual noise rate 0.40
    [cuda:1] Waiting for GPU slot...
    [cuda:1] Slot acquired (waited 59.8s). Training...
    FINAL_RESULT: {'acc': {'train': 0.6375, 'valid': 0.484, 'test': 0.79}, 'wall_s': 62.87, 'cpu_s': 0.02, 'gpu_s': 62.7, 'wait_s': 59.83}
    [Time] wall=62.9s | cpu=0.0s | gpu=62.7s
    C:\Users\fbrev\anaconda3\envs\noisygl\Lib\site-packages\torch\nn\modules\module.py:1159: UserWarning: expandable_segments not supported on this platform (Triggered internally at ..\c10/cuda/CUDAAllocatorConfig.h:28.)
    return t.to(
    C:\Users\fbrev\Documents\Acadêmico\Simulações\Python\NoisyGL\predictor\Base_Predictor.py:144: UserWarning: Sparse CSR tensor support is in beta state. If you miss a functionality in the sparse tensor support, please submit a feature request to https://github.com/pytorch/pytorch/issues. (Triggered internally at ..\aten\src\ATen\SparseCsrTensorImpl.cpp:55.)
    self.adj_csr = self.adj.to_sparse_csr().to(self.device)
[I 2026-05-02 20:21:53,524] Trial 2 finished with value: 0.79 and parameters: {'lr': 0.001, 'weight_decay': 0.01, 'n_hidden': 32, 'n_layer': 2, 'dropout': 0.2321062485236241}. Best is trial 1 with value: 0.795.
    [CPU] Loading amazonpho...
    DEBUG 3.1: Dataset init start
    DEBUG 3.2: prepare_data start amazonpho
    ----Data statistics------'
    Name: amazonpho
    #Nodes 7650
    #Edges 119081
    #Classes 8
    #Ave_degree 31.13
    ----Split statistics------'
    #Train samples 160 (20 nodes per class)
    #Val samples 500 (specified)
    #Test samples 1000 (specified)
    ----label noise information:------
    Instance dependent noise
    #Actual noise rate 0.40
    [cuda:1] Waiting for GPU slot...
    [cuda:1] Slot acquired (waited 821.3s). Training...
    FINAL_RESULT: {'acc': {'train': 0.1875, 'valid': 0.338, 'test': 0.445}, 'wall_s': 70.49, 'cpu_s': 0.02, 'gpu_s': 70.35, 'wait_s': 821.33}
    [Time] wall=70.5s | cpu=0.0s | gpu=70.3s
    C:\Users\fbrev\anaconda3\envs\noisygl\Lib\site-packages\torch\nn\modules\module.py:1159: UserWarning: expandable_segments not supported on this platform (Triggered internally at ..\c10/cuda/CUDAAllocatorConfig.h:28.)
    return t.to(
    C:\Users\fbrev\Documents\Acadêmico\Simulações\Python\NoisyGL\predictor\Base_Predictor.py:144: UserWarning: Sparse CSR tensor support is in beta state. If you miss a functionality in the sparse tensor support, please submit a feature request to https://github.com/pytorch/pytorch/issues. (Triggered internally at ..\aten\src\ATen\SparseCsrTensorImpl.cpp:55.)
    self.adj_csr = self.adj.to_sparse_csr().to(self.device)
[I 2026-05-02 20:36:50,014] Trial 3 finished with value: 0.445 and parameters: {'lr': 0.01, 'weight_decay': 0.05, 'n_hidden': 256, 'n_layer': 3, 'dropout': 0.5786557322614658}. Best is trial 1 with value: 0.795.
    [CPU] Loading amazonpho...
    DEBUG 3.1: Dataset init start
    DEBUG 3.2: prepare_data start amazonpho
    ----Data statistics------'
    Name: amazonpho
    #Nodes 7650
    #Edges 119081
    #Classes 8
    #Ave_degree 31.13
    ----Split statistics------'
    #Train samples 160 (20 nodes per class)
    #Val samples 500 (specified)
    #Test samples 1000 (specified)
    ----label noise information:------
    Instance dependent noise
    #Actual noise rate 0.40
    [cuda:1] Waiting for GPU slot...
    [cuda:1] Slot acquired (waited 120.5s). Training...
    FINAL_RESULT: {'acc': {'train': 0.625, 'valid': 0.508, 'test': 0.787}, 'wall_s': 61.75, 'cpu_s': 0.01, 'gpu_s': 61.61, 'wait_s': 120.49}
    [Time] wall=61.7s | cpu=0.0s | gpu=61.6s
    C:\Users\fbrev\anaconda3\envs\noisygl\Lib\site-packages\torch\nn\modules\module.py:1159: UserWarning: expandable_segments not supported on this platform (Triggered internally at ..\c10/cuda/CUDAAllocatorConfig.h:28.)
    return t.to(
    C:\Users\fbrev\Documents\Acadêmico\Simulações\Python\NoisyGL\predictor\Base_Predictor.py:144: UserWarning: Sparse CSR tensor support is in beta state. If you miss a functionality in the sparse tensor support, please submit a feature request to https://github.com/pytorch/pytorch/issues. (Triggered internally at ..\aten\src\ATen\SparseCsrTensorImpl.cpp:55.)
    self.adj_csr = self.adj.to_sparse_csr().to(self.device)
[I 2026-05-02 20:39:56,701] Trial 4 finished with value: 0.787 and parameters: {'lr': 0.005, 'weight_decay': 0.0001, 'n_hidden': 32, 'n_layer': 2, 'dropout': 0.07508149509583628}. Best is trial 1 with value: 0.795.
    [CPU] Loading amazonpho...
    DEBUG 3.1: Dataset init start
    DEBUG 3.2: prepare_data start amazonpho
    ----Data statistics------'
    Name: amazonpho
    #Nodes 7650
    #Edges 119081
    #Classes 8
    #Ave_degree 31.13
    ----Split statistics------'
    #Train samples 160 (20 nodes per class)
    #Val samples 500 (specified)
    #Test samples 1000 (specified)
    ----label noise information:------
    Instance dependent noise
    #Actual noise rate 0.40
    [cuda:1] Waiting for GPU slot...
    [cuda:1] Slot acquired (waited 119.7s). Training...
    FINAL_RESULT: {'acc': {'train': 0.175, 'valid': 0.266, 'test': 0.308}, 'wall_s': 63.84, 'cpu_s': 0.02, 'gpu_s': 63.69, 'wait_s': 119.73}
    [Time] wall=63.8s | cpu=0.0s | gpu=63.7s
    C:\Users\fbrev\anaconda3\envs\noisygl\Lib\site-packages\torch\nn\modules\module.py:1159: UserWarning: expandable_segments not supported on this platform (Triggered internally at ..\c10/cuda/CUDAAllocatorConfig.h:28.)
    return t.to(
    C:\Users\fbrev\Documents\Acadêmico\Simulações\Python\NoisyGL\predictor\Base_Predictor.py:144: UserWarning: Sparse CSR tensor support is in beta state. If you miss a functionality in the sparse tensor support, please submit a feature request to https://github.com/pytorch/pytorch/issues. (Triggered internally at ..\aten\src\ATen\SparseCsrTensorImpl.cpp:55.)
    self.adj_csr = self.adj.to_sparse_csr().to(self.device)
[I 2026-05-02 20:43:04,878] Trial 5 finished with value: 0.308 and parameters: {'lr': 0.05, 'weight_decay': 0.001, 'n_hidden': 64, 'n_layer': 3, 'dropout': 0.09930564498655947}. Best is trial 1 with value: 0.795.
    [CPU] Loading amazonpho...
    DEBUG 3.1: Dataset init start
    DEBUG 3.2: prepare_data start amazonpho
    ----Data statistics------'
    Name: amazonpho
    #Nodes 7650
    #Edges 119081
    #Classes 8
    #Ave_degree 31.13
    ----Split statistics------'
    #Train samples 160 (20 nodes per class)
    #Val samples 500 (specified)
    #Test samples 1000 (specified)
    ----label noise information:------
    Instance dependent noise
    #Actual noise rate 0.40
    [cuda:1] Waiting for GPU slot...
    [cuda:1] Slot acquired (waited 120.2s). Training...
    FINAL_RESULT: {'acc': {'train': 0.175, 'valid': 0.242, 'test': 0.254}, 'wall_s': 62.18, 'cpu_s': 0.02, 'gpu_s': 62.04, 'wait_s': 120.17}
    [Time] wall=62.2s | cpu=0.0s | gpu=62.0s
    C:\Users\fbrev\anaconda3\envs\noisygl\Lib\site-packages\torch\nn\modules\module.py:1159: UserWarning: expandable_segments not supported on this platform (Triggered internally at ..\c10/cuda/CUDAAllocatorConfig.h:28.)
    return t.to(
    C:\Users\fbrev\Documents\Acadêmico\Simulações\Python\NoisyGL\predictor\Base_Predictor.py:144: UserWarning: Sparse CSR tensor support is in beta state. If you miss a functionality in the sparse tensor support, please submit a feature request to https://github.com/pytorch/pytorch/issues. (Triggered internally at ..\aten\src\ATen\SparseCsrTensorImpl.cpp:55.)
    self.adj_csr = self.adj.to_sparse_csr().to(self.device)
[I 2026-05-02 20:46:11,782] Trial 6 finished with value: 0.254 and parameters: {'lr': 0.1, 'weight_decay': 0.0, 'n_hidden': 32, 'n_layer': 2, 'dropout': 0.09373323115528631}. Best is trial 1 with value: 0.795.
    [CPU] Loading amazonpho...
    DEBUG 3.1: Dataset init start
    DEBUG 3.2: prepare_data start amazonpho
    ----Data statistics------'
    Name: amazonpho
    #Nodes 7650
    #Edges 119081
    #Classes 8
    #Ave_degree 31.13
    ----Split statistics------'
    #Train samples 160 (20 nodes per class)
    #Val samples 500 (specified)
    #Test samples 1000 (specified)
    ----label noise information:------
    Instance dependent noise
    #Actual noise rate 0.40
    [cuda:1] Waiting for GPU slot...
    [cuda:1] Slot acquired (waited 246.0s). Training...
    FINAL_RESULT: {'acc': {'train': 0.5875, 'valid': 0.514, 'test': 0.83}, 'wall_s': 67.08, 'cpu_s': 0.01, 'gpu_s': 66.92, 'wait_s': 245.98}
    [Time] wall=67.1s | cpu=0.0s | gpu=66.9s
    C:\Users\fbrev\anaconda3\envs\noisygl\Lib\site-packages\torch\nn\modules\module.py:1159: UserWarning: expandable_segments not supported on this platform (Triggered internally at ..\c10/cuda/CUDAAllocatorConfig.h:28.)
    return t.to(
    C:\Users\fbrev\Documents\Acadêmico\Simulações\Python\NoisyGL\predictor\Base_Predictor.py:144: UserWarning: Sparse CSR tensor support is in beta state. If you miss a functionality in the sparse tensor support, please submit a feature request to https://github.com/pytorch/pytorch/issues. (Triggered internally at ..\aten\src\ATen\SparseCsrTensorImpl.cpp:55.)
    self.adj_csr = self.adj.to_sparse_csr().to(self.device)
[I 2026-05-02 20:51:29,299] Trial 7 finished with value: 0.83 and parameters: {'lr': 0.01, 'weight_decay': 0.01, 'n_hidden': 256, 'n_layer': 2, 'dropout': 0.7119280001227948}. Best is trial 7 with value: 0.83.
    [CPU] Loading amazonpho...
    DEBUG 3.1: Dataset init start
    DEBUG 3.2: prepare_data start amazonpho
    ----Data statistics------'
    Name: amazonpho
    #Nodes 7650
    #Edges 119081
    #Classes 8
    #Ave_degree 31.13
    ----Split statistics------'
    #Train samples 160 (20 nodes per class)
    #Val samples 500 (specified)
    #Test samples 1000 (specified)
    ----label noise information:------
    Instance dependent noise
    #Actual noise rate 0.40
    [cuda:1] Waiting for GPU slot...
    [cuda:1] Slot acquired (waited 494.8s). Training...
    FINAL_RESULT: {'acc': {'train': 0.175, 'valid': 0.288, 'test': 0.349}, 'wall_s': 64.92, 'cpu_s': 0.02, 'gpu_s': 64.76, 'wait_s': 494.8}
    [Time] wall=64.9s | cpu=0.0s | gpu=64.8s
    C:\Users\fbrev\anaconda3\envs\noisygl\Lib\site-packages\torch\nn\modules\module.py:1159: UserWarning: expandable_segments not supported on this platform (Triggered internally at ..\c10/cuda/CUDAAllocatorConfig.h:28.)
    return t.to(
    C:\Users\fbrev\Documents\Acadêmico\Simulações\Python\NoisyGL\predictor\Base_Predictor.py:144: UserWarning: Sparse CSR tensor support is in beta state. If you miss a functionality in the sparse tensor support, please submit a feature request to https://github.com/pytorch/pytorch/issues. (Triggered internally at ..\aten\src\ATen\SparseCsrTensorImpl.cpp:55.)
    self.adj_csr = self.adj.to_sparse_csr().to(self.device)
[I 2026-05-02 21:00:53,443] Trial 8 finished with value: 0.349 and parameters: {'lr': 0.1, 'weight_decay': 0.01, 'n_hidden': 64, 'n_layer': 3, 'dropout': 0.3548578032144484}. Best is trial 7 with value: 0.83.
    [CPU] Loading amazonpho...
    DEBUG 3.1: Dataset init start
    DEBUG 3.2: prepare_data start amazonpho
    ----Data statistics------'
    Name: amazonpho
    #Nodes 7650
    #Edges 119081
    #Classes 8
    #Ave_degree 31.13
    ----Split statistics------'
    #Train samples 160 (20 nodes per class)
    #Val samples 500 (specified)
    #Test samples 1000 (specified)
    ----label noise information:------
    Instance dependent noise
    #Actual noise rate 0.40
    [cuda:1] Waiting for GPU slot...
    [cuda:1] Slot acquired (waited 198.6s). Training...
    FINAL_RESULT: {'acc': {'train': 0.13125, 'valid': 0.242, 'test': 0.254}, 'wall_s': 329.31, 'cpu_s': 0.02, 'gpu_s': 329.12, 'wait_s': 198.61}
    [Time] wall=329.3s | cpu=0.0s | gpu=329.1s
    C:\Users\fbrev\anaconda3\envs\noisygl\Lib\site-packages\torch\nn\modules\module.py:1159: UserWarning: expandable_segments not supported on this platform (Triggered internally at ..\c10/cuda/CUDAAllocatorConfig.h:28.)
    return t.to(
    C:\Users\fbrev\Documents\Acadêmico\Simulações\Python\NoisyGL\predictor\Base_Predictor.py:144: UserWarning: Sparse CSR tensor support is in beta state. If you miss a functionality in the sparse tensor support, please submit a feature request to https://github.com/pytorch/pytorch/issues. (Triggered internally at ..\aten\src\ATen\SparseCsrTensorImpl.cpp:55.)
    self.adj_csr = self.adj.to_sparse_csr().to(self.device)
[I 2026-05-02 21:09:46,396] Trial 9 finished with value: 0.254 and parameters: {'lr': 0.05, 'weight_decay': 0.001, 'n_hidden': 256, 'n_layer': 3, 'dropout': 0.7809598318606613}. Best is trial 7 with value: 0.83.
    [CPU] Loading amazonpho...
    DEBUG 3.1: Dataset init start
    DEBUG 3.2: prepare_data start amazonpho
    ----Data statistics------'
    Name: amazonpho
    #Nodes 7650
    #Edges 119081
    #Classes 8
    #Ave_degree 31.13
    ----Split statistics------'
    #Train samples 160 (20 nodes per class)
    #Val samples 500 (specified)
    #Test samples 1000 (specified)
    ----label noise information:------
    Instance dependent noise
    #Actual noise rate 0.40
    [cuda:1] Waiting for GPU slot...
    [cuda:1] Slot acquired (waited 259.5s). Training...
    FINAL_RESULT: {'acc': {'train': 0.4, 'valid': 0.41, 'test': 0.631}, 'wall_s': 64.71, 'cpu_s': 0.02, 'gpu_s': 64.55, 'wait_s': 259.46}
    [Time] wall=64.7s | cpu=0.0s | gpu=64.6s
    C:\Users\fbrev\anaconda3\envs\noisygl\Lib\site-packages\torch\nn\modules\module.py:1159: UserWarning: expandable_segments not supported on this platform (Triggered internally at ..\c10/cuda/CUDAAllocatorConfig.h:28.)
    return t.to(
    C:\Users\fbrev\Documents\Acadêmico\Simulações\Python\NoisyGL\predictor\Base_Predictor.py:144: UserWarning: Sparse CSR tensor support is in beta state. If you miss a functionality in the sparse tensor support, please submit a feature request to https://github.com/pytorch/pytorch/issues. (Triggered internally at ..\aten\src\ATen\SparseCsrTensorImpl.cpp:55.)
    self.adj_csr = self.adj.to_sparse_csr().to(self.device)
[I 2026-05-02 21:15:15,327] Trial 10 finished with value: 0.631 and parameters: {'lr': 0.01, 'weight_decay': 0.05, 'n_hidden': 32, 'n_layer': 3, 'dropout': 0.5806266532361771}. Best is trial 7 with value: 0.83.
    [CPU] Loading amazonpho...
    DEBUG 3.1: Dataset init start
    DEBUG 3.2: prepare_data start amazonpho
    ----Data statistics------'
    Name: amazonpho
    #Nodes 7650
    #Edges 119081
    #Classes 8
    #Ave_degree 31.13
    ----Split statistics------'
    #Train samples 160 (20 nodes per class)
    #Val samples 500 (specified)
    #Test samples 1000 (specified)
    ----label noise information:------
    Instance dependent noise
    #Actual noise rate 0.40
    [cuda:1] Waiting for GPU slot...
    [cuda:1] Slot acquired (waited 126.8s). Training...
    FINAL_RESULT: {'acc': {'train': 0.58125, 'valid': 0.524, 'test': 0.816}, 'wall_s': 65.62, 'cpu_s': 0.02, 'gpu_s': 65.46, 'wait_s': 126.76}
    [Time] wall=65.6s | cpu=0.0s | gpu=65.5s
    C:\Users\fbrev\anaconda3\envs\noisygl\Lib\site-packages\torch\nn\modules\module.py:1159: UserWarning: expandable_segments not supported on this platform (Triggered internally at ..\c10/cuda/CUDAAllocatorConfig.h:28.)
    return t.to(
    C:\Users\fbrev\Documents\Acadêmico\Simulações\Python\NoisyGL\predictor\Base_Predictor.py:144: UserWarning: Sparse CSR tensor support is in beta state. If you miss a functionality in the sparse tensor support, please submit a feature request to https://github.com/pytorch/pytorch/issues. (Triggered internally at ..\aten\src\ATen\SparseCsrTensorImpl.cpp:55.)
    self.adj_csr = self.adj.to_sparse_csr().to(self.device)
[I 2026-05-02 21:18:32,684] Trial 11 finished with value: 0.816 and parameters: {'lr': 0.005, 'weight_decay': 0.001, 'n_hidden': 128, 'n_layer': 2, 'dropout': 0.5379347171481054}. Best is trial 7 with value: 0.83.
    [CPU] Loading amazonpho...
    DEBUG 3.1: Dataset init start
    DEBUG 3.2: prepare_data start amazonpho
    ----Data statistics------'
    Name: amazonpho
    #Nodes 7650
    #Edges 119081
    #Classes 8
    #Ave_degree 31.13
    ----Split statistics------'
    #Train samples 160 (20 nodes per class)
    #Val samples 500 (specified)
    #Test samples 1000 (specified)
    ----label noise information:------
    Instance dependent noise
    #Actual noise rate 0.40
    [cuda:1] Waiting for GPU slot...
    [cuda:1] Slot acquired (waited 189.6s). Training...
    FINAL_RESULT: {'acc': {'train': 0.61875, 'valid': 0.496, 'test': 0.775}, 'wall_s': 71.08, 'cpu_s': 0.02, 'gpu_s': 70.91, 'wait_s': 189.6}
    [Time] wall=71.1s | cpu=0.0s | gpu=70.9s
    C:\Users\fbrev\anaconda3\envs\noisygl\Lib\site-packages\torch\nn\modules\module.py:1159: UserWarning: expandable_segments not supported on this platform (Triggered internally at ..\c10/cuda/CUDAAllocatorConfig.h:28.)
    return t.to(
    C:\Users\fbrev\Documents\Acadêmico\Simulações\Python\NoisyGL\predictor\Base_Predictor.py:144: UserWarning: Sparse CSR tensor support is in beta state. If you miss a functionality in the sparse tensor support, please submit a feature request to https://github.com/pytorch/pytorch/issues. (Triggered internally at ..\aten\src\ATen\SparseCsrTensorImpl.cpp:55.)
    self.adj_csr = self.adj.to_sparse_csr().to(self.device)
[I 2026-05-02 21:22:58,168] Trial 12 finished with value: 0.775 and parameters: {'lr': 0.01, 'weight_decay': 0.001, 'n_hidden': 256, 'n_layer': 3, 'dropout': 0.635511754149985}. Best is trial 7 with value: 0.83.
    [CPU] Loading amazonpho...
    DEBUG 3.1: Dataset init start
    DEBUG 3.2: prepare_data start amazonpho
    ----Data statistics------'
    Name: amazonpho
    #Nodes 7650
    #Edges 119081
    #Classes 8
    #Ave_degree 31.13
    ----Split statistics------'
    #Train samples 160 (20 nodes per class)
    #Val samples 500 (specified)
    #Test samples 1000 (specified)
    ----label noise information:------
    Instance dependent noise
    #Actual noise rate 0.40
    [cuda:1] Waiting for GPU slot...
    [cuda:1] Slot acquired (waited 56.7s). Training...
    FINAL_RESULT: {'acc': {'train': 0.16875, 'valid': 0.258, 'test': 0.278}, 'wall_s': 64.25, 'cpu_s': 0.02, 'gpu_s': 64.1, 'wait_s': 56.71}
    [Time] wall=64.3s | cpu=0.0s | gpu=64.1s
    C:\Users\fbrev\anaconda3\envs\noisygl\Lib\site-packages\torch\nn\modules\module.py:1159: UserWarning: expandable_segments not supported on this platform (Triggered internally at ..\c10/cuda/CUDAAllocatorConfig.h:28.)
    return t.to(
    C:\Users\fbrev\Documents\Acadêmico\Simulações\Python\NoisyGL\predictor\Base_Predictor.py:144: UserWarning: Sparse CSR tensor support is in beta state. If you miss a functionality in the sparse tensor support, please submit a feature request to https://github.com/pytorch/pytorch/issues. (Triggered internally at ..\aten\src\ATen\SparseCsrTensorImpl.cpp:55.)
    self.adj_csr = self.adj.to_sparse_csr().to(self.device)
[I 2026-05-02 21:25:03,916] Trial 13 finished with value: 0.278 and parameters: {'lr': 0.1, 'weight_decay': 0.001, 'n_hidden': 64, 'n_layer': 3, 'dropout': 0.207466653853938}. Best is trial 7 with value: 0.83.
    [CPU] Loading amazonpho...
    DEBUG 3.1: Dataset init start
    DEBUG 3.2: prepare_data start amazonpho
    ----Data statistics------'
    Name: amazonpho
    #Nodes 7650
    #Edges 119081
    #Classes 8
    #Ave_degree 31.13
    ----Split statistics------'
    #Train samples 160 (20 nodes per class)
    #Val samples 500 (specified)
    #Test samples 1000 (specified)
    ----label noise information:------
    Instance dependent noise
    #Actual noise rate 0.40
    [cuda:1] Waiting for GPU slot...
    [cuda:1] Slot acquired (waited 393.0s). Training...
    FINAL_RESULT: {'acc': {'train': 0.625, 'valid': 0.512, 'test': 0.775}, 'wall_s': 70.38, 'cpu_s': 0.02, 'gpu_s': 70.22, 'wait_s': 393.04}
    [Time] wall=70.4s | cpu=0.0s | gpu=70.2s
    C:\Users\fbrev\anaconda3\envs\noisygl\Lib\site-packages\torch\nn\modules\module.py:1159: UserWarning: expandable_segments not supported on this platform (Triggered internally at ..\c10/cuda/CUDAAllocatorConfig.h:28.)
    return t.to(
    C:\Users\fbrev\Documents\Acadêmico\Simulações\Python\NoisyGL\predictor\Base_Predictor.py:144: UserWarning: Sparse CSR tensor support is in beta state. If you miss a functionality in the sparse tensor support, please submit a feature request to https://github.com/pytorch/pytorch/issues. (Triggered internally at ..\aten\src\ATen\SparseCsrTensorImpl.cpp:55.)
    self.adj_csr = self.adj.to_sparse_csr().to(self.device)
[I 2026-05-02 21:32:52,146] Trial 14 finished with value: 0.775 and parameters: {'lr': 0.01, 'weight_decay': 0.01, 'n_hidden': 256, 'n_layer': 3, 'dropout': 0.1828108166669182}. Best is trial 7 with value: 0.83.
    [CPU] Loading amazonpho...
    DEBUG 3.1: Dataset init start
    DEBUG 3.2: prepare_data start amazonpho
    ----Data statistics------'
    Name: amazonpho
    #Nodes 7650
    #Edges 119081
    #Classes 8
    #Ave_degree 31.13
    ----Split statistics------'
    #Train samples 160 (20 nodes per class)
    #Val samples 500 (specified)
    #Test samples 1000 (specified)
    ----label noise information:------
    Instance dependent noise
    #Actual noise rate 0.40
    [cuda:1] Waiting for GPU slot...
    [cuda:1] Slot acquired (waited 59.2s). Training...
    FINAL_RESULT: {'acc': {'train': 0.575, 'valid': 0.502, 'test': 0.792}, 'wall_s': 61.52, 'cpu_s': 0.01, 'gpu_s': 61.39, 'wait_s': 59.15}
    [Time] wall=61.5s | cpu=0.0s | gpu=61.4s
    C:\Users\fbrev\anaconda3\envs\noisygl\Lib\site-packages\torch\nn\modules\module.py:1159: UserWarning: expandable_segments not supported on this platform (Triggered internally at ..\c10/cuda/CUDAAllocatorConfig.h:28.)
    return t.to(
    C:\Users\fbrev\Documents\Acadêmico\Simulações\Python\NoisyGL\predictor\Base_Predictor.py:144: UserWarning: Sparse CSR tensor support is in beta state. If you miss a functionality in the sparse tensor support, please submit a feature request to https://github.com/pytorch/pytorch/issues. (Triggered internally at ..\aten\src\ATen\SparseCsrTensorImpl.cpp:55.)
    self.adj_csr = self.adj.to_sparse_csr().to(self.device)
[I 2026-05-02 21:34:57,224] Trial 15 finished with value: 0.792 and parameters: {'lr': 0.01, 'weight_decay': 0.0, 'n_hidden': 32, 'n_layer': 2, 'dropout': 0.23409341233273315}. Best is trial 7 with value: 0.83.
    [CPU] Loading amazonpho...
    DEBUG 3.1: Dataset init start
    DEBUG 3.2: prepare_data start amazonpho
    ----Data statistics------'
    Name: amazonpho
    #Nodes 7650
    #Edges 119081
    #Classes 8
    #Ave_degree 31.13
    ----Split statistics------'
    #Train samples 160 (20 nodes per class)
    #Val samples 500 (specified)
    #Test samples 1000 (specified)
    ----label noise information:------
    Instance dependent noise
    #Actual noise rate 0.40
    [cuda:1] Waiting for GPU slot...
    [cuda:1] Slot acquired (waited 120.7s). Training...
    FINAL_RESULT: {'acc': {'train': 0.14375, 'valid': 0.242, 'test': 0.254}, 'wall_s': 61.98, 'cpu_s': 0.02, 'gpu_s': 61.84, 'wait_s': 120.65}
    [Time] wall=62.0s | cpu=0.0s | gpu=61.8s
    C:\Users\fbrev\anaconda3\envs\noisygl\Lib\site-packages\torch\nn\modules\module.py:1159: UserWarning: expandable_segments not supported on this platform (Triggered internally at ..\c10/cuda/CUDAAllocatorConfig.h:28.)
    return t.to(
    C:\Users\fbrev\Documents\Acadêmico\Simulações\Python\NoisyGL\predictor\Base_Predictor.py:144: UserWarning: Sparse CSR tensor support is in beta state. If you miss a functionality in the sparse tensor support, please submit a feature request to https://github.com/pytorch/pytorch/issues. (Triggered internally at ..\aten\src\ATen\SparseCsrTensorImpl.cpp:55.)
    self.adj_csr = self.adj.to_sparse_csr().to(self.device)
[I 2026-05-02 21:38:04,328] Trial 16 finished with value: 0.254 and parameters: {'lr': 0.05, 'weight_decay': 0.0, 'n_hidden': 32, 'n_layer': 2, 'dropout': 0.45888662461078084}. Best is trial 7 with value: 0.83.
    [CPU] Loading amazonpho...
    DEBUG 3.1: Dataset init start
    DEBUG 3.2: prepare_data start amazonpho
    ----Data statistics------'
    Name: amazonpho
    #Nodes 7650
    #Edges 119081
    #Classes 8
    #Ave_degree 31.13
    ----Split statistics------'
    #Train samples 160 (20 nodes per class)
    #Val samples 500 (specified)
    #Test samples 1000 (specified)
    ----label noise information:------
    Instance dependent noise
    #Actual noise rate 0.40
    [cuda:1] Waiting for GPU slot...
    [cuda:1] Slot acquired (waited 182.9s). Training...
    FINAL_RESULT: {'acc': {'train': 0.55625, 'valid': 0.496, 'test': 0.786}, 'wall_s': 65.55, 'cpu_s': 0.02, 'gpu_s': 65.41, 'wait_s': 182.85}
    [Time] wall=65.5s | cpu=0.0s | gpu=65.4s
    C:\Users\fbrev\anaconda3\envs\noisygl\Lib\site-packages\torch\nn\modules\module.py:1159: UserWarning: expandable_segments not supported on this platform (Triggered internally at ..\c10/cuda/CUDAAllocatorConfig.h:28.)
    return t.to(
    C:\Users\fbrev\Documents\Acadêmico\Simulações\Python\NoisyGL\predictor\Base_Predictor.py:144: UserWarning: Sparse CSR tensor support is in beta state. If you miss a functionality in the sparse tensor support, please submit a feature request to https://github.com/pytorch/pytorch/issues. (Triggered internally at ..\aten\src\ATen\SparseCsrTensorImpl.cpp:55.)
    self.adj_csr = self.adj.to_sparse_csr().to(self.device)
[I 2026-05-02 21:42:17,169] Trial 17 finished with value: 0.786 and parameters: {'lr': 0.005, 'weight_decay': 0.05, 'n_hidden': 256, 'n_layer': 2, 'dropout': 0.7447268868193283}. Best is trial 7 with value: 0.83.
    [CPU] Loading amazonpho...
    DEBUG 3.1: Dataset init start
    DEBUG 3.2: prepare_data start amazonpho
    ----Data statistics------'
    Name: amazonpho
    #Nodes 7650
    #Edges 119081
    #Classes 8
    #Ave_degree 31.13
    ----Split statistics------'
    #Train samples 160 (20 nodes per class)
    #Val samples 500 (specified)
    #Test samples 1000 (specified)
    ----label noise information:------
    Instance dependent noise
    #Actual noise rate 0.40
    [cuda:1] Waiting for GPU slot...
    [cuda:1] Slot acquired (waited 57.4s). Training...
    FINAL_RESULT: {'acc': {'train': 0.6, 'valid': 0.504, 'test': 0.817}, 'wall_s': 63.84, 'cpu_s': 0.02, 'gpu_s': 63.69, 'wait_s': 57.37}
    [Time] wall=63.8s | cpu=0.0s | gpu=63.7s
    C:\Users\fbrev\anaconda3\envs\noisygl\Lib\site-packages\torch\nn\modules\module.py:1159: UserWarning: expandable_segments not supported on this platform (Triggered internally at ..\c10/cuda/CUDAAllocatorConfig.h:28.)
    return t.to(
    C:\Users\fbrev\Documents\Acadêmico\Simulações\Python\NoisyGL\predictor\Base_Predictor.py:144: UserWarning: Sparse CSR tensor support is in beta state. If you miss a functionality in the sparse tensor support, please submit a feature request to https://github.com/pytorch/pytorch/issues. (Triggered internally at ..\aten\src\ATen\SparseCsrTensorImpl.cpp:55.)
    self.adj_csr = self.adj.to_sparse_csr().to(self.device)
[I 2026-05-02 21:44:22,929] Trial 18 finished with value: 0.817 and parameters: {'lr': 0.001, 'weight_decay': 0.001, 'n_hidden': 128, 'n_layer': 2, 'dropout': 0.22322682218893003}. Best is trial 7 with value: 0.83.
    [CPU] Loading amazonpho...
    DEBUG 3.1: Dataset init start
    DEBUG 3.2: prepare_data start amazonpho
    ----Data statistics------'
    Name: amazonpho
    #Nodes 7650
    #Edges 119081
    #Classes 8
    #Ave_degree 31.13
    ----Split statistics------'
    #Train samples 160 (20 nodes per class)
    #Val samples 500 (specified)
    #Test samples 1000 (specified)
    ----label noise information:------
    Instance dependent noise
    #Actual noise rate 0.40
    [cuda:1] Waiting for GPU slot...
    [cuda:1] Slot acquired (waited 246.3s). Training...
    FINAL_RESULT: {'acc': {'train': 0.1875, 'valid': 0.26, 'test': 0.289}, 'wall_s': 70.72, 'cpu_s': 0.02, 'gpu_s': 70.56, 'wait_s': 246.34}
    [Time] wall=70.7s | cpu=0.0s | gpu=70.6s
    C:\Users\fbrev\anaconda3\envs\noisygl\Lib\site-packages\torch\nn\modules\module.py:1159: UserWarning: expandable_segments not supported on this platform (Triggered internally at ..\c10/cuda/CUDAAllocatorConfig.h:28.)
    return t.to(
    C:\Users\fbrev\Documents\Acadêmico\Simulações\Python\NoisyGL\predictor\Base_Predictor.py:144: UserWarning: Sparse CSR tensor support is in beta state. If you miss a functionality in the sparse tensor support, please submit a feature request to https://github.com/pytorch/pytorch/issues. (Triggered internally at ..\aten\src\ATen\SparseCsrTensorImpl.cpp:55.)
    self.adj_csr = self.adj.to_sparse_csr().to(self.device)
[I 2026-05-02 21:49:44,668] Trial 19 finished with value: 0.289 and parameters: {'lr': 0.05, 'weight_decay': 0.001, 'n_hidden': 256, 'n_layer': 3, 'dropout': 0.17721069639697193}. Best is trial 7 with value: 0.83.
    [CPU] Loading amazonpho...
    DEBUG 3.1: Dataset init start
    DEBUG 3.2: prepare_data start amazonpho
    ----Data statistics------'
    Name: amazonpho
    #Nodes 7650
    #Edges 119081
    #Classes 8
    #Ave_degree 31.13
    ----Split statistics------'
    #Train samples 160 (20 nodes per class)
    #Val samples 500 (specified)
    #Test samples 1000 (specified)
    ----label noise information:------
    Instance dependent noise
    #Actual noise rate 0.40
    [cuda:1] Waiting for GPU slot...
    [cuda:1] Slot acquired (waited 126.3s). Training...
    FINAL_RESULT: {'acc': {'train': 0.6, 'valid': 0.516, 'test': 0.837}, 'wall_s': 64.7, 'cpu_s': 0.02, 'gpu_s': 64.54, 'wait_s': 126.29}
    [Time] wall=64.7s | cpu=0.0s | gpu=64.5s
    C:\Users\fbrev\anaconda3\envs\noisygl\Lib\site-packages\torch\nn\modules\module.py:1159: UserWarning: expandable_segments not supported on this platform (Triggered internally at ..\c10/cuda/CUDAAllocatorConfig.h:28.)
    return t.to(
    C:\Users\fbrev\Documents\Acadêmico\Simulações\Python\NoisyGL\predictor\Base_Predictor.py:144: UserWarning: Sparse CSR tensor support is in beta state. If you miss a functionality in the sparse tensor support, please submit a feature request to https://github.com/pytorch/pytorch/issues. (Triggered internally at ..\aten\src\ATen\SparseCsrTensorImpl.cpp:55.)
    self.adj_csr = self.adj.to_sparse_csr().to(self.device)
[I 2026-05-02 21:53:00,240] Trial 20 finished with value: 0.837 and parameters: {'lr': 0.001, 'weight_decay': 0.01, 'n_hidden': 128, 'n_layer': 2, 'dropout': 0.32577141867308357}. Best is trial 20 with value: 0.837.
    [CPU] Loading amazonpho...
    DEBUG 3.1: Dataset init start
    DEBUG 3.2: prepare_data start amazonpho
    ----Data statistics------'
    Name: amazonpho
    #Nodes 7650
    #Edges 119081
    #Classes 8
    #Ave_degree 31.13
    ----Split statistics------'
    #Train samples 160 (20 nodes per class)
    #Val samples 500 (specified)
    #Test samples 1000 (specified)
    ----label noise information:------
    Instance dependent noise
    #Actual noise rate 0.40
    [cuda:1] Waiting for GPU slot...
    [cuda:1] Slot acquired (waited 57.7s). Training...
    FINAL_RESULT: {'acc': {'train': 0.6125, 'valid': 0.522, 'test': 0.836}, 'wall_s': 63.58, 'cpu_s': 0.02, 'gpu_s': 63.41, 'wait_s': 57.69}
    [Time] wall=63.6s | cpu=0.0s | gpu=63.4s
    C:\Users\fbrev\anaconda3\envs\noisygl\Lib\site-packages\torch\nn\modules\module.py:1159: UserWarning: expandable_segments not supported on this platform (Triggered internally at ..\c10/cuda/CUDAAllocatorConfig.h:28.)
    return t.to(
    C:\Users\fbrev\Documents\Acadêmico\Simulações\Python\NoisyGL\predictor\Base_Predictor.py:144: UserWarning: Sparse CSR tensor support is in beta state. If you miss a functionality in the sparse tensor support, please submit a feature request to https://github.com/pytorch/pytorch/issues. (Triggered internally at ..\aten\src\ATen\SparseCsrTensorImpl.cpp:55.)
    self.adj_csr = self.adj.to_sparse_csr().to(self.device)
[I 2026-05-02 21:55:06,007] Trial 21 finished with value: 0.836 and parameters: {'lr': 0.001, 'weight_decay': 0.01, 'n_hidden': 128, 'n_layer': 2, 'dropout': 0.35083774605491375}. Best is trial 20 with value: 0.837.
    [CPU] Loading amazonpho...
    DEBUG 3.1: Dataset init start
    DEBUG 3.2: prepare_data start amazonpho
    ----Data statistics------'
    Name: amazonpho
    #Nodes 7650
    #Edges 119081
    #Classes 8
    #Ave_degree 31.13
    ----Split statistics------'
    #Train samples 160 (20 nodes per class)
    #Val samples 500 (specified)
    #Test samples 1000 (specified)
    ----label noise information:------
    Instance dependent noise
    #Actual noise rate 0.40
    [cuda:1] Waiting for GPU slot...
    [cuda:1] Slot acquired (waited 122.0s). Training...
    FINAL_RESULT: {'acc': {'train': 0.61875, 'valid': 0.522, 'test': 0.837}, 'wall_s': 62.99, 'cpu_s': 0.01, 'gpu_s': 62.85, 'wait_s': 122.04}
    [Time] wall=63.0s | cpu=0.0s | gpu=62.8s
    C:\Users\fbrev\anaconda3\envs\noisygl\Lib\site-packages\torch\nn\modules\module.py:1159: UserWarning: expandable_segments not supported on this platform (Triggered internally at ..\c10/cuda/CUDAAllocatorConfig.h:28.)
    return t.to(
    C:\Users\fbrev\Documents\Acadêmico\Simulações\Python\NoisyGL\predictor\Base_Predictor.py:144: UserWarning: Sparse CSR tensor support is in beta state. If you miss a functionality in the sparse tensor support, please submit a feature request to https://github.com/pytorch/pytorch/issues. (Triggered internally at ..\aten\src\ATen\SparseCsrTensorImpl.cpp:55.)
    self.adj_csr = self.adj.to_sparse_csr().to(self.device)
[I 2026-05-02 21:58:15,615] Trial 22 finished with value: 0.837 and parameters: {'lr': 0.001, 'weight_decay': 0.01, 'n_hidden': 128, 'n_layer': 2, 'dropout': 0.34860151455480637}. Best is trial 20 with value: 0.837.
    [CPU] Loading amazonpho...
    DEBUG 3.1: Dataset init start
    DEBUG 3.2: prepare_data start amazonpho
    ----Data statistics------'
    Name: amazonpho
    #Nodes 7650
    #Edges 119081
    #Classes 8
    #Ave_degree 31.13
    ----Split statistics------'
    #Train samples 160 (20 nodes per class)
    #Val samples 500 (specified)
    #Test samples 1000 (specified)
    ----label noise information:------
    Instance dependent noise
    #Actual noise rate 0.40
    [cuda:1] Waiting for GPU slot...
    [cuda:1] Slot acquired (waited 746.9s). Training...
    FINAL_RESULT: {'acc': {'train': 0.6375, 'valid': 0.518, 'test': 0.835}, 'wall_s': 63.36, 'cpu_s': 0.02, 'gpu_s': 63.21, 'wait_s': 746.92}
    [Time] wall=63.4s | cpu=0.0s | gpu=63.2s
    C:\Users\fbrev\anaconda3\envs\noisygl\Lib\site-packages\torch\nn\modules\module.py:1159: UserWarning: expandable_segments not supported on this platform (Triggered internally at ..\c10/cuda/CUDAAllocatorConfig.h:28.)
    return t.to(
    C:\Users\fbrev\Documents\Acadêmico\Simulações\Python\NoisyGL\predictor\Base_Predictor.py:144: UserWarning: Sparse CSR tensor support is in beta state. If you miss a functionality in the sparse tensor support, please submit a feature request to https://github.com/pytorch/pytorch/issues. (Triggered internally at ..\aten\src\ATen\SparseCsrTensorImpl.cpp:55.)
    self.adj_csr = self.adj.to_sparse_csr().to(self.device)
[I 2026-05-02 22:11:50,281] Trial 23 finished with value: 0.835 and parameters: {'lr': 0.001, 'weight_decay': 0.01, 'n_hidden': 128, 'n_layer': 2, 'dropout': 0.34421247624897505}. Best is trial 20 with value: 0.837.
    [CPU] Loading amazonpho...
    DEBUG 3.1: Dataset init start
    DEBUG 3.2: prepare_data start amazonpho
    ----Data statistics------'
    Name: amazonpho
    #Nodes 7650
    #Edges 119081
    #Classes 8
    #Ave_degree 31.13
    ----Split statistics------'
    #Train samples 160 (20 nodes per class)
    #Val samples 500 (specified)
    #Test samples 1000 (specified)
    ----label noise information:------
    Instance dependent noise
    #Actual noise rate 0.40
    [cuda:1] Waiting for GPU slot...
    [cuda:1] Slot acquired (waited 306.1s). Training...
    FINAL_RESULT: {'acc': {'train': 0.575, 'valid': 0.518, 'test': 0.845}, 'wall_s': 63.79, 'cpu_s': 0.02, 'gpu_s': 63.64, 'wait_s': 306.08}
    [Time] wall=63.8s | cpu=0.0s | gpu=63.6s
    C:\Users\fbrev\anaconda3\envs\noisygl\Lib\site-packages\torch\nn\modules\module.py:1159: UserWarning: expandable_segments not supported on this platform (Triggered internally at ..\c10/cuda/CUDAAllocatorConfig.h:28.)
    return t.to(
    C:\Users\fbrev\Documents\Acadêmico\Simulações\Python\NoisyGL\predictor\Base_Predictor.py:144: UserWarning: Sparse CSR tensor support is in beta state. If you miss a functionality in the sparse tensor support, please submit a feature request to https://github.com/pytorch/pytorch/issues. (Triggered internally at ..\aten\src\ATen\SparseCsrTensorImpl.cpp:55.)
    self.adj_csr = self.adj.to_sparse_csr().to(self.device)
[I 2026-05-02 22:18:04,654] Trial 24 finished with value: 0.845 and parameters: {'lr': 0.001, 'weight_decay': 0.01, 'n_hidden': 128, 'n_layer': 2, 'dropout': 0.4360263425165626}. Best is trial 24 with value: 0.845.
    [CPU] Loading amazonpho...
    DEBUG 3.1: Dataset init start
    DEBUG 3.2: prepare_data start amazonpho
    ----Data statistics------'
    Name: amazonpho
    #Nodes 7650
    #Edges 119081
    #Classes 8
    #Ave_degree 31.13
    ----Split statistics------'
    #Train samples 160 (20 nodes per class)
    #Val samples 500 (specified)
    #Test samples 1000 (specified)
    ----label noise information:------
    Instance dependent noise
    #Actual noise rate 0.40
    [cuda:1] Waiting for GPU slot...
    [cuda:1] Slot acquired (waited 245.0s). Training...
    FINAL_RESULT: {'acc': {'train': 0.56875, 'valid': 0.516, 'test': 0.842}, 'wall_s': 63.57, 'cpu_s': 0.02, 'gpu_s': 63.41, 'wait_s': 245.01}
    [Time] wall=63.6s | cpu=0.0s | gpu=63.4s
    C:\Users\fbrev\anaconda3\envs\noisygl\Lib\site-packages\torch\nn\modules\module.py:1159: UserWarning: expandable_segments not supported on this platform (Triggered internally at ..\c10/cuda/CUDAAllocatorConfig.h:28.)
    return t.to(
    C:\Users\fbrev\Documents\Acadêmico\Simulações\Python\NoisyGL\predictor\Base_Predictor.py:144: UserWarning: Sparse CSR tensor support is in beta state. If you miss a functionality in the sparse tensor support, please submit a feature request to https://github.com/pytorch/pytorch/issues. (Triggered internally at ..\aten\src\ATen\SparseCsrTensorImpl.cpp:55.)
    self.adj_csr = self.adj.to_sparse_csr().to(self.device)
[I 2026-05-02 22:23:17,750] Trial 25 finished with value: 0.842 and parameters: {'lr': 0.001, 'weight_decay': 0.01, 'n_hidden': 128, 'n_layer': 2, 'dropout': 0.41755480786171906}. Best is trial 24 with value: 0.845.
    [CPU] Loading amazonpho...
    DEBUG 3.1: Dataset init start
    DEBUG 3.2: prepare_data start amazonpho
    ----Data statistics------'
    Name: amazonpho
    #Nodes 7650
    #Edges 119081
    #Classes 8
    #Ave_degree 31.13
    ----Split statistics------'
    #Train samples 160 (20 nodes per class)
    #Val samples 500 (specified)
    #Test samples 1000 (specified)
    ----label noise information:------
    Instance dependent noise
    #Actual noise rate 0.40
    [cuda:1] Waiting for GPU slot...
    [cuda:1] Slot acquired (waited 498.4s). Training...
    FINAL_RESULT: {'acc': {'train': 0.56875, 'valid': 0.516, 'test': 0.845}, 'wall_s': 63.38, 'cpu_s': 0.02, 'gpu_s': 63.22, 'wait_s': 498.41}
    [Time] wall=63.4s | cpu=0.0s | gpu=63.2s
    C:\Users\fbrev\anaconda3\envs\noisygl\Lib\site-packages\torch\nn\modules\module.py:1159: UserWarning: expandable_segments not supported on this platform (Triggered internally at ..\c10/cuda/CUDAAllocatorConfig.h:28.)
    return t.to(
    C:\Users\fbrev\Documents\Acadêmico\Simulações\Python\NoisyGL\predictor\Base_Predictor.py:144: UserWarning: Sparse CSR tensor support is in beta state. If you miss a functionality in the sparse tensor support, please submit a feature request to https://github.com/pytorch/pytorch/issues. (Triggered internally at ..\aten\src\ATen\SparseCsrTensorImpl.cpp:55.)
    self.adj_csr = self.adj.to_sparse_csr().to(self.device)
[I 2026-05-02 22:32:44,054] Trial 26 finished with value: 0.845 and parameters: {'lr': 0.001, 'weight_decay': 0.01, 'n_hidden': 128, 'n_layer': 2, 'dropout': 0.4531323773222837}. Best is trial 24 with value: 0.845.
    [CPU] Loading amazonpho...
    DEBUG 3.1: Dataset init start
    DEBUG 3.2: prepare_data start amazonpho
    ----Data statistics------'
    Name: amazonpho
    #Nodes 7650
    #Edges 119081
    #Classes 8
    #Ave_degree 31.13
    ----Split statistics------'
    #Train samples 160 (20 nodes per class)
    #Val samples 500 (specified)
    #Test samples 1000 (specified)
    ----label noise information:------
    Instance dependent noise
    #Actual noise rate 0.40
    [cuda:1] Waiting for GPU slot...
    [cuda:1] Slot acquired (waited 120.8s). Training...
    FINAL_RESULT: {'acc': {'train': 0.625, 'valid': 0.518, 'test': 0.838}, 'wall_s': 63.56, 'cpu_s': 0.02, 'gpu_s': 63.4, 'wait_s': 120.78}
    [Time] wall=63.6s | cpu=0.0s | gpu=63.4s
    C:\Users\fbrev\anaconda3\envs\noisygl\Lib\site-packages\torch\nn\modules\module.py:1159: UserWarning: expandable_segments not supported on this platform (Triggered internally at ..\c10/cuda/CUDAAllocatorConfig.h:28.)
    return t.to(
    C:\Users\fbrev\Documents\Acadêmico\Simulações\Python\NoisyGL\predictor\Base_Predictor.py:144: UserWarning: Sparse CSR tensor support is in beta state. If you miss a functionality in the sparse tensor support, please submit a feature request to https://github.com/pytorch/pytorch/issues. (Triggered internally at ..\aten\src\ATen\SparseCsrTensorImpl.cpp:55.)
    self.adj_csr = self.adj.to_sparse_csr().to(self.device)
[I 2026-05-02 22:35:52,906] Trial 27 finished with value: 0.838 and parameters: {'lr': 0.001, 'weight_decay': 0.01, 'n_hidden': 128, 'n_layer': 2, 'dropout': 0.45044343578764406}. Best is trial 24 with value: 0.845.
    [CPU] Loading amazonpho...
    DEBUG 3.1: Dataset init start
    DEBUG 3.2: prepare_data start amazonpho
    ----Data statistics------'
    Name: amazonpho
    #Nodes 7650
    #Edges 119081
    #Classes 8
    #Ave_degree 31.13
    ----Split statistics------'
    #Train samples 160 (20 nodes per class)
    #Val samples 500 (specified)
    #Test samples 1000 (specified)
    ----label noise information:------
    Instance dependent noise
    #Actual noise rate 0.40
    [cuda:1] Waiting for GPU slot...
    [cuda:1] Slot acquired (waited 57.6s). Training...
    FINAL_RESULT: {'acc': {'train': 0.58125, 'valid': 0.51, 'test': 0.826}, 'wall_s': 63.48, 'cpu_s': 0.02, 'gpu_s': 63.33, 'wait_s': 57.55}
    [Time] wall=63.5s | cpu=0.0s | gpu=63.3s
    C:\Users\fbrev\anaconda3\envs\noisygl\Lib\site-packages\torch\nn\modules\module.py:1159: UserWarning: expandable_segments not supported on this platform (Triggered internally at ..\c10/cuda/CUDAAllocatorConfig.h:28.)
    return t.to(
    C:\Users\fbrev\Documents\Acadêmico\Simulações\Python\NoisyGL\predictor\Base_Predictor.py:144: UserWarning: Sparse CSR tensor support is in beta state. If you miss a functionality in the sparse tensor support, please submit a feature request to https://github.com/pytorch/pytorch/issues. (Triggered internally at ..\aten\src\ATen\SparseCsrTensorImpl.cpp:55.)
    self.adj_csr = self.adj.to_sparse_csr().to(self.device)
[I 2026-05-02 22:37:58,455] Trial 28 finished with value: 0.826 and parameters: {'lr': 0.001, 'weight_decay': 0.0001, 'n_hidden': 128, 'n_layer': 2, 'dropout': 0.4402602820510732}. Best is trial 24 with value: 0.845.
    [CPU] Loading amazonpho...
    DEBUG 3.1: Dataset init start
    DEBUG 3.2: prepare_data start amazonpho
    ----Data statistics------'
    Name: amazonpho
    #Nodes 7650
    #Edges 119081
    #Classes 8
    #Ave_degree 31.13
    ----Split statistics------'
    #Train samples 160 (20 nodes per class)
    #Val samples 500 (specified)
    #Test samples 1000 (specified)
    ----label noise information:------
    Instance dependent noise
    #Actual noise rate 0.40
    [cuda:1] Waiting for GPU slot...
    [cuda:1] Slot acquired (waited 57.0s). Training...
    FINAL_RESULT: {'acc': {'train': 0.6125, 'valid': 0.518, 'test': 0.842}, 'wall_s': 62.75, 'cpu_s': 0.02, 'gpu_s': 62.58, 'wait_s': 56.96}
    [Time] wall=62.8s | cpu=0.0s | gpu=62.6s
    C:\Users\fbrev\anaconda3\envs\noisygl\Lib\site-packages\torch\nn\modules\module.py:1159: UserWarning: expandable_segments not supported on this platform (Triggered internally at ..\c10/cuda/CUDAAllocatorConfig.h:28.)
    return t.to(
    C:\Users\fbrev\Documents\Acadêmico\Simulações\Python\NoisyGL\predictor\Base_Predictor.py:144: UserWarning: Sparse CSR tensor support is in beta state. If you miss a functionality in the sparse tensor support, please submit a feature request to https://github.com/pytorch/pytorch/issues. (Triggered internally at ..\aten\src\ATen\SparseCsrTensorImpl.cpp:55.)
    self.adj_csr = self.adj.to_sparse_csr().to(self.device)
[I 2026-05-02 22:40:02,565] Trial 29 finished with value: 0.842 and parameters: {'lr': 0.001, 'weight_decay': 0.01, 'n_hidden': 128, 'n_layer': 2, 'dropout': 0.505811734951785}. Best is trial 24 with value: 0.845.
    [CPU] Loading amazonpho...
    DEBUG 3.1: Dataset init start
    DEBUG 3.2: prepare_data start amazonpho
    ----Data statistics------'
    Name: amazonpho
    #Nodes 7650
    #Edges 119081
    #Classes 8
    #Ave_degree 31.13
    ----Split statistics------'
    #Train samples 160 (20 nodes per class)
    #Val samples 500 (specified)
    #Test samples 1000 (specified)
    ----label noise information:------
    Instance dependent noise
    #Actual noise rate 0.40
    [cuda:1] Waiting for GPU slot...
    [cuda:1] Slot acquired (waited 631.4s). Training...
    FINAL_RESULT: {'acc': {'train': 0.6125, 'valid': 0.51, 'test': 0.82}, 'wall_s': 63.58, 'cpu_s': 0.01, 'gpu_s': 63.4, 'wait_s': 631.38}
    [Time] wall=63.6s | cpu=0.0s | gpu=63.4s
    C:\Users\fbrev\anaconda3\envs\noisygl\Lib\site-packages\torch\nn\modules\module.py:1159: UserWarning: expandable_segments not supported on this platform (Triggered internally at ..\c10/cuda/CUDAAllocatorConfig.h:28.)
    return t.to(
    C:\Users\fbrev\Documents\Acadêmico\Simulações\Python\NoisyGL\predictor\Base_Predictor.py:144: UserWarning: Sparse CSR tensor support is in beta state. If you miss a functionality in the sparse tensor support, please submit a feature request to https://github.com/pytorch/pytorch/issues. (Triggered internally at ..\aten\src\ATen\SparseCsrTensorImpl.cpp:55.)
    self.adj_csr = self.adj.to_sparse_csr().to(self.device)
[I 2026-05-02 22:51:42,015] Trial 30 finished with value: 0.82 and parameters: {'lr': 0.001, 'weight_decay': 0.0001, 'n_hidden': 128, 'n_layer': 2, 'dropout': 0.29288217590990007}. Best is trial 24 with value: 0.845.
    [CPU] Loading amazonpho...
    DEBUG 3.1: Dataset init start
    DEBUG 3.2: prepare_data start amazonpho
    ----Data statistics------'
    Name: amazonpho
    #Nodes 7650
    #Edges 119081
    #Classes 8
    #Ave_degree 31.13
    ----Split statistics------'
    #Train samples 160 (20 nodes per class)
    #Val samples 500 (specified)
    #Test samples 1000 (specified)
    ----label noise information:------
    Instance dependent noise
    #Actual noise rate 0.40
    [cuda:1] Waiting for GPU slot...
    [cuda:1] Slot acquired (waited 188.2s). Training...
    FINAL_RESULT: {'acc': {'train': 0.60625, 'valid': 0.524, 'test': 0.839}, 'wall_s': 74.3, 'cpu_s': 0.02, 'gpu_s': 74.13, 'wait_s': 188.22}
    [Time] wall=74.3s | cpu=0.0s | gpu=74.1s
    C:\Users\fbrev\anaconda3\envs\noisygl\Lib\site-packages\torch\nn\modules\module.py:1159: UserWarning: expandable_segments not supported on this platform (Triggered internally at ..\c10/cuda/CUDAAllocatorConfig.h:28.)
    return t.to(
    C:\Users\fbrev\Documents\Acadêmico\Simulações\Python\NoisyGL\predictor\Base_Predictor.py:144: UserWarning: Sparse CSR tensor support is in beta state. If you miss a functionality in the sparse tensor support, please submit a feature request to https://github.com/pytorch/pytorch/issues. (Triggered internally at ..\aten\src\ATen\SparseCsrTensorImpl.cpp:55.)
    self.adj_csr = self.adj.to_sparse_csr().to(self.device)
[I 2026-05-02 22:56:09,091] Trial 31 finished with value: 0.839 and parameters: {'lr': 0.001, 'weight_decay': 0.01, 'n_hidden': 128, 'n_layer': 2, 'dropout': 0.5113885301904574}. Best is trial 24 with value: 0.845.
    [CPU] Loading amazonpho...
    DEBUG 3.1: Dataset init start
    DEBUG 3.2: prepare_data start amazonpho
    ----Data statistics------'
    Name: amazonpho
    #Nodes 7650
    #Edges 119081
    #Classes 8
    #Ave_degree 31.13
    ----Split statistics------'
    #Train samples 160 (20 nodes per class)
    #Val samples 500 (specified)
    #Test samples 1000 (specified)
    ----label noise information:------
    Instance dependent noise
    #Actual noise rate 0.40
    [cuda:1] Waiting for GPU slot...
    [cuda:1] Slot acquired (waited 336.1s). Training...
    FINAL_RESULT: {'acc': {'train': 0.56875, 'valid': 0.518, 'test': 0.839}, 'wall_s': 72.64, 'cpu_s': 0.02, 'gpu_s': 72.45, 'wait_s': 336.1}
    [Time] wall=72.6s | cpu=0.0s | gpu=72.4s
    C:\Users\fbrev\anaconda3\envs\noisygl\Lib\site-packages\torch\nn\modules\module.py:1159: UserWarning: expandable_segments not supported on this platform (Triggered internally at ..\c10/cuda/CUDAAllocatorConfig.h:28.)
    return t.to(
    C:\Users\fbrev\Documents\Acadêmico\Simulações\Python\NoisyGL\predictor\Base_Predictor.py:144: UserWarning: Sparse CSR tensor support is in beta state. If you miss a functionality in the sparse tensor support, please submit a feature request to https://github.com/pytorch/pytorch/issues. (Triggered internally at ..\aten\src\ATen\SparseCsrTensorImpl.cpp:55.)
    self.adj_csr = self.adj.to_sparse_csr().to(self.device)
[I 2026-05-02 23:03:03,100] Trial 32 finished with value: 0.839 and parameters: {'lr': 0.001, 'weight_decay': 0.01, 'n_hidden': 128, 'n_layer': 2, 'dropout': 0.4138533985785912}. Best is trial 24 with value: 0.845.
    [CPU] Loading amazonpho...
    DEBUG 3.1: Dataset init start
    DEBUG 3.2: prepare_data start amazonpho
    ----Data statistics------'
    Name: amazonpho
    #Nodes 7650
    #Edges 119081
    #Classes 8
    #Ave_degree 31.13
    ----Split statistics------'
    #Train samples 160 (20 nodes per class)
    #Val samples 500 (specified)
    #Test samples 1000 (specified)
    ----label noise information:------
    Instance dependent noise
    #Actual noise rate 0.40
    [cuda:1] Waiting for GPU slot...
    [cuda:1] Slot acquired (waited 62.3s). Training...
    FINAL_RESULT: {'acc': {'train': 0.58125, 'valid': 0.52, 'test': 0.844}, 'wall_s': 66.14, 'cpu_s': 0.02, 'gpu_s': 65.97, 'wait_s': 62.31}
    [Time] wall=66.1s | cpu=0.0s | gpu=66.0s
    C:\Users\fbrev\anaconda3\envs\noisygl\Lib\site-packages\torch\nn\modules\module.py:1159: UserWarning: expandable_segments not supported on this platform (Triggered internally at ..\c10/cuda/CUDAAllocatorConfig.h:28.)
    return t.to(
    C:\Users\fbrev\Documents\Acadêmico\Simulações\Python\NoisyGL\predictor\Base_Predictor.py:144: UserWarning: Sparse CSR tensor support is in beta state. If you miss a functionality in the sparse tensor support, please submit a feature request to https://github.com/pytorch/pytorch/issues. (Triggered internally at ..\aten\src\ATen\SparseCsrTensorImpl.cpp:55.)
    self.adj_csr = self.adj.to_sparse_csr().to(self.device)
[I 2026-05-02 23:05:16,930] Trial 33 finished with value: 0.844 and parameters: {'lr': 0.001, 'weight_decay': 0.01, 'n_hidden': 128, 'n_layer': 2, 'dropout': 0.4976369871145902}. Best is trial 24 with value: 0.845.
    [CPU] Loading amazonpho...
    DEBUG 3.1: Dataset init start
    DEBUG 3.2: prepare_data start amazonpho
    ----Data statistics------'
    Name: amazonpho
    #Nodes 7650
    #Edges 119081
    #Classes 8
    #Ave_degree 31.13
    ----Split statistics------'
    #Train samples 160 (20 nodes per class)
    #Val samples 500 (specified)
    #Test samples 1000 (specified)
    ----label noise information:------
    Instance dependent noise
    #Actual noise rate 0.40
    [cuda:1] Waiting for GPU slot...
    [cuda:1] Slot acquired (waited 247.2s). Training...
    FINAL_RESULT: {'acc': {'train': 0.60625, 'valid': 0.52, 'test': 0.838}, 'wall_s': 64.4, 'cpu_s': 0.02, 'gpu_s': 64.23, 'wait_s': 247.25}
    [Time] wall=64.4s | cpu=0.0s | gpu=64.2s
    C:\Users\fbrev\anaconda3\envs\noisygl\Lib\site-packages\torch\nn\modules\module.py:1159: UserWarning: expandable_segments not supported on this platform (Triggered internally at ..\c10/cuda/CUDAAllocatorConfig.h:28.)
    return t.to(
    C:\Users\fbrev\Documents\Acadêmico\Simulações\Python\NoisyGL\predictor\Base_Predictor.py:144: UserWarning: Sparse CSR tensor support is in beta state. If you miss a functionality in the sparse tensor support, please submit a feature request to https://github.com/pytorch/pytorch/issues. (Triggered internally at ..\aten\src\ATen\SparseCsrTensorImpl.cpp:55.)
    self.adj_csr = self.adj.to_sparse_csr().to(self.device)
[I 2026-05-02 23:10:32,969] Trial 34 finished with value: 0.838 and parameters: {'lr': 0.001, 'weight_decay': 0.01, 'n_hidden': 128, 'n_layer': 2, 'dropout': 0.6655356663337901}. Best is trial 24 with value: 0.845.
    [CPU] Loading amazonpho...
    DEBUG 3.1: Dataset init start
    DEBUG 3.2: prepare_data start amazonpho
    ----Data statistics------'
    Name: amazonpho
    #Nodes 7650
    #Edges 119081
    #Classes 8
    #Ave_degree 31.13
    ----Split statistics------'
    #Train samples 160 (20 nodes per class)
    #Val samples 500 (specified)
    #Test samples 1000 (specified)
    ----label noise information:------
    Instance dependent noise
    #Actual noise rate 0.40
    [cuda:1] Waiting for GPU slot...
    [cuda:1] Slot acquired (waited 254.9s). Training...
    FINAL_RESULT: {'acc': {'train': 0.625, 'valid': 0.516, 'test': 0.842}, 'wall_s': 65.08, 'cpu_s': 0.02, 'gpu_s': 64.93, 'wait_s': 254.85}
    [Time] wall=65.1s | cpu=0.0s | gpu=64.9s
    C:\Users\fbrev\anaconda3\envs\noisygl\Lib\site-packages\torch\nn\modules\module.py:1159: UserWarning: expandable_segments not supported on this platform (Triggered internally at ..\c10/cuda/CUDAAllocatorConfig.h:28.)
    return t.to(
    C:\Users\fbrev\Documents\Acadêmico\Simulações\Python\NoisyGL\predictor\Base_Predictor.py:144: UserWarning: Sparse CSR tensor support is in beta state. If you miss a functionality in the sparse tensor support, please submit a feature request to https://github.com/pytorch/pytorch/issues. (Triggered internally at ..\aten\src\ATen\SparseCsrTensorImpl.cpp:55.)
    self.adj_csr = self.adj.to_sparse_csr().to(self.device)
[I 2026-05-02 23:15:57,453] Trial 35 finished with value: 0.842 and parameters: {'lr': 0.001, 'weight_decay': 0.01, 'n_hidden': 128, 'n_layer': 2, 'dropout': 0.39789852516502366}. Best is trial 24 with value: 0.845.
    [CPU] Loading amazonpho...
    DEBUG 3.1: Dataset init start
    DEBUG 3.2: prepare_data start amazonpho
    ----Data statistics------'
    Name: amazonpho
    #Nodes 7650
    #Edges 119081
    #Classes 8
    #Ave_degree 31.13
    ----Split statistics------'
    #Train samples 160 (20 nodes per class)
    #Val samples 500 (specified)
    #Test samples 1000 (specified)
    ----label noise information:------
    Instance dependent noise
    #Actual noise rate 0.40
    [cuda:1] Waiting for GPU slot...
    [cuda:1] Slot acquired (waited 261.3s). Training...
    FINAL_RESULT: {'acc': {'train': 0.61875, 'valid': 0.522, 'test': 0.837}, 'wall_s': 66.85, 'cpu_s': 0.02, 'gpu_s': 66.68, 'wait_s': 261.31}
    [Time] wall=66.9s | cpu=0.0s | gpu=66.7s
    C:\Users\fbrev\anaconda3\envs\noisygl\Lib\site-packages\torch\nn\modules\module.py:1159: UserWarning: expandable_segments not supported on this platform (Triggered internally at ..\c10/cuda/CUDAAllocatorConfig.h:28.)
    return t.to(
    C:\Users\fbrev\Documents\Acadêmico\Simulações\Python\NoisyGL\predictor\Base_Predictor.py:144: UserWarning: Sparse CSR tensor support is in beta state. If you miss a functionality in the sparse tensor support, please submit a feature request to https://github.com/pytorch/pytorch/issues. (Triggered internally at ..\aten\src\ATen\SparseCsrTensorImpl.cpp:55.)
    self.adj_csr = self.adj.to_sparse_csr().to(self.device)
[I 2026-05-02 23:21:30,277] Trial 36 finished with value: 0.837 and parameters: {'lr': 0.001, 'weight_decay': 0.01, 'n_hidden': 128, 'n_layer': 2, 'dropout': 0.5611809945727104}. Best is trial 24 with value: 0.845.
    [CPU] Loading amazonpho...
    DEBUG 3.1: Dataset init start
    DEBUG 3.2: prepare_data start amazonpho
    ----Data statistics------'
    Name: amazonpho
    #Nodes 7650
    #Edges 119081
    #Classes 8
    #Ave_degree 31.13
    ----Split statistics------'
    #Train samples 160 (20 nodes per class)
    #Val samples 500 (specified)
    #Test samples 1000 (specified)
    ----label noise information:------
    Instance dependent noise
    #Actual noise rate 0.40
    [cuda:1] Waiting for GPU slot...
    [cuda:1] Slot acquired (waited 186.8s). Training...
    FINAL_RESULT: {'acc': {'train': 0.55, 'valid': 0.51, 'test': 0.808}, 'wall_s': 65.95, 'cpu_s': 0.02, 'gpu_s': 65.78, 'wait_s': 186.77}
    [Time] wall=65.9s | cpu=0.0s | gpu=65.8s
    C:\Users\fbrev\anaconda3\envs\noisygl\Lib\site-packages\torch\nn\modules\module.py:1159: UserWarning: expandable_segments not supported on this platform (Triggered internally at ..\c10/cuda/CUDAAllocatorConfig.h:28.)
    return t.to(
    C:\Users\fbrev\Documents\Acadêmico\Simulações\Python\NoisyGL\predictor\Base_Predictor.py:144: UserWarning: Sparse CSR tensor support is in beta state. If you miss a functionality in the sparse tensor support, please submit a feature request to https://github.com/pytorch/pytorch/issues. (Triggered internally at ..\aten\src\ATen\SparseCsrTensorImpl.cpp:55.)
    self.adj_csr = self.adj.to_sparse_csr().to(self.device)
[I 2026-05-02 23:25:48,054] Trial 37 finished with value: 0.808 and parameters: {'lr': 0.001, 'weight_decay': 0.05, 'n_hidden': 128, 'n_layer': 2, 'dropout': 0.4937242275199813}. Best is trial 24 with value: 0.845.
    [CPU] Loading amazonpho...
    DEBUG 3.1: Dataset init start
    DEBUG 3.2: prepare_data start amazonpho
    ----Data statistics------'
    Name: amazonpho
    #Nodes 7650
    #Edges 119081
    #Classes 8
    #Ave_degree 31.13
    ----Split statistics------'
    #Train samples 160 (20 nodes per class)
    #Val samples 500 (specified)
    #Test samples 1000 (specified)
    ----label noise information:------
    Instance dependent noise
    #Actual noise rate 0.40
    [cuda:1] Waiting for GPU slot...
    [cuda:1] Slot acquired (waited 183.5s). Training...
    FINAL_RESULT: {'acc': {'train': 0.625, 'valid': 0.528, 'test': 0.827}, 'wall_s': 63.3, 'cpu_s': 0.02, 'gpu_s': 63.15, 'wait_s': 183.49}
    [Time] wall=63.3s | cpu=0.0s | gpu=63.1s
    C:\Users\fbrev\anaconda3\envs\noisygl\Lib\site-packages\torch\nn\modules\module.py:1159: UserWarning: expandable_segments not supported on this platform (Triggered internally at ..\c10/cuda/CUDAAllocatorConfig.h:28.)
    return t.to(
    C:\Users\fbrev\Documents\Acadêmico\Simulações\Python\NoisyGL\predictor\Base_Predictor.py:144: UserWarning: Sparse CSR tensor support is in beta state. If you miss a functionality in the sparse tensor support, please submit a feature request to https://github.com/pytorch/pytorch/issues. (Triggered internally at ..\aten\src\ATen\SparseCsrTensorImpl.cpp:55.)
    self.adj_csr = self.adj.to_sparse_csr().to(self.device)
[I 2026-05-02 23:29:59,635] Trial 38 finished with value: 0.827 and parameters: {'lr': 0.005, 'weight_decay': 0.01, 'n_hidden': 64, 'n_layer': 2, 'dropout': 0.009115077560706508}. Best is trial 24 with value: 0.845.
    [CPU] Loading amazonpho...
    DEBUG 3.1: Dataset init start
    DEBUG 3.2: prepare_data start amazonpho
    ----Data statistics------'
    Name: amazonpho
    #Nodes 7650
    #Edges 119081
    #Classes 8
    #Ave_degree 31.13
    ----Split statistics------'
    #Train samples 160 (20 nodes per class)
    #Val samples 500 (specified)
    #Test samples 1000 (specified)
    ----label noise information:------
    Instance dependent noise
    #Actual noise rate 0.40
    [cuda:1] Waiting for GPU slot...
    [cuda:1] Slot acquired (waited 267.3s). Training...
    FINAL_RESULT: {'acc': {'train': 0.18125, 'valid': 0.244, 'test': 0.255}, 'wall_s': 65.16, 'cpu_s': 0.02, 'gpu_s': 65.02, 'wait_s': 267.33}
    [Time] wall=65.2s | cpu=0.0s | gpu=65.0s
    C:\Users\fbrev\anaconda3\envs\noisygl\Lib\site-packages\torch\nn\modules\module.py:1159: UserWarning: expandable_segments not supported on this platform (Triggered internally at ..\c10/cuda/CUDAAllocatorConfig.h:28.)
    return t.to(
    C:\Users\fbrev\Documents\Acadêmico\Simulações\Python\NoisyGL\predictor\Base_Predictor.py:144: UserWarning: Sparse CSR tensor support is in beta state. If you miss a functionality in the sparse tensor support, please submit a feature request to https://github.com/pytorch/pytorch/issues. (Triggered internally at ..\aten\src\ATen\SparseCsrTensorImpl.cpp:55.)
    self.adj_csr = self.adj.to_sparse_csr().to(self.device)
[I 2026-05-02 23:35:36,788] Trial 39 finished with value: 0.255 and parameters: {'lr': 0.1, 'weight_decay': 0.0001, 'n_hidden': 128, 'n_layer': 2, 'dropout': 0.6106062316381092}. Best is trial 24 with value: 0.845.
    [CPU] Loading amazonpho...
    DEBUG 3.1: Dataset init start
    DEBUG 3.2: prepare_data start amazonpho
    ----Data statistics------'
    Name: amazonpho
    #Nodes 7650
    #Edges 119081
    #Classes 8
    #Ave_degree 31.13
    ----Split statistics------'
    #Train samples 160 (20 nodes per class)
    #Val samples 500 (specified)
    #Test samples 1000 (specified)
    ----label noise information:------
    Instance dependent noise
    #Actual noise rate 0.40
    [cuda:1] Waiting for GPU slot...
    [cuda:1] Slot acquired (waited 775.6s). Training...
    FINAL_RESULT: {'acc': {'train': 0.65, 'valid': 0.516, 'test': 0.811}, 'wall_s': 65.31, 'cpu_s': 0.02, 'gpu_s': 65.15, 'wait_s': 775.57}
    [Time] wall=65.3s | cpu=0.0s | gpu=65.2s
    C:\Users\fbrev\anaconda3\envs\noisygl\Lib\site-packages\torch\nn\modules\module.py:1159: UserWarning: expandable_segments not supported on this platform (Triggered internally at ..\c10/cuda/CUDAAllocatorConfig.h:28.)
    return t.to(
    C:\Users\fbrev\Documents\Acadêmico\Simulações\Python\NoisyGL\predictor\Base_Predictor.py:144: UserWarning: Sparse CSR tensor support is in beta state. If you miss a functionality in the sparse tensor support, please submit a feature request to https://github.com/pytorch/pytorch/issues. (Triggered internally at ..\aten\src\ATen\SparseCsrTensorImpl.cpp:55.)
    self.adj_csr = self.adj.to_sparse_csr().to(self.device)
[I 2026-05-02 23:49:42,250] Trial 40 finished with value: 0.811 and parameters: {'lr': 0.001, 'weight_decay': 0.0, 'n_hidden': 128, 'n_layer': 2, 'dropout': 0.2819689775047949}. Best is trial 24 with value: 0.845.
    [CPU] Loading amazonpho...
    DEBUG 3.1: Dataset init start
    DEBUG 3.2: prepare_data start amazonpho
    ----Data statistics------'
    Name: amazonpho
    #Nodes 7650
    #Edges 119081
    #Classes 8
    #Ave_degree 31.13
    ----Split statistics------'
    #Train samples 160 (20 nodes per class)
    #Val samples 500 (specified)
    #Test samples 1000 (specified)
    ----label noise information:------
    Instance dependent noise
    #Actual noise rate 0.40
    [cuda:1] Waiting for GPU slot...
    [cuda:1] Slot acquired (waited 0.1s). Training...
    FINAL_RESULT: {'acc': {'train': 0.6, 'valid': 0.518, 'test': 0.838}, 'wall_s': 65.21, 'cpu_s': 0.02, 'gpu_s': 65.06, 'wait_s': 0.05}
    [Time] wall=65.2s | cpu=0.0s | gpu=65.1s
    C:\Users\fbrev\anaconda3\envs\noisygl\Lib\site-packages\torch\nn\modules\module.py:1159: UserWarning: expandable_segments not supported on this platform (Triggered internally at ..\c10/cuda/CUDAAllocatorConfig.h:28.)
    return t.to(
    C:\Users\fbrev\Documents\Acadêmico\Simulações\Python\NoisyGL\predictor\Base_Predictor.py:144: UserWarning: Sparse CSR tensor support is in beta state. If you miss a functionality in the sparse tensor support, please submit a feature request to https://github.com/pytorch/pytorch/issues. (Triggered internally at ..\aten\src\ATen\SparseCsrTensorImpl.cpp:55.)
    self.adj_csr = self.adj.to_sparse_csr().to(self.device)
[I 2026-05-02 23:50:52,061] Trial 41 finished with value: 0.838 and parameters: {'lr': 0.001, 'weight_decay': 0.01, 'n_hidden': 128, 'n_layer': 2, 'dropout': 0.48135108629343903}. Best is trial 24 with value: 0.845.
 [Optuna] Early stopping at trial 41.

[Retest] Phase 1 Finished. Validating Top 3 (10 runs each)...

  [Retest] Candidate 1/3 (Trial 24, HPO_acc=0.8450)
    [CPU] Loading amazonpho...
    DEBUG 3.1: Dataset init start
    DEBUG 3.2: prepare_data start amazonpho
    ----Data statistics------'
    Name: amazonpho
    #Nodes 7650
    #Edges 119081
    #Classes 8
    #Ave_degree 31.13
    ----Split statistics------'
    #Train samples 160 (20 nodes per class)
    #Val samples 500 (specified)
    #Test samples 1000 (specified)
    ----label noise information:------
    Instance dependent noise
    #Actual noise rate 0.40
    [cuda:1] Waiting for GPU slot...
    [cuda:1] Slot acquired (waited 58.5s). Training...
    FINAL_RESULT: {'acc': {'train': 0.55, 'valid': 0.514, 'test': 0.809}, 'wall_s': 64.93, 'cpu_s': 0.02, 'gpu_s': 64.77, 'wait_s': 58.47}
    [Time] wall=64.9s | cpu=0.0s | gpu=64.8s
    C:\Users\fbrev\anaconda3\envs\noisygl\Lib\site-packages\torch\nn\modules\module.py:1159: UserWarning: expandable_segments not supported on this platform (Triggered internally at ..\c10/cuda/CUDAAllocatorConfig.h:28.)
    return t.to(
    C:\Users\fbrev\Documents\Acadêmico\Simulações\Python\NoisyGL\predictor\Base_Predictor.py:144: UserWarning: Sparse CSR tensor support is in beta state. If you miss a functionality in the sparse tensor support, please submit a feature request to https://github.com/pytorch/pytorch/issues. (Triggered internally at ..\aten\src\ATen\SparseCsrTensorImpl.cpp:55.)
    self.adj_csr = self.adj.to_sparse_csr().to(self.device)
    [CPU] Loading amazonpho...
    DEBUG 3.1: Dataset init start
    DEBUG 3.2: prepare_data start amazonpho
    ----Data statistics------'
    Name: amazonpho
    #Nodes 7650
    #Edges 119081
    #Classes 8
    #Ave_degree 31.13
    ----Split statistics------'
    #Train samples 160 (20 nodes per class)
    #Val samples 500 (specified)
    #Test samples 1000 (specified)
    ----label noise information:------
    Instance dependent noise
    #Actual noise rate 0.40
    [cuda:1] Waiting for GPU slot...
    [cuda:1] Slot acquired (waited 442.7s). Training...
    FINAL_RESULT: {'acc': {'train': 0.64375, 'valid': 0.54, 'test': 0.796}, 'wall_s': 65.3, 'cpu_s': 0.02, 'gpu_s': 65.13, 'wait_s': 442.67}
    [Time] wall=65.3s | cpu=0.0s | gpu=65.1s
    C:\Users\fbrev\anaconda3\envs\noisygl\Lib\site-packages\torch\nn\modules\module.py:1159: UserWarning: expandable_segments not supported on this platform (Triggered internally at ..\c10/cuda/CUDAAllocatorConfig.h:28.)
    return t.to(
    C:\Users\fbrev\Documents\Acadêmico\Simulações\Python\NoisyGL\predictor\Base_Predictor.py:144: UserWarning: Sparse CSR tensor support is in beta state. If you miss a functionality in the sparse tensor support, please submit a feature request to https://github.com/pytorch/pytorch/issues. (Triggered internally at ..\aten\src\ATen\SparseCsrTensorImpl.cpp:55.)
    self.adj_csr = self.adj.to_sparse_csr().to(self.device)
    [CPU] Loading amazonpho...
    DEBUG 3.1: Dataset init start
    DEBUG 3.2: prepare_data start amazonpho
    ----Data statistics------'
    Name: amazonpho
    #Nodes 7650
    #Edges 119081
    #Classes 8
    #Ave_degree 31.13
    ----Split statistics------'
    #Train samples 160 (20 nodes per class)
    #Val samples 500 (specified)
    #Test samples 1000 (specified)
    ----label noise information:------
    Instance dependent noise
    #Actual noise rate 0.40
    [cuda:1] Waiting for GPU slot...
    [cuda:1] Slot acquired (waited 729.0s). Training...
    FINAL_RESULT: {'acc': {'train': 0.6375, 'valid': 0.52, 'test': 0.831}, 'wall_s': 63.85, 'cpu_s': 0.02, 'gpu_s': 63.69, 'wait_s': 728.98}
    [Time] wall=63.8s | cpu=0.0s | gpu=63.7s
    C:\Users\fbrev\anaconda3\envs\noisygl\Lib\site-packages\torch\nn\modules\module.py:1159: UserWarning: expandable_segments not supported on this platform (Triggered internally at ..\c10/cuda/CUDAAllocatorConfig.h:28.)
    return t.to(
    C:\Users\fbrev\Documents\Acadêmico\Simulações\Python\NoisyGL\predictor\Base_Predictor.py:144: UserWarning: Sparse CSR tensor support is in beta state. If you miss a functionality in the sparse tensor support, please submit a feature request to https://github.com/pytorch/pytorch/issues. (Triggered internally at ..\aten\src\ATen\SparseCsrTensorImpl.cpp:55.)
    self.adj_csr = self.adj.to_sparse_csr().to(self.device)
    [CPU] Loading amazonpho...
    DEBUG 3.1: Dataset init start
    DEBUG 3.2: prepare_data start amazonpho
    ----Data statistics------'
    Name: amazonpho
    #Nodes 7650
    #Edges 119081
    #Classes 8
    #Ave_degree 31.13
    ----Split statistics------'
    #Train samples 160 (20 nodes per class)
    #Val samples 500 (specified)
    #Test samples 1000 (specified)
    ----label noise information:------
    Instance dependent noise
    #Actual noise rate 0.40
    [cuda:1] Waiting for GPU slot...
    [cuda:1] Slot acquired (waited 1455.5s). Training...
    FINAL_RESULT: {'acc': {'train': 0.55625, 'valid': 0.466, 'test': 0.717}, 'wall_s': 63.12, 'cpu_s': 0.02, 'gpu_s': 62.97, 'wait_s': 1455.48}
    [Time] wall=63.1s | cpu=0.0s | gpu=63.0s
    C:\Users\fbrev\anaconda3\envs\noisygl\Lib\site-packages\torch\nn\modules\module.py:1159: UserWarning: expandable_segments not supported on this platform (Triggered internally at ..\c10/cuda/CUDAAllocatorConfig.h:28.)
    return t.to(
    C:\Users\fbrev\Documents\Acadêmico\Simulações\Python\NoisyGL\predictor\Base_Predictor.py:144: UserWarning: Sparse CSR tensor support is in beta state. If you miss a functionality in the sparse tensor support, please submit a feature request to https://github.com/pytorch/pytorch/issues. (Triggered internally at ..\aten\src\ATen\SparseCsrTensorImpl.cpp:55.)
    self.adj_csr = self.adj.to_sparse_csr().to(self.device)
    [CPU] Loading amazonpho...
    DEBUG 3.1: Dataset init start
    DEBUG 3.2: prepare_data start amazonpho
    ----Data statistics------'
    Name: amazonpho
    #Nodes 7650
    #Edges 119081
    #Classes 8
    #Ave_degree 31.13
    ----Split statistics------'
    #Train samples 160 (20 nodes per class)
    #Val samples 500 (specified)
    #Test samples 1000 (specified)
    ----label noise information:------
    Instance dependent noise
    #Actual noise rate 0.40
    [cuda:1] Waiting for GPU slot...
    [cuda:1] Slot acquired (waited 382.7s). Training...
    FINAL_RESULT: {'acc': {'train': 0.65, 'valid': 0.544, 'test': 0.81}, 'wall_s': 65.27, 'cpu_s': 0.02, 'gpu_s': 65.08, 'wait_s': 382.71}
    [Time] wall=65.3s | cpu=0.0s | gpu=65.1s
    C:\Users\fbrev\anaconda3\envs\noisygl\Lib\site-packages\torch\nn\modules\module.py:1159: UserWarning: expandable_segments not supported on this platform (Triggered internally at ..\c10/cuda/CUDAAllocatorConfig.h:28.)
    return t.to(
    C:\Users\fbrev\Documents\Acadêmico\Simulações\Python\NoisyGL\predictor\Base_Predictor.py:144: UserWarning: Sparse CSR tensor support is in beta state. If you miss a functionality in the sparse tensor support, please submit a feature request to https://github.com/pytorch/pytorch/issues. (Triggered internally at ..\aten\src\ATen\SparseCsrTensorImpl.cpp:55.)
    self.adj_csr = self.adj.to_sparse_csr().to(self.device)
    [CPU] Loading amazonpho...
    DEBUG 3.1: Dataset init start
    DEBUG 3.2: prepare_data start amazonpho
    ----Data statistics------'
    Name: amazonpho
    #Nodes 7650
    #Edges 119081
    #Classes 8
    #Ave_degree 31.13
    ----Split statistics------'
    #Train samples 160 (20 nodes per class)
    #Val samples 500 (specified)
    #Test samples 1000 (specified)
    ----label noise information:------
    Instance dependent noise
    #Actual noise rate 0.41
    [cuda:1] Waiting for GPU slot...
    [cuda:1] Slot acquired (waited 748.9s). Training...
    FINAL_RESULT: {'acc': {'train': 0.59375, 'valid': 0.422, 'test': 0.685}, 'wall_s': 65.45, 'cpu_s': 0.02, 'gpu_s': 65.26, 'wait_s': 748.89}
    [Time] wall=65.5s | cpu=0.0s | gpu=65.3s
    C:\Users\fbrev\anaconda3\envs\noisygl\Lib\site-packages\torch\nn\modules\module.py:1159: UserWarning: expandable_segments not supported on this platform (Triggered internally at ..\c10/cuda/CUDAAllocatorConfig.h:28.)
    return t.to(
    C:\Users\fbrev\Documents\Acadêmico\Simulações\Python\NoisyGL\predictor\Base_Predictor.py:144: UserWarning: Sparse CSR tensor support is in beta state. If you miss a functionality in the sparse tensor support, please submit a feature request to https://github.com/pytorch/pytorch/issues. (Triggered internally at ..\aten\src\ATen\SparseCsrTensorImpl.cpp:55.)
    self.adj_csr = self.adj.to_sparse_csr().to(self.device)
    [CPU] Loading amazonpho...
    DEBUG 3.1: Dataset init start
    DEBUG 3.2: prepare_data start amazonpho
    ----Data statistics------'
    Name: amazonpho
    #Nodes 7650
    #Edges 119081
    #Classes 8
    #Ave_degree 31.13
    ----Split statistics------'
    #Train samples 160 (20 nodes per class)
    #Val samples 500 (specified)
    #Test samples 1000 (specified)
    ----label noise information:------
    Instance dependent noise
    #Actual noise rate 0.40
    [cuda:1] Waiting for GPU slot...
    [cuda:1] Slot acquired (waited 289.8s). Training...
    FINAL_RESULT: {'acc': {'train': 0.6375, 'valid': 0.516, 'test': 0.778}, 'wall_s': 65.98, 'cpu_s': 0.02, 'gpu_s': 65.81, 'wait_s': 289.83}
    [Time] wall=66.0s | cpu=0.0s | gpu=65.8s
    C:\Users\fbrev\anaconda3\envs\noisygl\Lib\site-packages\torch\nn\modules\module.py:1159: UserWarning: expandable_segments not supported on this platform (Triggered internally at ..\c10/cuda/CUDAAllocatorConfig.h:28.)
    return t.to(
    C:\Users\fbrev\Documents\Acadêmico\Simulações\Python\NoisyGL\predictor\Base_Predictor.py:144: UserWarning: Sparse CSR tensor support is in beta state. If you miss a functionality in the sparse tensor support, please submit a feature request to https://github.com/pytorch/pytorch/issues. (Triggered internally at ..\aten\src\ATen\SparseCsrTensorImpl.cpp:55.)
    self.adj_csr = self.adj.to_sparse_csr().to(self.device)
    [CPU] Loading amazonpho...
    DEBUG 3.1: Dataset init start
    DEBUG 3.2: prepare_data start amazonpho
    ----Data statistics------'
    Name: amazonpho
    #Nodes 7650
    #Edges 119081
    #Classes 8
    #Ave_degree 31.13
    ----Split statistics------'
    #Train samples 160 (20 nodes per class)
    #Val samples 500 (specified)
    #Test samples 1000 (specified)
    ----label noise information:------
    Instance dependent noise
    #Actual noise rate 0.40
    [cuda:1] Waiting for GPU slot...
    [cuda:1] Slot acquired (waited 423.6s). Training...
    FINAL_RESULT: {'acc': {'train': 0.61875, 'valid': 0.462, 'test': 0.805}, 'wall_s': 64.83, 'cpu_s': 0.02, 'gpu_s': 64.65, 'wait_s': 423.61}
    [Time] wall=64.8s | cpu=0.0s | gpu=64.7s
    C:\Users\fbrev\anaconda3\envs\noisygl\Lib\site-packages\torch\nn\modules\module.py:1159: UserWarning: expandable_segments not supported on this platform (Triggered internally at ..\c10/cuda/CUDAAllocatorConfig.h:28.)
    return t.to(
    C:\Users\fbrev\Documents\Acadêmico\Simulações\Python\NoisyGL\predictor\Base_Predictor.py:144: UserWarning: Sparse CSR tensor support is in beta state. If you miss a functionality in the sparse tensor support, please submit a feature request to https://github.com/pytorch/pytorch/issues. (Triggered internally at ..\aten\src\ATen\SparseCsrTensorImpl.cpp:55.)
    self.adj_csr = self.adj.to_sparse_csr().to(self.device)
    [CPU] Loading amazonpho...
    DEBUG 3.1: Dataset init start
    DEBUG 3.2: prepare_data start amazonpho
    ----Data statistics------'
    Name: amazonpho
    #Nodes 7650
    #Edges 119081
    #Classes 8
    #Ave_degree 31.13
    ----Split statistics------'
    #Train samples 160 (20 nodes per class)
    #Val samples 500 (specified)
    #Test samples 1000 (specified)
    ----label noise information:------
    Instance dependent noise
    #Actual noise rate 0.40
    [cuda:1] Waiting for GPU slot...
    [cuda:1] Slot acquired (waited 7.8s). Training...
    FINAL_RESULT: {'acc': {'train': 0.55, 'valid': 0.546, 'test': 0.798}, 'wall_s': 66.93, 'cpu_s': 0.02, 'gpu_s': 66.74, 'wait_s': 7.79}
    [Time] wall=66.9s | cpu=0.0s | gpu=66.7s
    C:\Users\fbrev\anaconda3\envs\noisygl\Lib\site-packages\torch\nn\modules\module.py:1159: UserWarning: expandable_segments not supported on this platform (Triggered internally at ..\c10/cuda/CUDAAllocatorConfig.h:28.)
    return t.to(
    C:\Users\fbrev\Documents\Acadêmico\Simulações\Python\NoisyGL\predictor\Base_Predictor.py:144: UserWarning: Sparse CSR tensor support is in beta state. If you miss a functionality in the sparse tensor support, please submit a feature request to https://github.com/pytorch/pytorch/issues. (Triggered internally at ..\aten\src\ATen\SparseCsrTensorImpl.cpp:55.)
    self.adj_csr = self.adj.to_sparse_csr().to(self.device)
    [CPU] Loading amazonpho...
    DEBUG 3.1: Dataset init start
    DEBUG 3.2: prepare_data start amazonpho
    ----Data statistics------'
    Name: amazonpho
    #Nodes 7650
    #Edges 119081
    #Classes 8
    #Ave_degree 31.13
    ----Split statistics------'
    #Train samples 160 (20 nodes per class)
    #Val samples 500 (specified)
    #Test samples 1000 (specified)
    ----label noise information:------
    Instance dependent noise
    #Actual noise rate 0.41
    [cuda:1] Waiting for GPU slot...
    [cuda:1] Slot acquired (waited 253.0s). Training...
    FINAL_RESULT: {'acc': {'train': 0.525, 'valid': 0.492, 'test': 0.699}, 'wall_s': 67.31, 'cpu_s': 0.02, 'gpu_s': 67.13, 'wait_s': 253.04}
    [Time] wall=67.3s | cpu=0.0s | gpu=67.1s
    C:\Users\fbrev\anaconda3\envs\noisygl\Lib\site-packages\torch\nn\modules\module.py:1159: UserWarning: expandable_segments not supported on this platform (Triggered internally at ..\c10/cuda/CUDAAllocatorConfig.h:28.)
    return t.to(
    C:\Users\fbrev\Documents\Acadêmico\Simulações\Python\NoisyGL\predictor\Base_Predictor.py:144: UserWarning: Sparse CSR tensor support is in beta state. If you miss a functionality in the sparse tensor support, please submit a feature request to https://github.com/pytorch/pytorch/issues. (Triggered internally at ..\aten\src\ATen\SparseCsrTensorImpl.cpp:55.)
    self.adj_csr = self.adj.to_sparse_csr().to(self.device)
  [Retest] Candidate 1 Avg: 0.7728

  [Retest] Candidate 2/3 (Trial 26, HPO_acc=0.8450)
    [CPU] Loading amazonpho...
    DEBUG 3.1: Dataset init start
    DEBUG 3.2: prepare_data start amazonpho
    ----Data statistics------'
    Name: amazonpho
    #Nodes 7650
    #Edges 119081
    #Classes 8
    #Ave_degree 31.13
    ----Split statistics------'
    #Train samples 160 (20 nodes per class)
    #Val samples 500 (specified)
    #Test samples 1000 (specified)
    ----label noise information:------
    Instance dependent noise
    #Actual noise rate 0.40
    [cuda:1] Waiting for GPU slot...
    [cuda:1] Slot acquired (waited 153.5s). Training...
    FINAL_RESULT: {'acc': {'train': 0.5375, 'valid': 0.512, 'test': 0.809}, 'wall_s': 67.35, 'cpu_s': 0.02, 'gpu_s': 67.18, 'wait_s': 153.47}
    [Time] wall=67.3s | cpu=0.0s | gpu=67.2s
    C:\Users\fbrev\anaconda3\envs\noisygl\Lib\site-packages\torch\nn\modules\module.py:1159: UserWarning: expandable_segments not supported on this platform (Triggered internally at ..\c10/cuda/CUDAAllocatorConfig.h:28.)
    return t.to(
    C:\Users\fbrev\Documents\Acadêmico\Simulações\Python\NoisyGL\predictor\Base_Predictor.py:144: UserWarning: Sparse CSR tensor support is in beta state. If you miss a functionality in the sparse tensor support, please submit a feature request to https://github.com/pytorch/pytorch/issues. (Triggered internally at ..\aten\src\ATen\SparseCsrTensorImpl.cpp:55.)
    self.adj_csr = self.adj.to_sparse_csr().to(self.device)
    [CPU] Loading amazonpho...
    DEBUG 3.1: Dataset init start
    DEBUG 3.2: prepare_data start amazonpho
    ----Data statistics------'
    Name: amazonpho
    #Nodes 7650
    #Edges 119081
    #Classes 8
    #Ave_degree 31.13
    ----Split statistics------'
    #Train samples 160 (20 nodes per class)
    #Val samples 500 (specified)
    #Test samples 1000 (specified)
    ----label noise information:------
    Instance dependent noise
    #Actual noise rate 0.40
    [cuda:1] Waiting for GPU slot...
    [cuda:1] Slot acquired (waited 1.4s). Training...
    FINAL_RESULT: {'acc': {'train': 0.61875, 'valid': 0.54, 'test': 0.807}, 'wall_s': 67.18, 'cpu_s': 0.02, 'gpu_s': 67.02, 'wait_s': 1.42}
    [Time] wall=67.2s | cpu=0.0s | gpu=67.0s
    C:\Users\fbrev\anaconda3\envs\noisygl\Lib\site-packages\torch\nn\modules\module.py:1159: UserWarning: expandable_segments not supported on this platform (Triggered internally at ..\c10/cuda/CUDAAllocatorConfig.h:28.)
    return t.to(
    C:\Users\fbrev\Documents\Acadêmico\Simulações\Python\NoisyGL\predictor\Base_Predictor.py:144: UserWarning: Sparse CSR tensor support is in beta state. If you miss a functionality in the sparse tensor support, please submit a feature request to https://github.com/pytorch/pytorch/issues. (Triggered internally at ..\aten\src\ATen\SparseCsrTensorImpl.cpp:55.)
    self.adj_csr = self.adj.to_sparse_csr().to(self.device)
    [CPU] Loading amazonpho...
    DEBUG 3.1: Dataset init start
    DEBUG 3.2: prepare_data start amazonpho
    ----Data statistics------'
    Name: amazonpho
    #Nodes 7650
    #Edges 119081
    #Classes 8
    #Ave_degree 31.13
    ----Split statistics------'
    #Train samples 160 (20 nodes per class)
    #Val samples 500 (specified)
    #Test samples 1000 (specified)
    ----label noise information:------
    Instance dependent noise
    #Actual noise rate 0.40
    [cuda:1] Waiting for GPU slot...
    [cuda:1] Slot acquired (waited 145.6s). Training...
    FINAL_RESULT: {'acc': {'train': 0.675, 'valid': 0.522, 'test': 0.827}, 'wall_s': 63.97, 'cpu_s': 0.02, 'gpu_s': 63.8, 'wait_s': 145.56}
    [Time] wall=64.0s | cpu=0.0s | gpu=63.8s
    C:\Users\fbrev\anaconda3\envs\noisygl\Lib\site-packages\torch\nn\modules\module.py:1159: UserWarning: expandable_segments not supported on this platform (Triggered internally at ..\c10/cuda/CUDAAllocatorConfig.h:28.)
    return t.to(
    C:\Users\fbrev\Documents\Acadêmico\Simulações\Python\NoisyGL\predictor\Base_Predictor.py:144: UserWarning: Sparse CSR tensor support is in beta state. If you miss a functionality in the sparse tensor support, please submit a feature request to https://github.com/pytorch/pytorch/issues. (Triggered internally at ..\aten\src\ATen\SparseCsrTensorImpl.cpp:55.)
    self.adj_csr = self.adj.to_sparse_csr().to(self.device)
    [CPU] Loading amazonpho...
    DEBUG 3.1: Dataset init start
    DEBUG 3.2: prepare_data start amazonpho
    ----Data statistics------'
    Name: amazonpho
    #Nodes 7650
    #Edges 119081
    #Classes 8
    #Ave_degree 31.13
    ----Split statistics------'
    #Train samples 160 (20 nodes per class)
    #Val samples 500 (specified)
    #Test samples 1000 (specified)
    ----label noise information:------
    Instance dependent noise
    #Actual noise rate 0.40
    [cuda:1] Waiting for GPU slot...
    [cuda:1] Slot acquired (waited 75.1s). Training...
    FINAL_RESULT: {'acc': {'train': 0.575, 'valid': 0.468, 'test': 0.715}, 'wall_s': 66.65, 'cpu_s': 0.02, 'gpu_s': 66.49, 'wait_s': 75.05}
    [Time] wall=66.7s | cpu=0.0s | gpu=66.5s
    C:\Users\fbrev\anaconda3\envs\noisygl\Lib\site-packages\torch\nn\modules\module.py:1159: UserWarning: expandable_segments not supported on this platform (Triggered internally at ..\c10/cuda/CUDAAllocatorConfig.h:28.)
    return t.to(
    C:\Users\fbrev\Documents\Acadêmico\Simulações\Python\NoisyGL\predictor\Base_Predictor.py:144: UserWarning: Sparse CSR tensor support is in beta state. If you miss a functionality in the sparse tensor support, please submit a feature request to https://github.com/pytorch/pytorch/issues. (Triggered internally at ..\aten\src\ATen\SparseCsrTensorImpl.cpp:55.)
    self.adj_csr = self.adj.to_sparse_csr().to(self.device)
    [CPU] Loading amazonpho...
    DEBUG 3.1: Dataset init start
    DEBUG 3.2: prepare_data start amazonpho
    ----Data statistics------'
    Name: amazonpho
    #Nodes 7650
    #Edges 119081
    #Classes 8
    #Ave_degree 31.13
    ----Split statistics------'
    #Train samples 160 (20 nodes per class)
    #Val samples 500 (specified)
    #Test samples 1000 (specified)
    ----label noise information:------
    Instance dependent noise
    #Actual noise rate 0.40
    [cuda:1] Waiting for GPU slot...
    [cuda:1] Slot acquired (waited 63.1s). Training...
    FINAL_RESULT: {'acc': {'train': 0.64375, 'valid': 0.546, 'test': 0.807}, 'wall_s': 65.08, 'cpu_s': 0.02, 'gpu_s': 64.92, 'wait_s': 63.13}
    [Time] wall=65.1s | cpu=0.0s | gpu=64.9s
    C:\Users\fbrev\anaconda3\envs\noisygl\Lib\site-packages\torch\nn\modules\module.py:1159: UserWarning: expandable_segments not supported on this platform (Triggered internally at ..\c10/cuda/CUDAAllocatorConfig.h:28.)
    return t.to(
    C:\Users\fbrev\Documents\Acadêmico\Simulações\Python\NoisyGL\predictor\Base_Predictor.py:144: UserWarning: Sparse CSR tensor support is in beta state. If you miss a functionality in the sparse tensor support, please submit a feature request to https://github.com/pytorch/pytorch/issues. (Triggered internally at ..\aten\src\ATen\SparseCsrTensorImpl.cpp:55.)
    self.adj_csr = self.adj.to_sparse_csr().to(self.device)
    [CPU] Loading amazonpho...
    DEBUG 3.1: Dataset init start
    DEBUG 3.2: prepare_data start amazonpho
    ----Data statistics------'
    Name: amazonpho
    #Nodes 7650
    #Edges 119081
    #Classes 8
    #Ave_degree 31.13
    ----Split statistics------'
    #Train samples 160 (20 nodes per class)
    #Val samples 500 (specified)
    #Test samples 1000 (specified)
    ----label noise information:------
    Instance dependent noise
    #Actual noise rate 0.41
    [cuda:1] Waiting for GPU slot...
    [cuda:1] Slot acquired (waited 159.0s). Training...
    FINAL_RESULT: {'acc': {'train': 0.5875, 'valid': 0.424, 'test': 0.694}, 'wall_s': 67.13, 'cpu_s': 0.02, 'gpu_s': 66.98, 'wait_s': 158.96}
    [Time] wall=67.1s | cpu=0.0s | gpu=67.0s
    C:\Users\fbrev\anaconda3\envs\noisygl\Lib\site-packages\torch\nn\modules\module.py:1159: UserWarning: expandable_segments not supported on this platform (Triggered internally at ..\c10/cuda/CUDAAllocatorConfig.h:28.)
    return t.to(
    C:\Users\fbrev\Documents\Acadêmico\Simulações\Python\NoisyGL\predictor\Base_Predictor.py:144: UserWarning: Sparse CSR tensor support is in beta state. If you miss a functionality in the sparse tensor support, please submit a feature request to https://github.com/pytorch/pytorch/issues. (Triggered internally at ..\aten\src\ATen\SparseCsrTensorImpl.cpp:55.)
    self.adj_csr = self.adj.to_sparse_csr().to(self.device)
    [CPU] Loading amazonpho...
    DEBUG 3.1: Dataset init start
    DEBUG 3.2: prepare_data start amazonpho
    ----Data statistics------'
    Name: amazonpho
    #Nodes 7650
    #Edges 119081
    #Classes 8
    #Ave_degree 31.13
    ----Split statistics------'
    #Train samples 160 (20 nodes per class)
    #Val samples 500 (specified)
    #Test samples 1000 (specified)
    ----label noise information:------
    Instance dependent noise
    #Actual noise rate 0.40
    [cuda:1] Waiting for GPU slot...
    [cuda:1] Slot acquired (waited 5.8s). Training...
    FINAL_RESULT: {'acc': {'train': 0.61875, 'valid': 0.518, 'test': 0.8}, 'wall_s': 66.48, 'cpu_s': 0.02, 'gpu_s': 66.33, 'wait_s': 5.82}
    [Time] wall=66.5s | cpu=0.0s | gpu=66.3s
    C:\Users\fbrev\anaconda3\envs\noisygl\Lib\site-packages\torch\nn\modules\module.py:1159: UserWarning: expandable_segments not supported on this platform (Triggered internally at ..\c10/cuda/CUDAAllocatorConfig.h:28.)
    return t.to(
    C:\Users\fbrev\Documents\Acadêmico\Simulações\Python\NoisyGL\predictor\Base_Predictor.py:144: UserWarning: Sparse CSR tensor support is in beta state. If you miss a functionality in the sparse tensor support, please submit a feature request to https://github.com/pytorch/pytorch/issues. (Triggered internally at ..\aten\src\ATen\SparseCsrTensorImpl.cpp:55.)
    self.adj_csr = self.adj.to_sparse_csr().to(self.device)
    [CPU] Loading amazonpho...
    DEBUG 3.1: Dataset init start
    DEBUG 3.2: prepare_data start amazonpho
    ----Data statistics------'
    Name: amazonpho
    #Nodes 7650
    #Edges 119081
    #Classes 8
    #Ave_degree 31.13
    ----Split statistics------'
    #Train samples 160 (20 nodes per class)
    #Val samples 500 (specified)
    #Test samples 1000 (specified)
    ----label noise information:------
    Instance dependent noise
    #Actual noise rate 0.40
    [cuda:1] Waiting for GPU slot...
    [cuda:1] Slot acquired (waited 18.2s). Training...
    FINAL_RESULT: {'acc': {'train': 0.63125, 'valid': 0.462, 'test': 0.807}, 'wall_s': 68.33, 'cpu_s': 0.02, 'gpu_s': 68.15, 'wait_s': 18.17}
    [Time] wall=68.3s | cpu=0.0s | gpu=68.2s
    C:\Users\fbrev\anaconda3\envs\noisygl\Lib\site-packages\torch\nn\modules\module.py:1159: UserWarning: expandable_segments not supported on this platform (Triggered internally at ..\c10/cuda/CUDAAllocatorConfig.h:28.)
    return t.to(
    C:\Users\fbrev\Documents\Acadêmico\Simulações\Python\NoisyGL\predictor\Base_Predictor.py:144: UserWarning: Sparse CSR tensor support is in beta state. If you miss a functionality in the sparse tensor support, please submit a feature request to https://github.com/pytorch/pytorch/issues. (Triggered internally at ..\aten\src\ATen\SparseCsrTensorImpl.cpp:55.)
    self.adj_csr = self.adj.to_sparse_csr().to(self.device)
    [CPU] Loading amazonpho...
    DEBUG 3.1: Dataset init start
    DEBUG 3.2: prepare_data start amazonpho
    ----Data statistics------'
    Name: amazonpho
    #Nodes 7650
    #Edges 119081
    #Classes 8
    #Ave_degree 31.13
    ----Split statistics------'
    #Train samples 160 (20 nodes per class)
    #Val samples 500 (specified)
    #Test samples 1000 (specified)
    ----label noise information:------
    Instance dependent noise
    #Actual noise rate 0.40
    [cuda:1] Waiting for GPU slot...
    [cuda:1] Slot acquired (waited 15.3s). Training...
    FINAL_RESULT: {'acc': {'train': 0.54375, 'valid': 0.548, 'test': 0.795}, 'wall_s': 68.67, 'cpu_s': 0.02, 'gpu_s': 68.49, 'wait_s': 15.25}
    [Time] wall=68.7s | cpu=0.0s | gpu=68.5s
    C:\Users\fbrev\anaconda3\envs\noisygl\Lib\site-packages\torch\nn\modules\module.py:1159: UserWarning: expandable_segments not supported on this platform (Triggered internally at ..\c10/cuda/CUDAAllocatorConfig.h:28.)
    return t.to(
    C:\Users\fbrev\Documents\Acadêmico\Simulações\Python\NoisyGL\predictor\Base_Predictor.py:144: UserWarning: Sparse CSR tensor support is in beta state. If you miss a functionality in the sparse tensor support, please submit a feature request to https://github.com/pytorch/pytorch/issues. (Triggered internally at ..\aten\src\ATen\SparseCsrTensorImpl.cpp:55.)
    self.adj_csr = self.adj.to_sparse_csr().to(self.device)
    [CPU] Loading amazonpho...
    DEBUG 3.1: Dataset init start
    DEBUG 3.2: prepare_data start amazonpho
    ----Data statistics------'
    Name: amazonpho
    #Nodes 7650
    #Edges 119081
    #Classes 8
    #Ave_degree 31.13
    ----Split statistics------'
    #Train samples 160 (20 nodes per class)
    #Val samples 500 (specified)
    #Test samples 1000 (specified)
    ----label noise information:------
    Instance dependent noise
    #Actual noise rate 0.41
    [cuda:1] Waiting for GPU slot...
    [cuda:1] Slot acquired (waited 11.4s). Training...
    FINAL_RESULT: {'acc': {'train': 0.53125, 'valid': 0.492, 'test': 0.693}, 'wall_s': 67.17, 'cpu_s': 0.02, 'gpu_s': 67.0, 'wait_s': 11.35}
    [Time] wall=67.2s | cpu=0.0s | gpu=67.0s
    C:\Users\fbrev\anaconda3\envs\noisygl\Lib\site-packages\torch\nn\modules\module.py:1159: UserWarning: expandable_segments not supported on this platform (Triggered internally at ..\c10/cuda/CUDAAllocatorConfig.h:28.)
    return t.to(
    C:\Users\fbrev\Documents\Acadêmico\Simulações\Python\NoisyGL\predictor\Base_Predictor.py:144: UserWarning: Sparse CSR tensor support is in beta state. If you miss a functionality in the sparse tensor support, please submit a feature request to https://github.com/pytorch/pytorch/issues. (Triggered internally at ..\aten\src\ATen\SparseCsrTensorImpl.cpp:55.)
    self.adj_csr = self.adj.to_sparse_csr().to(self.device)
  [Retest] Candidate 2 Avg: 0.7754

  [Retest] Candidate 3/3 (Trial 33, HPO_acc=0.8440)
    [CPU] Loading amazonpho...
    DEBUG 3.1: Dataset init start
    DEBUG 3.2: prepare_data start amazonpho
    ----Data statistics------'
    Name: amazonpho
    #Nodes 7650
    #Edges 119081
    #Classes 8
    #Ave_degree 31.13
    ----Split statistics------'
    #Train samples 160 (20 nodes per class)
    #Val samples 500 (specified)
    #Test samples 1000 (specified)
    ----label noise information:------
    Instance dependent noise
    #Actual noise rate 0.40
    [cuda:1] Waiting for GPU slot...
    [cuda:1] Slot acquired (waited 14.2s). Training...
    FINAL_RESULT: {'acc': {'train': 0.65625, 'valid': 0.516, 'test': 0.81}, 'wall_s': 68.93, 'cpu_s': 0.02, 'gpu_s': 68.76, 'wait_s': 14.23}
    [Time] wall=68.9s | cpu=0.0s | gpu=68.8s
    C:\Users\fbrev\anaconda3\envs\noisygl\Lib\site-packages\torch\nn\modules\module.py:1159: UserWarning: expandable_segments not supported on this platform (Triggered internally at ..\c10/cuda/CUDAAllocatorConfig.h:28.)
    return t.to(
    C:\Users\fbrev\Documents\Acadêmico\Simulações\Python\NoisyGL\predictor\Base_Predictor.py:144: UserWarning: Sparse CSR tensor support is in beta state. If you miss a functionality in the sparse tensor support, please submit a feature request to https://github.com/pytorch/pytorch/issues. (Triggered internally at ..\aten\src\ATen\SparseCsrTensorImpl.cpp:55.)
    self.adj_csr = self.adj.to_sparse_csr().to(self.device)
    [CPU] Loading amazonpho...
    DEBUG 3.1: Dataset init start
    DEBUG 3.2: prepare_data start amazonpho
    ----Data statistics------'
    Name: amazonpho
    #Nodes 7650
    #Edges 119081
    #Classes 8
    #Ave_degree 31.13
    ----Split statistics------'
    #Train samples 160 (20 nodes per class)
    #Val samples 500 (specified)
    #Test samples 1000 (specified)
    ----label noise information:------
    Instance dependent noise
    #Actual noise rate 0.40
    [cuda:1] Waiting for GPU slot...
    [cuda:1] Slot acquired (waited 18.1s). Training...
    FINAL_RESULT: {'acc': {'train': 0.625, 'valid': 0.538, 'test': 0.798}, 'wall_s': 69.77, 'cpu_s': 0.02, 'gpu_s': 69.59, 'wait_s': 18.09}
    [Time] wall=69.8s | cpu=0.0s | gpu=69.6s
    C:\Users\fbrev\anaconda3\envs\noisygl\Lib\site-packages\torch\nn\modules\module.py:1159: UserWarning: expandable_segments not supported on this platform (Triggered internally at ..\c10/cuda/CUDAAllocatorConfig.h:28.)
    return t.to(
    C:\Users\fbrev\Documents\Acadêmico\Simulações\Python\NoisyGL\predictor\Base_Predictor.py:144: UserWarning: Sparse CSR tensor support is in beta state. If you miss a functionality in the sparse tensor support, please submit a feature request to https://github.com/pytorch/pytorch/issues. (Triggered internally at ..\aten\src\ATen\SparseCsrTensorImpl.cpp:55.)
    self.adj_csr = self.adj.to_sparse_csr().to(self.device)
    [CPU] Loading amazonpho...
    DEBUG 3.1: Dataset init start
    DEBUG 3.2: prepare_data start amazonpho
    ----Data statistics------'
    Name: amazonpho
    #Nodes 7650
    #Edges 119081
    #Classes 8
    #Ave_degree 31.13
    ----Split statistics------'
    #Train samples 160 (20 nodes per class)
    #Val samples 500 (specified)
    #Test samples 1000 (specified)
    ----label noise information:------
    Instance dependent noise
    #Actual noise rate 0.40
    [cuda:1] Waiting for GPU slot...
    [cuda:1] Slot acquired (waited 0.0s). Training...
    FINAL_RESULT: {'acc': {'train': 0.6, 'valid': 0.522, 'test': 0.845}, 'wall_s': 68.14, 'cpu_s': 0.02, 'gpu_s': 67.96, 'wait_s': 0.0}
    [Time] wall=68.1s | cpu=0.0s | gpu=68.0s
    C:\Users\fbrev\anaconda3\envs\noisygl\Lib\site-packages\torch\nn\modules\module.py:1159: UserWarning: expandable_segments not supported on this platform (Triggered internally at ..\c10/cuda/CUDAAllocatorConfig.h:28.)
    return t.to(
    C:\Users\fbrev\Documents\Acadêmico\Simulações\Python\NoisyGL\predictor\Base_Predictor.py:144: UserWarning: Sparse CSR tensor support is in beta state. If you miss a functionality in the sparse tensor support, please submit a feature request to https://github.com/pytorch/pytorch/issues. (Triggered internally at ..\aten\src\ATen\SparseCsrTensorImpl.cpp:55.)
    self.adj_csr = self.adj.to_sparse_csr().to(self.device)
    [CPU] Loading amazonpho...
    DEBUG 3.1: Dataset init start
    DEBUG 3.2: prepare_data start amazonpho
    ----Data statistics------'
    Name: amazonpho
    #Nodes 7650
    #Edges 119081
    #Classes 8
    #Ave_degree 31.13
    ----Split statistics------'
    #Train samples 160 (20 nodes per class)
    #Val samples 500 (specified)
    #Test samples 1000 (specified)
    ----label noise information:------
    Instance dependent noise
    #Actual noise rate 0.40
    [cuda:1] Waiting for GPU slot...
    [cuda:1] Slot acquired (waited 15.5s). Training...
    FINAL_RESULT: {'acc': {'train': 0.55, 'valid': 0.466, 'test': 0.71}, 'wall_s': 67.13, 'cpu_s': 0.02, 'gpu_s': 66.95, 'wait_s': 15.5}
    [Time] wall=67.1s | cpu=0.0s | gpu=66.9s
    C:\Users\fbrev\anaconda3\envs\noisygl\Lib\site-packages\torch\nn\modules\module.py:1159: UserWarning: expandable_segments not supported on this platform (Triggered internally at ..\c10/cuda/CUDAAllocatorConfig.h:28.)
    return t.to(
    C:\Users\fbrev\Documents\Acadêmico\Simulações\Python\NoisyGL\predictor\Base_Predictor.py:144: UserWarning: Sparse CSR tensor support is in beta state. If you miss a functionality in the sparse tensor support, please submit a feature request to https://github.com/pytorch/pytorch/issues. (Triggered internally at ..\aten\src\ATen\SparseCsrTensorImpl.cpp:55.)
    self.adj_csr = self.adj.to_sparse_csr().to(self.device)
    [CPU] Loading amazonpho...
    DEBUG 3.1: Dataset init start
    DEBUG 3.2: prepare_data start amazonpho
    ----Data statistics------'
    Name: amazonpho
    #Nodes 7650
    #Edges 119081
    #Classes 8
    #Ave_degree 31.13
    ----Split statistics------'
    #Train samples 160 (20 nodes per class)
    #Val samples 500 (specified)
    #Test samples 1000 (specified)
    ----label noise information:------
    Instance dependent noise
    #Actual noise rate 0.40
    [cuda:1] Waiting for GPU slot...
    [cuda:1] Slot acquired (waited 11.8s). Training...
    FINAL_RESULT: {'acc': {'train': 0.6125, 'valid': 0.552, 'test': 0.822}, 'wall_s': 69.13, 'cpu_s': 0.02, 'gpu_s': 68.94, 'wait_s': 11.79}
    [Time] wall=69.1s | cpu=0.0s | gpu=68.9s
    C:\Users\fbrev\anaconda3\envs\noisygl\Lib\site-packages\torch\nn\modules\module.py:1159: UserWarning: expandable_segments not supported on this platform (Triggered internally at ..\c10/cuda/CUDAAllocatorConfig.h:28.)
    return t.to(
    C:\Users\fbrev\Documents\Acadêmico\Simulações\Python\NoisyGL\predictor\Base_Predictor.py:144: UserWarning: Sparse CSR tensor support is in beta state. If you miss a functionality in the sparse tensor support, please submit a feature request to https://github.com/pytorch/pytorch/issues. (Triggered internally at ..\aten\src\ATen\SparseCsrTensorImpl.cpp:55.)
    self.adj_csr = self.adj.to_sparse_csr().to(self.device)
    [CPU] Loading amazonpho...
    DEBUG 3.1: Dataset init start
    DEBUG 3.2: prepare_data start amazonpho
    ----Data statistics------'
    Name: amazonpho
    #Nodes 7650
    #Edges 119081
    #Classes 8
    #Ave_degree 31.13
    ----Split statistics------'
    #Train samples 160 (20 nodes per class)
    #Val samples 500 (specified)
    #Test samples 1000 (specified)
    ----label noise information:------
    Instance dependent noise
    #Actual noise rate 0.41
    [cuda:1] Waiting for GPU slot...
    [cuda:1] Slot acquired (waited 0.0s). Training...
    FINAL_RESULT: {'acc': {'train': 0.625, 'valid': 0.422, 'test': 0.659}, 'wall_s': 70.08, 'cpu_s': 0.02, 'gpu_s': 69.89, 'wait_s': 0.0}
    [Time] wall=70.1s | cpu=0.0s | gpu=69.9s
    C:\Users\fbrev\anaconda3\envs\noisygl\Lib\site-packages\torch\nn\modules\module.py:1159: UserWarning: expandable_segments not supported on this platform (Triggered internally at ..\c10/cuda/CUDAAllocatorConfig.h:28.)
    return t.to(
    C:\Users\fbrev\Documents\Acadêmico\Simulações\Python\NoisyGL\predictor\Base_Predictor.py:144: UserWarning: Sparse CSR tensor support is in beta state. If you miss a functionality in the sparse tensor support, please submit a feature request to https://github.com/pytorch/pytorch/issues. (Triggered internally at ..\aten\src\ATen\SparseCsrTensorImpl.cpp:55.)
    self.adj_csr = self.adj.to_sparse_csr().to(self.device)
    [CPU] Loading amazonpho...
    DEBUG 3.1: Dataset init start
    DEBUG 3.2: prepare_data start amazonpho
    ----Data statistics------'
    Name: amazonpho
    #Nodes 7650
    #Edges 119081
    #Classes 8
    #Ave_degree 31.13
    ----Split statistics------'
    #Train samples 160 (20 nodes per class)
    #Val samples 500 (specified)
    #Test samples 1000 (specified)
    ----label noise information:------
    Instance dependent noise
    #Actual noise rate 0.40
    [cuda:1] Waiting for GPU slot...
    [cuda:1] Slot acquired (waited 0.0s). Training...
    FINAL_RESULT: {'acc': {'train': 0.525, 'valid': 0.512, 'test': 0.804}, 'wall_s': 67.68, 'cpu_s': 0.02, 'gpu_s': 67.5, 'wait_s': 0.0}
    [Time] wall=67.7s | cpu=0.0s | gpu=67.5s
    C:\Users\fbrev\anaconda3\envs\noisygl\Lib\site-packages\torch\nn\modules\module.py:1159: UserWarning: expandable_segments not supported on this platform (Triggered internally at ..\c10/cuda/CUDAAllocatorConfig.h:28.)
    return t.to(
    C:\Users\fbrev\Documents\Acadêmico\Simulações\Python\NoisyGL\predictor\Base_Predictor.py:144: UserWarning: Sparse CSR tensor support is in beta state. If you miss a functionality in the sparse tensor support, please submit a feature request to https://github.com/pytorch/pytorch/issues. (Triggered internally at ..\aten\src\ATen\SparseCsrTensorImpl.cpp:55.)
    self.adj_csr = self.adj.to_sparse_csr().to(self.device)
    [CPU] Loading amazonpho...
    DEBUG 3.1: Dataset init start
    DEBUG 3.2: prepare_data start amazonpho
    ----Data statistics------'
    Name: amazonpho
    #Nodes 7650
    #Edges 119081
    #Classes 8
    #Ave_degree 31.13
    ----Split statistics------'
    #Train samples 160 (20 nodes per class)
    #Val samples 500 (specified)
    #Test samples 1000 (specified)
    ----label noise information:------
    Instance dependent noise
    #Actual noise rate 0.40
    [cuda:1] Waiting for GPU slot...
    [cuda:1] Slot acquired (waited 13.5s). Training...
    FINAL_RESULT: {'acc': {'train': 0.6125, 'valid': 0.466, 'test': 0.812}, 'wall_s': 68.92, 'cpu_s': 0.02, 'gpu_s': 68.73, 'wait_s': 13.53}
    [Time] wall=68.9s | cpu=0.0s | gpu=68.7s
    C:\Users\fbrev\anaconda3\envs\noisygl\Lib\site-packages\torch\nn\modules\module.py:1159: UserWarning: expandable_segments not supported on this platform (Triggered internally at ..\c10/cuda/CUDAAllocatorConfig.h:28.)
    return t.to(
    C:\Users\fbrev\Documents\Acadêmico\Simulações\Python\NoisyGL\predictor\Base_Predictor.py:144: UserWarning: Sparse CSR tensor support is in beta state. If you miss a functionality in the sparse tensor support, please submit a feature request to https://github.com/pytorch/pytorch/issues. (Triggered internally at ..\aten\src\ATen\SparseCsrTensorImpl.cpp:55.)
    self.adj_csr = self.adj.to_sparse_csr().to(self.device)
    [CPU] Loading amazonpho...
    DEBUG 3.1: Dataset init start
    DEBUG 3.2: prepare_data start amazonpho
    ----Data statistics------'
    Name: amazonpho
    #Nodes 7650
    #Edges 119081
    #Classes 8
    #Ave_degree 31.13
    ----Split statistics------'
    #Train samples 160 (20 nodes per class)
    #Val samples 500 (specified)
    #Test samples 1000 (specified)
    ----label noise information:------
    Instance dependent noise
    #Actual noise rate 0.40
    [cuda:1] Waiting for GPU slot...
    [cuda:1] Slot acquired (waited 3.8s). Training...
    FINAL_RESULT: {'acc': {'train': 0.55, 'valid': 0.55, 'test': 0.802}, 'wall_s': 66.62, 'cpu_s': 0.02, 'gpu_s': 66.45, 'wait_s': 3.8}
    [Time] wall=66.6s | cpu=0.0s | gpu=66.4s
    C:\Users\fbrev\anaconda3\envs\noisygl\Lib\site-packages\torch\nn\modules\module.py:1159: UserWarning: expandable_segments not supported on this platform (Triggered internally at ..\c10/cuda/CUDAAllocatorConfig.h:28.)
    return t.to(
    C:\Users\fbrev\Documents\Acadêmico\Simulações\Python\NoisyGL\predictor\Base_Predictor.py:144: UserWarning: Sparse CSR tensor support is in beta state. If you miss a functionality in the sparse tensor support, please submit a feature request to https://github.com/pytorch/pytorch/issues. (Triggered internally at ..\aten\src\ATen\SparseCsrTensorImpl.cpp:55.)
    self.adj_csr = self.adj.to_sparse_csr().to(self.device)
    [CPU] Loading amazonpho...
    DEBUG 3.1: Dataset init start
    DEBUG 3.2: prepare_data start amazonpho
    ----Data statistics------'
    Name: amazonpho
    #Nodes 7650
    #Edges 119081
    #Classes 8
    #Ave_degree 31.13
    ----Split statistics------'
    #Train samples 160 (20 nodes per class)
    #Val samples 500 (specified)
    #Test samples 1000 (specified)
    ----label noise information:------
    Instance dependent noise
    #Actual noise rate 0.41
    [cuda:1] Waiting for GPU slot...
    [cuda:1] Slot acquired (waited 5.0s). Training...
    FINAL_RESULT: {'acc': {'train': 0.53125, 'valid': 0.498, 'test': 0.698}, 'wall_s': 68.57, 'cpu_s': 0.02, 'gpu_s': 68.4, 'wait_s': 5.01}
    [Time] wall=68.6s | cpu=0.0s | gpu=68.4s
    C:\Users\fbrev\anaconda3\envs\noisygl\Lib\site-packages\torch\nn\modules\module.py:1159: UserWarning: expandable_segments not supported on this platform (Triggered internally at ..\c10/cuda/CUDAAllocatorConfig.h:28.)
    return t.to(
    C:\Users\fbrev\Documents\Acadêmico\Simulações\Python\NoisyGL\predictor\Base_Predictor.py:144: UserWarning: Sparse CSR tensor support is in beta state. If you miss a functionality in the sparse tensor support, please submit a feature request to https://github.com/pytorch/pytorch/issues. (Triggered internally at ..\aten\src\ATen\SparseCsrTensorImpl.cpp:55.)
    self.adj_csr = self.adj.to_sparse_csr().to(self.device)
  [Retest] Candidate 3 Avg: 0.7760

[Phase 2] Starting final evaluation with 10 seeds (3000-3009)...
    [CPU] Loading amazonpho...
    DEBUG 3.1: Dataset init start
    DEBUG 3.2: prepare_data start amazonpho
    ----Data statistics------'
    Name: amazonpho
    #Nodes 7650
    #Edges 119081
    #Classes 8
    #Ave_degree 31.13
    ----Split statistics------'
    #Train samples 160 (20 nodes per class)
    #Val samples 500 (specified)
    #Test samples 1000 (specified)
    ----label noise information:------
    Instance dependent noise
    #Actual noise rate 0.40
    [cuda:1] Waiting for GPU slot...
    [cuda:1] Slot acquired (waited 0.0s). Training...
    FINAL_RESULT: {'acc': {'train': 0.58125, 'valid': 0.52, 'test': 0.844}, 'wall_s': 68.94, 'cpu_s': 0.02, 'gpu_s': 68.76, 'wait_s': 0.0}
    [Time] wall=68.9s | cpu=0.0s | gpu=68.8s
    C:\Users\fbrev\anaconda3\envs\noisygl\Lib\site-packages\torch\nn\modules\module.py:1159: UserWarning: expandable_segments not supported on this platform (Triggered internally at ..\c10/cuda/CUDAAllocatorConfig.h:28.)
    return t.to(
    C:\Users\fbrev\Documents\Acadêmico\Simulações\Python\NoisyGL\predictor\Base_Predictor.py:144: UserWarning: Sparse CSR tensor support is in beta state. If you miss a functionality in the sparse tensor support, please submit a feature request to https://github.com/pytorch/pytorch/issues. (Triggered internally at ..\aten\src\ATen\SparseCsrTensorImpl.cpp:55.)
    self.adj_csr = self.adj.to_sparse_csr().to(self.device)
    [CPU] Loading amazonpho...
    DEBUG 3.1: Dataset init start
    DEBUG 3.2: prepare_data start amazonpho
    ----Data statistics------'
    Name: amazonpho
    #Nodes 7650
    #Edges 119081
    #Classes 8
    #Ave_degree 31.13
    ----Split statistics------'
    #Train samples 160 (20 nodes per class)
    #Val samples 500 (specified)
    #Test samples 1000 (specified)
    ----label noise information:------
    Instance dependent noise
    #Actual noise rate 0.41
    [cuda:1] Waiting for GPU slot...
    [cuda:1] Slot acquired (waited 0.0s). Training...
    FINAL_RESULT: {'acc': {'train': 0.63125, 'valid': 0.496, 'test': 0.733}, 'wall_s': 69.62, 'cpu_s': 0.02, 'gpu_s': 69.41, 'wait_s': 0.0}
    [Time] wall=69.6s | cpu=0.0s | gpu=69.4s
    C:\Users\fbrev\anaconda3\envs\noisygl\Lib\site-packages\torch\nn\modules\module.py:1159: UserWarning: expandable_segments not supported on this platform (Triggered internally at ..\c10/cuda/CUDAAllocatorConfig.h:28.)
    return t.to(
    C:\Users\fbrev\Documents\Acadêmico\Simulações\Python\NoisyGL\predictor\Base_Predictor.py:144: UserWarning: Sparse CSR tensor support is in beta state. If you miss a functionality in the sparse tensor support, please submit a feature request to https://github.com/pytorch/pytorch/issues. (Triggered internally at ..\aten\src\ATen\SparseCsrTensorImpl.cpp:55.)
    self.adj_csr = self.adj.to_sparse_csr().to(self.device)
    [CPU] Loading amazonpho...
    DEBUG 3.1: Dataset init start
    DEBUG 3.2: prepare_data start amazonpho
    ----Data statistics------'
    Name: amazonpho
    #Nodes 7650
    #Edges 119081
    #Classes 8
    #Ave_degree 31.13
    ----Split statistics------'
    #Train samples 160 (20 nodes per class)
    #Val samples 500 (specified)
    #Test samples 1000 (specified)
    ----label noise information:------
    Instance dependent noise
    #Actual noise rate 0.40
    [cuda:1] Waiting for GPU slot...
    [cuda:1] Slot acquired (waited 0.0s). Training...
    FINAL_RESULT: {'acc': {'train': 0.55625, 'valid': 0.454, 'test': 0.758}, 'wall_s': 68.04, 'cpu_s': 0.02, 'gpu_s': 67.86, 'wait_s': 0.0}
    [Time] wall=68.0s | cpu=0.0s | gpu=67.9s
    C:\Users\fbrev\anaconda3\envs\noisygl\Lib\site-packages\torch\nn\modules\module.py:1159: UserWarning: expandable_segments not supported on this platform (Triggered internally at ..\c10/cuda/CUDAAllocatorConfig.h:28.)
    return t.to(
    C:\Users\fbrev\Documents\Acadêmico\Simulações\Python\NoisyGL\predictor\Base_Predictor.py:144: UserWarning: Sparse CSR tensor support is in beta state. If you miss a functionality in the sparse tensor support, please submit a feature request to https://github.com/pytorch/pytorch/issues. (Triggered internally at ..\aten\src\ATen\SparseCsrTensorImpl.cpp:55.)
    self.adj_csr = self.adj.to_sparse_csr().to(self.device)
    [CPU] Loading amazonpho...
    DEBUG 3.1: Dataset init start
    DEBUG 3.2: prepare_data start amazonpho
    ----Data statistics------'
    Name: amazonpho
    #Nodes 7650
    #Edges 119081
    #Classes 8
    #Ave_degree 31.13
    ----Split statistics------'
    #Train samples 160 (20 nodes per class)
    #Val samples 500 (specified)
    #Test samples 1000 (specified)
    ----label noise information:------
    Instance dependent noise
    #Actual noise rate 0.41
    [cuda:1] Waiting for GPU slot...
    [cuda:1] Slot acquired (waited 0.0s). Training...
    FINAL_RESULT: {'acc': {'train': 0.65, 'valid': 0.516, 'test': 0.781}, 'wall_s': 67.54, 'cpu_s': 0.03, 'gpu_s': 67.35, 'wait_s': 0.0}
    [Time] wall=67.5s | cpu=0.0s | gpu=67.3s
    C:\Users\fbrev\anaconda3\envs\noisygl\Lib\site-packages\torch\nn\modules\module.py:1159: UserWarning: expandable_segments not supported on this platform (Triggered internally at ..\c10/cuda/CUDAAllocatorConfig.h:28.)
    return t.to(
    C:\Users\fbrev\Documents\Acadêmico\Simulações\Python\NoisyGL\predictor\Base_Predictor.py:144: UserWarning: Sparse CSR tensor support is in beta state. If you miss a functionality in the sparse tensor support, please submit a feature request to https://github.com/pytorch/pytorch/issues. (Triggered internally at ..\aten\src\ATen\SparseCsrTensorImpl.cpp:55.)
    self.adj_csr = self.adj.to_sparse_csr().to(self.device)
    [CPU] Loading amazonpho...
    DEBUG 3.1: Dataset init start
    DEBUG 3.2: prepare_data start amazonpho
    ----Data statistics------'
    Name: amazonpho
    #Nodes 7650
    #Edges 119081
    #Classes 8
    #Ave_degree 31.13
    ----Split statistics------'
    #Train samples 160 (20 nodes per class)
    #Val samples 500 (specified)
    #Test samples 1000 (specified)
    ----label noise information:------
    Instance dependent noise
    #Actual noise rate 0.40
    [cuda:1] Waiting for GPU slot...
    [cuda:1] Slot acquired (waited 3.2s). Training...
    FINAL_RESULT: {'acc': {'train': 0.61875, 'valid': 0.438, 'test': 0.689}, 'wall_s': 68.25, 'cpu_s': 0.02, 'gpu_s': 68.05, 'wait_s': 3.19}
    [Time] wall=68.3s | cpu=0.0s | gpu=68.1s
    C:\Users\fbrev\anaconda3\envs\noisygl\Lib\site-packages\torch\nn\modules\module.py:1159: UserWarning: expandable_segments not supported on this platform (Triggered internally at ..\c10/cuda/CUDAAllocatorConfig.h:28.)
    return t.to(
    C:\Users\fbrev\Documents\Acadêmico\Simulações\Python\NoisyGL\predictor\Base_Predictor.py:144: UserWarning: Sparse CSR tensor support is in beta state. If you miss a functionality in the sparse tensor support, please submit a feature request to https://github.com/pytorch/pytorch/issues. (Triggered internally at ..\aten\src\ATen\SparseCsrTensorImpl.cpp:55.)
    self.adj_csr = self.adj.to_sparse_csr().to(self.device)
    [CPU] Loading amazonpho...
    DEBUG 3.1: Dataset init start
    DEBUG 3.2: prepare_data start amazonpho
    ----Data statistics------'
    Name: amazonpho
    #Nodes 7650
    #Edges 119081
    #Classes 8
    #Ave_degree 31.13
    ----Split statistics------'
    #Train samples 160 (20 nodes per class)
    #Val samples 500 (specified)
    #Test samples 1000 (specified)
    ----label noise information:------
    Instance dependent noise
    #Actual noise rate 0.40
    [cuda:1] Waiting for GPU slot...
    [cuda:1] Slot acquired (waited 0.0s). Training...
    FINAL_RESULT: {'acc': {'train': 0.58125, 'valid': 0.456, 'test': 0.767}, 'wall_s': 69.44, 'cpu_s': 0.02, 'gpu_s': 69.24, 'wait_s': 0.0}
    [Time] wall=69.4s | cpu=0.0s | gpu=69.2s
    C:\Users\fbrev\anaconda3\envs\noisygl\Lib\site-packages\torch\nn\modules\module.py:1159: UserWarning: expandable_segments not supported on this platform (Triggered internally at ..\c10/cuda/CUDAAllocatorConfig.h:28.)
    return t.to(
    C:\Users\fbrev\Documents\Acadêmico\Simulações\Python\NoisyGL\predictor\Base_Predictor.py:144: UserWarning: Sparse CSR tensor support is in beta state. If you miss a functionality in the sparse tensor support, please submit a feature request to https://github.com/pytorch/pytorch/issues. (Triggered internally at ..\aten\src\ATen\SparseCsrTensorImpl.cpp:55.)
    self.adj_csr = self.adj.to_sparse_csr().to(self.device)
    [CPU] Loading amazonpho...
    DEBUG 3.1: Dataset init start
    DEBUG 3.2: prepare_data start amazonpho
    ----Data statistics------'
    Name: amazonpho
    #Nodes 7650
    #Edges 119081
    #Classes 8
    #Ave_degree 31.13
    ----Split statistics------'
    #Train samples 160 (20 nodes per class)
    #Val samples 500 (specified)
    #Test samples 1000 (specified)
    ----label noise information:------
    Instance dependent noise
    #Actual noise rate 0.41
    [cuda:1] Waiting for GPU slot...
    [cuda:1] Slot acquired (waited 0.0s). Training...
    FINAL_RESULT: {'acc': {'train': 0.7, 'valid': 0.518, 'test': 0.846}, 'wall_s': 66.22, 'cpu_s': 0.02, 'gpu_s': 66.04, 'wait_s': 0.0}
    [Time] wall=66.2s | cpu=0.0s | gpu=66.0s
    C:\Users\fbrev\anaconda3\envs\noisygl\Lib\site-packages\torch\nn\modules\module.py:1159: UserWarning: expandable_segments not supported on this platform (Triggered internally at ..\c10/cuda/CUDAAllocatorConfig.h:28.)
    return t.to(
    C:\Users\fbrev\Documents\Acadêmico\Simulações\Python\NoisyGL\predictor\Base_Predictor.py:144: UserWarning: Sparse CSR tensor support is in beta state. If you miss a functionality in the sparse tensor support, please submit a feature request to https://github.com/pytorch/pytorch/issues. (Triggered internally at ..\aten\src\ATen\SparseCsrTensorImpl.cpp:55.)
    self.adj_csr = self.adj.to_sparse_csr().to(self.device)
    [CPU] Loading amazonpho...
    DEBUG 3.1: Dataset init start
    DEBUG 3.2: prepare_data start amazonpho
    ----Data statistics------'
    Name: amazonpho
    #Nodes 7650
    #Edges 119081
    #Classes 8
    #Ave_degree 31.13
    ----Split statistics------'
    #Train samples 160 (20 nodes per class)
    #Val samples 500 (specified)
    #Test samples 1000 (specified)
    ----label noise information:------
    Instance dependent noise
    #Actual noise rate 0.40
    [cuda:1] Waiting for GPU slot...
    [cuda:1] Slot acquired (waited 2.3s). Training...
    FINAL_RESULT: {'acc': {'train': 0.68125, 'valid': 0.532, 'test': 0.855}, 'wall_s': 69.78, 'cpu_s': 0.02, 'gpu_s': 69.56, 'wait_s': 2.28}
    [Time] wall=69.8s | cpu=0.0s | gpu=69.6s
    C:\Users\fbrev\anaconda3\envs\noisygl\Lib\site-packages\torch\nn\modules\module.py:1159: UserWarning: expandable_segments not supported on this platform (Triggered internally at ..\c10/cuda/CUDAAllocatorConfig.h:28.)
    return t.to(
    C:\Users\fbrev\Documents\Acadêmico\Simulações\Python\NoisyGL\predictor\Base_Predictor.py:144: UserWarning: Sparse CSR tensor support is in beta state. If you miss a functionality in the sparse tensor support, please submit a feature request to https://github.com/pytorch/pytorch/issues. (Triggered internally at ..\aten\src\ATen\SparseCsrTensorImpl.cpp:55.)
    self.adj_csr = self.adj.to_sparse_csr().to(self.device)
    [CPU] Loading amazonpho...
    DEBUG 3.1: Dataset init start
    DEBUG 3.2: prepare_data start amazonpho
    ----Data statistics------'
    Name: amazonpho
    #Nodes 7650
    #Edges 119081
    #Classes 8
    #Ave_degree 31.13
    ----Split statistics------'
    #Train samples 160 (20 nodes per class)
    #Val samples 500 (specified)
    #Test samples 1000 (specified)
    ----label noise information:------
    Instance dependent noise
    #Actual noise rate 0.40
    [cuda:1] Waiting for GPU slot...
    [cuda:1] Slot acquired (waited 16.1s). Training...
    FINAL_RESULT: {'acc': {'train': 0.6, 'valid': 0.47, 'test': 0.735}, 'wall_s': 68.78, 'cpu_s': 0.02, 'gpu_s': 68.59, 'wait_s': 16.06}
    [Time] wall=68.8s | cpu=0.0s | gpu=68.6s
    C:\Users\fbrev\anaconda3\envs\noisygl\Lib\site-packages\torch\nn\modules\module.py:1159: UserWarning: expandable_segments not supported on this platform (Triggered internally at ..\c10/cuda/CUDAAllocatorConfig.h:28.)
    return t.to(
    C:\Users\fbrev\Documents\Acadêmico\Simulações\Python\NoisyGL\predictor\Base_Predictor.py:144: UserWarning: Sparse CSR tensor support is in beta state. If you miss a functionality in the sparse tensor support, please submit a feature request to https://github.com/pytorch/pytorch/issues. (Triggered internally at ..\aten\src\ATen\SparseCsrTensorImpl.cpp:55.)
    self.adj_csr = self.adj.to_sparse_csr().to(self.device)
    [CPU] Loading amazonpho...
    DEBUG 3.1: Dataset init start
    DEBUG 3.2: prepare_data start amazonpho
    ----Data statistics------'
    Name: amazonpho
    #Nodes 7650
    #Edges 119081
    #Classes 8
    #Ave_degree 31.13
    ----Split statistics------'
    #Train samples 160 (20 nodes per class)
    #Val samples 500 (specified)
    #Test samples 1000 (specified)
    ----label noise information:------
    Instance dependent noise
    #Actual noise rate 0.41
    [cuda:1] Waiting for GPU slot...
    [cuda:1] Slot acquired (waited 14.9s). Training...
    FINAL_RESULT: {'acc': {'train': 0.64375, 'valid': 0.534, 'test': 0.827}, 'wall_s': 68.19, 'cpu_s': 0.02, 'gpu_s': 68.02, 'wait_s': 14.89}
    [Time] wall=68.2s | cpu=0.0s | gpu=68.0s
    C:\Users\fbrev\anaconda3\envs\noisygl\Lib\site-packages\torch\nn\modules\module.py:1159: UserWarning: expandable_segments not supported on this platform (Triggered internally at ..\c10/cuda/CUDAAllocatorConfig.h:28.)
    return t.to(
    C:\Users\fbrev\Documents\Acadêmico\Simulações\Python\NoisyGL\predictor\Base_Predictor.py:144: UserWarning: Sparse CSR tensor support is in beta state. If you miss a functionality in the sparse tensor support, please submit a feature request to https://github.com/pytorch/pytorch/issues. (Triggered internally at ..\aten\src\ATen\SparseCsrTensorImpl.cpp:55.)
    self.adj_csr = self.adj.to_sparse_csr().to(self.device)

[FINAL] cp_amazonpho_instance_0.4 | 0.7835 ± 0.0542
