[worker] START pignn_flickr_0.1 gpu=0
[HPO] Starting Phase 1 (Optuna) for pignn_flickr_instance_0.1...
[I 2026-05-03 06:06:41,386] A new study created in RDB with name: pignn_flickr_instance_0.1
    [CPU] Loading flickr...
    DEBUG 3.1: Dataset init start
    DEBUG 3.2: prepare_data start flickr
    ----Data statistics------'
    Name: flickr
    #Nodes 7575
    #Edges 239738
    #Classes 9
    #Ave_degree 63.30
    ----Split statistics------'
    #Train samples 378 (5.0 % of nodes)
    #Val samples 1136 (15.0 % of nodes)
    #Test samples 6061 (remaining)
    ----label noise information:------
    Instance dependent noise
    #Actual noise rate 0.13
    [cuda:0] Waiting for GPU slot...
    [cuda:0] Slot acquired (waited 115.6s). Training...
    [PIGNN] Large dataset (7575 nodes). Using edge sampling for context loss.
    FINAL_RESULT: {'acc': {'train': 0.24338624338624337, 'valid': 0.24559859154929578, 'test': 0.26497277676951}, 'wall_s': 136.5, 'cpu_s': 102.16, 'gpu_s': 33.72, 'wait_s': 115.59}
    [Time] wall=136.5s | cpu=102.2s | gpu=33.7s
    C:\Users\fbrev\anaconda3\envs\noisygl\Lib\site-packages\torch\_utils.py:315: UserWarning: Sparse CSR tensor support is in beta state. If you miss a functionality in the sparse tensor support, please submit a feature request to https://github.com/pytorch/pytorch/issues. (Triggered internally at ..\aten\src\ATen\SparseCsrTensorImpl.cpp:55.)
    result = torch.sparse_compressed_tensor(
    C:\Users\fbrev\anaconda3\envs\noisygl\Lib\site-packages\torch\nn\modules\module.py:1159: UserWarning: expandable_segments not supported on this platform (Triggered internally at ..\c10/cuda/CUDAAllocatorConfig.h:28.)
    return t.to(
[I 2026-05-03 06:10:58,146] Trial 0 finished with value: 0.26497277676951 and parameters: {'lr': 0.01, 'weight_decay': 0.0001, 'n_hidden': 256, 'n_layer': 3, 'dropout': 0.7423310186926412}. Best is trial 0 with value: 0.26497277676951.
    [CPU] Loading flickr...
    DEBUG 3.1: Dataset init start
    DEBUG 3.2: prepare_data start flickr
    ----Data statistics------'
    Name: flickr
    #Nodes 7575
    #Edges 239738
    #Classes 9
    #Ave_degree 63.30
    ----Split statistics------'
    #Train samples 378 (5.0 % of nodes)
    #Val samples 1136 (15.0 % of nodes)
    #Test samples 6061 (remaining)
    ----label noise information:------
    Instance dependent noise
    #Actual noise rate 0.13
    [cuda:0] Waiting for GPU slot...
    [cuda:0] Slot acquired (waited 213.0s). Training...
    [PIGNN] Large dataset (7575 nodes). Using edge sampling for context loss.
    FINAL_RESULT: {'acc': {'train': 0.46825396825396826, 'valid': 0.4242957746478873, 'test': 0.46114502557333775}, 'wall_s': 134.32, 'cpu_s': 101.13, 'gpu_s': 32.63, 'wait_s': 212.99}
    [Time] wall=134.3s | cpu=101.1s | gpu=32.6s
    C:\Users\fbrev\anaconda3\envs\noisygl\Lib\site-packages\torch\_utils.py:315: UserWarning: Sparse CSR tensor support is in beta state. If you miss a functionality in the sparse tensor support, please submit a feature request to https://github.com/pytorch/pytorch/issues. (Triggered internally at ..\aten\src\ATen\SparseCsrTensorImpl.cpp:55.)
    result = torch.sparse_compressed_tensor(
    C:\Users\fbrev\anaconda3\envs\noisygl\Lib\site-packages\torch\nn\modules\module.py:1159: UserWarning: expandable_segments not supported on this platform (Triggered internally at ..\c10/cuda/CUDAAllocatorConfig.h:28.)
    return t.to(
[I 2026-05-03 06:16:50,317] Trial 1 finished with value: 0.46114502557333775 and parameters: {'lr': 0.001, 'weight_decay': 0.01, 'n_hidden': 256, 'n_layer': 2, 'dropout': 0.771794424480742}. Best is trial 1 with value: 0.46114502557333775.
    [CPU] Loading flickr...
    DEBUG 3.1: Dataset init start
    DEBUG 3.2: prepare_data start flickr
    ----Data statistics------'
    Name: flickr
    #Nodes 7575
    #Edges 239738
    #Classes 9
    #Ave_degree 63.30
    ----Split statistics------'
    #Train samples 378 (5.0 % of nodes)
    #Val samples 1136 (15.0 % of nodes)
    #Test samples 6061 (remaining)
    ----label noise information:------
    Instance dependent noise
    #Actual noise rate 0.13
    [cuda:0] Waiting for GPU slot...
    [cuda:0] Slot acquired (waited 101.2s). Training...
    [PIGNN] Large dataset (7575 nodes). Using edge sampling for context loss.
    FINAL_RESULT: {'acc': {'train': 0.4656084656084656, 'valid': 0.3274647887323944, 'test': 0.3695759775614585}, 'wall_s': 138.59, 'cpu_s': 106.23, 'gpu_s': 31.8, 'wait_s': 101.16}
    [Time] wall=138.6s | cpu=106.2s | gpu=31.8s
    C:\Users\fbrev\anaconda3\envs\noisygl\Lib\site-packages\torch\_utils.py:315: UserWarning: Sparse CSR tensor support is in beta state. If you miss a functionality in the sparse tensor support, please submit a feature request to https://github.com/pytorch/pytorch/issues. (Triggered internally at ..\aten\src\ATen\SparseCsrTensorImpl.cpp:55.)
    result = torch.sparse_compressed_tensor(
    C:\Users\fbrev\anaconda3\envs\noisygl\Lib\site-packages\torch\nn\modules\module.py:1159: UserWarning: expandable_segments not supported on this platform (Triggered internally at ..\c10/cuda/CUDAAllocatorConfig.h:28.)
    return t.to(
[I 2026-05-03 06:20:54,776] Trial 2 finished with value: 0.3695759775614585 and parameters: {'lr': 0.001, 'weight_decay': 0.01, 'n_hidden': 32, 'n_layer': 2, 'dropout': 0.2321062485236241}. Best is trial 1 with value: 0.46114502557333775.
    [CPU] Loading flickr...
    DEBUG 3.1: Dataset init start
    DEBUG 3.2: prepare_data start flickr
    ----Data statistics------'
    Name: flickr
    #Nodes 7575
    #Edges 239738
    #Classes 9
    #Ave_degree 63.30
    ----Split statistics------'
    #Train samples 378 (5.0 % of nodes)
    #Val samples 1136 (15.0 % of nodes)
    #Test samples 6061 (remaining)
    ----label noise information:------
    Instance dependent noise
    #Actual noise rate 0.13
    [cuda:0] Waiting for GPU slot...
    [cuda:0] Slot acquired (waited 311.0s). Training...
    [PIGNN] Large dataset (7575 nodes). Using edge sampling for context loss.
    FINAL_RESULT: {'acc': {'train': 0.13756613756613756, 'valid': 0.1602112676056338, 'test': 0.1478303910245834}, 'wall_s': 134.32, 'cpu_s': 100.25, 'gpu_s': 33.48, 'wait_s': 310.98}
    [Time] wall=134.3s | cpu=100.3s | gpu=33.5s
    C:\Users\fbrev\anaconda3\envs\noisygl\Lib\site-packages\torch\_utils.py:315: UserWarning: Sparse CSR tensor support is in beta state. If you miss a functionality in the sparse tensor support, please submit a feature request to https://github.com/pytorch/pytorch/issues. (Triggered internally at ..\aten\src\ATen\SparseCsrTensorImpl.cpp:55.)
    result = torch.sparse_compressed_tensor(
    C:\Users\fbrev\anaconda3\envs\noisygl\Lib\site-packages\torch\nn\modules\module.py:1159: UserWarning: expandable_segments not supported on this platform (Triggered internally at ..\c10/cuda/CUDAAllocatorConfig.h:28.)
    return t.to(
[I 2026-05-03 06:28:24,776] Trial 3 finished with value: 0.1478303910245834 and parameters: {'lr': 0.01, 'weight_decay': 0.05, 'n_hidden': 256, 'n_layer': 3, 'dropout': 0.5786557322614658}. Best is trial 1 with value: 0.46114502557333775.
    [CPU] Loading flickr...
    DEBUG 3.1: Dataset init start
    DEBUG 3.2: prepare_data start flickr
    ----Data statistics------'
    Name: flickr
    #Nodes 7575
    #Edges 239738
    #Classes 9
    #Ave_degree 63.30
    ----Split statistics------'
    #Train samples 378 (5.0 % of nodes)
    #Val samples 1136 (15.0 % of nodes)
    #Test samples 6061 (remaining)
    ----label noise information:------
    Instance dependent noise
    #Actual noise rate 0.13
    [cuda:0] Waiting for GPU slot...
    [cuda:0] Slot acquired (waited 211.9s). Training...
    [PIGNN] Large dataset (7575 nodes). Using edge sampling for context loss.
    FINAL_RESULT: {'acc': {'train': 0.13227513227513227, 'valid': 0.15580985915492956, 'test': 0.140735852169609}, 'wall_s': 130.54, 'cpu_s': 98.7, 'gpu_s': 31.33, 'wait_s': 211.85}
    [Time] wall=130.5s | cpu=98.7s | gpu=31.3s
    C:\Users\fbrev\anaconda3\envs\noisygl\Lib\site-packages\torch\_utils.py:315: UserWarning: Sparse CSR tensor support is in beta state. If you miss a functionality in the sparse tensor support, please submit a feature request to https://github.com/pytorch/pytorch/issues. (Triggered internally at ..\aten\src\ATen\SparseCsrTensorImpl.cpp:55.)
    result = torch.sparse_compressed_tensor(
    C:\Users\fbrev\anaconda3\envs\noisygl\Lib\site-packages\torch\nn\modules\module.py:1159: UserWarning: expandable_segments not supported on this platform (Triggered internally at ..\c10/cuda/CUDAAllocatorConfig.h:28.)
    return t.to(
[I 2026-05-03 06:34:11,758] Trial 4 finished with value: 0.140735852169609 and parameters: {'lr': 0.005, 'weight_decay': 0.0001, 'n_hidden': 32, 'n_layer': 2, 'dropout': 0.07508149509583628}. Best is trial 1 with value: 0.46114502557333775.
    [CPU] Loading flickr...
    DEBUG 3.1: Dataset init start
    DEBUG 3.2: prepare_data start flickr
    ----Data statistics------'
    Name: flickr
    #Nodes 7575
    #Edges 239738
    #Classes 9
    #Ave_degree 63.30
    ----Split statistics------'
    #Train samples 378 (5.0 % of nodes)
    #Val samples 1136 (15.0 % of nodes)
    #Test samples 6061 (remaining)
    ----label noise information:------
    Instance dependent noise
    #Actual noise rate 0.13
    [cuda:0] Waiting for GPU slot...
    [cuda:0] Slot acquired (waited 99.6s). Training...
    [PIGNN] Large dataset (7575 nodes). Using edge sampling for context loss.
    FINAL_RESULT: {'acc': {'train': 0.13227513227513227, 'valid': 0.1505281690140845, 'test': 0.1446955947863389}, 'wall_s': 131.72, 'cpu_s': 98.71, 'gpu_s': 32.48, 'wait_s': 99.63}
    [Time] wall=131.7s | cpu=98.7s | gpu=32.5s
    C:\Users\fbrev\anaconda3\envs\noisygl\Lib\site-packages\torch\_utils.py:315: UserWarning: Sparse CSR tensor support is in beta state. If you miss a functionality in the sparse tensor support, please submit a feature request to https://github.com/pytorch/pytorch/issues. (Triggered internally at ..\aten\src\ATen\SparseCsrTensorImpl.cpp:55.)
    result = torch.sparse_compressed_tensor(
    C:\Users\fbrev\anaconda3\envs\noisygl\Lib\site-packages\torch\nn\modules\module.py:1159: UserWarning: expandable_segments not supported on this platform (Triggered internally at ..\c10/cuda/CUDAAllocatorConfig.h:28.)
    return t.to(
[I 2026-05-03 06:38:07,735] Trial 5 finished with value: 0.1446955947863389 and parameters: {'lr': 0.05, 'weight_decay': 0.001, 'n_hidden': 64, 'n_layer': 3, 'dropout': 0.09930564498655947}. Best is trial 1 with value: 0.46114502557333775.
    [CPU] Loading flickr...
    DEBUG 3.1: Dataset init start
    DEBUG 3.2: prepare_data start flickr
    ----Data statistics------'
    Name: flickr
    #Nodes 7575
    #Edges 239738
    #Classes 9
    #Ave_degree 63.30
    ----Split statistics------'
    #Train samples 378 (5.0 % of nodes)
    #Val samples 1136 (15.0 % of nodes)
    #Test samples 6061 (remaining)
    ----label noise information:------
    Instance dependent noise
    #Actual noise rate 0.13
    [cuda:0] Waiting for GPU slot...
    [cuda:0] Slot acquired (waited 100.7s). Training...
    [PIGNN] Large dataset (7575 nodes). Using edge sampling for context loss.
    FINAL_RESULT: {'acc': {'train': 0.12169312169312169, 'valid': 0.11355633802816902, 'test': 0.10064345817521861}, 'wall_s': 139.67, 'cpu_s': 107.22, 'gpu_s': 31.91, 'wait_s': 100.68}
    [Time] wall=139.7s | cpu=107.2s | gpu=31.9s
    C:\Users\fbrev\anaconda3\envs\noisygl\Lib\site-packages\torch\_utils.py:315: UserWarning: Sparse CSR tensor support is in beta state. If you miss a functionality in the sparse tensor support, please submit a feature request to https://github.com/pytorch/pytorch/issues. (Triggered internally at ..\aten\src\ATen\SparseCsrTensorImpl.cpp:55.)
    result = torch.sparse_compressed_tensor(
    C:\Users\fbrev\anaconda3\envs\noisygl\Lib\site-packages\torch\nn\modules\module.py:1159: UserWarning: expandable_segments not supported on this platform (Triggered internally at ..\c10/cuda/CUDAAllocatorConfig.h:28.)
    return t.to(
[I 2026-05-03 06:42:12,794] Trial 6 finished with value: 0.10064345817521861 and parameters: {'lr': 0.1, 'weight_decay': 0.0, 'n_hidden': 32, 'n_layer': 2, 'dropout': 0.09373323115528631}. Best is trial 1 with value: 0.46114502557333775.
    [CPU] Loading flickr...
    DEBUG 3.1: Dataset init start
    DEBUG 3.2: prepare_data start flickr
    ----Data statistics------'
    Name: flickr
    #Nodes 7575
    #Edges 239738
    #Classes 9
    #Ave_degree 63.30
    ----Split statistics------'
    #Train samples 378 (5.0 % of nodes)
    #Val samples 1136 (15.0 % of nodes)
    #Test samples 6061 (remaining)
    ----label noise information:------
    Instance dependent noise
    #Actual noise rate 0.13
    [cuda:0] Waiting for GPU slot...
    [cuda:0] Slot acquired (waited 427.6s). Training...
    [PIGNN] Large dataset (7575 nodes). Using edge sampling for context loss.
    FINAL_RESULT: {'acc': {'train': 0.2328042328042328, 'valid': 0.23415492957746478, 'test': 0.23197492163009403}, 'wall_s': 132.77, 'cpu_s': 99.78, 'gpu_s': 32.38, 'wait_s': 427.62}
    [Time] wall=132.8s | cpu=99.8s | gpu=32.4s
    C:\Users\fbrev\anaconda3\envs\noisygl\Lib\site-packages\torch\_utils.py:315: UserWarning: Sparse CSR tensor support is in beta state. If you miss a functionality in the sparse tensor support, please submit a feature request to https://github.com/pytorch/pytorch/issues. (Triggered internally at ..\aten\src\ATen\SparseCsrTensorImpl.cpp:55.)
    result = torch.sparse_compressed_tensor(
    C:\Users\fbrev\anaconda3\envs\noisygl\Lib\site-packages\torch\nn\modules\module.py:1159: UserWarning: expandable_segments not supported on this platform (Triggered internally at ..\c10/cuda/CUDAAllocatorConfig.h:28.)
    return t.to(
[I 2026-05-03 06:51:38,070] Trial 7 finished with value: 0.23197492163009403 and parameters: {'lr': 0.01, 'weight_decay': 0.01, 'n_hidden': 256, 'n_layer': 2, 'dropout': 0.7119280001227948}. Best is trial 1 with value: 0.46114502557333775.
    [CPU] Loading flickr...
    DEBUG 3.1: Dataset init start
    DEBUG 3.2: prepare_data start flickr
    ----Data statistics------'
    Name: flickr
    #Nodes 7575
    #Edges 239738
    #Classes 9
    #Ave_degree 63.30
    ----Split statistics------'
    #Train samples 378 (5.0 % of nodes)
    #Val samples 1136 (15.0 % of nodes)
    #Test samples 6061 (remaining)
    ----label noise information:------
    Instance dependent noise
    #Actual noise rate 0.13
    [cuda:0] Waiting for GPU slot...
    [cuda:0] Slot acquired (waited 97.8s). Training...
    [PIGNN] Large dataset (7575 nodes). Using edge sampling for context loss.
    FINAL_RESULT: {'acc': {'train': 0.14285714285714285, 'valid': 0.14964788732394366, 'test': 0.1412308199967002}, 'wall_s': 135.06, 'cpu_s': 101.73, 'gpu_s': 32.81, 'wait_s': 97.8}
    [Time] wall=135.1s | cpu=101.7s | gpu=32.8s
    C:\Users\fbrev\anaconda3\envs\noisygl\Lib\site-packages\torch\_utils.py:315: UserWarning: Sparse CSR tensor support is in beta state. If you miss a functionality in the sparse tensor support, please submit a feature request to https://github.com/pytorch/pytorch/issues. (Triggered internally at ..\aten\src\ATen\SparseCsrTensorImpl.cpp:55.)
    result = torch.sparse_compressed_tensor(
    C:\Users\fbrev\anaconda3\envs\noisygl\Lib\site-packages\torch\nn\modules\module.py:1159: UserWarning: expandable_segments not supported on this platform (Triggered internally at ..\c10/cuda/CUDAAllocatorConfig.h:28.)
    return t.to(
[I 2026-05-03 06:55:35,663] Trial 8 finished with value: 0.1412308199967002 and parameters: {'lr': 0.1, 'weight_decay': 0.01, 'n_hidden': 64, 'n_layer': 3, 'dropout': 0.3548578032144484}. Best is trial 1 with value: 0.46114502557333775.
    [CPU] Loading flickr...
    DEBUG 3.1: Dataset init start
    DEBUG 3.2: prepare_data start flickr
    ----Data statistics------'
    Name: flickr
    #Nodes 7575
    #Edges 239738
    #Classes 9
    #Ave_degree 63.30
    ----Split statistics------'
    #Train samples 378 (5.0 % of nodes)
    #Val samples 1136 (15.0 % of nodes)
    #Test samples 6061 (remaining)
    ----label noise information:------
    Instance dependent noise
    #Actual noise rate 0.13
    [cuda:0] Waiting for GPU slot...
    [cuda:0] Slot acquired (waited 100.1s). Training...
    [PIGNN] Large dataset (7575 nodes). Using edge sampling for context loss.
    FINAL_RESULT: {'acc': {'train': 0.19047619047619047, 'valid': 0.25880281690140844, 'test': 0.2824616399934004}, 'wall_s': 133.05, 'cpu_s': 99.05, 'gpu_s': 33.43, 'wait_s': 100.08}
    [Time] wall=133.1s | cpu=99.0s | gpu=33.4s
    C:\Users\fbrev\anaconda3\envs\noisygl\Lib\site-packages\torch\_utils.py:315: UserWarning: Sparse CSR tensor support is in beta state. If you miss a functionality in the sparse tensor support, please submit a feature request to https://github.com/pytorch/pytorch/issues. (Triggered internally at ..\aten\src\ATen\SparseCsrTensorImpl.cpp:55.)
    result = torch.sparse_compressed_tensor(
    C:\Users\fbrev\anaconda3\envs\noisygl\Lib\site-packages\torch\nn\modules\module.py:1159: UserWarning: expandable_segments not supported on this platform (Triggered internally at ..\c10/cuda/CUDAAllocatorConfig.h:28.)
    return t.to(
[I 2026-05-03 06:59:33,541] Trial 9 finished with value: 0.2824616399934004 and parameters: {'lr': 0.05, 'weight_decay': 0.001, 'n_hidden': 256, 'n_layer': 3, 'dropout': 0.7809598318606613}. Best is trial 1 with value: 0.46114502557333775.
    [CPU] Loading flickr...
    DEBUG 3.1: Dataset init start
    DEBUG 3.2: prepare_data start flickr
    ----Data statistics------'
    Name: flickr
    #Nodes 7575
    #Edges 239738
    #Classes 9
    #Ave_degree 63.30
    ----Split statistics------'
    #Train samples 378 (5.0 % of nodes)
    #Val samples 1136 (15.0 % of nodes)
    #Test samples 6061 (remaining)
    ----label noise information:------
    Instance dependent noise
    #Actual noise rate 0.13
    [cuda:0] Waiting for GPU slot...
    [cuda:0] Slot acquired (waited 132.1s). Training...
    [PIGNN] Large dataset (7575 nodes). Using edge sampling for context loss.
    FINAL_RESULT: {'acc': {'train': 0.12169312169312169, 'valid': 0.125, 'test': 0.10757300775449596}, 'wall_s': 136.77, 'cpu_s': 103.46, 'gpu_s': 32.77, 'wait_s': 132.05}
    [Time] wall=136.8s | cpu=103.5s | gpu=32.8s
    C:\Users\fbrev\anaconda3\envs\noisygl\Lib\site-packages\torch\_utils.py:315: UserWarning: Sparse CSR tensor support is in beta state. If you miss a functionality in the sparse tensor support, please submit a feature request to https://github.com/pytorch/pytorch/issues. (Triggered internally at ..\aten\src\ATen\SparseCsrTensorImpl.cpp:55.)
    result = torch.sparse_compressed_tensor(
    C:\Users\fbrev\anaconda3\envs\noisygl\Lib\site-packages\torch\nn\modules\module.py:1159: UserWarning: expandable_segments not supported on this platform (Triggered internally at ..\c10/cuda/CUDAAllocatorConfig.h:28.)
    return t.to(
[I 2026-05-03 07:04:06,755] Trial 10 finished with value: 0.10757300775449596 and parameters: {'lr': 0.01, 'weight_decay': 0.05, 'n_hidden': 32, 'n_layer': 3, 'dropout': 0.5806266532361771}. Best is trial 1 with value: 0.46114502557333775.
    [CPU] Loading flickr...
    DEBUG 3.1: Dataset init start
    DEBUG 3.2: prepare_data start flickr
    ----Data statistics------'
    Name: flickr
    #Nodes 7575
    #Edges 239738
    #Classes 9
    #Ave_degree 63.30
    ----Split statistics------'
    #Train samples 378 (5.0 % of nodes)
    #Val samples 1136 (15.0 % of nodes)
    #Test samples 6061 (remaining)
    ----label noise information:------
    Instance dependent noise
    #Actual noise rate 0.13
    [cuda:0] Waiting for GPU slot...
    [cuda:0] Slot acquired (waited 123.5s). Training...
    [PIGNN] Large dataset (7575 nodes). Using edge sampling for context loss.
    FINAL_RESULT: {'acc': {'train': 0.4656084656084656, 'valid': 0.39348591549295775, 'test': 0.40768850024748393}, 'wall_s': 137.26, 'cpu_s': 104.33, 'gpu_s': 32.36, 'wait_s': 123.5}
    [Time] wall=137.3s | cpu=104.3s | gpu=32.4s
    C:\Users\fbrev\anaconda3\envs\noisygl\Lib\site-packages\torch\_utils.py:315: UserWarning: Sparse CSR tensor support is in beta state. If you miss a functionality in the sparse tensor support, please submit a feature request to https://github.com/pytorch/pytorch/issues. (Triggered internally at ..\aten\src\ATen\SparseCsrTensorImpl.cpp:55.)
    result = torch.sparse_compressed_tensor(
    C:\Users\fbrev\anaconda3\envs\noisygl\Lib\site-packages\torch\nn\modules\module.py:1159: UserWarning: expandable_segments not supported on this platform (Triggered internally at ..\c10/cuda/CUDAAllocatorConfig.h:28.)
    return t.to(
[I 2026-05-03 07:08:32,109] Trial 11 finished with value: 0.40768850024748393 and parameters: {'lr': 0.005, 'weight_decay': 0.001, 'n_hidden': 128, 'n_layer': 2, 'dropout': 0.5379347171481054}. Best is trial 1 with value: 0.46114502557333775.
    [CPU] Loading flickr...
    DEBUG 3.1: Dataset init start
    DEBUG 3.2: prepare_data start flickr
    ----Data statistics------'
    Name: flickr
    #Nodes 7575
    #Edges 239738
    #Classes 9
    #Ave_degree 63.30
    ----Split statistics------'
    #Train samples 378 (5.0 % of nodes)
    #Val samples 1136 (15.0 % of nodes)
    #Test samples 6061 (remaining)
    ----label noise information:------
    Instance dependent noise
    #Actual noise rate 0.13
    [cuda:0] Waiting for GPU slot...
    [cuda:0] Slot acquired (waited 315.2s). Training...
    [PIGNN] Large dataset (7575 nodes). Using edge sampling for context loss.
    FINAL_RESULT: {'acc': {'train': 0.25925925925925924, 'valid': 0.24735915492957747, 'test': 0.26365286256393333}, 'wall_s': 137.3, 'cpu_s': 103.14, 'gpu_s': 33.56, 'wait_s': 315.22}
    [Time] wall=137.3s | cpu=103.1s | gpu=33.6s
    C:\Users\fbrev\anaconda3\envs\noisygl\Lib\site-packages\torch\_utils.py:315: UserWarning: Sparse CSR tensor support is in beta state. If you miss a functionality in the sparse tensor support, please submit a feature request to https://github.com/pytorch/pytorch/issues. (Triggered internally at ..\aten\src\ATen\SparseCsrTensorImpl.cpp:55.)
    result = torch.sparse_compressed_tensor(
    C:\Users\fbrev\anaconda3\envs\noisygl\Lib\site-packages\torch\nn\modules\module.py:1159: UserWarning: expandable_segments not supported on this platform (Triggered internally at ..\c10/cuda/CUDAAllocatorConfig.h:28.)
    return t.to(
[I 2026-05-03 07:16:09,458] Trial 12 finished with value: 0.26365286256393333 and parameters: {'lr': 0.01, 'weight_decay': 0.001, 'n_hidden': 256, 'n_layer': 3, 'dropout': 0.635511754149985}. Best is trial 1 with value: 0.46114502557333775.
    [CPU] Loading flickr...
    DEBUG 3.1: Dataset init start
    DEBUG 3.2: prepare_data start flickr
    ----Data statistics------'
    Name: flickr
    #Nodes 7575
    #Edges 239738
    #Classes 9
    #Ave_degree 63.30
    ----Split statistics------'
    #Train samples 378 (5.0 % of nodes)
    #Val samples 1136 (15.0 % of nodes)
    #Test samples 6061 (remaining)
    ----label noise information:------
    Instance dependent noise
    #Actual noise rate 0.13
    [cuda:0] Waiting for GPU slot...
    [cuda:0] Slot acquired (waited 131.7s). Training...
    [PIGNN] Large dataset (7575 nodes). Using edge sampling for context loss.
    FINAL_RESULT: {'acc': {'train': 0.10582010582010581, 'valid': 0.13996478873239437, 'test': 0.12654677445966012}, 'wall_s': 132.7, 'cpu_s': 99.6, 'gpu_s': 32.58, 'wait_s': 131.67}
    [Time] wall=132.7s | cpu=99.6s | gpu=32.6s
    C:\Users\fbrev\anaconda3\envs\noisygl\Lib\site-packages\torch\_utils.py:315: UserWarning: Sparse CSR tensor support is in beta state. If you miss a functionality in the sparse tensor support, please submit a feature request to https://github.com/pytorch/pytorch/issues. (Triggered internally at ..\aten\src\ATen\SparseCsrTensorImpl.cpp:55.)
    result = torch.sparse_compressed_tensor(
    C:\Users\fbrev\anaconda3\envs\noisygl\Lib\site-packages\torch\nn\modules\module.py:1159: UserWarning: expandable_segments not supported on this platform (Triggered internally at ..\c10/cuda/CUDAAllocatorConfig.h:28.)
    return t.to(
[I 2026-05-03 07:20:38,273] Trial 13 finished with value: 0.12654677445966012 and parameters: {'lr': 0.1, 'weight_decay': 0.001, 'n_hidden': 64, 'n_layer': 3, 'dropout': 0.207466653853938}. Best is trial 1 with value: 0.46114502557333775.
    [CPU] Loading flickr...
    DEBUG 3.1: Dataset init start
    DEBUG 3.2: prepare_data start flickr
    ----Data statistics------'
    Name: flickr
    #Nodes 7575
    #Edges 239738
    #Classes 9
    #Ave_degree 63.30
    ----Split statistics------'
    #Train samples 378 (5.0 % of nodes)
    #Val samples 1136 (15.0 % of nodes)
    #Test samples 6061 (remaining)
    ----label noise information:------
    Instance dependent noise
    #Actual noise rate 0.13
    [cuda:0] Waiting for GPU slot...
    [cuda:0] Slot acquired (waited 573.5s). Training...
    [PIGNN] Large dataset (7575 nodes). Using edge sampling for context loss.
    FINAL_RESULT: {'acc': {'train': 0.12698412698412698, 'valid': 0.1637323943661972, 'test': 0.1616894901831381}, 'wall_s': 136.55, 'cpu_s': 102.21, 'gpu_s': 33.73, 'wait_s': 573.55}
    [Time] wall=136.5s | cpu=102.2s | gpu=33.7s
    C:\Users\fbrev\anaconda3\envs\noisygl\Lib\site-packages\torch\_utils.py:315: UserWarning: Sparse CSR tensor support is in beta state. If you miss a functionality in the sparse tensor support, please submit a feature request to https://github.com/pytorch/pytorch/issues. (Triggered internally at ..\aten\src\ATen\SparseCsrTensorImpl.cpp:55.)
    result = torch.sparse_compressed_tensor(
    C:\Users\fbrev\anaconda3\envs\noisygl\Lib\site-packages\torch\nn\modules\module.py:1159: UserWarning: expandable_segments not supported on this platform (Triggered internally at ..\c10/cuda/CUDAAllocatorConfig.h:28.)
    return t.to(
[I 2026-05-03 07:32:32,998] Trial 14 finished with value: 0.1616894901831381 and parameters: {'lr': 0.01, 'weight_decay': 0.01, 'n_hidden': 256, 'n_layer': 3, 'dropout': 0.1828108166669182}. Best is trial 1 with value: 0.46114502557333775.
    [CPU] Loading flickr...
    DEBUG 3.1: Dataset init start
    DEBUG 3.2: prepare_data start flickr
    ----Data statistics------'
    Name: flickr
    #Nodes 7575
    #Edges 239738
    #Classes 9
    #Ave_degree 63.30
    ----Split statistics------'
    #Train samples 378 (5.0 % of nodes)
    #Val samples 1136 (15.0 % of nodes)
    #Test samples 6061 (remaining)
    ----label noise information:------
    Instance dependent noise
    #Actual noise rate 0.13
    [cuda:0] Waiting for GPU slot...
    [cuda:0] Slot acquired (waited 229.1s). Training...
    [PIGNN] Large dataset (7575 nodes). Using edge sampling for context loss.
    FINAL_RESULT: {'acc': {'train': 0.10317460317460317, 'valid': 0.12411971830985916, 'test': 0.10856294340867843}, 'wall_s': 134.96, 'cpu_s': 102.91, 'gpu_s': 31.54, 'wait_s': 229.12}
    [Time] wall=135.0s | cpu=102.9s | gpu=31.5s
    C:\Users\fbrev\anaconda3\envs\noisygl\Lib\site-packages\torch\_utils.py:315: UserWarning: Sparse CSR tensor support is in beta state. If you miss a functionality in the sparse tensor support, please submit a feature request to https://github.com/pytorch/pytorch/issues. (Triggered internally at ..\aten\src\ATen\SparseCsrTensorImpl.cpp:55.)
    result = torch.sparse_compressed_tensor(
    C:\Users\fbrev\anaconda3\envs\noisygl\Lib\site-packages\torch\nn\modules\module.py:1159: UserWarning: expandable_segments not supported on this platform (Triggered internally at ..\c10/cuda/CUDAAllocatorConfig.h:28.)
    return t.to(
[I 2026-05-03 07:38:41,467] Trial 15 finished with value: 0.10856294340867843 and parameters: {'lr': 0.01, 'weight_decay': 0.0, 'n_hidden': 32, 'n_layer': 2, 'dropout': 0.23409341233273315}. Best is trial 1 with value: 0.46114502557333775.
    [CPU] Loading flickr...
    DEBUG 3.1: Dataset init start
    DEBUG 3.2: prepare_data start flickr
    ----Data statistics------'
    Name: flickr
    #Nodes 7575
    #Edges 239738
    #Classes 9
    #Ave_degree 63.30
    ----Split statistics------'
    #Train samples 378 (5.0 % of nodes)
    #Val samples 1136 (15.0 % of nodes)
    #Test samples 6061 (remaining)
    ----label noise information:------
    Instance dependent noise
    #Actual noise rate 0.13
    [cuda:0] Waiting for GPU slot...
    [cuda:0] Slot acquired (waited 231.4s). Training...
    [PIGNN] Large dataset (7575 nodes). Using edge sampling for context loss.
    FINAL_RESULT: {'acc': {'train': 0.12169312169312169, 'valid': 0.12411971830985916, 'test': 0.10856294340867843}, 'wall_s': 133.22, 'cpu_s': 101.11, 'gpu_s': 31.57, 'wait_s': 231.37}
    [Time] wall=133.2s | cpu=101.1s | gpu=31.6s
    C:\Users\fbrev\anaconda3\envs\noisygl\Lib\site-packages\torch\_utils.py:315: UserWarning: Sparse CSR tensor support is in beta state. If you miss a functionality in the sparse tensor support, please submit a feature request to https://github.com/pytorch/pytorch/issues. (Triggered internally at ..\aten\src\ATen\SparseCsrTensorImpl.cpp:55.)
    result = torch.sparse_compressed_tensor(
    C:\Users\fbrev\anaconda3\envs\noisygl\Lib\site-packages\torch\nn\modules\module.py:1159: UserWarning: expandable_segments not supported on this platform (Triggered internally at ..\c10/cuda/CUDAAllocatorConfig.h:28.)
    return t.to(
[I 2026-05-03 07:44:50,463] Trial 16 finished with value: 0.10856294340867843 and parameters: {'lr': 0.05, 'weight_decay': 0.0, 'n_hidden': 32, 'n_layer': 2, 'dropout': 0.45888662461078084}. Best is trial 1 with value: 0.46114502557333775.
    [CPU] Loading flickr...
    DEBUG 3.1: Dataset init start
    DEBUG 3.2: prepare_data start flickr
    ----Data statistics------'
    Name: flickr
    #Nodes 7575
    #Edges 239738
    #Classes 9
    #Ave_degree 63.30
    ----Split statistics------'
    #Train samples 378 (5.0 % of nodes)
    #Val samples 1136 (15.0 % of nodes)
    #Test samples 6061 (remaining)
    ----label noise information:------
    Instance dependent noise
    #Actual noise rate 0.13
    [cuda:0] Waiting for GPU slot...
    [cuda:0] Slot acquired (waited 127.6s). Training...
    [PIGNN] Large dataset (7575 nodes). Using edge sampling for context loss.
    FINAL_RESULT: {'acc': {'train': 0.11904761904761904, 'valid': 0.17869718309859156, 'test': 0.19435736677115986}, 'wall_s': 134.51, 'cpu_s': 101.27, 'gpu_s': 32.68, 'wait_s': 127.64}
    [Time] wall=134.5s | cpu=101.3s | gpu=32.7s
    C:\Users\fbrev\anaconda3\envs\noisygl\Lib\site-packages\torch\_utils.py:315: UserWarning: Sparse CSR tensor support is in beta state. If you miss a functionality in the sparse tensor support, please submit a feature request to https://github.com/pytorch/pytorch/issues. (Triggered internally at ..\aten\src\ATen\SparseCsrTensorImpl.cpp:55.)
    result = torch.sparse_compressed_tensor(
    C:\Users\fbrev\anaconda3\envs\noisygl\Lib\site-packages\torch\nn\modules\module.py:1159: UserWarning: expandable_segments not supported on this platform (Triggered internally at ..\c10/cuda/CUDAAllocatorConfig.h:28.)
    return t.to(
[I 2026-05-03 07:49:17,103] Trial 17 finished with value: 0.19435736677115986 and parameters: {'lr': 0.005, 'weight_decay': 0.05, 'n_hidden': 256, 'n_layer': 2, 'dropout': 0.7447268868193283}. Best is trial 1 with value: 0.46114502557333775.
    [CPU] Loading flickr...
    DEBUG 3.1: Dataset init start
    DEBUG 3.2: prepare_data start flickr
    ----Data statistics------'
    Name: flickr
    #Nodes 7575
    #Edges 239738
    #Classes 9
    #Ave_degree 63.30
    ----Split statistics------'
    #Train samples 378 (5.0 % of nodes)
    #Val samples 1136 (15.0 % of nodes)
    #Test samples 6061 (remaining)
    ----label noise information:------
    Instance dependent noise
    #Actual noise rate 0.13
    [cuda:0] Waiting for GPU slot...
    [cuda:0] Slot acquired (waited 705.2s). Training...
    [PIGNN] Large dataset (7575 nodes). Using edge sampling for context loss.
    FINAL_RESULT: {'acc': {'train': 0.7804232804232805, 'valid': 0.42077464788732394, 'test': 0.46675466094703844}, 'wall_s': 131.84, 'cpu_s': 99.25, 'gpu_s': 32.04, 'wait_s': 705.23}
    [Time] wall=131.8s | cpu=99.2s | gpu=32.0s
    C:\Users\fbrev\anaconda3\envs\noisygl\Lib\site-packages\torch\_utils.py:315: UserWarning: Sparse CSR tensor support is in beta state. If you miss a functionality in the sparse tensor support, please submit a feature request to https://github.com/pytorch/pytorch/issues. (Triggered internally at ..\aten\src\ATen\SparseCsrTensorImpl.cpp:55.)
    result = torch.sparse_compressed_tensor(
    C:\Users\fbrev\anaconda3\envs\noisygl\Lib\site-packages\torch\nn\modules\module.py:1159: UserWarning: expandable_segments not supported on this platform (Triggered internally at ..\c10/cuda/CUDAAllocatorConfig.h:28.)
    return t.to(
[I 2026-05-03 08:03:18,931] Trial 18 finished with value: 0.46675466094703844 and parameters: {'lr': 0.001, 'weight_decay': 0.001, 'n_hidden': 128, 'n_layer': 2, 'dropout': 0.22322682218893003}. Best is trial 18 with value: 0.46675466094703844.
    [CPU] Loading flickr...
    DEBUG 3.1: Dataset init start
    DEBUG 3.2: prepare_data start flickr
    ----Data statistics------'
    Name: flickr
    #Nodes 7575
    #Edges 239738
    #Classes 9
    #Ave_degree 63.30
    ----Split statistics------'
    #Train samples 378 (5.0 % of nodes)
    #Val samples 1136 (15.0 % of nodes)
    #Test samples 6061 (remaining)
    ----label noise information:------
    Instance dependent noise
    #Actual noise rate 0.13
    [cuda:0] Waiting for GPU slot...
    [cuda:0] Slot acquired (waited 236.0s). Training...
    [PIGNN] Large dataset (7575 nodes). Using edge sampling for context loss.
    FINAL_RESULT: {'acc': {'train': 0.12433862433862433, 'valid': 0.18661971830985916, 'test': 0.20112192707474014}, 'wall_s': 135.35, 'cpu_s': 101.26, 'gpu_s': 33.5, 'wait_s': 235.95}
    [Time] wall=135.3s | cpu=101.3s | gpu=33.5s
    C:\Users\fbrev\anaconda3\envs\noisygl\Lib\site-packages\torch\_utils.py:315: UserWarning: Sparse CSR tensor support is in beta state. If you miss a functionality in the sparse tensor support, please submit a feature request to https://github.com/pytorch/pytorch/issues. (Triggered internally at ..\aten\src\ATen\SparseCsrTensorImpl.cpp:55.)
    result = torch.sparse_compressed_tensor(
    C:\Users\fbrev\anaconda3\envs\noisygl\Lib\site-packages\torch\nn\modules\module.py:1159: UserWarning: expandable_segments not supported on this platform (Triggered internally at ..\c10/cuda/CUDAAllocatorConfig.h:28.)
    return t.to(
[I 2026-05-03 08:09:34,899] Trial 19 finished with value: 0.20112192707474014 and parameters: {'lr': 0.05, 'weight_decay': 0.001, 'n_hidden': 256, 'n_layer': 3, 'dropout': 0.17721069639697193}. Best is trial 18 with value: 0.46675466094703844.
    [CPU] Loading flickr...
    DEBUG 3.1: Dataset init start
    DEBUG 3.2: prepare_data start flickr
    ----Data statistics------'
    Name: flickr
    #Nodes 7575
    #Edges 239738
    #Classes 9
    #Ave_degree 63.30
    ----Split statistics------'
    #Train samples 378 (5.0 % of nodes)
    #Val samples 1136 (15.0 % of nodes)
    #Test samples 6061 (remaining)
    ----label noise information:------
    Instance dependent noise
    #Actual noise rate 0.13
    [cuda:0] Waiting for GPU slot...
    [cuda:0] Slot acquired (waited 339.9s). Training...
    [PIGNN] Large dataset (7575 nodes). Using edge sampling for context loss.
    FINAL_RESULT: {'acc': {'train': 0.6296296296296297, 'valid': 0.4375, 'test': 0.47153934994225377}, 'wall_s': 133.47, 'cpu_s': 100.8, 'gpu_s': 32.08, 'wait_s': 339.93}
    [Time] wall=133.5s | cpu=100.8s | gpu=32.1s
    C:\Users\fbrev\anaconda3\envs\noisygl\Lib\site-packages\torch\_utils.py:315: UserWarning: Sparse CSR tensor support is in beta state. If you miss a functionality in the sparse tensor support, please submit a feature request to https://github.com/pytorch/pytorch/issues. (Triggered internally at ..\aten\src\ATen\SparseCsrTensorImpl.cpp:55.)
    result = torch.sparse_compressed_tensor(
    C:\Users\fbrev\anaconda3\envs\noisygl\Lib\site-packages\torch\nn\modules\module.py:1159: UserWarning: expandable_segments not supported on this platform (Triggered internally at ..\c10/cuda/CUDAAllocatorConfig.h:28.)
    return t.to(
[I 2026-05-03 08:17:32,978] Trial 20 finished with value: 0.47153934994225377 and parameters: {'lr': 0.001, 'weight_decay': 0.01, 'n_hidden': 128, 'n_layer': 2, 'dropout': 0.32577141867308357}. Best is trial 20 with value: 0.47153934994225377.
    [CPU] Loading flickr...
    DEBUG 3.1: Dataset init start
    DEBUG 3.2: prepare_data start flickr
    ----Data statistics------'
    Name: flickr
    #Nodes 7575
    #Edges 239738
    #Classes 9
    #Ave_degree 63.30
    ----Split statistics------'
    #Train samples 378 (5.0 % of nodes)
    #Val samples 1136 (15.0 % of nodes)
    #Test samples 6061 (remaining)
    ----label noise information:------
    Instance dependent noise
    #Actual noise rate 0.13
    [cuda:0] Waiting for GPU slot...
    [cuda:0] Slot acquired (waited 99.8s). Training...
    [PIGNN] Large dataset (7575 nodes). Using edge sampling for context loss.
    FINAL_RESULT: {'acc': {'train': 0.5555555555555556, 'valid': 0.44278169014084506, 'test': 0.46477478963867347}, 'wall_s': 134.83, 'cpu_s': 102.05, 'gpu_s': 32.24, 'wait_s': 99.76}
    [Time] wall=134.8s | cpu=102.1s | gpu=32.2s
    C:\Users\fbrev\anaconda3\envs\noisygl\Lib\site-packages\torch\_utils.py:315: UserWarning: Sparse CSR tensor support is in beta state. If you miss a functionality in the sparse tensor support, please submit a feature request to https://github.com/pytorch/pytorch/issues. (Triggered internally at ..\aten\src\ATen\SparseCsrTensorImpl.cpp:55.)
    result = torch.sparse_compressed_tensor(
    C:\Users\fbrev\anaconda3\envs\noisygl\Lib\site-packages\torch\nn\modules\module.py:1159: UserWarning: expandable_segments not supported on this platform (Triggered internally at ..\c10/cuda/CUDAAllocatorConfig.h:28.)
    return t.to(
[I 2026-05-03 08:21:32,302] Trial 21 finished with value: 0.46477478963867347 and parameters: {'lr': 0.001, 'weight_decay': 0.01, 'n_hidden': 128, 'n_layer': 2, 'dropout': 0.35083774605491375}. Best is trial 20 with value: 0.47153934994225377.
    [CPU] Loading flickr...
    DEBUG 3.1: Dataset init start
    DEBUG 3.2: prepare_data start flickr
    ----Data statistics------'
    Name: flickr
    #Nodes 7575
    #Edges 239738
    #Classes 9
    #Ave_degree 63.30
    ----Split statistics------'
    #Train samples 378 (5.0 % of nodes)
    #Val samples 1136 (15.0 % of nodes)
    #Test samples 6061 (remaining)
    ----label noise information:------
    Instance dependent noise
    #Actual noise rate 0.13
    [cuda:0] Waiting for GPU slot...
    [cuda:0] Slot acquired (waited 235.6s). Training...
    [PIGNN] Large dataset (7575 nodes). Using edge sampling for context loss.
    FINAL_RESULT: {'acc': {'train': 0.582010582010582, 'valid': 0.43838028169014087, 'test': 0.45141065830721006}, 'wall_s': 132.27, 'cpu_s': 99.68, 'gpu_s': 32.05, 'wait_s': 235.62}
    [Time] wall=132.3s | cpu=99.7s | gpu=32.0s
    C:\Users\fbrev\anaconda3\envs\noisygl\Lib\site-packages\torch\_utils.py:315: UserWarning: Sparse CSR tensor support is in beta state. If you miss a functionality in the sparse tensor support, please submit a feature request to https://github.com/pytorch/pytorch/issues. (Triggered internally at ..\aten\src\ATen\SparseCsrTensorImpl.cpp:55.)
    result = torch.sparse_compressed_tensor(
    C:\Users\fbrev\anaconda3\envs\noisygl\Lib\site-packages\torch\nn\modules\module.py:1159: UserWarning: expandable_segments not supported on this platform (Triggered internally at ..\c10/cuda/CUDAAllocatorConfig.h:28.)
    return t.to(
[I 2026-05-03 08:27:44,943] Trial 22 finished with value: 0.45141065830721006 and parameters: {'lr': 0.001, 'weight_decay': 0.01, 'n_hidden': 128, 'n_layer': 2, 'dropout': 0.3491360604031523}. Best is trial 20 with value: 0.47153934994225377.
    [CPU] Loading flickr...
    DEBUG 3.1: Dataset init start
    DEBUG 3.2: prepare_data start flickr
    ----Data statistics------'
    Name: flickr
    #Nodes 7575
    #Edges 239738
    #Classes 9
    #Ave_degree 63.30
    ----Split statistics------'
    #Train samples 378 (5.0 % of nodes)
    #Val samples 1136 (15.0 % of nodes)
    #Test samples 6061 (remaining)
    ----label noise information:------
    Instance dependent noise
    #Actual noise rate 0.13
    [cuda:0] Waiting for GPU slot...
    [cuda:0] Slot acquired (waited 230.5s). Training...
    [PIGNN] Large dataset (7575 nodes). Using edge sampling for context loss.
    FINAL_RESULT: {'acc': {'train': 0.5661375661375662, 'valid': 0.4216549295774648, 'test': 0.44448110872793267}, 'wall_s': 134.99, 'cpu_s': 102.11, 'gpu_s': 32.31, 'wait_s': 230.49}
    [Time] wall=135.0s | cpu=102.1s | gpu=32.3s
    C:\Users\fbrev\anaconda3\envs\noisygl\Lib\site-packages\torch\_utils.py:315: UserWarning: Sparse CSR tensor support is in beta state. If you miss a functionality in the sparse tensor support, please submit a feature request to https://github.com/pytorch/pytorch/issues. (Triggered internally at ..\aten\src\ATen\SparseCsrTensorImpl.cpp:55.)
    result = torch.sparse_compressed_tensor(
    C:\Users\fbrev\anaconda3\envs\noisygl\Lib\site-packages\torch\nn\modules\module.py:1159: UserWarning: expandable_segments not supported on this platform (Triggered internally at ..\c10/cuda/CUDAAllocatorConfig.h:28.)
    return t.to(
[I 2026-05-03 08:33:55,144] Trial 23 finished with value: 0.44448110872793267 and parameters: {'lr': 0.001, 'weight_decay': 0.01, 'n_hidden': 128, 'n_layer': 2, 'dropout': 0.29080650278708314}. Best is trial 20 with value: 0.47153934994225377.
    [CPU] Loading flickr...
    DEBUG 3.1: Dataset init start
    DEBUG 3.2: prepare_data start flickr
    ----Data statistics------'
    Name: flickr
    #Nodes 7575
    #Edges 239738
    #Classes 9
    #Ave_degree 63.30
    ----Split statistics------'
    #Train samples 378 (5.0 % of nodes)
    #Val samples 1136 (15.0 % of nodes)
    #Test samples 6061 (remaining)
    ----label noise information:------
    Instance dependent noise
    #Actual noise rate 0.13
    [cuda:0] Waiting for GPU slot...
    [cuda:0] Slot acquired (waited 233.5s). Training...
    [PIGNN] Large dataset (7575 nodes). Using edge sampling for context loss.
    FINAL_RESULT: {'acc': {'train': 0.5582010582010583, 'valid': 0.4375, 'test': 0.4685695429797063}, 'wall_s': 132.33, 'cpu_s': 99.83, 'gpu_s': 31.95, 'wait_s': 233.45}
    [Time] wall=132.3s | cpu=99.8s | gpu=32.0s
    C:\Users\fbrev\anaconda3\envs\noisygl\Lib\site-packages\torch\_utils.py:315: UserWarning: Sparse CSR tensor support is in beta state. If you miss a functionality in the sparse tensor support, please submit a feature request to https://github.com/pytorch/pytorch/issues. (Triggered internally at ..\aten\src\ATen\SparseCsrTensorImpl.cpp:55.)
    result = torch.sparse_compressed_tensor(
    C:\Users\fbrev\anaconda3\envs\noisygl\Lib\site-packages\torch\nn\modules\module.py:1159: UserWarning: expandable_segments not supported on this platform (Triggered internally at ..\c10/cuda/CUDAAllocatorConfig.h:28.)
    return t.to(
[I 2026-05-03 08:40:05,748] Trial 24 finished with value: 0.4685695429797063 and parameters: {'lr': 0.001, 'weight_decay': 0.01, 'n_hidden': 128, 'n_layer': 2, 'dropout': 0.44128084648945326}. Best is trial 20 with value: 0.47153934994225377.
    [CPU] Loading flickr...
    DEBUG 3.1: Dataset init start
    DEBUG 3.2: prepare_data start flickr
    ----Data statistics------'
    Name: flickr
    #Nodes 7575
    #Edges 239738
    #Classes 9
    #Ave_degree 63.30
    ----Split statistics------'
    #Train samples 378 (5.0 % of nodes)
    #Val samples 1136 (15.0 % of nodes)
    #Test samples 6061 (remaining)
    ----label noise information:------
    Instance dependent noise
    #Actual noise rate 0.13
    [cuda:0] Waiting for GPU slot...
    [cuda:0] Slot acquired (waited 98.3s). Training...
    [PIGNN] Large dataset (7575 nodes). Using edge sampling for context loss.
    FINAL_RESULT: {'acc': {'train': 0.8042328042328042, 'valid': 0.49471830985915494, 'test': 0.5226860254083484}, 'wall_s': 134.45, 'cpu_s': 101.44, 'gpu_s': 32.43, 'wait_s': 98.28}
    [Time] wall=134.4s | cpu=101.4s | gpu=32.4s
    C:\Users\fbrev\anaconda3\envs\noisygl\Lib\site-packages\torch\_utils.py:315: UserWarning: Sparse CSR tensor support is in beta state. If you miss a functionality in the sparse tensor support, please submit a feature request to https://github.com/pytorch/pytorch/issues. (Triggered internally at ..\aten\src\ATen\SparseCsrTensorImpl.cpp:55.)
    result = torch.sparse_compressed_tensor(
    C:\Users\fbrev\anaconda3\envs\noisygl\Lib\site-packages\torch\nn\modules\module.py:1159: UserWarning: expandable_segments not supported on this platform (Triggered internally at ..\c10/cuda/CUDAAllocatorConfig.h:28.)
    return t.to(
[I 2026-05-03 08:44:03,192] Trial 25 finished with value: 0.5226860254083484 and parameters: {'lr': 0.001, 'weight_decay': 0.0001, 'n_hidden': 128, 'n_layer': 2, 'dropout': 0.470141068119037}. Best is trial 25 with value: 0.5226860254083484.
    [CPU] Loading flickr...
    DEBUG 3.1: Dataset init start
    DEBUG 3.2: prepare_data start flickr
    ----Data statistics------'
    Name: flickr
    #Nodes 7575
    #Edges 239738
    #Classes 9
    #Ave_degree 63.30
    ----Split statistics------'
    #Train samples 378 (5.0 % of nodes)
    #Val samples 1136 (15.0 % of nodes)
    #Test samples 6061 (remaining)
    ----label noise information:------
    Instance dependent noise
    #Actual noise rate 0.13
    [cuda:0] Waiting for GPU slot...
    [cuda:0] Slot acquired (waited 126.5s). Training...
    [PIGNN] Large dataset (7575 nodes). Using edge sampling for context loss.
    FINAL_RESULT: {'acc': {'train': 0.783068783068783, 'valid': 0.49295774647887325, 'test': 0.5230160039597426}, 'wall_s': 131.52, 'cpu_s': 98.99, 'gpu_s': 31.94, 'wait_s': 126.49}
    [Time] wall=131.5s | cpu=99.0s | gpu=31.9s
    C:\Users\fbrev\anaconda3\envs\noisygl\Lib\site-packages\torch\_utils.py:315: UserWarning: Sparse CSR tensor support is in beta state. If you miss a functionality in the sparse tensor support, please submit a feature request to https://github.com/pytorch/pytorch/issues. (Triggered internally at ..\aten\src\ATen\SparseCsrTensorImpl.cpp:55.)
    result = torch.sparse_compressed_tensor(
    C:\Users\fbrev\anaconda3\envs\noisygl\Lib\site-packages\torch\nn\modules\module.py:1159: UserWarning: expandable_segments not supported on this platform (Triggered internally at ..\c10/cuda/CUDAAllocatorConfig.h:28.)
    return t.to(
[I 2026-05-03 08:48:25,636] Trial 26 finished with value: 0.5230160039597426 and parameters: {'lr': 0.001, 'weight_decay': 0.0001, 'n_hidden': 128, 'n_layer': 2, 'dropout': 0.45314597541643764}. Best is trial 26 with value: 0.5230160039597426.
    [CPU] Loading flickr...
    DEBUG 3.1: Dataset init start
    DEBUG 3.2: prepare_data start flickr
    ----Data statistics------'
    Name: flickr
    #Nodes 7575
    #Edges 239738
    #Classes 9
    #Ave_degree 63.30
    ----Split statistics------'
    #Train samples 378 (5.0 % of nodes)
    #Val samples 1136 (15.0 % of nodes)
    #Test samples 6061 (remaining)
    ----label noise information:------
    Instance dependent noise
    #Actual noise rate 0.13
    [cuda:0] Waiting for GPU slot...
    [cuda:0] Slot acquired (waited 230.3s). Training...
    [PIGNN] Large dataset (7575 nodes). Using edge sampling for context loss.
    FINAL_RESULT: {'acc': {'train': 0.8015873015873016, 'valid': 0.49383802816901406, 'test': 0.5264807787493813}, 'wall_s': 131.15, 'cpu_s': 98.65, 'gpu_s': 31.93, 'wait_s': 230.31}
    [Time] wall=131.1s | cpu=98.6s | gpu=31.9s
    C:\Users\fbrev\anaconda3\envs\noisygl\Lib\site-packages\torch\_utils.py:315: UserWarning: Sparse CSR tensor support is in beta state. If you miss a functionality in the sparse tensor support, please submit a feature request to https://github.com/pytorch/pytorch/issues. (Triggered internally at ..\aten\src\ATen\SparseCsrTensorImpl.cpp:55.)
    result = torch.sparse_compressed_tensor(
    C:\Users\fbrev\anaconda3\envs\noisygl\Lib\site-packages\torch\nn\modules\module.py:1159: UserWarning: expandable_segments not supported on this platform (Triggered internally at ..\c10/cuda/CUDAAllocatorConfig.h:28.)
    return t.to(
[I 2026-05-03 08:54:31,694] Trial 27 finished with value: 0.5264807787493813 and parameters: {'lr': 0.001, 'weight_decay': 0.0001, 'n_hidden': 128, 'n_layer': 2, 'dropout': 0.48379855872516475}. Best is trial 27 with value: 0.5264807787493813.
    [CPU] Loading flickr...
    DEBUG 3.1: Dataset init start
    DEBUG 3.2: prepare_data start flickr
    ----Data statistics------'
    Name: flickr
    #Nodes 7575
    #Edges 239738
    #Classes 9
    #Ave_degree 63.30
    ----Split statistics------'
    #Train samples 378 (5.0 % of nodes)
    #Val samples 1136 (15.0 % of nodes)
    #Test samples 6061 (remaining)
    ----label noise information:------
    Instance dependent noise
    #Actual noise rate 0.13
    [cuda:0] Waiting for GPU slot...
    [cuda:0] Slot acquired (waited 234.6s). Training...
    [PIGNN] Large dataset (7575 nodes). Using edge sampling for context loss.
    FINAL_RESULT: {'acc': {'train': 0.8042328042328042, 'valid': 0.49295774647887325, 'test': 0.524005939613925}, 'wall_s': 136.38, 'cpu_s': 103.36, 'gpu_s': 32.47, 'wait_s': 234.58}
    [Time] wall=136.4s | cpu=103.4s | gpu=32.5s
    C:\Users\fbrev\anaconda3\envs\noisygl\Lib\site-packages\torch\_utils.py:315: UserWarning: Sparse CSR tensor support is in beta state. If you miss a functionality in the sparse tensor support, please submit a feature request to https://github.com/pytorch/pytorch/issues. (Triggered internally at ..\aten\src\ATen\SparseCsrTensorImpl.cpp:55.)
    result = torch.sparse_compressed_tensor(
    C:\Users\fbrev\anaconda3\envs\noisygl\Lib\site-packages\torch\nn\modules\module.py:1159: UserWarning: expandable_segments not supported on this platform (Triggered internally at ..\c10/cuda/CUDAAllocatorConfig.h:28.)
    return t.to(
[I 2026-05-03 09:00:47,062] Trial 28 finished with value: 0.524005939613925 and parameters: {'lr': 0.001, 'weight_decay': 0.0001, 'n_hidden': 128, 'n_layer': 2, 'dropout': 0.47238440432714146}. Best is trial 27 with value: 0.5264807787493813.
    [CPU] Loading flickr...
    DEBUG 3.1: Dataset init start
    DEBUG 3.2: prepare_data start flickr
    ----Data statistics------'
    Name: flickr
    #Nodes 7575
    #Edges 239738
    #Classes 9
    #Ave_degree 63.30
    ----Split statistics------'
    #Train samples 378 (5.0 % of nodes)
    #Val samples 1136 (15.0 % of nodes)
    #Test samples 6061 (remaining)
    ----label noise information:------
    Instance dependent noise
    #Actual noise rate 0.13
    [cuda:0] Waiting for GPU slot...
    [cuda:0] Slot acquired (waited 259.0s). Training...
    [PIGNN] Large dataset (7575 nodes). Using edge sampling for context loss.
    FINAL_RESULT: {'acc': {'train': 0.783068783068783, 'valid': 0.4920774647887324, 'test': 0.5228510146840455}, 'wall_s': 162.87, 'cpu_s': 104.12, 'gpu_s': 32.22, 'wait_s': 259.02}
    [Time] wall=162.9s | cpu=104.1s | gpu=32.2s
    C:\Users\fbrev\anaconda3\envs\noisygl\Lib\site-packages\torch\_utils.py:315: UserWarning: Sparse CSR tensor support is in beta state. If you miss a functionality in the sparse tensor support, please submit a feature request to https://github.com/pytorch/pytorch/issues. (Triggered internally at ..\aten\src\ATen\SparseCsrTensorImpl.cpp:55.)
    result = torch.sparse_compressed_tensor(
    C:\Users\fbrev\anaconda3\envs\noisygl\Lib\site-packages\torch\nn\modules\module.py:1159: UserWarning: expandable_segments not supported on this platform (Triggered internally at ..\c10/cuda/CUDAAllocatorConfig.h:28.)
    return t.to(
[I 2026-05-03 09:07:54,052] Trial 29 finished with value: 0.5228510146840455 and parameters: {'lr': 0.001, 'weight_decay': 0.0001, 'n_hidden': 128, 'n_layer': 2, 'dropout': 0.5164218614951585}. Best is trial 27 with value: 0.5264807787493813.
    [CPU] Loading flickr...
    DEBUG 3.1: Dataset init start
    DEBUG 3.2: prepare_data start flickr
    ----Data statistics------'
    Name: flickr
    #Nodes 7575
    #Edges 239738
    #Classes 9
    #Ave_degree 63.30
    ----Split statistics------'
    #Train samples 378 (5.0 % of nodes)
    #Val samples 1136 (15.0 % of nodes)
    #Test samples 6061 (remaining)
    ----label noise information:------
    Instance dependent noise
    #Actual noise rate 0.13
    [cuda:0] Waiting for GPU slot...
    [cuda:0] Slot acquired (waited 137.1s). Training...
    [PIGNN] Large dataset (7575 nodes). Using edge sampling for context loss.
    FINAL_RESULT: {'acc': {'train': 0.8095238095238095, 'valid': 0.49383802816901406, 'test': 0.5248308859924105}, 'wall_s': 213.09, 'cpu_s': 107.55, 'gpu_s': 32.17, 'wait_s': 137.15}
    [Time] wall=213.1s | cpu=107.5s | gpu=32.2s
    C:\Users\fbrev\anaconda3\envs\noisygl\Lib\site-packages\torch\_utils.py:315: UserWarning: Sparse CSR tensor support is in beta state. If you miss a functionality in the sparse tensor support, please submit a feature request to https://github.com/pytorch/pytorch/issues. (Triggered internally at ..\aten\src\ATen\SparseCsrTensorImpl.cpp:55.)
    result = torch.sparse_compressed_tensor(
    C:\Users\fbrev\anaconda3\envs\noisygl\Lib\site-packages\torch\nn\modules\module.py:1159: UserWarning: expandable_segments not supported on this platform (Triggered internally at ..\c10/cuda/CUDAAllocatorConfig.h:28.)
    return t.to(
[I 2026-05-03 09:13:49,769] Trial 30 finished with value: 0.5248308859924105 and parameters: {'lr': 0.001, 'weight_decay': 0.0001, 'n_hidden': 128, 'n_layer': 2, 'dropout': 0.4198771493551745}. Best is trial 27 with value: 0.5264807787493813.
    [CPU] Loading flickr...
    DEBUG 3.1: Dataset init start
    DEBUG 3.2: prepare_data start flickr
    ----Data statistics------'
    Name: flickr
    #Nodes 7575
    #Edges 239738
    #Classes 9
    #Ave_degree 63.30
    ----Split statistics------'
    #Train samples 378 (5.0 % of nodes)
    #Val samples 1136 (15.0 % of nodes)
    #Test samples 6061 (remaining)
    ----label noise information:------
    Instance dependent noise
    #Actual noise rate 0.13
    [cuda:0] Waiting for GPU slot...
    [cuda:0] Slot acquired (waited 135.4s). Training...
    [PIGNN] Large dataset (7575 nodes). Using edge sampling for context loss.
    FINAL_RESULT: {'acc': {'train': 0.8068783068783069, 'valid': 0.49383802816901406, 'test': 0.5281306715063521}, 'wall_s': 140.3, 'cpu_s': 107.35, 'gpu_s': 32.38, 'wait_s': 135.35}
    [Time] wall=140.3s | cpu=107.3s | gpu=32.4s
    C:\Users\fbrev\anaconda3\envs\noisygl\Lib\site-packages\torch\_utils.py:315: UserWarning: Sparse CSR tensor support is in beta state. If you miss a functionality in the sparse tensor support, please submit a feature request to https://github.com/pytorch/pytorch/issues. (Triggered internally at ..\aten\src\ATen\SparseCsrTensorImpl.cpp:55.)
    result = torch.sparse_compressed_tensor(
    C:\Users\fbrev\anaconda3\envs\noisygl\Lib\site-packages\torch\nn\modules\module.py:1159: UserWarning: expandable_segments not supported on this platform (Triggered internally at ..\c10/cuda/CUDAAllocatorConfig.h:28.)
    return t.to(
[I 2026-05-03 09:18:30,287] Trial 31 finished with value: 0.5281306715063521 and parameters: {'lr': 0.001, 'weight_decay': 0.0001, 'n_hidden': 128, 'n_layer': 2, 'dropout': 0.4102805333345151}. Best is trial 31 with value: 0.5281306715063521.
    [CPU] Loading flickr...
    DEBUG 3.1: Dataset init start
    DEBUG 3.2: prepare_data start flickr
    ----Data statistics------'
    Name: flickr
    #Nodes 7575
    #Edges 239738
    #Classes 9
    #Ave_degree 63.30
    ----Split statistics------'
    #Train samples 378 (5.0 % of nodes)
    #Val samples 1136 (15.0 % of nodes)
    #Test samples 6061 (remaining)
    ----label noise information:------
    Instance dependent noise
    #Actual noise rate 0.13
    [cuda:0] Waiting for GPU slot...
    [cuda:0] Slot acquired (waited 103.2s). Training...
    [PIGNN] Large dataset (7575 nodes). Using edge sampling for context loss.
    FINAL_RESULT: {'acc': {'train': 0.8148148148148148, 'valid': 0.49383802816901406, 'test': 0.5276357036792608}, 'wall_s': 139.17, 'cpu_s': 106.33, 'gpu_s': 32.28, 'wait_s': 103.24}
    [Time] wall=139.2s | cpu=106.3s | gpu=32.3s
    C:\Users\fbrev\anaconda3\envs\noisygl\Lib\site-packages\torch\_utils.py:315: UserWarning: Sparse CSR tensor support is in beta state. If you miss a functionality in the sparse tensor support, please submit a feature request to https://github.com/pytorch/pytorch/issues. (Triggered internally at ..\aten\src\ATen\SparseCsrTensorImpl.cpp:55.)
    result = torch.sparse_compressed_tensor(
    C:\Users\fbrev\anaconda3\envs\noisygl\Lib\site-packages\torch\nn\modules\module.py:1159: UserWarning: expandable_segments not supported on this platform (Triggered internally at ..\c10/cuda/CUDAAllocatorConfig.h:28.)
    return t.to(
[I 2026-05-03 09:22:37,766] Trial 32 finished with value: 0.5276357036792608 and parameters: {'lr': 0.001, 'weight_decay': 0.0001, 'n_hidden': 128, 'n_layer': 2, 'dropout': 0.39704733869234804}. Best is trial 31 with value: 0.5281306715063521.
    [CPU] Loading flickr...
    DEBUG 3.1: Dataset init start
    DEBUG 3.2: prepare_data start flickr
    ----Data statistics------'
    Name: flickr
    #Nodes 7575
    #Edges 239738
    #Classes 9
    #Ave_degree 63.30
    ----Split statistics------'
    #Train samples 378 (5.0 % of nodes)
    #Val samples 1136 (15.0 % of nodes)
    #Test samples 6061 (remaining)
    ----label noise information:------
    Instance dependent noise
    #Actual noise rate 0.13
    [cuda:0] Waiting for GPU slot...
    [cuda:0] Slot acquired (waited 382.1s). Training...
    [PIGNN] Large dataset (7575 nodes). Using edge sampling for context loss.
    FINAL_RESULT: {'acc': {'train': 0.8095238095238095, 'valid': 0.49295774647887325, 'test': 0.5291206071605346}, 'wall_s': 140.56, 'cpu_s': 107.68, 'gpu_s': 32.31, 'wait_s': 382.08}
    [Time] wall=140.6s | cpu=107.7s | gpu=32.3s
    C:\Users\fbrev\anaconda3\envs\noisygl\Lib\site-packages\torch\_utils.py:315: UserWarning: Sparse CSR tensor support is in beta state. If you miss a functionality in the sparse tensor support, please submit a feature request to https://github.com/pytorch/pytorch/issues. (Triggered internally at ..\aten\src\ATen\SparseCsrTensorImpl.cpp:55.)
    result = torch.sparse_compressed_tensor(
    C:\Users\fbrev\anaconda3\envs\noisygl\Lib\site-packages\torch\nn\modules\module.py:1159: UserWarning: expandable_segments not supported on this platform (Triggered internally at ..\c10/cuda/CUDAAllocatorConfig.h:28.)
    return t.to(
[I 2026-05-03 09:31:25,016] Trial 33 finished with value: 0.5291206071605346 and parameters: {'lr': 0.001, 'weight_decay': 0.0001, 'n_hidden': 128, 'n_layer': 2, 'dropout': 0.41391015952596255}. Best is trial 33 with value: 0.5291206071605346.
    [CPU] Loading flickr...
    DEBUG 3.1: Dataset init start
    DEBUG 3.2: prepare_data start flickr
    ----Data statistics------'
    Name: flickr
    #Nodes 7575
    #Edges 239738
    #Classes 9
    #Ave_degree 63.30
    ----Split statistics------'
    #Train samples 378 (5.0 % of nodes)
    #Val samples 1136 (15.0 % of nodes)
    #Test samples 6061 (remaining)
    ----label noise information:------
    Instance dependent noise
    #Actual noise rate 0.13
    [cuda:0] Waiting for GPU slot...
    [cuda:0] Slot acquired (waited 247.6s). Training...
    [PIGNN] Large dataset (7575 nodes). Using edge sampling for context loss.
    FINAL_RESULT: {'acc': {'train': 0.8148148148148148, 'valid': 0.4920774647887324, 'test': 0.527965682230655}, 'wall_s': 136.25, 'cpu_s': 103.42, 'gpu_s': 32.25, 'wait_s': 247.61}
    [Time] wall=136.2s | cpu=103.4s | gpu=32.2s
    C:\Users\fbrev\anaconda3\envs\noisygl\Lib\site-packages\torch\_utils.py:315: UserWarning: Sparse CSR tensor support is in beta state. If you miss a functionality in the sparse tensor support, please submit a feature request to https://github.com/pytorch/pytorch/issues. (Triggered internally at ..\aten\src\ATen\SparseCsrTensorImpl.cpp:55.)
    result = torch.sparse_compressed_tensor(
    C:\Users\fbrev\anaconda3\envs\noisygl\Lib\site-packages\torch\nn\modules\module.py:1159: UserWarning: expandable_segments not supported on this platform (Triggered internally at ..\c10/cuda/CUDAAllocatorConfig.h:28.)
    return t.to(
[I 2026-05-03 09:37:53,936] Trial 34 finished with value: 0.527965682230655 and parameters: {'lr': 0.001, 'weight_decay': 0.0001, 'n_hidden': 128, 'n_layer': 2, 'dropout': 0.37309623646513185}. Best is trial 33 with value: 0.5291206071605346.
    [CPU] Loading flickr...
    DEBUG 3.1: Dataset init start
    DEBUG 3.2: prepare_data start flickr
    ----Data statistics------'
    Name: flickr
    #Nodes 7575
    #Edges 239738
    #Classes 9
    #Ave_degree 63.30
    ----Split statistics------'
    #Train samples 378 (5.0 % of nodes)
    #Val samples 1136 (15.0 % of nodes)
    #Test samples 6061 (remaining)
    ----label noise information:------
    Instance dependent noise
    #Actual noise rate 0.13
    [cuda:0] Waiting for GPU slot...
    [cuda:0] Slot acquired (waited 99.1s). Training...
    [PIGNN] Large dataset (7575 nodes). Using edge sampling for context loss.
    FINAL_RESULT: {'acc': {'train': 0.8121693121693122, 'valid': 0.4920774647887324, 'test': 0.5249958752681075}, 'wall_s': 137.72, 'cpu_s': 105.07, 'gpu_s': 32.07, 'wait_s': 99.09}
    [Time] wall=137.7s | cpu=105.1s | gpu=32.1s
    C:\Users\fbrev\anaconda3\envs\noisygl\Lib\site-packages\torch\_utils.py:315: UserWarning: Sparse CSR tensor support is in beta state. If you miss a functionality in the sparse tensor support, please submit a feature request to https://github.com/pytorch/pytorch/issues. (Triggered internally at ..\aten\src\ATen\SparseCsrTensorImpl.cpp:55.)
    result = torch.sparse_compressed_tensor(
    C:\Users\fbrev\anaconda3\envs\noisygl\Lib\site-packages\torch\nn\modules\module.py:1159: UserWarning: expandable_segments not supported on this platform (Triggered internally at ..\c10/cuda/CUDAAllocatorConfig.h:28.)
    return t.to(
[I 2026-05-03 09:41:55,545] Trial 35 finished with value: 0.5249958752681075 and parameters: {'lr': 0.001, 'weight_decay': 0.0001, 'n_hidden': 128, 'n_layer': 2, 'dropout': 0.27967602700834343}. Best is trial 33 with value: 0.5291206071605346.
    [CPU] Loading flickr...
    DEBUG 3.1: Dataset init start
    DEBUG 3.2: prepare_data start flickr
    ----Data statistics------'
    Name: flickr
    #Nodes 7575
    #Edges 239738
    #Classes 9
    #Ave_degree 63.30
    ----Split statistics------'
    #Train samples 378 (5.0 % of nodes)
    #Val samples 1136 (15.0 % of nodes)
    #Test samples 6061 (remaining)
    ----label noise information:------
    Instance dependent noise
    #Actual noise rate 0.13
    [cuda:0] Waiting for GPU slot...
    [cuda:0] Slot acquired (waited 104.0s). Training...
    [PIGNN] Large dataset (7575 nodes). Using edge sampling for context loss.
    FINAL_RESULT: {'acc': {'train': 0.828042328042328, 'valid': 0.49383802816901406, 'test': 0.5282956607820491}, 'wall_s': 136.1, 'cpu_s': 103.4, 'gpu_s': 32.13, 'wait_s': 104.03}
    [Time] wall=136.1s | cpu=103.4s | gpu=32.1s
    C:\Users\fbrev\anaconda3\envs\noisygl\Lib\site-packages\torch\_utils.py:315: UserWarning: Sparse CSR tensor support is in beta state. If you miss a functionality in the sparse tensor support, please submit a feature request to https://github.com/pytorch/pytorch/issues. (Triggered internally at ..\aten\src\ATen\SparseCsrTensorImpl.cpp:55.)
    result = torch.sparse_compressed_tensor(
    C:\Users\fbrev\anaconda3\envs\noisygl\Lib\site-packages\torch\nn\modules\module.py:1159: UserWarning: expandable_segments not supported on this platform (Triggered internally at ..\c10/cuda/CUDAAllocatorConfig.h:28.)
    return t.to(
[I 2026-05-03 09:46:00,409] Trial 36 finished with value: 0.5282956607820491 and parameters: {'lr': 0.001, 'weight_decay': 0.0001, 'n_hidden': 128, 'n_layer': 2, 'dropout': 0.3931028710583532}. Best is trial 33 with value: 0.5291206071605346.
    [CPU] Loading flickr...
    DEBUG 3.1: Dataset init start
    DEBUG 3.2: prepare_data start flickr
    ----Data statistics------'
    Name: flickr
    #Nodes 7575
    #Edges 239738
    #Classes 9
    #Ave_degree 63.30
    ----Split statistics------'
    #Train samples 378 (5.0 % of nodes)
    #Val samples 1136 (15.0 % of nodes)
    #Test samples 6061 (remaining)
    ----label noise information:------
    Instance dependent noise
    #Actual noise rate 0.13
    [cuda:0] Waiting for GPU slot...
    [cuda:0] Slot acquired (waited 103.2s). Training...
    [PIGNN] Large dataset (7575 nodes). Using edge sampling for context loss.
    FINAL_RESULT: {'acc': {'train': 0.8227513227513228, 'valid': 0.49471830985915494, 'test': 0.5291206071605346}, 'wall_s': 135.95, 'cpu_s': 102.99, 'gpu_s': 32.38, 'wait_s': 103.16}
    [Time] wall=136.0s | cpu=103.0s | gpu=32.4s
    C:\Users\fbrev\anaconda3\envs\noisygl\Lib\site-packages\torch\_utils.py:315: UserWarning: Sparse CSR tensor support is in beta state. If you miss a functionality in the sparse tensor support, please submit a feature request to https://github.com/pytorch/pytorch/issues. (Triggered internally at ..\aten\src\ATen\SparseCsrTensorImpl.cpp:55.)
    result = torch.sparse_compressed_tensor(
    C:\Users\fbrev\anaconda3\envs\noisygl\Lib\site-packages\torch\nn\modules\module.py:1159: UserWarning: expandable_segments not supported on this platform (Triggered internally at ..\c10/cuda/CUDAAllocatorConfig.h:28.)
    return t.to(
[I 2026-05-03 09:50:04,301] Trial 37 finished with value: 0.5291206071605346 and parameters: {'lr': 0.001, 'weight_decay': 0.0001, 'n_hidden': 128, 'n_layer': 2, 'dropout': 0.39352509772710675}. Best is trial 33 with value: 0.5291206071605346.
    [CPU] Loading flickr...
    DEBUG 3.1: Dataset init start
    DEBUG 3.2: prepare_data start flickr
    ----Data statistics------'
    Name: flickr
    #Nodes 7575
    #Edges 239738
    #Classes 9
    #Ave_degree 63.30
    ----Split statistics------'
    #Train samples 378 (5.0 % of nodes)
    #Val samples 1136 (15.0 % of nodes)
    #Test samples 6061 (remaining)
    ----label noise information:------
    Instance dependent noise
    #Actual noise rate 0.13
    [cuda:0] Waiting for GPU slot...
    [cuda:0] Slot acquired (waited 232.8s). Training...
    [PIGNN] Large dataset (7575 nodes). Using edge sampling for context loss.
    FINAL_RESULT: {'acc': {'train': 0.6402116402116402, 'valid': 0.3301056338028169, 'test': 0.3684210526315789}, 'wall_s': 137.84, 'cpu_s': 105.35, 'gpu_s': 31.94, 'wait_s': 232.81}
    [Time] wall=137.8s | cpu=105.3s | gpu=31.9s
    C:\Users\fbrev\anaconda3\envs\noisygl\Lib\site-packages\torch\_utils.py:315: UserWarning: Sparse CSR tensor support is in beta state. If you miss a functionality in the sparse tensor support, please submit a feature request to https://github.com/pytorch/pytorch/issues. (Triggered internally at ..\aten\src\ATen\SparseCsrTensorImpl.cpp:55.)
    result = torch.sparse_compressed_tensor(
    C:\Users\fbrev\anaconda3\envs\noisygl\Lib\site-packages\torch\nn\modules\module.py:1159: UserWarning: expandable_segments not supported on this platform (Triggered internally at ..\c10/cuda/CUDAAllocatorConfig.h:28.)
    return t.to(
[I 2026-05-03 09:56:19,755] Trial 38 finished with value: 0.3684210526315789 and parameters: {'lr': 0.005, 'weight_decay': 0.0001, 'n_hidden': 64, 'n_layer': 2, 'dropout': 0.009115077560706508}. Best is trial 33 with value: 0.5291206071605346.
    [CPU] Loading flickr...
    DEBUG 3.1: Dataset init start
    DEBUG 3.2: prepare_data start flickr
    ----Data statistics------'
    Name: flickr
    #Nodes 7575
    #Edges 239738
    #Classes 9
    #Ave_degree 63.30
    ----Split statistics------'
    #Train samples 378 (5.0 % of nodes)
    #Val samples 1136 (15.0 % of nodes)
    #Test samples 6061 (remaining)
    ----label noise information:------
    Instance dependent noise
    #Actual noise rate 0.13
    [cuda:0] Waiting for GPU slot...
    [cuda:0] Slot acquired (waited 345.5s). Training...
    [PIGNN] Large dataset (7575 nodes). Using edge sampling for context loss.
    FINAL_RESULT: {'acc': {'train': 0.09788359788359788, 'valid': 0.1619718309859155, 'test': 0.1674641148325359}, 'wall_s': 140.04, 'cpu_s': 107.06, 'gpu_s': 32.41, 'wait_s': 345.52}
    [Time] wall=140.0s | cpu=107.1s | gpu=32.4s
    C:\Users\fbrev\anaconda3\envs\noisygl\Lib\site-packages\torch\_utils.py:315: UserWarning: Sparse CSR tensor support is in beta state. If you miss a functionality in the sparse tensor support, please submit a feature request to https://github.com/pytorch/pytorch/issues. (Triggered internally at ..\aten\src\ATen\SparseCsrTensorImpl.cpp:55.)
    result = torch.sparse_compressed_tensor(
    C:\Users\fbrev\anaconda3\envs\noisygl\Lib\site-packages\torch\nn\modules\module.py:1159: UserWarning: expandable_segments not supported on this platform (Triggered internally at ..\c10/cuda/CUDAAllocatorConfig.h:28.)
    return t.to(
[I 2026-05-03 10:04:30,093] Trial 39 finished with value: 0.1674641148325359 and parameters: {'lr': 0.1, 'weight_decay': 0.0001, 'n_hidden': 128, 'n_layer': 2, 'dropout': 0.28715974321144344}. Best is trial 33 with value: 0.5291206071605346.
    [CPU] Loading flickr...
    DEBUG 3.1: Dataset init start
    DEBUG 3.2: prepare_data start flickr
    ----Data statistics------'
    Name: flickr
    #Nodes 7575
    #Edges 239738
    #Classes 9
    #Ave_degree 63.30
    ----Split statistics------'
    #Train samples 378 (5.0 % of nodes)
    #Val samples 1136 (15.0 % of nodes)
    #Test samples 6061 (remaining)
    ----label noise information:------
    Instance dependent noise
    #Actual noise rate 0.13
    [cuda:0] Waiting for GPU slot...
    [cuda:0] Slot acquired (waited 101.8s). Training...
    [PIGNN] Large dataset (7575 nodes). Using edge sampling for context loss.
    FINAL_RESULT: {'acc': {'train': 0.8015873015873016, 'valid': 0.49295774647887325, 'test': 0.5294505857119287}, 'wall_s': 138.74, 'cpu_s': 105.75, 'gpu_s': 32.4, 'wait_s': 101.8}
    [Time] wall=138.7s | cpu=105.7s | gpu=32.4s
    C:\Users\fbrev\anaconda3\envs\noisygl\Lib\site-packages\torch\_utils.py:315: UserWarning: Sparse CSR tensor support is in beta state. If you miss a functionality in the sparse tensor support, please submit a feature request to https://github.com/pytorch/pytorch/issues. (Triggered internally at ..\aten\src\ATen\SparseCsrTensorImpl.cpp:55.)
    result = torch.sparse_compressed_tensor(
    C:\Users\fbrev\anaconda3\envs\noisygl\Lib\site-packages\torch\nn\modules\module.py:1159: UserWarning: expandable_segments not supported on this platform (Triggered internally at ..\c10/cuda/CUDAAllocatorConfig.h:28.)
    return t.to(
[I 2026-05-03 10:08:35,511] Trial 40 finished with value: 0.5294505857119287 and parameters: {'lr': 0.001, 'weight_decay': 0.0001, 'n_hidden': 128, 'n_layer': 2, 'dropout': 0.398593633316179}. Best is trial 40 with value: 0.5294505857119287.
    [CPU] Loading flickr...
    DEBUG 3.1: Dataset init start
    DEBUG 3.2: prepare_data start flickr
    ----Data statistics------'
    Name: flickr
    #Nodes 7575
    #Edges 239738
    #Classes 9
    #Ave_degree 63.30
    ----Split statistics------'
    #Train samples 378 (5.0 % of nodes)
    #Val samples 1136 (15.0 % of nodes)
    #Test samples 6061 (remaining)
    ----label noise information:------
    Instance dependent noise
    #Actual noise rate 0.13
    [cuda:0] Waiting for GPU slot...
    [cuda:0] Slot acquired (waited 131.8s). Training...
    [PIGNN] Large dataset (7575 nodes). Using edge sampling for context loss.
    FINAL_RESULT: {'acc': {'train': 0.8042328042328042, 'valid': 0.4920774647887324, 'test': 0.5273057251278667}, 'wall_s': 137.78, 'cpu_s': 104.94, 'gpu_s': 32.27, 'wait_s': 131.81}
    [Time] wall=137.8s | cpu=104.9s | gpu=32.3s
    C:\Users\fbrev\anaconda3\envs\noisygl\Lib\site-packages\torch\_utils.py:315: UserWarning: Sparse CSR tensor support is in beta state. If you miss a functionality in the sparse tensor support, please submit a feature request to https://github.com/pytorch/pytorch/issues. (Triggered internally at ..\aten\src\ATen\SparseCsrTensorImpl.cpp:55.)
    result = torch.sparse_compressed_tensor(
    C:\Users\fbrev\anaconda3\envs\noisygl\Lib\site-packages\torch\nn\modules\module.py:1159: UserWarning: expandable_segments not supported on this platform (Triggered internally at ..\c10/cuda/CUDAAllocatorConfig.h:28.)
    return t.to(
[I 2026-05-03 10:13:09,593] Trial 41 finished with value: 0.5273057251278667 and parameters: {'lr': 0.001, 'weight_decay': 0.0001, 'n_hidden': 128, 'n_layer': 2, 'dropout': 0.3979427522118489}. Best is trial 40 with value: 0.5294505857119287.
    [CPU] Loading flickr...
    DEBUG 3.1: Dataset init start
    DEBUG 3.2: prepare_data start flickr
    ----Data statistics------'
    Name: flickr
    #Nodes 7575
    #Edges 239738
    #Classes 9
    #Ave_degree 63.30
    ----Split statistics------'
    #Train samples 378 (5.0 % of nodes)
    #Val samples 1136 (15.0 % of nodes)
    #Test samples 6061 (remaining)
    ----label noise information:------
    Instance dependent noise
    #Actual noise rate 0.13
    [cuda:0] Waiting for GPU slot...
    [cuda:0] Slot acquired (waited 732.8s). Training...
    [PIGNN] Large dataset (7575 nodes). Using edge sampling for context loss.
    FINAL_RESULT: {'acc': {'train': 0.7804232804232805, 'valid': 0.4867957746478873, 'test': 0.5228510146840455}, 'wall_s': 135.34, 'cpu_s': 105.61, 'gpu_s': 29.12, 'wait_s': 732.77}
    [Time] wall=135.3s | cpu=105.6s | gpu=29.1s
    C:\Users\fbrev\anaconda3\envs\noisygl\Lib\site-packages\torch\_utils.py:315: UserWarning: Sparse CSR tensor support is in beta state. If you miss a functionality in the sparse tensor support, please submit a feature request to https://github.com/pytorch/pytorch/issues. (Triggered internally at ..\aten\src\ATen\SparseCsrTensorImpl.cpp:55.)
    result = torch.sparse_compressed_tensor(
    C:\Users\fbrev\anaconda3\envs\noisygl\Lib\site-packages\torch\nn\modules\module.py:1159: UserWarning: expandable_segments not supported on this platform (Triggered internally at ..\c10/cuda/CUDAAllocatorConfig.h:28.)
    return t.to(
[I 2026-05-03 10:27:42,394] Trial 42 finished with value: 0.5228510146840455 and parameters: {'lr': 0.001, 'weight_decay': 0.0001, 'n_hidden': 128, 'n_layer': 2, 'dropout': 0.5156762495211418}. Best is trial 40 with value: 0.5294505857119287.
    [CPU] Loading flickr...
    DEBUG 3.1: Dataset init start
    DEBUG 3.2: prepare_data start flickr
    ----Data statistics------'
    Name: flickr
    #Nodes 7575
    #Edges 239738
    #Classes 9
    #Ave_degree 63.30
    ----Split statistics------'
    #Train samples 378 (5.0 % of nodes)
    #Val samples 1136 (15.0 % of nodes)
    #Test samples 6061 (remaining)
    ----label noise information:------
    Instance dependent noise
    #Actual noise rate 0.13
    [cuda:0] Waiting for GPU slot...
    [cuda:0] Slot acquired (waited 858.3s). Training...
    [PIGNN] Large dataset (7575 nodes). Using edge sampling for context loss.
    FINAL_RESULT: {'acc': {'train': 0.7698412698412699, 'valid': 0.49383802816901406, 'test': 0.5220260683055601}, 'wall_s': 137.17, 'cpu_s': 104.2, 'gpu_s': 32.33, 'wait_s': 858.29}
    [Time] wall=137.2s | cpu=104.2s | gpu=32.3s
    C:\Users\fbrev\anaconda3\envs\noisygl\Lib\site-packages\torch\_utils.py:315: UserWarning: Sparse CSR tensor support is in beta state. If you miss a functionality in the sparse tensor support, please submit a feature request to https://github.com/pytorch/pytorch/issues. (Triggered internally at ..\aten\src\ATen\SparseCsrTensorImpl.cpp:55.)
    result = torch.sparse_compressed_tensor(
    C:\Users\fbrev\anaconda3\envs\noisygl\Lib\site-packages\torch\nn\modules\module.py:1159: UserWarning: expandable_segments not supported on this platform (Triggered internally at ..\c10/cuda/CUDAAllocatorConfig.h:28.)
    return t.to(
[I 2026-05-03 10:44:23,000] Trial 43 finished with value: 0.5220260683055601 and parameters: {'lr': 0.001, 'weight_decay': 0.0001, 'n_hidden': 128, 'n_layer': 2, 'dropout': 0.5808125343042105}. Best is trial 40 with value: 0.5294505857119287.
    [CPU] Loading flickr...
    DEBUG 3.1: Dataset init start
    DEBUG 3.2: prepare_data start flickr
    ----Data statistics------'
    Name: flickr
    #Nodes 7575
    #Edges 239738
    #Classes 9
    #Ave_degree 63.30
    ----Split statistics------'
    #Train samples 378 (5.0 % of nodes)
    #Val samples 1136 (15.0 % of nodes)
    #Test samples 6061 (remaining)
    ----label noise information:------
    Instance dependent noise
    #Actual noise rate 0.13
    [cuda:0] Waiting for GPU slot...
    [cuda:0] Slot acquired (waited 545.2s). Training...
    [PIGNN] Large dataset (7575 nodes). Using edge sampling for context loss.
    FINAL_RESULT: {'acc': {'train': 0.7301587301587301, 'valid': 0.45686619718309857, 'test': 0.4981026233294836}, 'wall_s': 136.45, 'cpu_s': 104.1, 'gpu_s': 31.78, 'wait_s': 545.15}
    [Time] wall=136.4s | cpu=104.1s | gpu=31.8s
    C:\Users\fbrev\anaconda3\envs\noisygl\Lib\site-packages\torch\_utils.py:315: UserWarning: Sparse CSR tensor support is in beta state. If you miss a functionality in the sparse tensor support, please submit a feature request to https://github.com/pytorch/pytorch/issues. (Triggered internally at ..\aten\src\ATen\SparseCsrTensorImpl.cpp:55.)
    result = torch.sparse_compressed_tensor(
    C:\Users\fbrev\anaconda3\envs\noisygl\Lib\site-packages\torch\nn\modules\module.py:1159: UserWarning: expandable_segments not supported on this platform (Triggered internally at ..\c10/cuda/CUDAAllocatorConfig.h:28.)
    return t.to(
[I 2026-05-03 10:55:49,083] Trial 44 finished with value: 0.4981026233294836 and parameters: {'lr': 0.001, 'weight_decay': 0.0001, 'n_hidden': 64, 'n_layer': 2, 'dropout': 0.3220001628830309}. Best is trial 40 with value: 0.5294505857119287.
    [CPU] Loading flickr...
    DEBUG 3.1: Dataset init start
    DEBUG 3.2: prepare_data start flickr
    ----Data statistics------'
    Name: flickr
    #Nodes 7575
    #Edges 239738
    #Classes 9
    #Ave_degree 63.30
    ----Split statistics------'
    #Train samples 378 (5.0 % of nodes)
    #Val samples 1136 (15.0 % of nodes)
    #Test samples 6061 (remaining)
    ----label noise information:------
    Instance dependent noise
    #Actual noise rate 0.13
    [cuda:0] Waiting for GPU slot...
    [cuda:0] Slot acquired (waited 515.0s). Training...
    [PIGNN] Large dataset (7575 nodes). Using edge sampling for context loss.
    FINAL_RESULT: {'acc': {'train': 0.3412698412698413, 'valid': 0.28080985915492956, 'test': 0.30094043887147337}, 'wall_s': 138.49, 'cpu_s': 105.64, 'gpu_s': 32.28, 'wait_s': 515.02}
    [Time] wall=138.5s | cpu=105.6s | gpu=32.3s
    C:\Users\fbrev\anaconda3\envs\noisygl\Lib\site-packages\torch\_utils.py:315: UserWarning: Sparse CSR tensor support is in beta state. If you miss a functionality in the sparse tensor support, please submit a feature request to https://github.com/pytorch/pytorch/issues. (Triggered internally at ..\aten\src\ATen\SparseCsrTensorImpl.cpp:55.)
    result = torch.sparse_compressed_tensor(
    C:\Users\fbrev\anaconda3\envs\noisygl\Lib\site-packages\torch\nn\modules\module.py:1159: UserWarning: expandable_segments not supported on this platform (Triggered internally at ..\c10/cuda/CUDAAllocatorConfig.h:28.)
    return t.to(
[I 2026-05-03 11:06:47,148] Trial 45 finished with value: 0.30094043887147337 and parameters: {'lr': 0.001, 'weight_decay': 0.05, 'n_hidden': 128, 'n_layer': 2, 'dropout': 0.4168393996433454}. Best is trial 40 with value: 0.5294505857119287.
    [CPU] Loading flickr...
    DEBUG 3.1: Dataset init start
    DEBUG 3.2: prepare_data start flickr
    ----Data statistics------'
    Name: flickr
    #Nodes 7575
    #Edges 239738
    #Classes 9
    #Ave_degree 63.30
    ----Split statistics------'
    #Train samples 378 (5.0 % of nodes)
    #Val samples 1136 (15.0 % of nodes)
    #Test samples 6061 (remaining)
    ----label noise information:------
    Instance dependent noise
    #Actual noise rate 0.13
    [cuda:0] Waiting for GPU slot...
    [cuda:0] Slot acquired (waited 402.1s). Training...
    [PIGNN] Large dataset (7575 nodes). Using edge sampling for context loss.
    FINAL_RESULT: {'acc': {'train': 0.1111111111111111, 'valid': 0.16461267605633803, 'test': 0.17323873948193366}, 'wall_s': 134.4, 'cpu_s': 101.81, 'gpu_s': 32.0, 'wait_s': 402.09}
    [Time] wall=134.4s | cpu=101.8s | gpu=32.0s
    C:\Users\fbrev\anaconda3\envs\noisygl\Lib\site-packages\torch\_utils.py:315: UserWarning: Sparse CSR tensor support is in beta state. If you miss a functionality in the sparse tensor support, please submit a feature request to https://github.com/pytorch/pytorch/issues. (Triggered internally at ..\aten\src\ATen\SparseCsrTensorImpl.cpp:55.)
    result = torch.sparse_compressed_tensor(
    C:\Users\fbrev\anaconda3\envs\noisygl\Lib\site-packages\torch\nn\modules\module.py:1159: UserWarning: expandable_segments not supported on this platform (Triggered internally at ..\c10/cuda/CUDAAllocatorConfig.h:28.)
    return t.to(
[I 2026-05-03 11:15:48,264] Trial 46 finished with value: 0.17323873948193366 and parameters: {'lr': 0.1, 'weight_decay': 0.0001, 'n_hidden': 128, 'n_layer': 2, 'dropout': 0.38094957332165247}. Best is trial 40 with value: 0.5294505857119287.
    [CPU] Loading flickr...
    DEBUG 3.1: Dataset init start
    DEBUG 3.2: prepare_data start flickr
    ----Data statistics------'
    Name: flickr
    #Nodes 7575
    #Edges 239738
    #Classes 9
    #Ave_degree 63.30
    ----Split statistics------'
    #Train samples 378 (5.0 % of nodes)
    #Val samples 1136 (15.0 % of nodes)
    #Test samples 6061 (remaining)
    ----label noise information:------
    Instance dependent noise
    #Actual noise rate 0.13
    [cuda:0] Waiting for GPU slot...
    [cuda:0] Slot acquired (waited 129.4s). Training...
    [PIGNN] Large dataset (7575 nodes). Using edge sampling for context loss.
    FINAL_RESULT: {'acc': {'train': 0.12169312169312169, 'valid': 0.12411971830985916, 'test': 0.10856294340867843}, 'wall_s': 139.24, 'cpu_s': 106.57, 'gpu_s': 32.11, 'wait_s': 129.41}
    [Time] wall=139.2s | cpu=106.6s | gpu=32.1s
    C:\Users\fbrev\anaconda3\envs\noisygl\Lib\site-packages\torch\_utils.py:315: UserWarning: Sparse CSR tensor support is in beta state. If you miss a functionality in the sparse tensor support, please submit a feature request to https://github.com/pytorch/pytorch/issues. (Triggered internally at ..\aten\src\ATen\SparseCsrTensorImpl.cpp:55.)
    result = torch.sparse_compressed_tensor(
    C:\Users\fbrev\anaconda3\envs\noisygl\Lib\site-packages\torch\nn\modules\module.py:1159: UserWarning: expandable_segments not supported on this platform (Triggered internally at ..\c10/cuda/CUDAAllocatorConfig.h:28.)
    return t.to(
[I 2026-05-03 11:20:21,523] Trial 47 finished with value: 0.10856294340867843 and parameters: {'lr': 0.05, 'weight_decay': 0.0, 'n_hidden': 32, 'n_layer': 2, 'dropout': 0.6321491151727678}. Best is trial 40 with value: 0.5294505857119287.
    [CPU] Loading flickr...
    DEBUG 3.1: Dataset init start
    DEBUG 3.2: prepare_data start flickr
    ----Data statistics------'
    Name: flickr
    #Nodes 7575
    #Edges 239738
    #Classes 9
    #Ave_degree 63.30
    ----Split statistics------'
    #Train samples 378 (5.0 % of nodes)
    #Val samples 1136 (15.0 % of nodes)
    #Test samples 6061 (remaining)
    ----label noise information:------
    Instance dependent noise
    #Actual noise rate 0.13
    [cuda:0] Waiting for GPU slot...
    [cuda:0] Slot acquired (waited 511.4s). Training...
    [PIGNN] Large dataset (7575 nodes). Using edge sampling for context loss.
    FINAL_RESULT: {'acc': {'train': 0.3439153439153439, 'valid': 0.2984154929577465, 'test': 0.3096848704834186}, 'wall_s': 138.54, 'cpu_s': 105.06, 'gpu_s': 32.93, 'wait_s': 511.43}
    [Time] wall=138.5s | cpu=105.1s | gpu=32.9s
    C:\Users\fbrev\anaconda3\envs\noisygl\Lib\site-packages\torch\_utils.py:315: UserWarning: Sparse CSR tensor support is in beta state. If you miss a functionality in the sparse tensor support, please submit a feature request to https://github.com/pytorch/pytorch/issues. (Triggered internally at ..\aten\src\ATen\SparseCsrTensorImpl.cpp:55.)
    result = torch.sparse_compressed_tensor(
    C:\Users\fbrev\anaconda3\envs\noisygl\Lib\site-packages\torch\nn\modules\module.py:1159: UserWarning: expandable_segments not supported on this platform (Triggered internally at ..\c10/cuda/CUDAAllocatorConfig.h:28.)
    return t.to(
[I 2026-05-03 11:31:15,949] Trial 48 finished with value: 0.3096848704834186 and parameters: {'lr': 0.005, 'weight_decay': 0.0001, 'n_hidden': 128, 'n_layer': 3, 'dropout': 0.2594982016652896}. Best is trial 40 with value: 0.5294505857119287.
    [CPU] Loading flickr...
    DEBUG 3.1: Dataset init start
    DEBUG 3.2: prepare_data start flickr
    ----Data statistics------'
    Name: flickr
    #Nodes 7575
    #Edges 239738
    #Classes 9
    #Ave_degree 63.30
    ----Split statistics------'
    #Train samples 378 (5.0 % of nodes)
    #Val samples 1136 (15.0 % of nodes)
    #Test samples 6061 (remaining)
    ----label noise information:------
    Instance dependent noise
    #Actual noise rate 0.13
    [cuda:0] Waiting for GPU slot...
    [cuda:0] Slot acquired (waited 380.0s). Training...
    [PIGNN] Large dataset (7575 nodes). Using edge sampling for context loss.
    FINAL_RESULT: {'acc': {'train': 0.6640211640211641, 'valid': 0.45774647887323944, 'test': 0.4979376340537865}, 'wall_s': 137.56, 'cpu_s': 105.0, 'gpu_s': 31.95, 'wait_s': 380.03}
    [Time] wall=137.6s | cpu=105.0s | gpu=32.0s
    C:\Users\fbrev\anaconda3\envs\noisygl\Lib\site-packages\torch\_utils.py:315: UserWarning: Sparse CSR tensor support is in beta state. If you miss a functionality in the sparse tensor support, please submit a feature request to https://github.com/pytorch/pytorch/issues. (Triggered internally at ..\aten\src\ATen\SparseCsrTensorImpl.cpp:55.)
    result = torch.sparse_compressed_tensor(
    C:\Users\fbrev\anaconda3\envs\noisygl\Lib\site-packages\torch\nn\modules\module.py:1159: UserWarning: expandable_segments not supported on this platform (Triggered internally at ..\c10/cuda/CUDAAllocatorConfig.h:28.)
    return t.to(
[I 2026-05-03 11:39:57,901] Trial 49 finished with value: 0.4979376340537865 and parameters: {'lr': 0.001, 'weight_decay': 0.0001, 'n_hidden': 64, 'n_layer': 2, 'dropout': 0.5512963275755999}. Best is trial 40 with value: 0.5294505857119287.

[Retest] Phase 1 Finished. Validating Top 3 (10 runs each)...

  [Retest] Candidate 1/3 (Trial 40, HPO_acc=0.5295)
    [CPU] Loading flickr...
    DEBUG 3.1: Dataset init start
    DEBUG 3.2: prepare_data start flickr
    ----Data statistics------'
    Name: flickr
    #Nodes 7575
    #Edges 239738
    #Classes 9
    #Ave_degree 63.30
    ----Split statistics------'
    #Train samples 378 (5.0 % of nodes)
    #Val samples 1136 (15.0 % of nodes)
    #Test samples 6061 (remaining)
    ----label noise information:------
    Instance dependent noise
    #Actual noise rate 0.13
    [cuda:0] Waiting for GPU slot...
    [cuda:0] Slot acquired (waited 236.0s). Training...
    [PIGNN] Large dataset (7575 nodes). Using edge sampling for context loss.
    FINAL_RESULT: {'acc': {'train': 0.7936507936507936, 'valid': 0.4762323943661972, 'test': 0.5510641808282462}, 'wall_s': 135.69, 'cpu_s': 102.97, 'gpu_s': 32.13, 'wait_s': 236.04}
    [Time] wall=135.7s | cpu=103.0s | gpu=32.1s
    C:\Users\fbrev\anaconda3\envs\noisygl\Lib\site-packages\torch\_utils.py:315: UserWarning: Sparse CSR tensor support is in beta state. If you miss a functionality in the sparse tensor support, please submit a feature request to https://github.com/pytorch/pytorch/issues. (Triggered internally at ..\aten\src\ATen\SparseCsrTensorImpl.cpp:55.)
    result = torch.sparse_compressed_tensor(
    C:\Users\fbrev\anaconda3\envs\noisygl\Lib\site-packages\torch\nn\modules\module.py:1159: UserWarning: expandable_segments not supported on this platform (Triggered internally at ..\c10/cuda/CUDAAllocatorConfig.h:28.)
    return t.to(
    [CPU] Loading flickr...
    DEBUG 3.1: Dataset init start
    DEBUG 3.2: prepare_data start flickr
    ----Data statistics------'
    Name: flickr
    #Nodes 7575
    #Edges 239738
    #Classes 9
    #Ave_degree 63.30
    ----Split statistics------'
    #Train samples 378 (5.0 % of nodes)
    #Val samples 1136 (15.0 % of nodes)
    #Test samples 6061 (remaining)
    ----label noise information:------
    Instance dependent noise
    #Actual noise rate 0.13
    [cuda:0] Waiting for GPU slot...
    [cuda:0] Slot acquired (waited 482.5s). Training...
    [PIGNN] Large dataset (7575 nodes). Using edge sampling for context loss.
    FINAL_RESULT: {'acc': {'train': 0.8359788359788359, 'valid': 0.5132042253521126, 'test': 0.54858934169279}, 'wall_s': 138.54, 'cpu_s': 109.17, 'gpu_s': 28.71, 'wait_s': 482.49}
    [Time] wall=138.5s | cpu=109.2s | gpu=28.7s
    C:\Users\fbrev\anaconda3\envs\noisygl\Lib\site-packages\torch\_utils.py:315: UserWarning: Sparse CSR tensor support is in beta state. If you miss a functionality in the sparse tensor support, please submit a feature request to https://github.com/pytorch/pytorch/issues. (Triggered internally at ..\aten\src\ATen\SparseCsrTensorImpl.cpp:55.)
    result = torch.sparse_compressed_tensor(
    C:\Users\fbrev\anaconda3\envs\noisygl\Lib\site-packages\torch\nn\modules\module.py:1159: UserWarning: expandable_segments not supported on this platform (Triggered internally at ..\c10/cuda/CUDAAllocatorConfig.h:28.)
    return t.to(
    [CPU] Loading flickr...
    DEBUG 3.1: Dataset init start
    DEBUG 3.2: prepare_data start flickr
    ----Data statistics------'
    Name: flickr
    #Nodes 7575
    #Edges 239738
    #Classes 9
    #Ave_degree 63.30
    ----Split statistics------'
    #Train samples 378 (5.0 % of nodes)
    #Val samples 1136 (15.0 % of nodes)
    #Test samples 6061 (remaining)
    ----label noise information:------
    Instance dependent noise
    #Actual noise rate 0.14
    [cuda:0] Waiting for GPU slot...
    [cuda:0] Slot acquired (waited 134.3s). Training...
    [PIGNN] Large dataset (7575 nodes). Using edge sampling for context loss.
    FINAL_RESULT: {'acc': {'train': 0.8148148148148148, 'valid': 0.4524647887323944, 'test': 0.5456195347302425}, 'wall_s': 137.4, 'cpu_s': 105.8, 'gpu_s': 30.95, 'wait_s': 134.31}
    [Time] wall=137.4s | cpu=105.8s | gpu=30.9s
    C:\Users\fbrev\anaconda3\envs\noisygl\Lib\site-packages\torch\_utils.py:315: UserWarning: Sparse CSR tensor support is in beta state. If you miss a functionality in the sparse tensor support, please submit a feature request to https://github.com/pytorch/pytorch/issues. (Triggered internally at ..\aten\src\ATen\SparseCsrTensorImpl.cpp:55.)
    result = torch.sparse_compressed_tensor(
    C:\Users\fbrev\anaconda3\envs\noisygl\Lib\site-packages\torch\nn\modules\module.py:1159: UserWarning: expandable_segments not supported on this platform (Triggered internally at ..\c10/cuda/CUDAAllocatorConfig.h:28.)
    return t.to(
    [CPU] Loading flickr...
    DEBUG 3.1: Dataset init start
    DEBUG 3.2: prepare_data start flickr
    ----Data statistics------'
    Name: flickr
    #Nodes 7575
    #Edges 239738
    #Classes 9
    #Ave_degree 63.30
    ----Split statistics------'
    #Train samples 378 (5.0 % of nodes)
    #Val samples 1136 (15.0 % of nodes)
    #Test samples 6061 (remaining)
    ----label noise information:------
    Instance dependent noise
    #Actual noise rate 0.13
    [cuda:0] Waiting for GPU slot...
    [cuda:0] Slot acquired (waited 133.1s). Training...
    [PIGNN] Large dataset (7575 nodes). Using edge sampling for context loss.
    FINAL_RESULT: {'acc': {'train': 0.7698412698412699, 'valid': 0.4964788732394366, 'test': 0.5494142880712753}, 'wall_s': 139.03, 'cpu_s': 107.82, 'gpu_s': 30.62, 'wait_s': 133.14}
    [Time] wall=139.0s | cpu=107.8s | gpu=30.6s
    C:\Users\fbrev\anaconda3\envs\noisygl\Lib\site-packages\torch\_utils.py:315: UserWarning: Sparse CSR tensor support is in beta state. If you miss a functionality in the sparse tensor support, please submit a feature request to https://github.com/pytorch/pytorch/issues. (Triggered internally at ..\aten\src\ATen\SparseCsrTensorImpl.cpp:55.)
    result = torch.sparse_compressed_tensor(
    C:\Users\fbrev\anaconda3\envs\noisygl\Lib\site-packages\torch\nn\modules\module.py:1159: UserWarning: expandable_segments not supported on this platform (Triggered internally at ..\c10/cuda/CUDAAllocatorConfig.h:28.)
    return t.to(
    [CPU] Loading flickr...
    DEBUG 3.1: Dataset init start
    DEBUG 3.2: prepare_data start flickr
    ----Data statistics------'
    Name: flickr
    #Nodes 7575
    #Edges 239738
    #Classes 9
    #Ave_degree 63.30
    ----Split statistics------'
    #Train samples 378 (5.0 % of nodes)
    #Val samples 1136 (15.0 % of nodes)
    #Test samples 6061 (remaining)
    ----label noise information:------
    Instance dependent noise
    #Actual noise rate 0.13
    [cuda:0] Waiting for GPU slot...
    [cuda:0] Slot acquired (waited 243.4s). Training...
    [PIGNN] Large dataset (7575 nodes). Using edge sampling for context loss.
    FINAL_RESULT: {'acc': {'train': 0.8095238095238095, 'valid': 0.4894366197183099, 'test': 0.5264807787493813}, 'wall_s': 141.94, 'cpu_s': 112.24, 'gpu_s': 29.02, 'wait_s': 243.36}
    [Time] wall=141.9s | cpu=112.2s | gpu=29.0s
    C:\Users\fbrev\anaconda3\envs\noisygl\Lib\site-packages\torch\_utils.py:315: UserWarning: Sparse CSR tensor support is in beta state. If you miss a functionality in the sparse tensor support, please submit a feature request to https://github.com/pytorch/pytorch/issues. (Triggered internally at ..\aten\src\ATen\SparseCsrTensorImpl.cpp:55.)
    result = torch.sparse_compressed_tensor(
    C:\Users\fbrev\anaconda3\envs\noisygl\Lib\site-packages\torch\nn\modules\module.py:1159: UserWarning: expandable_segments not supported on this platform (Triggered internally at ..\c10/cuda/CUDAAllocatorConfig.h:28.)
    return t.to(
    [CPU] Loading flickr...
    DEBUG 3.1: Dataset init start
    DEBUG 3.2: prepare_data start flickr
    ----Data statistics------'
    Name: flickr
    #Nodes 7575
    #Edges 239738
    #Classes 9
    #Ave_degree 63.30
    ----Split statistics------'
    #Train samples 378 (5.0 % of nodes)
    #Val samples 1136 (15.0 % of nodes)
    #Test samples 6061 (remaining)
    ----label noise information:------
    Instance dependent noise
    #Actual noise rate 0.13
    [cuda:0] Waiting for GPU slot...
    [cuda:0] Slot acquired (waited 138.7s). Training...
    [PIGNN] Large dataset (7575 nodes). Using edge sampling for context loss.
    FINAL_RESULT: {'acc': {'train': 0.8333333333333334, 'valid': 0.4850352112676056, 'test': 0.5337403068800528}, 'wall_s': 144.13, 'cpu_s': 108.77, 'gpu_s': 34.76, 'wait_s': 138.72}
    [Time] wall=144.1s | cpu=108.8s | gpu=34.8s
    C:\Users\fbrev\anaconda3\envs\noisygl\Lib\site-packages\torch\_utils.py:315: UserWarning: Sparse CSR tensor support is in beta state. If you miss a functionality in the sparse tensor support, please submit a feature request to https://github.com/pytorch/pytorch/issues. (Triggered internally at ..\aten\src\ATen\SparseCsrTensorImpl.cpp:55.)
    result = torch.sparse_compressed_tensor(
    C:\Users\fbrev\anaconda3\envs\noisygl\Lib\site-packages\torch\nn\modules\module.py:1159: UserWarning: expandable_segments not supported on this platform (Triggered internally at ..\c10/cuda/CUDAAllocatorConfig.h:28.)
    return t.to(
    [CPU] Loading flickr...
    DEBUG 3.1: Dataset init start
    DEBUG 3.2: prepare_data start flickr
    ----Data statistics------'
    Name: flickr
    #Nodes 7575
    #Edges 239738
    #Classes 9
    #Ave_degree 63.30
    ----Split statistics------'
    #Train samples 378 (5.0 % of nodes)
    #Val samples 1136 (15.0 % of nodes)
    #Test samples 6061 (remaining)
    ----label noise information:------
    Instance dependent noise
    #Actual noise rate 0.12
    [cuda:0] Waiting for GPU slot...
    [cuda:0] Slot acquired (waited 404.0s). Training...
    [PIGNN] Large dataset (7575 nodes). Using edge sampling for context loss.
    FINAL_RESULT: {'acc': {'train': 0.8148148148148148, 'valid': 0.5140845070422535, 'test': 0.5424847384919981}, 'wall_s': 136.62, 'cpu_s': 102.66, 'gpu_s': 33.32, 'wait_s': 403.95}
    [Time] wall=136.6s | cpu=102.7s | gpu=33.3s
    C:\Users\fbrev\anaconda3\envs\noisygl\Lib\site-packages\torch\_utils.py:315: UserWarning: Sparse CSR tensor support is in beta state. If you miss a functionality in the sparse tensor support, please submit a feature request to https://github.com/pytorch/pytorch/issues. (Triggered internally at ..\aten\src\ATen\SparseCsrTensorImpl.cpp:55.)
    result = torch.sparse_compressed_tensor(
    C:\Users\fbrev\anaconda3\envs\noisygl\Lib\site-packages\torch\nn\modules\module.py:1159: UserWarning: expandable_segments not supported on this platform (Triggered internally at ..\c10/cuda/CUDAAllocatorConfig.h:28.)
    return t.to(
    [CPU] Loading flickr...
    DEBUG 3.1: Dataset init start
    DEBUG 3.2: prepare_data start flickr
    ----Data statistics------'
    Name: flickr
    #Nodes 7575
    #Edges 239738
    #Classes 9
    #Ave_degree 63.30
    ----Split statistics------'
    #Train samples 378 (5.0 % of nodes)
    #Val samples 1136 (15.0 % of nodes)
    #Test samples 6061 (remaining)
    ----label noise information:------
    Instance dependent noise
    #Actual noise rate 0.13
    [cuda:0] Waiting for GPU slot...
    [cuda:0] Slot acquired (waited 382.8s). Training...
    [PIGNN] Large dataset (7575 nodes). Using edge sampling for context loss.
    FINAL_RESULT: {'acc': {'train': 0.7857142857142857, 'valid': 0.4850352112676056, 'test': 0.5254908430951988}, 'wall_s': 138.68, 'cpu_s': 106.17, 'gpu_s': 31.9, 'wait_s': 382.83}
    [Time] wall=138.7s | cpu=106.2s | gpu=31.9s
    C:\Users\fbrev\anaconda3\envs\noisygl\Lib\site-packages\torch\_utils.py:315: UserWarning: Sparse CSR tensor support is in beta state. If you miss a functionality in the sparse tensor support, please submit a feature request to https://github.com/pytorch/pytorch/issues. (Triggered internally at ..\aten\src\ATen\SparseCsrTensorImpl.cpp:55.)
    result = torch.sparse_compressed_tensor(
    C:\Users\fbrev\anaconda3\envs\noisygl\Lib\site-packages\torch\nn\modules\module.py:1159: UserWarning: expandable_segments not supported on this platform (Triggered internally at ..\c10/cuda/CUDAAllocatorConfig.h:28.)
    return t.to(
    [CPU] Loading flickr...
    DEBUG 3.1: Dataset init start
    DEBUG 3.2: prepare_data start flickr
    ----Data statistics------'
    Name: flickr
    #Nodes 7575
    #Edges 239738
    #Classes 9
    #Ave_degree 63.30
    ----Split statistics------'
    #Train samples 378 (5.0 % of nodes)
    #Val samples 1136 (15.0 % of nodes)
    #Test samples 6061 (remaining)
    ----label noise information:------
    Instance dependent noise
    #Actual noise rate 0.13
    [cuda:0] Waiting for GPU slot...
    [cuda:0] Slot acquired (waited 132.2s). Training...
    [PIGNN] Large dataset (7575 nodes). Using edge sampling for context loss.
    FINAL_RESULT: {'acc': {'train': 0.8386243386243386, 'valid': 0.46566901408450706, 'test': 0.5325853819501732}, 'wall_s': 139.12, 'cpu_s': 103.65, 'gpu_s': 34.91, 'wait_s': 132.17}
    [Time] wall=139.1s | cpu=103.7s | gpu=34.9s
    C:\Users\fbrev\anaconda3\envs\noisygl\Lib\site-packages\torch\_utils.py:315: UserWarning: Sparse CSR tensor support is in beta state. If you miss a functionality in the sparse tensor support, please submit a feature request to https://github.com/pytorch/pytorch/issues. (Triggered internally at ..\aten\src\ATen\SparseCsrTensorImpl.cpp:55.)
    result = torch.sparse_compressed_tensor(
    C:\Users\fbrev\anaconda3\envs\noisygl\Lib\site-packages\torch\nn\modules\module.py:1159: UserWarning: expandable_segments not supported on this platform (Triggered internally at ..\c10/cuda/CUDAAllocatorConfig.h:28.)
    return t.to(
    [CPU] Loading flickr...
    DEBUG 3.1: Dataset init start
    DEBUG 3.2: prepare_data start flickr
    ----Data statistics------'
    Name: flickr
    #Nodes 7575
    #Edges 239738
    #Classes 9
    #Ave_degree 63.30
    ----Split statistics------'
    #Train samples 378 (5.0 % of nodes)
    #Val samples 1136 (15.0 % of nodes)
    #Test samples 6061 (remaining)
    ----label noise information:------
    Instance dependent noise
    #Actual noise rate 0.13
    [cuda:0] Waiting for GPU slot...
    [cuda:0] Slot acquired (waited 270.7s). Training...
    [PIGNN] Large dataset (7575 nodes). Using edge sampling for context loss.
    FINAL_RESULT: {'acc': {'train': 0.8518518518518519, 'valid': 0.5008802816901409, 'test': 0.5398449100808448}, 'wall_s': 144.96, 'cpu_s': 107.29, 'gpu_s': 37.09, 'wait_s': 270.69}
    [Time] wall=145.0s | cpu=107.3s | gpu=37.1s
    C:\Users\fbrev\anaconda3\envs\noisygl\Lib\site-packages\torch\_utils.py:315: UserWarning: Sparse CSR tensor support is in beta state. If you miss a functionality in the sparse tensor support, please submit a feature request to https://github.com/pytorch/pytorch/issues. (Triggered internally at ..\aten\src\ATen\SparseCsrTensorImpl.cpp:55.)
    result = torch.sparse_compressed_tensor(
    C:\Users\fbrev\anaconda3\envs\noisygl\Lib\site-packages\torch\nn\modules\module.py:1159: UserWarning: expandable_segments not supported on this platform (Triggered internally at ..\c10/cuda/CUDAAllocatorConfig.h:28.)
    return t.to(
  [Retest] Candidate 1 Avg: 0.5395

  [Retest] Candidate 2/3 (Trial 33, HPO_acc=0.5291)
    [CPU] Loading flickr...
    DEBUG 3.1: Dataset init start
    DEBUG 3.2: prepare_data start flickr
    ----Data statistics------'
    Name: flickr
    #Nodes 7575
    #Edges 239738
    #Classes 9
    #Ave_degree 63.30
    ----Split statistics------'
    #Train samples 378 (5.0 % of nodes)
    #Val samples 1136 (15.0 % of nodes)
    #Test samples 6061 (remaining)
    ----label noise information:------
    Instance dependent noise
    #Actual noise rate 0.13
    [cuda:0] Waiting for GPU slot...
    [cuda:0] Slot acquired (waited 141.4s). Training...
    [PIGNN] Large dataset (7575 nodes). Using edge sampling for context loss.
    FINAL_RESULT: {'acc': {'train': 0.7566137566137566, 'valid': 0.46919014084507044, 'test': 0.5492492987955783}, 'wall_s': 143.82, 'cpu_s': 107.02, 'gpu_s': 36.21, 'wait_s': 141.41}
    [Time] wall=143.8s | cpu=107.0s | gpu=36.2s
    C:\Users\fbrev\anaconda3\envs\noisygl\Lib\site-packages\torch\_utils.py:315: UserWarning: Sparse CSR tensor support is in beta state. If you miss a functionality in the sparse tensor support, please submit a feature request to https://github.com/pytorch/pytorch/issues. (Triggered internally at ..\aten\src\ATen\SparseCsrTensorImpl.cpp:55.)
    result = torch.sparse_compressed_tensor(
    C:\Users\fbrev\anaconda3\envs\noisygl\Lib\site-packages\torch\nn\modules\module.py:1159: UserWarning: expandable_segments not supported on this platform (Triggered internally at ..\c10/cuda/CUDAAllocatorConfig.h:28.)
    return t.to(
    [CPU] Loading flickr...
    DEBUG 3.1: Dataset init start
    DEBUG 3.2: prepare_data start flickr
    ----Data statistics------'
    Name: flickr
    #Nodes 7575
    #Edges 239738
    #Classes 9
    #Ave_degree 63.30
    ----Split statistics------'
    #Train samples 378 (5.0 % of nodes)
    #Val samples 1136 (15.0 % of nodes)
    #Test samples 6061 (remaining)
    ----label noise information:------
    Instance dependent noise
    #Actual noise rate 0.13
    [cuda:0] Waiting for GPU slot...
    [cuda:0] Slot acquired (waited 106.7s). Training...
    [PIGNN] Large dataset (7575 nodes). Using edge sampling for context loss.
    FINAL_RESULT: {'acc': {'train': 0.8677248677248677, 'valid': 0.5149647887323944, 'test': 0.5441346312489688}, 'wall_s': 142.06, 'cpu_s': 107.24, 'gpu_s': 34.2, 'wait_s': 106.67}
    [Time] wall=142.1s | cpu=107.2s | gpu=34.2s
    C:\Users\fbrev\anaconda3\envs\noisygl\Lib\site-packages\torch\_utils.py:315: UserWarning: Sparse CSR tensor support is in beta state. If you miss a functionality in the sparse tensor support, please submit a feature request to https://github.com/pytorch/pytorch/issues. (Triggered internally at ..\aten\src\ATen\SparseCsrTensorImpl.cpp:55.)
    result = torch.sparse_compressed_tensor(
    C:\Users\fbrev\anaconda3\envs\noisygl\Lib\site-packages\torch\nn\modules\module.py:1159: UserWarning: expandable_segments not supported on this platform (Triggered internally at ..\c10/cuda/CUDAAllocatorConfig.h:28.)
    return t.to(
    [CPU] Loading flickr...
    DEBUG 3.1: Dataset init start
    DEBUG 3.2: prepare_data start flickr
    ----Data statistics------'
    Name: flickr
    #Nodes 7575
    #Edges 239738
    #Classes 9
    #Ave_degree 63.30
    ----Split statistics------'
    #Train samples 378 (5.0 % of nodes)
    #Val samples 1136 (15.0 % of nodes)
    #Test samples 6061 (remaining)
    ----label noise information:------
    Instance dependent noise
    #Actual noise rate 0.14
    [cuda:0] Waiting for GPU slot...
    [cuda:0] Slot acquired (waited 446.9s). Training...
    [PIGNN] Large dataset (7575 nodes). Using edge sampling for context loss.
    FINAL_RESULT: {'acc': {'train': 0.783068783068783, 'valid': 0.45422535211267606, 'test': 0.5421547599406039}, 'wall_s': 137.77, 'cpu_s': 103.03, 'gpu_s': 34.13, 'wait_s': 446.9}
    [Time] wall=137.8s | cpu=103.0s | gpu=34.1s
    C:\Users\fbrev\anaconda3\envs\noisygl\Lib\site-packages\torch\_utils.py:315: UserWarning: Sparse CSR tensor support is in beta state. If you miss a functionality in the sparse tensor support, please submit a feature request to https://github.com/pytorch/pytorch/issues. (Triggered internally at ..\aten\src\ATen\SparseCsrTensorImpl.cpp:55.)
    result = torch.sparse_compressed_tensor(
    C:\Users\fbrev\anaconda3\envs\noisygl\Lib\site-packages\torch\nn\modules\module.py:1159: UserWarning: expandable_segments not supported on this platform (Triggered internally at ..\c10/cuda/CUDAAllocatorConfig.h:28.)
    return t.to(
    [CPU] Loading flickr...
    DEBUG 3.1: Dataset init start
    DEBUG 3.2: prepare_data start flickr
    ----Data statistics------'
    Name: flickr
    #Nodes 7575
    #Edges 239738
    #Classes 9
    #Ave_degree 63.30
    ----Split statistics------'
    #Train samples 378 (5.0 % of nodes)
    #Val samples 1136 (15.0 % of nodes)
    #Test samples 6061 (remaining)
    ----label noise information:------
    Instance dependent noise
    #Actual noise rate 0.13
    [cuda:0] Waiting for GPU slot...
    [cuda:0] Slot acquired (waited 367.4s). Training...
    [PIGNN] Large dataset (7575 nodes). Using edge sampling for context loss.
    FINAL_RESULT: {'acc': {'train': 0.7936507936507936, 'valid': 0.49119718309859156, 'test': 0.5421547599406039}, 'wall_s': 139.13, 'cpu_s': 107.69, 'gpu_s': 30.87, 'wait_s': 367.43}
    [Time] wall=139.1s | cpu=107.7s | gpu=30.9s
    C:\Users\fbrev\anaconda3\envs\noisygl\Lib\site-packages\torch\_utils.py:315: UserWarning: Sparse CSR tensor support is in beta state. If you miss a functionality in the sparse tensor support, please submit a feature request to https://github.com/pytorch/pytorch/issues. (Triggered internally at ..\aten\src\ATen\SparseCsrTensorImpl.cpp:55.)
    result = torch.sparse_compressed_tensor(
    C:\Users\fbrev\anaconda3\envs\noisygl\Lib\site-packages\torch\nn\modules\module.py:1159: UserWarning: expandable_segments not supported on this platform (Triggered internally at ..\c10/cuda/CUDAAllocatorConfig.h:28.)
    return t.to(
    [CPU] Loading flickr...
    DEBUG 3.1: Dataset init start
    DEBUG 3.2: prepare_data start flickr
    ----Data statistics------'
    Name: flickr
    #Nodes 7575
    #Edges 239738
    #Classes 9
    #Ave_degree 63.30
    ----Split statistics------'
    #Train samples 378 (5.0 % of nodes)
    #Val samples 1136 (15.0 % of nodes)
    #Test samples 6061 (remaining)
    ----label noise information:------
    Instance dependent noise
    #Actual noise rate 0.13
    [cuda:0] Waiting for GPU slot...
    [cuda:0] Slot acquired (waited 649.1s). Training...
    [PIGNN] Large dataset (7575 nodes). Using edge sampling for context loss.
    FINAL_RESULT: {'acc': {'train': 0.8412698412698413, 'valid': 0.48327464788732394, 'test': 0.5249958752681075}, 'wall_s': 133.97, 'cpu_s': 101.15, 'gpu_s': 32.24, 'wait_s': 649.1}
    [Time] wall=134.0s | cpu=101.1s | gpu=32.2s
    C:\Users\fbrev\anaconda3\envs\noisygl\Lib\site-packages\torch\_utils.py:315: UserWarning: Sparse CSR tensor support is in beta state. If you miss a functionality in the sparse tensor support, please submit a feature request to https://github.com/pytorch/pytorch/issues. (Triggered internally at ..\aten\src\ATen\SparseCsrTensorImpl.cpp:55.)
    result = torch.sparse_compressed_tensor(
    C:\Users\fbrev\anaconda3\envs\noisygl\Lib\site-packages\torch\nn\modules\module.py:1159: UserWarning: expandable_segments not supported on this platform (Triggered internally at ..\c10/cuda/CUDAAllocatorConfig.h:28.)
    return t.to(
    [CPU] Loading flickr...
    DEBUG 3.1: Dataset init start
    DEBUG 3.2: prepare_data start flickr
    ----Data statistics------'
    Name: flickr
    #Nodes 7575
    #Edges 239738
    #Classes 9
    #Ave_degree 63.30
    ----Split statistics------'
    #Train samples 378 (5.0 % of nodes)
    #Val samples 1136 (15.0 % of nodes)
    #Test samples 6061 (remaining)
    ----label noise information:------
    Instance dependent noise
    #Actual noise rate 0.13
    [cuda:0] Waiting for GPU slot...
    [cuda:0] Slot acquired (waited 139.1s). Training...
    [PIGNN] Large dataset (7575 nodes). Using edge sampling for context loss.
    FINAL_RESULT: {'acc': {'train': 0.8174603174603174, 'valid': 0.4823943661971831, 'test': 0.5350602210856295}, 'wall_s': 140.14, 'cpu_s': 99.9, 'gpu_s': 39.67, 'wait_s': 139.1}
    [Time] wall=140.1s | cpu=99.9s | gpu=39.7s
    C:\Users\fbrev\anaconda3\envs\noisygl\Lib\site-packages\torch\_utils.py:315: UserWarning: Sparse CSR tensor support is in beta state. If you miss a functionality in the sparse tensor support, please submit a feature request to https://github.com/pytorch/pytorch/issues. (Triggered internally at ..\aten\src\ATen\SparseCsrTensorImpl.cpp:55.)
    result = torch.sparse_compressed_tensor(
    C:\Users\fbrev\anaconda3\envs\noisygl\Lib\site-packages\torch\nn\modules\module.py:1159: UserWarning: expandable_segments not supported on this platform (Triggered internally at ..\c10/cuda/CUDAAllocatorConfig.h:28.)
    return t.to(
    [CPU] Loading flickr...
    DEBUG 3.1: Dataset init start
    DEBUG 3.2: prepare_data start flickr
    ----Data statistics------'
    Name: flickr
    #Nodes 7575
    #Edges 239738
    #Classes 9
    #Ave_degree 63.30
    ----Split statistics------'
    #Train samples 378 (5.0 % of nodes)
    #Val samples 1136 (15.0 % of nodes)
    #Test samples 6061 (remaining)
    ----label noise information:------
    Instance dependent noise
    #Actual noise rate 0.12
    [cuda:0] Waiting for GPU slot...
    [cuda:0] Slot acquired (waited 136.4s). Training...
    [PIGNN] Large dataset (7575 nodes). Using edge sampling for context loss.
    FINAL_RESULT: {'acc': {'train': 0.8333333333333334, 'valid': 0.511443661971831, 'test': 0.5461145025573337}, 'wall_s': 147.48, 'cpu_s': 108.43, 'gpu_s': 38.46, 'wait_s': 136.45}
    [Time] wall=147.5s | cpu=108.4s | gpu=38.5s
    C:\Users\fbrev\anaconda3\envs\noisygl\Lib\site-packages\torch\_utils.py:315: UserWarning: Sparse CSR tensor support is in beta state. If you miss a functionality in the sparse tensor support, please submit a feature request to https://github.com/pytorch/pytorch/issues. (Triggered internally at ..\aten\src\ATen\SparseCsrTensorImpl.cpp:55.)
    result = torch.sparse_compressed_tensor(
    C:\Users\fbrev\anaconda3\envs\noisygl\Lib\site-packages\torch\nn\modules\module.py:1159: UserWarning: expandable_segments not supported on this platform (Triggered internally at ..\c10/cuda/CUDAAllocatorConfig.h:28.)
    return t.to(
    [CPU] Loading flickr...
    DEBUG 3.1: Dataset init start
    DEBUG 3.2: prepare_data start flickr
    ----Data statistics------'
    Name: flickr
    #Nodes 7575
    #Edges 239738
    #Classes 9
    #Ave_degree 63.30
    ----Split statistics------'
    #Train samples 378 (5.0 % of nodes)
    #Val samples 1136 (15.0 % of nodes)
    #Test samples 6061 (remaining)
    ----label noise information:------
    Instance dependent noise
    #Actual noise rate 0.13
    [cuda:0] Waiting for GPU slot...
    [cuda:0] Slot acquired (waited 148.8s). Training...
    [PIGNN] Large dataset (7575 nodes). Using edge sampling for context loss.
    FINAL_RESULT: {'acc': {'train': 0.8174603174603174, 'valid': 0.4920774647887324, 'test': 0.5271407358521696}, 'wall_s': 146.38, 'cpu_s': 107.55, 'gpu_s': 38.27, 'wait_s': 148.78}
    [Time] wall=146.4s | cpu=107.6s | gpu=38.3s
    C:\Users\fbrev\anaconda3\envs\noisygl\Lib\site-packages\torch\_utils.py:315: UserWarning: Sparse CSR tensor support is in beta state. If you miss a functionality in the sparse tensor support, please submit a feature request to https://github.com/pytorch/pytorch/issues. (Triggered internally at ..\aten\src\ATen\SparseCsrTensorImpl.cpp:55.)
    result = torch.sparse_compressed_tensor(
    C:\Users\fbrev\anaconda3\envs\noisygl\Lib\site-packages\torch\nn\modules\module.py:1159: UserWarning: expandable_segments not supported on this platform (Triggered internally at ..\c10/cuda/CUDAAllocatorConfig.h:28.)
    return t.to(
    [CPU] Loading flickr...
    DEBUG 3.1: Dataset init start
    DEBUG 3.2: prepare_data start flickr
    ----Data statistics------'
    Name: flickr
    #Nodes 7575
    #Edges 239738
    #Classes 9
    #Ave_degree 63.30
    ----Split statistics------'
    #Train samples 378 (5.0 % of nodes)
    #Val samples 1136 (15.0 % of nodes)
    #Test samples 6061 (remaining)
    ----label noise information:------
    Instance dependent noise
    #Actual noise rate 0.13
    [cuda:0] Waiting for GPU slot...
    [cuda:0] Slot acquired (waited 206.4s). Training...
    [PIGNN] Large dataset (7575 nodes). Using edge sampling for context loss.
    FINAL_RESULT: {'acc': {'train': 0.8148148148148148, 'valid': 0.46830985915492956, 'test': 0.5314304570202937}, 'wall_s': 144.82, 'cpu_s': 103.14, 'gpu_s': 41.11, 'wait_s': 206.4}
    [Time] wall=144.8s | cpu=103.1s | gpu=41.1s
    C:\Users\fbrev\anaconda3\envs\noisygl\Lib\site-packages\torch\_utils.py:315: UserWarning: Sparse CSR tensor support is in beta state. If you miss a functionality in the sparse tensor support, please submit a feature request to https://github.com/pytorch/pytorch/issues. (Triggered internally at ..\aten\src\ATen\SparseCsrTensorImpl.cpp:55.)
    result = torch.sparse_compressed_tensor(
    C:\Users\fbrev\anaconda3\envs\noisygl\Lib\site-packages\torch\nn\modules\module.py:1159: UserWarning: expandable_segments not supported on this platform (Triggered internally at ..\c10/cuda/CUDAAllocatorConfig.h:28.)
    return t.to(
    [CPU] Loading flickr...
    DEBUG 3.1: Dataset init start
    DEBUG 3.2: prepare_data start flickr
    ----Data statistics------'
    Name: flickr
    #Nodes 7575
    #Edges 239738
    #Classes 9
    #Ave_degree 63.30
    ----Split statistics------'
    #Train samples 378 (5.0 % of nodes)
    #Val samples 1136 (15.0 % of nodes)
    #Test samples 6061 (remaining)
    ----label noise information:------
    Instance dependent noise
    #Actual noise rate 0.13
    [cuda:0] Waiting for GPU slot...
    [cuda:0] Slot acquired (waited 2.0s). Training...
    [PIGNN] Large dataset (7575 nodes). Using edge sampling for context loss.
    FINAL_RESULT: {'acc': {'train': 0.8624338624338624, 'valid': 0.5035211267605634, 'test': 0.5406698564593302}, 'wall_s': 135.27, 'cpu_s': 100.24, 'gpu_s': 34.43, 'wait_s': 1.97}
    [Time] wall=135.3s | cpu=100.2s | gpu=34.4s
    C:\Users\fbrev\anaconda3\envs\noisygl\Lib\site-packages\torch\_utils.py:315: UserWarning: Sparse CSR tensor support is in beta state. If you miss a functionality in the sparse tensor support, please submit a feature request to https://github.com/pytorch/pytorch/issues. (Triggered internally at ..\aten\src\ATen\SparseCsrTensorImpl.cpp:55.)
    result = torch.sparse_compressed_tensor(
    C:\Users\fbrev\anaconda3\envs\noisygl\Lib\site-packages\torch\nn\modules\module.py:1159: UserWarning: expandable_segments not supported on this platform (Triggered internally at ..\c10/cuda/CUDAAllocatorConfig.h:28.)
    return t.to(
  [Retest] Candidate 2 Avg: 0.5383

  [Retest] Candidate 3/3 (Trial 37, HPO_acc=0.5291)
    [CPU] Loading flickr...
    DEBUG 3.1: Dataset init start
    DEBUG 3.2: prepare_data start flickr
    ----Data statistics------'
    Name: flickr
    #Nodes 7575
    #Edges 239738
    #Classes 9
    #Ave_degree 63.30
    ----Split statistics------'
    #Train samples 378 (5.0 % of nodes)
    #Val samples 1136 (15.0 % of nodes)
    #Test samples 6061 (remaining)
    ----label noise information:------
    Instance dependent noise
    #Actual noise rate 0.13
    [cuda:0] Waiting for GPU slot...
    [cuda:0] Slot acquired (waited 156.4s). Training...
    [PIGNN] Large dataset (7575 nodes). Using edge sampling for context loss.
    FINAL_RESULT: {'acc': {'train': 0.783068783068783, 'valid': 0.47183098591549294, 'test': 0.5495792773469724}, 'wall_s': 139.77, 'cpu_s': 104.52, 'gpu_s': 34.69, 'wait_s': 156.39}
    [Time] wall=139.8s | cpu=104.5s | gpu=34.7s
    C:\Users\fbrev\anaconda3\envs\noisygl\Lib\site-packages\torch\_utils.py:315: UserWarning: Sparse CSR tensor support is in beta state. If you miss a functionality in the sparse tensor support, please submit a feature request to https://github.com/pytorch/pytorch/issues. (Triggered internally at ..\aten\src\ATen\SparseCsrTensorImpl.cpp:55.)
    result = torch.sparse_compressed_tensor(
    C:\Users\fbrev\anaconda3\envs\noisygl\Lib\site-packages\torch\nn\modules\module.py:1159: UserWarning: expandable_segments not supported on this platform (Triggered internally at ..\c10/cuda/CUDAAllocatorConfig.h:28.)
    return t.to(
    [CPU] Loading flickr...
    DEBUG 3.1: Dataset init start
    DEBUG 3.2: prepare_data start flickr
    ----Data statistics------'
    Name: flickr
    #Nodes 7575
    #Edges 239738
    #Classes 9
    #Ave_degree 63.30
    ----Split statistics------'
    #Train samples 378 (5.0 % of nodes)
    #Val samples 1136 (15.0 % of nodes)
    #Test samples 6061 (remaining)
    ----label noise information:------
    Instance dependent noise
    #Actual noise rate 0.13
    [cuda:0] Waiting for GPU slot...
    [cuda:0] Slot acquired (waited 284.2s). Training...
    [PIGNN] Large dataset (7575 nodes). Using edge sampling for context loss.
    FINAL_RESULT: {'acc': {'train': 0.8809523809523809, 'valid': 0.5184859154929577, 'test': 0.5436396634218775}, 'wall_s': 140.27, 'cpu_s': 102.97, 'gpu_s': 36.71, 'wait_s': 284.24}
    [Time] wall=140.3s | cpu=103.0s | gpu=36.7s
    C:\Users\fbrev\anaconda3\envs\noisygl\Lib\site-packages\torch\_utils.py:315: UserWarning: Sparse CSR tensor support is in beta state. If you miss a functionality in the sparse tensor support, please submit a feature request to https://github.com/pytorch/pytorch/issues. (Triggered internally at ..\aten\src\ATen\SparseCsrTensorImpl.cpp:55.)
    result = torch.sparse_compressed_tensor(
    C:\Users\fbrev\anaconda3\envs\noisygl\Lib\site-packages\torch\nn\modules\module.py:1159: UserWarning: expandable_segments not supported on this platform (Triggered internally at ..\c10/cuda/CUDAAllocatorConfig.h:28.)
    return t.to(
    [CPU] Loading flickr...
    DEBUG 3.1: Dataset init start
    DEBUG 3.2: prepare_data start flickr
    ----Data statistics------'
    Name: flickr
    #Nodes 7575
    #Edges 239738
    #Classes 9
    #Ave_degree 63.30
    ----Split statistics------'
    #Train samples 378 (5.0 % of nodes)
    #Val samples 1136 (15.0 % of nodes)
    #Test samples 6061 (remaining)
    ----label noise information:------
    Instance dependent noise
    #Actual noise rate 0.14
    [cuda:0] Waiting for GPU slot...
    [cuda:0] Slot acquired (waited 66.6s). Training...
    [PIGNN] Large dataset (7575 nodes). Using edge sampling for context loss.
    FINAL_RESULT: {'acc': {'train': 0.8253968253968254, 'valid': 0.4551056338028169, 'test': 0.5438046526975746}, 'wall_s': 147.8, 'cpu_s': 105.7, 'gpu_s': 41.51, 'wait_s': 66.57}
    [Time] wall=147.8s | cpu=105.7s | gpu=41.5s
    C:\Users\fbrev\anaconda3\envs\noisygl\Lib\site-packages\torch\_utils.py:315: UserWarning: Sparse CSR tensor support is in beta state. If you miss a functionality in the sparse tensor support, please submit a feature request to https://github.com/pytorch/pytorch/issues. (Triggered internally at ..\aten\src\ATen\SparseCsrTensorImpl.cpp:55.)
    result = torch.sparse_compressed_tensor(
    C:\Users\fbrev\anaconda3\envs\noisygl\Lib\site-packages\torch\nn\modules\module.py:1159: UserWarning: expandable_segments not supported on this platform (Triggered internally at ..\c10/cuda/CUDAAllocatorConfig.h:28.)
    return t.to(
    [CPU] Loading flickr...
    DEBUG 3.1: Dataset init start
    DEBUG 3.2: prepare_data start flickr
    ----Data statistics------'
    Name: flickr
    #Nodes 7575
    #Edges 239738
    #Classes 9
    #Ave_degree 63.30
    ----Split statistics------'
    #Train samples 378 (5.0 % of nodes)
    #Val samples 1136 (15.0 % of nodes)
    #Test samples 6061 (remaining)
    ----label noise information:------
    Instance dependent noise
    #Actual noise rate 0.13
    [cuda:0] Waiting for GPU slot...
    [cuda:0] Slot acquired (waited 77.4s). Training...
    [PIGNN] Large dataset (7575 nodes). Using edge sampling for context loss.
    FINAL_RESULT: {'acc': {'train': 0.8015873015873016, 'valid': 0.4964788732394366, 'test': 0.546609470384425}, 'wall_s': 143.57, 'cpu_s': 103.41, 'gpu_s': 39.59, 'wait_s': 77.43}
    [Time] wall=143.6s | cpu=103.4s | gpu=39.6s
    C:\Users\fbrev\anaconda3\envs\noisygl\Lib\site-packages\torch\_utils.py:315: UserWarning: Sparse CSR tensor support is in beta state. If you miss a functionality in the sparse tensor support, please submit a feature request to https://github.com/pytorch/pytorch/issues. (Triggered internally at ..\aten\src\ATen\SparseCsrTensorImpl.cpp:55.)
    result = torch.sparse_compressed_tensor(
    C:\Users\fbrev\anaconda3\envs\noisygl\Lib\site-packages\torch\nn\modules\module.py:1159: UserWarning: expandable_segments not supported on this platform (Triggered internally at ..\c10/cuda/CUDAAllocatorConfig.h:28.)
    return t.to(
    [CPU] Loading flickr...
    DEBUG 3.1: Dataset init start
    DEBUG 3.2: prepare_data start flickr
    ----Data statistics------'
    Name: flickr
    #Nodes 7575
    #Edges 239738
    #Classes 9
    #Ave_degree 63.30
    ----Split statistics------'
    #Train samples 378 (5.0 % of nodes)
    #Val samples 1136 (15.0 % of nodes)
    #Test samples 6061 (remaining)
    ----label noise information:------
    Instance dependent noise
    #Actual noise rate 0.13
    [cuda:0] Waiting for GPU slot...
    [cuda:0] Slot acquired (waited 143.1s). Training...
    [PIGNN] Large dataset (7575 nodes). Using edge sampling for context loss.
    FINAL_RESULT: {'acc': {'train': 0.8015873015873016, 'valid': 0.48327464788732394, 'test': 0.5249958752681075}, 'wall_s': 150.16, 'cpu_s': 106.08, 'gpu_s': 43.49, 'wait_s': 143.14}
    [Time] wall=150.2s | cpu=106.1s | gpu=43.5s
    C:\Users\fbrev\anaconda3\envs\noisygl\Lib\site-packages\torch\_utils.py:315: UserWarning: Sparse CSR tensor support is in beta state. If you miss a functionality in the sparse tensor support, please submit a feature request to https://github.com/pytorch/pytorch/issues. (Triggered internally at ..\aten\src\ATen\SparseCsrTensorImpl.cpp:55.)
    result = torch.sparse_compressed_tensor(
    C:\Users\fbrev\anaconda3\envs\noisygl\Lib\site-packages\torch\nn\modules\module.py:1159: UserWarning: expandable_segments not supported on this platform (Triggered internally at ..\c10/cuda/CUDAAllocatorConfig.h:28.)
    return t.to(
    [CPU] Loading flickr...
    DEBUG 3.1: Dataset init start
    DEBUG 3.2: prepare_data start flickr
    ----Data statistics------'
    Name: flickr
    #Nodes 7575
    #Edges 239738
    #Classes 9
    #Ave_degree 63.30
    ----Split statistics------'
    #Train samples 378 (5.0 % of nodes)
    #Val samples 1136 (15.0 % of nodes)
    #Test samples 6061 (remaining)
    ----label noise information:------
    Instance dependent noise
    #Actual noise rate 0.13
    [cuda:0] Waiting for GPU slot...
    [cuda:0] Slot acquired (waited 221.7s). Training...
    [PIGNN] Large dataset (7575 nodes). Using edge sampling for context loss.
    FINAL_RESULT: {'acc': {'train': 0.8227513227513228, 'valid': 0.4876760563380282, 'test': 0.5372050816696915}, 'wall_s': 136.61, 'cpu_s': 102.33, 'gpu_s': 33.74, 'wait_s': 221.65}
    [Time] wall=136.6s | cpu=102.3s | gpu=33.7s
    C:\Users\fbrev\anaconda3\envs\noisygl\Lib\site-packages\torch\_utils.py:315: UserWarning: Sparse CSR tensor support is in beta state. If you miss a functionality in the sparse tensor support, please submit a feature request to https://github.com/pytorch/pytorch/issues. (Triggered internally at ..\aten\src\ATen\SparseCsrTensorImpl.cpp:55.)
    result = torch.sparse_compressed_tensor(
    C:\Users\fbrev\anaconda3\envs\noisygl\Lib\site-packages\torch\nn\modules\module.py:1159: UserWarning: expandable_segments not supported on this platform (Triggered internally at ..\c10/cuda/CUDAAllocatorConfig.h:28.)
    return t.to(
    [CPU] Loading flickr...
    DEBUG 3.1: Dataset init start
    DEBUG 3.2: prepare_data start flickr
    ----Data statistics------'
    Name: flickr
    #Nodes 7575
    #Edges 239738
    #Classes 9
    #Ave_degree 63.30
    ----Split statistics------'
    #Train samples 378 (5.0 % of nodes)
    #Val samples 1136 (15.0 % of nodes)
    #Test samples 6061 (remaining)
    ----label noise information:------
    Instance dependent noise
    #Actual noise rate 0.12
    [cuda:0] Waiting for GPU slot...
    [cuda:0] Slot acquired (waited 408.2s). Training...
    [PIGNN] Large dataset (7575 nodes). Using edge sampling for context loss.
    FINAL_RESULT: {'acc': {'train': 0.8306878306878307, 'valid': 0.5158450704225352, 'test': 0.5467744596601221}, 'wall_s': 135.39, 'cpu_s': 100.91, 'gpu_s': 33.89, 'wait_s': 408.22}
    [Time] wall=135.4s | cpu=100.9s | gpu=33.9s
    C:\Users\fbrev\anaconda3\envs\noisygl\Lib\site-packages\torch\_utils.py:315: UserWarning: Sparse CSR tensor support is in beta state. If you miss a functionality in the sparse tensor support, please submit a feature request to https://github.com/pytorch/pytorch/issues. (Triggered internally at ..\aten\src\ATen\SparseCsrTensorImpl.cpp:55.)
    result = torch.sparse_compressed_tensor(
    C:\Users\fbrev\anaconda3\envs\noisygl\Lib\site-packages\torch\nn\modules\module.py:1159: UserWarning: expandable_segments not supported on this platform (Triggered internally at ..\c10/cuda/CUDAAllocatorConfig.h:28.)
    return t.to(
    [CPU] Loading flickr...
    DEBUG 3.1: Dataset init start
    DEBUG 3.2: prepare_data start flickr
    ----Data statistics------'
    Name: flickr
    #Nodes 7575
    #Edges 239738
    #Classes 9
    #Ave_degree 63.30
    ----Split statistics------'
    #Train samples 378 (5.0 % of nodes)
    #Val samples 1136 (15.0 % of nodes)
    #Test samples 6061 (remaining)
    ----label noise information:------
    Instance dependent noise
    #Actual noise rate 0.13
    [cuda:0] Waiting for GPU slot...
    [cuda:0] Slot acquired (waited 225.2s). Training...
    [PIGNN] Large dataset (7575 nodes). Using edge sampling for context loss.
    FINAL_RESULT: {'acc': {'train': 0.7804232804232805, 'valid': 0.4903169014084507, 'test': 0.52598581092229}, 'wall_s': 132.73, 'cpu_s': 103.08, 'gpu_s': 29.06, 'wait_s': 225.19}
    [Time] wall=132.7s | cpu=103.1s | gpu=29.1s
    C:\Users\fbrev\anaconda3\envs\noisygl\Lib\site-packages\torch\_utils.py:315: UserWarning: Sparse CSR tensor support is in beta state. If you miss a functionality in the sparse tensor support, please submit a feature request to https://github.com/pytorch/pytorch/issues. (Triggered internally at ..\aten\src\ATen\SparseCsrTensorImpl.cpp:55.)
    result = torch.sparse_compressed_tensor(
    C:\Users\fbrev\anaconda3\envs\noisygl\Lib\site-packages\torch\nn\modules\module.py:1159: UserWarning: expandable_segments not supported on this platform (Triggered internally at ..\c10/cuda/CUDAAllocatorConfig.h:28.)
    return t.to(
    [CPU] Loading flickr...
    DEBUG 3.1: Dataset init start
    DEBUG 3.2: prepare_data start flickr
    ----Data statistics------'
    Name: flickr
    #Nodes 7575
    #Edges 239738
    #Classes 9
    #Ave_degree 63.30
    ----Split statistics------'
    #Train samples 378 (5.0 % of nodes)
    #Val samples 1136 (15.0 % of nodes)
    #Test samples 6061 (remaining)
    ----label noise information:------
    Instance dependent noise
    #Actual noise rate 0.13
    [cuda:0] Waiting for GPU slot...
    [cuda:0] Slot acquired (waited 713.8s). Training...
    [PIGNN] Large dataset (7575 nodes). Using edge sampling for context loss.
    FINAL_RESULT: {'acc': {'train': 0.8333333333333334, 'valid': 0.46566901408450706, 'test': 0.5348952318099324}, 'wall_s': 152.34, 'cpu_s': 107.37, 'gpu_s': 44.36, 'wait_s': 713.83}
    [Time] wall=152.3s | cpu=107.4s | gpu=44.4s
    C:\Users\fbrev\anaconda3\envs\noisygl\Lib\site-packages\torch\_utils.py:315: UserWarning: Sparse CSR tensor support is in beta state. If you miss a functionality in the sparse tensor support, please submit a feature request to https://github.com/pytorch/pytorch/issues. (Triggered internally at ..\aten\src\ATen\SparseCsrTensorImpl.cpp:55.)
    result = torch.sparse_compressed_tensor(
    C:\Users\fbrev\anaconda3\envs\noisygl\Lib\site-packages\torch\nn\modules\module.py:1159: UserWarning: expandable_segments not supported on this platform (Triggered internally at ..\c10/cuda/CUDAAllocatorConfig.h:28.)
    return t.to(
    [CPU] Loading flickr...
    DEBUG 3.1: Dataset init start
    DEBUG 3.2: prepare_data start flickr
    ----Data statistics------'
    Name: flickr
    #Nodes 7575
    #Edges 239738
    #Classes 9
    #Ave_degree 63.30
    ----Split statistics------'
    #Train samples 378 (5.0 % of nodes)
    #Val samples 1136 (15.0 % of nodes)
    #Test samples 6061 (remaining)
    ----label noise information:------
    Instance dependent noise
    #Actual noise rate 0.13
    [cuda:0] Waiting for GPU slot...
    [cuda:0] Slot acquired (waited 527.1s). Training...
    [PIGNN] Large dataset (7575 nodes). Using edge sampling for context loss.
    FINAL_RESULT: {'acc': {'train': 0.8597883597883598, 'valid': 0.5061619718309859, 'test': 0.5398449100808448}, 'wall_s': 147.13, 'cpu_s': 104.02, 'gpu_s': 42.54, 'wait_s': 527.11}
    [Time] wall=147.1s | cpu=104.0s | gpu=42.5s
    C:\Users\fbrev\anaconda3\envs\noisygl\Lib\site-packages\torch\_utils.py:315: UserWarning: Sparse CSR tensor support is in beta state. If you miss a functionality in the sparse tensor support, please submit a feature request to https://github.com/pytorch/pytorch/issues. (Triggered internally at ..\aten\src\ATen\SparseCsrTensorImpl.cpp:55.)
    result = torch.sparse_compressed_tensor(
    C:\Users\fbrev\anaconda3\envs\noisygl\Lib\site-packages\torch\nn\modules\module.py:1159: UserWarning: expandable_segments not supported on this platform (Triggered internally at ..\c10/cuda/CUDAAllocatorConfig.h:28.)
    return t.to(
  [Retest] Candidate 3 Avg: 0.5393

[Phase 2] Starting final evaluation with 10 seeds (3000-3009)...
    [CPU] Loading flickr...
    DEBUG 3.1: Dataset init start
    DEBUG 3.2: prepare_data start flickr
    ----Data statistics------'
    Name: flickr
    #Nodes 7575
    #Edges 239738
    #Classes 9
    #Ave_degree 63.30
    ----Split statistics------'
    #Train samples 378 (5.0 % of nodes)
    #Val samples 1136 (15.0 % of nodes)
    #Test samples 6061 (remaining)
    ----label noise information:------
    Instance dependent noise
    #Actual noise rate 0.13
    [cuda:0] Waiting for GPU slot...
    [cuda:0] Slot acquired (waited 124.8s). Training...
    [PIGNN] Large dataset (7575 nodes). Using edge sampling for context loss.
    FINAL_RESULT: {'acc': {'train': 0.8253968253968254, 'valid': 0.4920774647887324, 'test': 0.5264807787493813}, 'wall_s': 137.61, 'cpu_s': 106.47, 'gpu_s': 30.57, 'wait_s': 124.81}
    [Time] wall=137.6s | cpu=106.5s | gpu=30.6s
    C:\Users\fbrev\anaconda3\envs\noisygl\Lib\site-packages\torch\_utils.py:315: UserWarning: Sparse CSR tensor support is in beta state. If you miss a functionality in the sparse tensor support, please submit a feature request to https://github.com/pytorch/pytorch/issues. (Triggered internally at ..\aten\src\ATen\SparseCsrTensorImpl.cpp:55.)
    result = torch.sparse_compressed_tensor(
    C:\Users\fbrev\anaconda3\envs\noisygl\Lib\site-packages\torch\nn\modules\module.py:1159: UserWarning: expandable_segments not supported on this platform (Triggered internally at ..\c10/cuda/CUDAAllocatorConfig.h:28.)
    return t.to(
    [CPU] Loading flickr...
    DEBUG 3.1: Dataset init start
    DEBUG 3.2: prepare_data start flickr
    ----Data statistics------'
    Name: flickr
    #Nodes 7575
    #Edges 239738
    #Classes 9
    #Ave_degree 63.30
    ----Split statistics------'
    #Train samples 378 (5.0 % of nodes)
    #Val samples 1136 (15.0 % of nodes)
    #Test samples 6061 (remaining)
    ----label noise information:------
    Instance dependent noise
    #Actual noise rate 0.13
    [cuda:0] Waiting for GPU slot...
    [cuda:0] Slot acquired (waited 477.0s). Training...
    [PIGNN] Large dataset (7575 nodes). Using edge sampling for context loss.
    FINAL_RESULT: {'acc': {'train': 0.7857142857142857, 'valid': 0.4586267605633803, 'test': 0.5233459825111367}, 'wall_s': 148.49, 'cpu_s': 107.52, 'gpu_s': 40.37, 'wait_s': 477.05}
    [Time] wall=148.5s | cpu=107.5s | gpu=40.4s
    C:\Users\fbrev\anaconda3\envs\noisygl\Lib\site-packages\torch\_utils.py:315: UserWarning: Sparse CSR tensor support is in beta state. If you miss a functionality in the sparse tensor support, please submit a feature request to https://github.com/pytorch/pytorch/issues. (Triggered internally at ..\aten\src\ATen\SparseCsrTensorImpl.cpp:55.)
    result = torch.sparse_compressed_tensor(
    C:\Users\fbrev\anaconda3\envs\noisygl\Lib\site-packages\torch\nn\modules\module.py:1159: UserWarning: expandable_segments not supported on this platform (Triggered internally at ..\c10/cuda/CUDAAllocatorConfig.h:28.)
    return t.to(
    [CPU] Loading flickr...
    DEBUG 3.1: Dataset init start
    DEBUG 3.2: prepare_data start flickr
    ----Data statistics------'
    Name: flickr
    #Nodes 7575
    #Edges 239738
    #Classes 9
    #Ave_degree 63.30
    ----Split statistics------'
    #Train samples 378 (5.0 % of nodes)
    #Val samples 1136 (15.0 % of nodes)
    #Test samples 6061 (remaining)
    ----label noise information:------
    Instance dependent noise
    #Actual noise rate 0.13
    [cuda:0] Waiting for GPU slot...
    [cuda:0] Slot acquired (waited 84.1s). Training...
    [PIGNN] Large dataset (7575 nodes). Using edge sampling for context loss.
    FINAL_RESULT: {'acc': {'train': 0.8068783068783069, 'valid': 0.4639084507042254, 'test': 0.5345652532585382}, 'wall_s': 151.63, 'cpu_s': 108.76, 'gpu_s': 42.29, 'wait_s': 84.06}
    [Time] wall=151.6s | cpu=108.8s | gpu=42.3s
    C:\Users\fbrev\anaconda3\envs\noisygl\Lib\site-packages\torch\_utils.py:315: UserWarning: Sparse CSR tensor support is in beta state. If you miss a functionality in the sparse tensor support, please submit a feature request to https://github.com/pytorch/pytorch/issues. (Triggered internally at ..\aten\src\ATen\SparseCsrTensorImpl.cpp:55.)
    result = torch.sparse_compressed_tensor(
    C:\Users\fbrev\anaconda3\envs\noisygl\Lib\site-packages\torch\nn\modules\module.py:1159: UserWarning: expandable_segments not supported on this platform (Triggered internally at ..\c10/cuda/CUDAAllocatorConfig.h:28.)
    return t.to(
    [CPU] Loading flickr...
    DEBUG 3.1: Dataset init start
    DEBUG 3.2: prepare_data start flickr
    ----Data statistics------'
    Name: flickr
    #Nodes 7575
    #Edges 239738
    #Classes 9
    #Ave_degree 63.30
    ----Split statistics------'
    #Train samples 378 (5.0 % of nodes)
    #Val samples 1136 (15.0 % of nodes)
    #Test samples 6061 (remaining)
    ----label noise information:------
    Instance dependent noise
    #Actual noise rate 0.13
    [cuda:0] Waiting for GPU slot...
    [cuda:0] Slot acquired (waited 700.0s). Training...
    [PIGNN] Large dataset (7575 nodes). Using edge sampling for context loss.
    FINAL_RESULT: {'acc': {'train': 0.8492063492063492, 'valid': 0.4744718309859155, 'test': 0.546609470384425}, 'wall_s': 143.99, 'cpu_s': 107.72, 'gpu_s': 35.69, 'wait_s': 699.96}
    [Time] wall=144.0s | cpu=107.7s | gpu=35.7s
    C:\Users\fbrev\anaconda3\envs\noisygl\Lib\site-packages\torch\_utils.py:315: UserWarning: Sparse CSR tensor support is in beta state. If you miss a functionality in the sparse tensor support, please submit a feature request to https://github.com/pytorch/pytorch/issues. (Triggered internally at ..\aten\src\ATen\SparseCsrTensorImpl.cpp:55.)
    result = torch.sparse_compressed_tensor(
    C:\Users\fbrev\anaconda3\envs\noisygl\Lib\site-packages\torch\nn\modules\module.py:1159: UserWarning: expandable_segments not supported on this platform (Triggered internally at ..\c10/cuda/CUDAAllocatorConfig.h:28.)
    return t.to(
    [CPU] Loading flickr...
    DEBUG 3.1: Dataset init start
    DEBUG 3.2: prepare_data start flickr
    ----Data statistics------'
    Name: flickr
    #Nodes 7575
    #Edges 239738
    #Classes 9
    #Ave_degree 63.30
    ----Split statistics------'
    #Train samples 378 (5.0 % of nodes)
    #Val samples 1136 (15.0 % of nodes)
    #Test samples 6061 (remaining)
    ----label noise information:------
    Instance dependent noise
    #Actual noise rate 0.13
    [cuda:0] Waiting for GPU slot...
    [cuda:0] Slot acquired (waited 448.2s). Training...
    [CPU] Loading flickr...
    DEBUG 3.1: Dataset init start
    DEBUG 3.2: prepare_data start flickr
    ----Data statistics------'
    Name: flickr
    #Nodes 7575
    #Edges 239738
    #Classes 9
    #Ave_degree 63.30
    ----Split statistics------'
    #Train samples 378 (5.0 % of nodes)
    #Val samples 1136 (15.0 % of nodes)
    #Test samples 6061 (remaining)
    ----label noise information:------
    Instance dependent noise
    #Actual noise rate 0.13
    [cuda:0] Waiting for GPU slot...
    [cuda:0] Slot acquired (waited 290.1s). Training...
    [PIGNN] Large dataset (7575 nodes). Using edge sampling for context loss.
    FINAL_RESULT: {'acc': {'train': 0.7671957671957672, 'valid': 0.4709507042253521, 'test': 0.5344002639828411}, 'wall_s': 138.29, 'cpu_s': 106.31, 'gpu_s': 31.36, 'wait_s': 290.09}
    [Time] wall=138.3s | cpu=106.3s | gpu=31.4s
    C:\Users\fbrev\anaconda3\envs\noisygl\Lib\site-packages\torch\_utils.py:315: UserWarning: Sparse CSR tensor support is in beta state. If you miss a functionality in the sparse tensor support, please submit a feature request to https://github.com/pytorch/pytorch/issues. (Triggered internally at ..\aten\src\ATen\SparseCsrTensorImpl.cpp:55.)
    result = torch.sparse_compressed_tensor(
    C:\Users\fbrev\anaconda3\envs\noisygl\Lib\site-packages\torch\nn\modules\module.py:1159: UserWarning: expandable_segments not supported on this platform (Triggered internally at ..\c10/cuda/CUDAAllocatorConfig.h:28.)
    return t.to(
    [CPU] Loading flickr...
    DEBUG 3.1: Dataset init start
    DEBUG 3.2: prepare_data start flickr
    ----Data statistics------'
    Name: flickr
    #Nodes 7575
    #Edges 239738
    #Classes 9
    #Ave_degree 63.30
    ----Split statistics------'
    #Train samples 378 (5.0 % of nodes)
    #Val samples 1136 (15.0 % of nodes)
    #Test samples 6061 (remaining)
    ----label noise information:------
    Instance dependent noise
    #Actual noise rate 0.13
    [cuda:0] Waiting for GPU slot...
    [cuda:0] Slot acquired (waited 733.4s). Training...
    [PIGNN] Large dataset (7575 nodes). Using edge sampling for context loss.
    FINAL_RESULT: {'acc': {'train': 0.7486772486772487, 'valid': 0.4339788732394366, 'test': 0.4896881702689325}, 'wall_s': 135.28, 'cpu_s': 102.71, 'gpu_s': 32.0, 'wait_s': 733.4}
    [Time] wall=135.3s | cpu=102.7s | gpu=32.0s
    C:\Users\fbrev\anaconda3\envs\noisygl\Lib\site-packages\torch\_utils.py:315: UserWarning: Sparse CSR tensor support is in beta state. If you miss a functionality in the sparse tensor support, please submit a feature request to https://github.com/pytorch/pytorch/issues. (Triggered internally at ..\aten\src\ATen\SparseCsrTensorImpl.cpp:55.)
    result = torch.sparse_compressed_tensor(
    C:\Users\fbrev\anaconda3\envs\noisygl\Lib\site-packages\torch\nn\modules\module.py:1159: UserWarning: expandable_segments not supported on this platform (Triggered internally at ..\c10/cuda/CUDAAllocatorConfig.h:28.)
    return t.to(
    [CPU] Loading flickr...
    DEBUG 3.1: Dataset init start
    DEBUG 3.2: prepare_data start flickr
    ----Data statistics------'
    Name: flickr
    #Nodes 7575
    #Edges 239738
    #Classes 9
    #Ave_degree 63.30
    ----Split statistics------'
    #Train samples 378 (5.0 % of nodes)
    #Val samples 1136 (15.0 % of nodes)
    #Test samples 6061 (remaining)
    ----label noise information:------
    Instance dependent noise
    #Actual noise rate 0.13
    [cuda:0] Waiting for GPU slot...
    [cuda:0] Slot acquired (waited 68.8s). Training...
    [PIGNN] Large dataset (7575 nodes). Using edge sampling for context loss.
    FINAL_RESULT: {'acc': {'train': 0.8227513227513228, 'valid': 0.4823943661971831, 'test': 0.5251608645438046}, 'wall_s': 135.04, 'cpu_s': 103.82, 'gpu_s': 30.65, 'wait_s': 68.8}
    [Time] wall=135.0s | cpu=103.8s | gpu=30.7s
    C:\Users\fbrev\anaconda3\envs\noisygl\Lib\site-packages\torch\_utils.py:315: UserWarning: Sparse CSR tensor support is in beta state. If you miss a functionality in the sparse tensor support, please submit a feature request to https://github.com/pytorch/pytorch/issues. (Triggered internally at ..\aten\src\ATen\SparseCsrTensorImpl.cpp:55.)
    result = torch.sparse_compressed_tensor(
    C:\Users\fbrev\anaconda3\envs\noisygl\Lib\site-packages\torch\nn\modules\module.py:1159: UserWarning: expandable_segments not supported on this platform (Triggered internally at ..\c10/cuda/CUDAAllocatorConfig.h:28.)
    return t.to(
    [CPU] Loading flickr...
    DEBUG 3.1: Dataset init start
    DEBUG 3.2: prepare_data start flickr
    ----Data statistics------'
    Name: flickr
    #Nodes 7575
    #Edges 239738
    #Classes 9
    #Ave_degree 63.30
    ----Split statistics------'
    #Train samples 378 (5.0 % of nodes)
    #Val samples 1136 (15.0 % of nodes)
    #Test samples 6061 (remaining)
    ----label noise information:------
    Instance dependent noise
    #Actual noise rate 0.13
    [cuda:0] Waiting for GPU slot...
    [cuda:0] Slot acquired (waited 209.5s). Training...
    [PIGNN] Large dataset (7575 nodes). Using edge sampling for context loss.
    FINAL_RESULT: {'acc': {'train': 0.8333333333333334, 'valid': 0.4867957746478873, 'test': 0.538195017323874}, 'wall_s': 140.38, 'cpu_s': 104.16, 'gpu_s': 35.62, 'wait_s': 209.49}
    [Time] wall=140.4s | cpu=104.2s | gpu=35.6s
    C:\Users\fbrev\anaconda3\envs\noisygl\Lib\site-packages\torch\_utils.py:315: UserWarning: Sparse CSR tensor support is in beta state. If you miss a functionality in the sparse tensor support, please submit a feature request to https://github.com/pytorch/pytorch/issues. (Triggered internally at ..\aten\src\ATen\SparseCsrTensorImpl.cpp:55.)
    result = torch.sparse_compressed_tensor(
    C:\Users\fbrev\anaconda3\envs\noisygl\Lib\site-packages\torch\nn\modules\module.py:1159: UserWarning: expandable_segments not supported on this platform (Triggered internally at ..\c10/cuda/CUDAAllocatorConfig.h:28.)
    return t.to(
    [CPU] Loading flickr...
    DEBUG 3.1: Dataset init start
    DEBUG 3.2: prepare_data start flickr
    ----Data statistics------'
    Name: flickr
    #Nodes 7575
    #Edges 239738
    #Classes 9
    #Ave_degree 63.30
    ----Split statistics------'
    #Train samples 378 (5.0 % of nodes)
    #Val samples 1136 (15.0 % of nodes)
    #Test samples 6061 (remaining)
    ----label noise information:------
    Instance dependent noise
    #Actual noise rate 0.13
    [cuda:0] Waiting for GPU slot...
    [cuda:0] Slot acquired (waited 361.5s). Training...
    [PIGNN] Large dataset (7575 nodes). Using edge sampling for context loss.
    FINAL_RESULT: {'acc': {'train': 0.8333333333333334, 'valid': 0.4727112676056338, 'test': 0.5441346312489688}, 'wall_s': 136.66, 'cpu_s': 103.9, 'gpu_s': 32.16, 'wait_s': 361.5}
    [Time] wall=136.7s | cpu=103.9s | gpu=32.2s
    C:\Users\fbrev\anaconda3\envs\noisygl\Lib\site-packages\torch\_utils.py:315: UserWarning: Sparse CSR tensor support is in beta state. If you miss a functionality in the sparse tensor support, please submit a feature request to https://github.com/pytorch/pytorch/issues. (Triggered internally at ..\aten\src\ATen\SparseCsrTensorImpl.cpp:55.)
    result = torch.sparse_compressed_tensor(
    C:\Users\fbrev\anaconda3\envs\noisygl\Lib\site-packages\torch\nn\modules\module.py:1159: UserWarning: expandable_segments not supported on this platform (Triggered internally at ..\c10/cuda/CUDAAllocatorConfig.h:28.)
    return t.to(

[FINAL] pignn_flickr_instance_0.1 | 0.5292 ± 0.0159
