[worker] START cp_roman-empire_0.1 gpu=1
[HPO] Starting Phase 1 (Optuna) for cp_roman-empire_instance_0.1...
[I 2026-04-30 00:55:38,126] A new study created in RDB with name: cp_roman-empire_instance_0.1
    [CPU] Loading roman-empire...
    DEBUG 3.1: Dataset init start
    DEBUG 3.2: prepare_data start roman-empire
    ----Data statistics------'
    Name: roman-empire
    #Nodes 22662
    #Edges 32927
    #Classes 18
    #Ave_degree 2.91
    ----Split statistics------'
    #Train samples 1133 (5.0 % of nodes)
    #Val samples 3399 (15.0 % of nodes)
    #Test samples 18130 (remaining)
    ----label noise information:------
    Instance dependent noise
    #Actual noise rate 0.13
    [cuda:1] Waiting for GPU slot...
    [cuda:1] Slot acquired (waited 142.7s). Training...
    FINAL_RESULT: {'acc': {'train': 0.37246248896734335, 'valid': 0.24683730508973228, 'test': 0.2766685052399338}, 'wall_s': 187.16, 'cpu_s': 0.05, 'gpu_s': 186.95, 'wait_s': 142.72}
    [Time] wall=187.2s | cpu=0.0s | gpu=187.0s
    C:\Users\fbrev\Documents\Acadêmico\Simulações\Python\NoisyGL\predictor\Base_Predictor.py:144: UserWarning: Sparse CSR tensor support is in beta state. If you miss a functionality in the sparse tensor support, please submit a feature request to https://github.com/pytorch/pytorch/issues. (Triggered internally at ..\aten\src\ATen\SparseCsrTensorImpl.cpp:55.)
    self.adj_csr = self.adj.to_sparse_csr().to(self.device)
[I 2026-04-30 01:01:13,349] Trial 0 finished with value: 0.2766685052399338 and parameters: {'lr': 0.01, 'weight_decay': 0.0001, 'n_hidden': 256, 'n_layer': 3, 'dropout': 0.7423310186926412}. Best is trial 0 with value: 0.2766685052399338.
    [CPU] Loading roman-empire...
    DEBUG 3.1: Dataset init start
    DEBUG 3.2: prepare_data start roman-empire
    ----Data statistics------'
    Name: roman-empire
    #Nodes 22662
    #Edges 32927
    #Classes 18
    #Ave_degree 2.91
    ----Split statistics------'
    #Train samples 1133 (5.0 % of nodes)
    #Val samples 3399 (15.0 % of nodes)
    #Test samples 18130 (remaining)
    ----label noise information:------
    Instance dependent noise
    #Actual noise rate 0.13
    [cuda:1] Waiting for GPU slot...
    [cuda:1] Slot acquired (waited 441.1s). Training...
    FINAL_RESULT: {'acc': {'train': 0.27537511032656664, 'valid': 0.2588996763754045, 'test': 0.29453943739658023}, 'wall_s': 190.96, 'cpu_s': 0.06, 'gpu_s': 190.71, 'wait_s': 441.05}
    [Time] wall=191.0s | cpu=0.1s | gpu=190.7s
    C:\Users\fbrev\Documents\Acadêmico\Simulações\Python\NoisyGL\predictor\Base_Predictor.py:144: UserWarning: Sparse CSR tensor support is in beta state. If you miss a functionality in the sparse tensor support, please submit a feature request to https://github.com/pytorch/pytorch/issues. (Triggered internally at ..\aten\src\ATen\SparseCsrTensorImpl.cpp:55.)
    self.adj_csr = self.adj.to_sparse_csr().to(self.device)
[I 2026-04-30 01:11:51,169] Trial 1 finished with value: 0.29453943739658023 and parameters: {'lr': 0.001, 'weight_decay': 0.01, 'n_hidden': 256, 'n_layer': 2, 'dropout': 0.771794424480742}. Best is trial 1 with value: 0.29453943739658023.
    [CPU] Loading roman-empire...
    DEBUG 3.1: Dataset init start
    DEBUG 3.2: prepare_data start roman-empire
    ----Data statistics------'
    Name: roman-empire
    #Nodes 22662
    #Edges 32927
    #Classes 18
    #Ave_degree 2.91
    ----Split statistics------'
    #Train samples 1133 (5.0 % of nodes)
    #Val samples 3399 (15.0 % of nodes)
    #Test samples 18130 (remaining)
    ----label noise information:------
    Instance dependent noise
    #Actual noise rate 0.13
    [cuda:1] Waiting for GPU slot...
    [cuda:1] Slot acquired (waited 135.3s). Training...
    FINAL_RESULT: {'acc': {'train': 0.1641659311562224, 'valid': 0.17946454839658724, 'test': 0.1967457253171539}, 'wall_s': 180.84, 'cpu_s': 0.04, 'gpu_s': 180.64, 'wait_s': 135.29}
    [Time] wall=180.8s | cpu=0.0s | gpu=180.6s
    C:\Users\fbrev\Documents\Acadêmico\Simulações\Python\NoisyGL\predictor\Base_Predictor.py:144: UserWarning: Sparse CSR tensor support is in beta state. If you miss a functionality in the sparse tensor support, please submit a feature request to https://github.com/pytorch/pytorch/issues. (Triggered internally at ..\aten\src\ATen\SparseCsrTensorImpl.cpp:55.)
    self.adj_csr = self.adj.to_sparse_csr().to(self.device)
[I 2026-04-30 01:17:12,806] Trial 2 finished with value: 0.1967457253171539 and parameters: {'lr': 0.001, 'weight_decay': 0.01, 'n_hidden': 32, 'n_layer': 2, 'dropout': 0.2321062485236241}. Best is trial 1 with value: 0.29453943739658023.
    [CPU] Loading roman-empire...
    DEBUG 3.1: Dataset init start
    DEBUG 3.2: prepare_data start roman-empire
    ----Data statistics------'
    Name: roman-empire
    #Nodes 22662
    #Edges 32927
    #Classes 18
    #Ave_degree 2.91
    ----Split statistics------'
    #Train samples 1133 (5.0 % of nodes)
    #Val samples 3399 (15.0 % of nodes)
    #Test samples 18130 (remaining)
    ----label noise information:------
    Instance dependent noise
    #Actual noise rate 0.13
    [cuda:1] Waiting for GPU slot...
    [cuda:1] Slot acquired (waited 279.9s). Training...
    FINAL_RESULT: {'acc': {'train': 0.12268314210061783, 'valid': 0.14680788467196235, 'test': 0.16712630998345285}, 'wall_s': 189.11, 'cpu_s': 0.04, 'gpu_s': 188.91, 'wait_s': 279.91}
    [Time] wall=189.1s | cpu=0.0s | gpu=188.9s
    C:\Users\fbrev\Documents\Acadêmico\Simulações\Python\NoisyGL\predictor\Base_Predictor.py:144: UserWarning: Sparse CSR tensor support is in beta state. If you miss a functionality in the sparse tensor support, please submit a feature request to https://github.com/pytorch/pytorch/issues. (Triggered internally at ..\aten\src\ATen\SparseCsrTensorImpl.cpp:55.)
    self.adj_csr = self.adj.to_sparse_csr().to(self.device)
[I 2026-04-30 01:25:07,192] Trial 3 finished with value: 0.16712630998345285 and parameters: {'lr': 0.01, 'weight_decay': 0.05, 'n_hidden': 256, 'n_layer': 3, 'dropout': 0.5786557322614658}. Best is trial 1 with value: 0.29453943739658023.
    [CPU] Loading roman-empire...
    DEBUG 3.1: Dataset init start
    DEBUG 3.2: prepare_data start roman-empire
    ----Data statistics------'
    Name: roman-empire
    #Nodes 22662
    #Edges 32927
    #Classes 18
    #Ave_degree 2.91
    ----Split statistics------'
    #Train samples 1133 (5.0 % of nodes)
    #Val samples 3399 (15.0 % of nodes)
    #Test samples 18130 (remaining)
    ----label noise information:------
    Instance dependent noise
    #Actual noise rate 0.13
    [cuda:1] Waiting for GPU slot...
    [cuda:1] Slot acquired (waited 297.5s). Training...
    FINAL_RESULT: {'acc': {'train': 0.5216240070609003, 'valid': 0.30803177405119153, 'test': 0.35311638168781023}, 'wall_s': 185.92, 'cpu_s': 0.04, 'gpu_s': 185.71, 'wait_s': 297.5}
    [Time] wall=185.9s | cpu=0.0s | gpu=185.7s
    C:\Users\fbrev\Documents\Acadêmico\Simulações\Python\NoisyGL\predictor\Base_Predictor.py:144: UserWarning: Sparse CSR tensor support is in beta state. If you miss a functionality in the sparse tensor support, please submit a feature request to https://github.com/pytorch/pytorch/issues. (Triggered internally at ..\aten\src\ATen\SparseCsrTensorImpl.cpp:55.)
    self.adj_csr = self.adj.to_sparse_csr().to(self.device)
[I 2026-04-30 01:33:16,341] Trial 4 finished with value: 0.35311638168781023 and parameters: {'lr': 0.005, 'weight_decay': 0.0001, 'n_hidden': 32, 'n_layer': 2, 'dropout': 0.07508149509583628}. Best is trial 4 with value: 0.35311638168781023.
    [CPU] Loading roman-empire...
    DEBUG 3.1: Dataset init start
    DEBUG 3.2: prepare_data start roman-empire
    ----Data statistics------'
    Name: roman-empire
    #Nodes 22662
    #Edges 32927
    #Classes 18
    #Ave_degree 2.91
    ----Split statistics------'
    #Train samples 1133 (5.0 % of nodes)
    #Val samples 3399 (15.0 % of nodes)
    #Test samples 18130 (remaining)
    ----label noise information:------
    Instance dependent noise
    #Actual noise rate 0.13
    [cuda:1] Waiting for GPU slot...
    [cuda:1] Slot acquired (waited 380.3s). Training...
    FINAL_RESULT: {'acc': {'train': 0.23742277140335394, 'valid': 0.19593998234774934, 'test': 0.2032542746828461}, 'wall_s': 186.44, 'cpu_s': 0.04, 'gpu_s': 186.25, 'wait_s': 380.35}
    [Time] wall=186.4s | cpu=0.0s | gpu=186.2s
    C:\Users\fbrev\Documents\Acadêmico\Simulações\Python\NoisyGL\predictor\Base_Predictor.py:144: UserWarning: Sparse CSR tensor support is in beta state. If you miss a functionality in the sparse tensor support, please submit a feature request to https://github.com/pytorch/pytorch/issues. (Triggered internally at ..\aten\src\ATen\SparseCsrTensorImpl.cpp:55.)
    self.adj_csr = self.adj.to_sparse_csr().to(self.device)
[I 2026-04-30 01:42:48,673] Trial 5 finished with value: 0.2032542746828461 and parameters: {'lr': 0.05, 'weight_decay': 0.001, 'n_hidden': 64, 'n_layer': 3, 'dropout': 0.09930564498655947}. Best is trial 4 with value: 0.35311638168781023.
    [CPU] Loading roman-empire...
    DEBUG 3.1: Dataset init start
    DEBUG 3.2: prepare_data start roman-empire
    ----Data statistics------'
    Name: roman-empire
    #Nodes 22662
    #Edges 32927
    #Classes 18
    #Ave_degree 2.91
    ----Split statistics------'
    #Train samples 1133 (5.0 % of nodes)
    #Val samples 3399 (15.0 % of nodes)
    #Test samples 18130 (remaining)
    ----label noise information:------
    Instance dependent noise
    #Actual noise rate 0.13
    [cuda:1] Waiting for GPU slot...
    [cuda:1] Slot acquired (waited 331.0s). Training...
    FINAL_RESULT: {'acc': {'train': 0.42806707855251547, 'valid': 0.255663430420712, 'test': 0.2889685603971318}, 'wall_s': 181.66, 'cpu_s': 0.05, 'gpu_s': 181.47, 'wait_s': 331.01}
    [Time] wall=181.7s | cpu=0.0s | gpu=181.5s
    C:\Users\fbrev\Documents\Acadêmico\Simulações\Python\NoisyGL\predictor\Base_Predictor.py:144: UserWarning: Sparse CSR tensor support is in beta state. If you miss a functionality in the sparse tensor support, please submit a feature request to https://github.com/pytorch/pytorch/issues. (Triggered internally at ..\aten\src\ATen\SparseCsrTensorImpl.cpp:55.)
    self.adj_csr = self.adj.to_sparse_csr().to(self.device)
[I 2026-04-30 01:51:26,330] Trial 6 finished with value: 0.2889685603971318 and parameters: {'lr': 0.1, 'weight_decay': 0.0, 'n_hidden': 32, 'n_layer': 2, 'dropout': 0.09373323115528631}. Best is trial 4 with value: 0.35311638168781023.
    [CPU] Loading roman-empire...
    DEBUG 3.1: Dataset init start
    DEBUG 3.2: prepare_data start roman-empire
    ----Data statistics------'
    Name: roman-empire
    #Nodes 22662
    #Edges 32927
    #Classes 18
    #Ave_degree 2.91
    ----Split statistics------'
    #Train samples 1133 (5.0 % of nodes)
    #Val samples 3399 (15.0 % of nodes)
    #Test samples 18130 (remaining)
    ----label noise information:------
    Instance dependent noise
    #Actual noise rate 0.13
    [cuda:1] Waiting for GPU slot...
    [cuda:1] Slot acquired (waited 1068.6s). Training...
    FINAL_RESULT: {'acc': {'train': 0.27537511032656664, 'valid': 0.26301853486319504, 'test': 0.2900165471594043}, 'wall_s': 182.02, 'cpu_s': 0.04, 'gpu_s': 181.83, 'wait_s': 1068.6}
    [Time] wall=182.0s | cpu=0.0s | gpu=181.8s
    C:\Users\fbrev\Documents\Acadêmico\Simulações\Python\NoisyGL\predictor\Base_Predictor.py:144: UserWarning: Sparse CSR tensor support is in beta state. If you miss a functionality in the sparse tensor support, please submit a feature request to https://github.com/pytorch/pytorch/issues. (Triggered internally at ..\aten\src\ATen\SparseCsrTensorImpl.cpp:55.)
    self.adj_csr = self.adj.to_sparse_csr().to(self.device)
[I 2026-04-30 02:12:21,967] Trial 7 finished with value: 0.2900165471594043 and parameters: {'lr': 0.01, 'weight_decay': 0.01, 'n_hidden': 256, 'n_layer': 2, 'dropout': 0.7119280001227948}. Best is trial 4 with value: 0.35311638168781023.
    [CPU] Loading roman-empire...
    DEBUG 3.1: Dataset init start
    DEBUG 3.2: prepare_data start roman-empire
    ----Data statistics------'
    Name: roman-empire
    #Nodes 22662
    #Edges 32927
    #Classes 18
    #Ave_degree 2.91
    ----Split statistics------'
    #Train samples 1133 (5.0 % of nodes)
    #Val samples 3399 (15.0 % of nodes)
    #Test samples 18130 (remaining)
    ----label noise information:------
    Instance dependent noise
    #Actual noise rate 0.13
    [cuda:1] Waiting for GPU slot...
    [cuda:1] Slot acquired (waited 285.0s). Training...
    FINAL_RESULT: {'acc': {'train': 0.1615180935569285, 'valid': 0.17446307737569874, 'test': 0.18808604522890238}, 'wall_s': 181.94, 'cpu_s': 0.04, 'gpu_s': 181.74, 'wait_s': 284.99}
    [Time] wall=181.9s | cpu=0.0s | gpu=181.7s
    C:\Users\fbrev\Documents\Acadêmico\Simulações\Python\NoisyGL\predictor\Base_Predictor.py:144: UserWarning: Sparse CSR tensor support is in beta state. If you miss a functionality in the sparse tensor support, please submit a feature request to https://github.com/pytorch/pytorch/issues. (Triggered internally at ..\aten\src\ATen\SparseCsrTensorImpl.cpp:55.)
    self.adj_csr = self.adj.to_sparse_csr().to(self.device)
[I 2026-04-30 02:20:14,204] Trial 8 finished with value: 0.18808604522890238 and parameters: {'lr': 0.1, 'weight_decay': 0.01, 'n_hidden': 64, 'n_layer': 3, 'dropout': 0.3548578032144484}. Best is trial 4 with value: 0.35311638168781023.
    [CPU] Loading roman-empire...
    DEBUG 3.1: Dataset init start
    DEBUG 3.2: prepare_data start roman-empire
    ----Data statistics------'
    Name: roman-empire
    #Nodes 22662
    #Edges 32927
    #Classes 18
    #Ave_degree 2.91
    ----Split statistics------'
    #Train samples 1133 (5.0 % of nodes)
    #Val samples 3399 (15.0 % of nodes)
    #Test samples 18130 (remaining)
    ----label noise information:------
    Instance dependent noise
    #Actual noise rate 0.13
    [cuda:1] Waiting for GPU slot...
    [cuda:1] Slot acquired (waited 1070.0s). Training...
    FINAL_RESULT: {'acc': {'train': 0.0970873786407767, 'valid': 0.14386584289496912, 'test': 0.16662989520132376}, 'wall_s': 187.42, 'cpu_s': 0.04, 'gpu_s': 187.22, 'wait_s': 1070.02}
    [Time] wall=187.4s | cpu=0.0s | gpu=187.2s
    C:\Users\fbrev\Documents\Acadêmico\Simulações\Python\NoisyGL\predictor\Base_Predictor.py:144: UserWarning: Sparse CSR tensor support is in beta state. If you miss a functionality in the sparse tensor support, please submit a feature request to https://github.com/pytorch/pytorch/issues. (Triggered internally at ..\aten\src\ATen\SparseCsrTensorImpl.cpp:55.)
    self.adj_csr = self.adj.to_sparse_csr().to(self.device)
[I 2026-04-30 02:41:16,558] Trial 9 finished with value: 0.16662989520132376 and parameters: {'lr': 0.05, 'weight_decay': 0.001, 'n_hidden': 256, 'n_layer': 3, 'dropout': 0.7809598318606613}. Best is trial 4 with value: 0.35311638168781023.
    [CPU] Loading roman-empire...
    DEBUG 3.1: Dataset init start
    DEBUG 3.2: prepare_data start roman-empire
    ----Data statistics------'
    Name: roman-empire
    #Nodes 22662
    #Edges 32927
    #Classes 18
    #Ave_degree 2.91
    ----Split statistics------'
    #Train samples 1133 (5.0 % of nodes)
    #Val samples 3399 (15.0 % of nodes)
    #Test samples 18130 (remaining)
    ----label noise information:------
    Instance dependent noise
    #Actual noise rate 0.13
    [cuda:1] Waiting for GPU slot...
    [cuda:1] Slot acquired (waited 655.4s). Training...
    FINAL_RESULT: {'acc': {'train': 0.10414827890556046, 'valid': 0.176522506619594, 'test': 0.20375068946497518}, 'wall_s': 185.35, 'cpu_s': 0.04, 'gpu_s': 185.17, 'wait_s': 655.43}
    [Time] wall=185.3s | cpu=0.0s | gpu=185.2s
    C:\Users\fbrev\Documents\Acadêmico\Simulações\Python\NoisyGL\predictor\Base_Predictor.py:144: UserWarning: Sparse CSR tensor support is in beta state. If you miss a functionality in the sparse tensor support, please submit a feature request to https://github.com/pytorch/pytorch/issues. (Triggered internally at ..\aten\src\ATen\SparseCsrTensorImpl.cpp:55.)
    self.adj_csr = self.adj.to_sparse_csr().to(self.device)
[I 2026-04-30 02:55:22,542] Trial 10 finished with value: 0.20375068946497518 and parameters: {'lr': 0.01, 'weight_decay': 0.05, 'n_hidden': 32, 'n_layer': 3, 'dropout': 0.5806266532361771}. Best is trial 4 with value: 0.35311638168781023.
    [CPU] Loading roman-empire...
    DEBUG 3.1: Dataset init start
    DEBUG 3.2: prepare_data start roman-empire
    ----Data statistics------'
    Name: roman-empire
    #Nodes 22662
    #Edges 32927
    #Classes 18
    #Ave_degree 2.91
    ----Split statistics------'
    #Train samples 1133 (5.0 % of nodes)
    #Val samples 3399 (15.0 % of nodes)
    #Test samples 18130 (remaining)
    ----label noise information:------
    Instance dependent noise
    #Actual noise rate 0.13
    [cuda:1] Waiting for GPU slot...
    [cuda:1] Slot acquired (waited 838.8s). Training...
    FINAL_RESULT: {'acc': {'train': 0.6010591350397175, 'valid': 0.3265666372462489, 'test': 0.3674572531715389}, 'wall_s': 182.71, 'cpu_s': 0.04, 'gpu_s': 182.49, 'wait_s': 838.78}
    [Time] wall=182.7s | cpu=0.0s | gpu=182.5s
    C:\Users\fbrev\Documents\Acadêmico\Simulações\Python\NoisyGL\predictor\Base_Predictor.py:144: UserWarning: Sparse CSR tensor support is in beta state. If you miss a functionality in the sparse tensor support, please submit a feature request to https://github.com/pytorch/pytorch/issues. (Triggered internally at ..\aten\src\ATen\SparseCsrTensorImpl.cpp:55.)
    self.adj_csr = self.adj.to_sparse_csr().to(self.device)
[I 2026-04-30 03:12:29,486] Trial 11 finished with value: 0.3674572531715389 and parameters: {'lr': 0.005, 'weight_decay': 0.001, 'n_hidden': 128, 'n_layer': 2, 'dropout': 0.5379347171481054}. Best is trial 11 with value: 0.3674572531715389.
    [CPU] Loading roman-empire...
    DEBUG 3.1: Dataset init start
    DEBUG 3.2: prepare_data start roman-empire
    ----Data statistics------'
    Name: roman-empire
    #Nodes 22662
    #Edges 32927
    #Classes 18
    #Ave_degree 2.91
    ----Split statistics------'
    #Train samples 1133 (5.0 % of nodes)
    #Val samples 3399 (15.0 % of nodes)
    #Test samples 18130 (remaining)
    ----label noise information:------
    Instance dependent noise
    #Actual noise rate 0.13
    [cuda:1] Waiting for GPU slot...
    [cuda:1] Slot acquired (waited 278.4s). Training...
    FINAL_RESULT: {'acc': {'train': 0.3292144748455428, 'valid': 0.24007060900264784, 'test': 0.25973524544953114}, 'wall_s': 184.58, 'cpu_s': 0.04, 'gpu_s': 184.39, 'wait_s': 278.4}
    [Time] wall=184.6s | cpu=0.0s | gpu=184.4s
    C:\Users\fbrev\Documents\Acadêmico\Simulações\Python\NoisyGL\predictor\Base_Predictor.py:144: UserWarning: Sparse CSR tensor support is in beta state. If you miss a functionality in the sparse tensor support, please submit a feature request to https://github.com/pytorch/pytorch/issues. (Triggered internally at ..\aten\src\ATen\SparseCsrTensorImpl.cpp:55.)
    self.adj_csr = self.adj.to_sparse_csr().to(self.device)
[I 2026-04-30 03:20:17,734] Trial 12 finished with value: 0.25973524544953114 and parameters: {'lr': 0.01, 'weight_decay': 0.001, 'n_hidden': 256, 'n_layer': 3, 'dropout': 0.635511754149985}. Best is trial 11 with value: 0.3674572531715389.
    [CPU] Loading roman-empire...
    DEBUG 3.1: Dataset init start
    DEBUG 3.2: prepare_data start roman-empire
    ----Data statistics------'
    Name: roman-empire
    #Nodes 22662
    #Edges 32927
    #Classes 18
    #Ave_degree 2.91
    ----Split statistics------'
    #Train samples 1133 (5.0 % of nodes)
    #Val samples 3399 (15.0 % of nodes)
    #Test samples 18130 (remaining)
    ----label noise information:------
    Instance dependent noise
    #Actual noise rate 0.13
    [cuda:1] Waiting for GPU slot...
    [cuda:1] Slot acquired (waited 462.7s). Training...
    FINAL_RESULT: {'acc': {'train': 0.28067078552515445, 'valid': 0.2132980288320094, 'test': 0.23204633204633204}, 'wall_s': 182.46, 'cpu_s': 0.04, 'gpu_s': 182.27, 'wait_s': 462.67}
    [Time] wall=182.5s | cpu=0.0s | gpu=182.3s
    C:\Users\fbrev\Documents\Acadêmico\Simulações\Python\NoisyGL\predictor\Base_Predictor.py:144: UserWarning: Sparse CSR tensor support is in beta state. If you miss a functionality in the sparse tensor support, please submit a feature request to https://github.com/pytorch/pytorch/issues. (Triggered internally at ..\aten\src\ATen\SparseCsrTensorImpl.cpp:55.)
    self.adj_csr = self.adj.to_sparse_csr().to(self.device)
[I 2026-04-30 03:31:07,866] Trial 13 finished with value: 0.23204633204633204 and parameters: {'lr': 0.1, 'weight_decay': 0.001, 'n_hidden': 64, 'n_layer': 3, 'dropout': 0.207466653853938}. Best is trial 11 with value: 0.3674572531715389.
    [CPU] Loading roman-empire...
    DEBUG 3.1: Dataset init start
    DEBUG 3.2: prepare_data start roman-empire
    ----Data statistics------'
    Name: roman-empire
    #Nodes 22662
    #Edges 32927
    #Classes 18
    #Ave_degree 2.91
    ----Split statistics------'
    #Train samples 1133 (5.0 % of nodes)
    #Val samples 3399 (15.0 % of nodes)
    #Test samples 18130 (remaining)
    ----label noise information:------
    Instance dependent noise
    #Actual noise rate 0.13
    [cuda:1] Waiting for GPU slot...
    [cuda:1] Slot acquired (waited 459.8s). Training...
    FINAL_RESULT: {'acc': {'train': 0.16946160635481025, 'valid': 0.1703442188879082, 'test': 0.1810810810810811}, 'wall_s': 186.14, 'cpu_s': 0.04, 'gpu_s': 185.92, 'wait_s': 459.78}
    [Time] wall=186.1s | cpu=0.0s | gpu=185.9s
    C:\Users\fbrev\Documents\Acadêmico\Simulações\Python\NoisyGL\predictor\Base_Predictor.py:144: UserWarning: Sparse CSR tensor support is in beta state. If you miss a functionality in the sparse tensor support, please submit a feature request to https://github.com/pytorch/pytorch/issues. (Triggered internally at ..\aten\src\ATen\SparseCsrTensorImpl.cpp:55.)
    self.adj_csr = self.adj.to_sparse_csr().to(self.device)
[I 2026-04-30 03:41:58,990] Trial 14 finished with value: 0.1810810810810811 and parameters: {'lr': 0.01, 'weight_decay': 0.01, 'n_hidden': 256, 'n_layer': 3, 'dropout': 0.1828108166669182}. Best is trial 11 with value: 0.3674572531715389.
    [CPU] Loading roman-empire...
    DEBUG 3.1: Dataset init start
    DEBUG 3.2: prepare_data start roman-empire
    ----Data statistics------'
    Name: roman-empire
    #Nodes 22662
    #Edges 32927
    #Classes 18
    #Ave_degree 2.91
    ----Split statistics------'
    #Train samples 1133 (5.0 % of nodes)
    #Val samples 3399 (15.0 % of nodes)
    #Test samples 18130 (remaining)
    ----label noise information:------
    Instance dependent noise
    #Actual noise rate 0.13
    [cuda:1] Waiting for GPU slot...
    [cuda:1] Slot acquired (waited 177.6s). Training...
    FINAL_RESULT: {'acc': {'train': 0.5472197705207414, 'valid': 0.3112680200058841, 'test': 0.35157198014340874}, 'wall_s': 180.53, 'cpu_s': 0.04, 'gpu_s': 180.33, 'wait_s': 177.56}
    [Time] wall=180.5s | cpu=0.0s | gpu=180.3s
    C:\Users\fbrev\Documents\Acadêmico\Simulações\Python\NoisyGL\predictor\Base_Predictor.py:144: UserWarning: Sparse CSR tensor support is in beta state. If you miss a functionality in the sparse tensor support, please submit a feature request to https://github.com/pytorch/pytorch/issues. (Triggered internally at ..\aten\src\ATen\SparseCsrTensorImpl.cpp:55.)
    self.adj_csr = self.adj.to_sparse_csr().to(self.device)
[I 2026-04-30 03:48:02,255] Trial 15 finished with value: 0.35157198014340874 and parameters: {'lr': 0.01, 'weight_decay': 0.0, 'n_hidden': 32, 'n_layer': 2, 'dropout': 0.23409341233273315}. Best is trial 11 with value: 0.3674572531715389.
    [CPU] Loading roman-empire...
    DEBUG 3.1: Dataset init start
    DEBUG 3.2: prepare_data start roman-empire
    ----Data statistics------'
    Name: roman-empire
    #Nodes 22662
    #Edges 32927
    #Classes 18
    #Ave_degree 2.91
    ----Split statistics------'
    #Train samples 1133 (5.0 % of nodes)
    #Val samples 3399 (15.0 % of nodes)
    #Test samples 18130 (remaining)
    ----label noise information:------
    Instance dependent noise
    #Actual noise rate 0.13
    [cuda:1] Waiting for GPU slot...
    [cuda:1] Slot acquired (waited 323.5s). Training...
    FINAL_RESULT: {'acc': {'train': 0.41394527802294795, 'valid': 0.3103854074727861, 'test': 0.35190292333149475}, 'wall_s': 181.79, 'cpu_s': 0.06, 'gpu_s': 181.57, 'wait_s': 323.51}
    [Time] wall=181.8s | cpu=0.1s | gpu=181.6s
    C:\Users\fbrev\Documents\Acadêmico\Simulações\Python\NoisyGL\predictor\Base_Predictor.py:144: UserWarning: Sparse CSR tensor support is in beta state. If you miss a functionality in the sparse tensor support, please submit a feature request to https://github.com/pytorch/pytorch/issues. (Triggered internally at ..\aten\src\ATen\SparseCsrTensorImpl.cpp:55.)
    self.adj_csr = self.adj.to_sparse_csr().to(self.device)
[I 2026-04-30 03:56:32,732] Trial 16 finished with value: 0.35190292333149475 and parameters: {'lr': 0.05, 'weight_decay': 0.0, 'n_hidden': 32, 'n_layer': 2, 'dropout': 0.45888662461078084}. Best is trial 11 with value: 0.3674572531715389.
    [CPU] Loading roman-empire...
    DEBUG 3.1: Dataset init start
    DEBUG 3.2: prepare_data start roman-empire
    ----Data statistics------'
    Name: roman-empire
    #Nodes 22662
    #Edges 32927
    #Classes 18
    #Ave_degree 2.91
    ----Split statistics------'
    #Train samples 1133 (5.0 % of nodes)
    #Val samples 3399 (15.0 % of nodes)
    #Test samples 18130 (remaining)
    ----label noise information:------
    Instance dependent noise
    #Actual noise rate 0.13
    [cuda:1] Waiting for GPU slot...
    [cuda:1] Slot acquired (waited 176.1s). Training...
    FINAL_RESULT: {'acc': {'train': 0.05472197705207414, 'valid': 0.12150632538982054, 'test': 0.14031991174848318}, 'wall_s': 183.59, 'cpu_s': 0.04, 'gpu_s': 183.41, 'wait_s': 176.08}
    [Time] wall=183.6s | cpu=0.0s | gpu=183.4s
    C:\Users\fbrev\Documents\Acadêmico\Simulações\Python\NoisyGL\predictor\Base_Predictor.py:144: UserWarning: Sparse CSR tensor support is in beta state. If you miss a functionality in the sparse tensor support, please submit a feature request to https://github.com/pytorch/pytorch/issues. (Triggered internally at ..\aten\src\ATen\SparseCsrTensorImpl.cpp:55.)
    self.adj_csr = self.adj.to_sparse_csr().to(self.device)
[I 2026-04-30 04:02:37,790] Trial 17 finished with value: 0.14031991174848318 and parameters: {'lr': 0.005, 'weight_decay': 0.05, 'n_hidden': 256, 'n_layer': 2, 'dropout': 0.7447268868193283}. Best is trial 11 with value: 0.3674572531715389.
    [CPU] Loading roman-empire...
    DEBUG 3.1: Dataset init start
    DEBUG 3.2: prepare_data start roman-empire
    ----Data statistics------'
    Name: roman-empire
    #Nodes 22662
    #Edges 32927
    #Classes 18
    #Ave_degree 2.91
    ----Split statistics------'
    #Train samples 1133 (5.0 % of nodes)
    #Val samples 3399 (15.0 % of nodes)
    #Test samples 18130 (remaining)
    ----label noise information:------
    Instance dependent noise
    #Actual noise rate 0.13
    [cuda:1] Waiting for GPU slot...
    [cuda:1] Slot acquired (waited 134.7s). Training...
    FINAL_RESULT: {'acc': {'train': 0.5172109443954104, 'valid': 0.3092085907619888, 'test': 0.3581908439051296}, 'wall_s': 182.43, 'cpu_s': 0.04, 'gpu_s': 182.22, 'wait_s': 134.72}
    [Time] wall=182.4s | cpu=0.0s | gpu=182.2s
    C:\Users\fbrev\Documents\Acadêmico\Simulações\Python\NoisyGL\predictor\Base_Predictor.py:144: UserWarning: Sparse CSR tensor support is in beta state. If you miss a functionality in the sparse tensor support, please submit a feature request to https://github.com/pytorch/pytorch/issues. (Triggered internally at ..\aten\src\ATen\SparseCsrTensorImpl.cpp:55.)
    self.adj_csr = self.adj.to_sparse_csr().to(self.device)
[I 2026-04-30 04:08:00,244] Trial 18 finished with value: 0.3581908439051296 and parameters: {'lr': 0.001, 'weight_decay': 0.001, 'n_hidden': 128, 'n_layer': 2, 'dropout': 0.22322682218893003}. Best is trial 11 with value: 0.3674572531715389.
    [CPU] Loading roman-empire...
    DEBUG 3.1: Dataset init start
    DEBUG 3.2: prepare_data start roman-empire
    ----Data statistics------'
    Name: roman-empire
    #Nodes 22662
    #Edges 32927
    #Classes 18
    #Ave_degree 2.91
    ----Split statistics------'
    #Train samples 1133 (5.0 % of nodes)
    #Val samples 3399 (15.0 % of nodes)
    #Test samples 18130 (remaining)
    ----label noise information:------
    Instance dependent noise
    #Actual noise rate 0.13
    [cuda:1] Waiting for GPU slot...
    [cuda:1] Slot acquired (waited 134.3s). Training...
    FINAL_RESULT: {'acc': {'train': 0.2506619593998235, 'valid': 0.20506031185642837, 'test': 0.21693325979040265}, 'wall_s': 184.61, 'cpu_s': 0.05, 'gpu_s': 184.41, 'wait_s': 134.28}
    [Time] wall=184.6s | cpu=0.0s | gpu=184.4s
    C:\Users\fbrev\Documents\Acadêmico\Simulações\Python\NoisyGL\predictor\Base_Predictor.py:144: UserWarning: Sparse CSR tensor support is in beta state. If you miss a functionality in the sparse tensor support, please submit a feature request to https://github.com/pytorch/pytorch/issues. (Triggered internally at ..\aten\src\ATen\SparseCsrTensorImpl.cpp:55.)
    self.adj_csr = self.adj.to_sparse_csr().to(self.device)
[I 2026-04-30 04:13:24,105] Trial 19 finished with value: 0.21693325979040265 and parameters: {'lr': 0.05, 'weight_decay': 0.001, 'n_hidden': 256, 'n_layer': 3, 'dropout': 0.17721069639697193}. Best is trial 11 with value: 0.3674572531715389.
    [CPU] Loading roman-empire...
    DEBUG 3.1: Dataset init start
    DEBUG 3.2: prepare_data start roman-empire
    ----Data statistics------'
    Name: roman-empire
    #Nodes 22662
    #Edges 32927
    #Classes 18
    #Ave_degree 2.91
    ----Split statistics------'
    #Train samples 1133 (5.0 % of nodes)
    #Val samples 3399 (15.0 % of nodes)
    #Test samples 18130 (remaining)
    ----label noise information:------
    Instance dependent noise
    #Actual noise rate 0.13
    [cuda:1] Waiting for GPU slot...
    [cuda:1] Slot acquired (waited 635.7s). Training...
    FINAL_RESULT: {'acc': {'train': 0.4474845542806708, 'valid': 0.3089143865842895, 'test': 0.3528957528957529}, 'wall_s': 179.39, 'cpu_s': 0.04, 'gpu_s': 179.18, 'wait_s': 635.71}
    [Time] wall=179.4s | cpu=0.0s | gpu=179.2s
    C:\Users\fbrev\Documents\Acadêmico\Simulações\Python\NoisyGL\predictor\Base_Predictor.py:144: UserWarning: Sparse CSR tensor support is in beta state. If you miss a functionality in the sparse tensor support, please submit a feature request to https://github.com/pytorch/pytorch/issues. (Triggered internally at ..\aten\src\ATen\SparseCsrTensorImpl.cpp:55.)
    self.adj_csr = self.adj.to_sparse_csr().to(self.device)
[I 2026-04-30 04:27:04,156] Trial 20 finished with value: 0.3528957528957529 and parameters: {'lr': 0.001, 'weight_decay': 0.001, 'n_hidden': 128, 'n_layer': 2, 'dropout': 0.40630552963647}. Best is trial 11 with value: 0.3674572531715389.
    [CPU] Loading roman-empire...
    DEBUG 3.1: Dataset init start
    DEBUG 3.2: prepare_data start roman-empire
    ----Data statistics------'
    Name: roman-empire
    #Nodes 22662
    #Edges 32927
    #Classes 18
    #Ave_degree 2.91
    ----Split statistics------'
    #Train samples 1133 (5.0 % of nodes)
    #Val samples 3399 (15.0 % of nodes)
    #Test samples 18130 (remaining)
    ----label noise information:------
    Instance dependent noise
    #Actual noise rate 0.13
    [cuda:1] Waiting for GPU slot...
    [cuda:1] Slot acquired (waited 175.2s). Training...
    FINAL_RESULT: {'acc': {'train': 0.5172109443954104, 'valid': 0.3153868784936746, 'test': 0.35918367346938773}, 'wall_s': 180.87, 'cpu_s': 0.04, 'gpu_s': 180.69, 'wait_s': 175.23}
    [Time] wall=180.9s | cpu=0.0s | gpu=180.7s
    C:\Users\fbrev\Documents\Acadêmico\Simulações\Python\NoisyGL\predictor\Base_Predictor.py:144: UserWarning: Sparse CSR tensor support is in beta state. If you miss a functionality in the sparse tensor support, please submit a feature request to https://github.com/pytorch/pytorch/issues. (Triggered internally at ..\aten\src\ATen\SparseCsrTensorImpl.cpp:55.)
    self.adj_csr = self.adj.to_sparse_csr().to(self.device)
[I 2026-04-30 04:33:05,084] Trial 21 finished with value: 0.35918367346938773 and parameters: {'lr': 0.005, 'weight_decay': 0.0001, 'n_hidden': 128, 'n_layer': 2, 'dropout': 0.05456764672204817}. Best is trial 11 with value: 0.3674572531715389.
    [CPU] Loading roman-empire...
    DEBUG 3.1: Dataset init start
    DEBUG 3.2: prepare_data start roman-empire
    ----Data statistics------'
    Name: roman-empire
    #Nodes 22662
    #Edges 32927
    #Classes 18
    #Ave_degree 2.91
    ----Split statistics------'
    #Train samples 1133 (5.0 % of nodes)
    #Val samples 3399 (15.0 % of nodes)
    #Test samples 18130 (remaining)
    ----label noise information:------
    Instance dependent noise
    #Actual noise rate 0.13
    [cuda:1] Waiting for GPU slot...
    [cuda:1] Slot acquired (waited 276.3s). Training...
    FINAL_RESULT: {'acc': {'train': 0.47572815533980584, 'valid': 0.31479847013827594, 'test': 0.3542746828461114}, 'wall_s': 181.83, 'cpu_s': 0.04, 'gpu_s': 181.62, 'wait_s': 276.33}
    [Time] wall=181.8s | cpu=0.0s | gpu=181.6s
    C:\Users\fbrev\Documents\Acadêmico\Simulações\Python\NoisyGL\predictor\Base_Predictor.py:144: UserWarning: Sparse CSR tensor support is in beta state. If you miss a functionality in the sparse tensor support, please submit a feature request to https://github.com/pytorch/pytorch/issues. (Triggered internally at ..\aten\src\ATen\SparseCsrTensorImpl.cpp:55.)
    self.adj_csr = self.adj.to_sparse_csr().to(self.device)
[I 2026-04-30 04:40:48,264] Trial 22 finished with value: 0.3542746828461114 and parameters: {'lr': 0.005, 'weight_decay': 0.0001, 'n_hidden': 128, 'n_layer': 2, 'dropout': 0.015800503152701505}. Best is trial 11 with value: 0.3674572531715389.
    [CPU] Loading roman-empire...
    DEBUG 3.1: Dataset init start
    DEBUG 3.2: prepare_data start roman-empire
    ----Data statistics------'
    Name: roman-empire
    #Nodes 22662
    #Edges 32927
    #Classes 18
    #Ave_degree 2.91
    ----Split statistics------'
    #Train samples 1133 (5.0 % of nodes)
    #Val samples 3399 (15.0 % of nodes)
    #Test samples 18130 (remaining)
    ----label noise information:------
    Instance dependent noise
    #Actual noise rate 0.13
    [cuda:1] Waiting for GPU slot...
    [cuda:1] Slot acquired (waited 269.8s). Training...
    FINAL_RESULT: {'acc': {'train': 0.49867608120035306, 'valid': 0.3189173286260665, 'test': 0.361334804191947}, 'wall_s': 179.26, 'cpu_s': 0.05, 'gpu_s': 179.06, 'wait_s': 269.84}
    [Time] wall=179.3s | cpu=0.1s | gpu=179.1s
    C:\Users\fbrev\Documents\Acadêmico\Simulações\Python\NoisyGL\predictor\Base_Predictor.py:144: UserWarning: Sparse CSR tensor support is in beta state. If you miss a functionality in the sparse tensor support, please submit a feature request to https://github.com/pytorch/pytorch/issues. (Triggered internally at ..\aten\src\ATen\SparseCsrTensorImpl.cpp:55.)
    self.adj_csr = self.adj.to_sparse_csr().to(self.device)
[I 2026-04-30 04:48:22,594] Trial 23 finished with value: 0.361334804191947 and parameters: {'lr': 0.005, 'weight_decay': 0.0001, 'n_hidden': 128, 'n_layer': 2, 'dropout': 0.32866629876577746}. Best is trial 11 with value: 0.3674572531715389.
    [CPU] Loading roman-empire...
    DEBUG 3.1: Dataset init start
    DEBUG 3.2: prepare_data start roman-empire
    ----Data statistics------'
    Name: roman-empire
    #Nodes 22662
    #Edges 32927
    #Classes 18
    #Ave_degree 2.91
    ----Split statistics------'
    #Train samples 1133 (5.0 % of nodes)
    #Val samples 3399 (15.0 % of nodes)
    #Test samples 18130 (remaining)
    ----label noise information:------
    Instance dependent noise
    #Actual noise rate 0.13
    [cuda:1] Waiting for GPU slot...
    [cuda:1] Slot acquired (waited 137.0s). Training...
    FINAL_RESULT: {'acc': {'train': 0.5163283318623124, 'valid': 0.32097675786996177, 'test': 0.3628792057363486}, 'wall_s': 180.74, 'cpu_s': 0.05, 'gpu_s': 180.54, 'wait_s': 136.95}
    [Time] wall=180.7s | cpu=0.0s | gpu=180.5s
    C:\Users\fbrev\Documents\Acadêmico\Simulações\Python\NoisyGL\predictor\Base_Predictor.py:144: UserWarning: Sparse CSR tensor support is in beta state. If you miss a functionality in the sparse tensor support, please submit a feature request to https://github.com/pytorch/pytorch/issues. (Triggered internally at ..\aten\src\ATen\SparseCsrTensorImpl.cpp:55.)
    self.adj_csr = self.adj.to_sparse_csr().to(self.device)
[I 2026-04-30 04:53:45,389] Trial 24 finished with value: 0.3628792057363486 and parameters: {'lr': 0.005, 'weight_decay': 0.0001, 'n_hidden': 128, 'n_layer': 2, 'dropout': 0.32128301397947734}. Best is trial 11 with value: 0.3674572531715389.
    [CPU] Loading roman-empire...
    DEBUG 3.1: Dataset init start
    DEBUG 3.2: prepare_data start roman-empire
    ----Data statistics------'
    Name: roman-empire
    #Nodes 22662
    #Edges 32927
    #Classes 18
    #Ave_degree 2.91
    ----Split statistics------'
    #Train samples 1133 (5.0 % of nodes)
    #Val samples 3399 (15.0 % of nodes)
    #Test samples 18130 (remaining)
    ----label noise information:------
    Instance dependent noise
    #Actual noise rate 0.13
    [cuda:1] Waiting for GPU slot...
    [cuda:1] Slot acquired (waited 501.4s). Training...
    FINAL_RESULT: {'acc': {'train': 0.5154457193292145, 'valid': 0.32068255369226245, 'test': 0.36227247655819084}, 'wall_s': 180.79, 'cpu_s': 0.04, 'gpu_s': 180.6, 'wait_s': 501.38}
    [Time] wall=180.8s | cpu=0.0s | gpu=180.6s
    C:\Users\fbrev\Documents\Acadêmico\Simulações\Python\NoisyGL\predictor\Base_Predictor.py:144: UserWarning: Sparse CSR tensor support is in beta state. If you miss a functionality in the sparse tensor support, please submit a feature request to https://github.com/pytorch/pytorch/issues. (Triggered internally at ..\aten\src\ATen\SparseCsrTensorImpl.cpp:55.)
    self.adj_csr = self.adj.to_sparse_csr().to(self.device)
[I 2026-04-30 05:05:12,471] Trial 25 finished with value: 0.36227247655819084 and parameters: {'lr': 0.005, 'weight_decay': 0.0001, 'n_hidden': 128, 'n_layer': 2, 'dropout': 0.32629630944908505}. Best is trial 11 with value: 0.3674572531715389.
    [CPU] Loading roman-empire...
    DEBUG 3.1: Dataset init start
    DEBUG 3.2: prepare_data start roman-empire
    ----Data statistics------'
    Name: roman-empire
    #Nodes 22662
    #Edges 32927
    #Classes 18
    #Ave_degree 2.91
    ----Split statistics------'
    #Train samples 1133 (5.0 % of nodes)
    #Val samples 3399 (15.0 % of nodes)
    #Test samples 18130 (remaining)
    ----label noise information:------
    Instance dependent noise
    #Actual noise rate 0.13
    [cuda:1] Waiting for GPU slot...
    [cuda:1] Slot acquired (waited 631.7s). Training...
    FINAL_RESULT: {'acc': {'train': 0.5030891438658429, 'valid': 0.3162694910267726, 'test': 0.360672917815775}, 'wall_s': 179.48, 'cpu_s': 0.04, 'gpu_s': 179.31, 'wait_s': 631.71}
    [Time] wall=179.5s | cpu=0.0s | gpu=179.3s
    C:\Users\fbrev\Documents\Acadêmico\Simulações\Python\NoisyGL\predictor\Base_Predictor.py:144: UserWarning: Sparse CSR tensor support is in beta state. If you miss a functionality in the sparse tensor support, please submit a feature request to https://github.com/pytorch/pytorch/issues. (Triggered internally at ..\aten\src\ATen\SparseCsrTensorImpl.cpp:55.)
    self.adj_csr = self.adj.to_sparse_csr().to(self.device)
[I 2026-04-30 05:18:48,464] Trial 26 finished with value: 0.360672917815775 and parameters: {'lr': 0.005, 'weight_decay': 0.0001, 'n_hidden': 128, 'n_layer': 2, 'dropout': 0.47995842455149}. Best is trial 11 with value: 0.3674572531715389.
    [CPU] Loading roman-empire...
    DEBUG 3.1: Dataset init start
    DEBUG 3.2: prepare_data start roman-empire
    ----Data statistics------'
    Name: roman-empire
    #Nodes 22662
    #Edges 32927
    #Classes 18
    #Ave_degree 2.91
    ----Split statistics------'
    #Train samples 1133 (5.0 % of nodes)
    #Val samples 3399 (15.0 % of nodes)
    #Test samples 18130 (remaining)
    ----label noise information:------
    Instance dependent noise
    #Actual noise rate 0.13
    [cuda:1] Waiting for GPU slot...
    [cuda:1] Slot acquired (waited 353.0s). Training...
    FINAL_RESULT: {'acc': {'train': 0.5119152691968226, 'valid': 0.3195057369814651, 'test': 0.3607280750137893}, 'wall_s': 181.5, 'cpu_s': 0.05, 'gpu_s': 181.3, 'wait_s': 353.0}
    [Time] wall=181.5s | cpu=0.0s | gpu=181.3s
    C:\Users\fbrev\Documents\Acadêmico\Simulações\Python\NoisyGL\predictor\Base_Predictor.py:144: UserWarning: Sparse CSR tensor support is in beta state. If you miss a functionality in the sparse tensor support, please submit a feature request to https://github.com/pytorch/pytorch/issues. (Triggered internally at ..\aten\src\ATen\SparseCsrTensorImpl.cpp:55.)
    self.adj_csr = self.adj.to_sparse_csr().to(self.device)
[I 2026-04-30 05:27:48,127] Trial 27 finished with value: 0.3607280750137893 and parameters: {'lr': 0.005, 'weight_decay': 0.0001, 'n_hidden': 128, 'n_layer': 2, 'dropout': 0.2899115750279978}. Best is trial 11 with value: 0.3674572531715389.
    [CPU] Loading roman-empire...
    DEBUG 3.1: Dataset init start
    DEBUG 3.2: prepare_data start roman-empire
    ----Data statistics------'
    Name: roman-empire
    #Nodes 22662
    #Edges 32927
    #Classes 18
    #Ave_degree 2.91
    ----Split statistics------'
    #Train samples 1133 (5.0 % of nodes)
    #Val samples 3399 (15.0 % of nodes)
    #Test samples 18130 (remaining)
    ----label noise information:------
    Instance dependent noise
    #Actual noise rate 0.13
    [cuda:1] Waiting for GPU slot...
    [cuda:1] Slot acquired (waited 636.6s). Training...
    FINAL_RESULT: {'acc': {'train': 0.4783759929390997, 'valid': 0.3174463077375699, 'test': 0.3622173193601765}, 'wall_s': 179.92, 'cpu_s': 0.04, 'gpu_s': 179.73, 'wait_s': 636.62}
    [Time] wall=179.9s | cpu=0.0s | gpu=179.7s
    C:\Users\fbrev\Documents\Acadêmico\Simulações\Python\NoisyGL\predictor\Base_Predictor.py:144: UserWarning: Sparse CSR tensor support is in beta state. If you miss a functionality in the sparse tensor support, please submit a feature request to https://github.com/pytorch/pytorch/issues. (Triggered internally at ..\aten\src\ATen\SparseCsrTensorImpl.cpp:55.)
    self.adj_csr = self.adj.to_sparse_csr().to(self.device)
[I 2026-04-30 05:41:29,679] Trial 28 finished with value: 0.3622173193601765 and parameters: {'lr': 0.005, 'weight_decay': 0.0001, 'n_hidden': 128, 'n_layer': 2, 'dropout': 0.5027252159291583}. Best is trial 11 with value: 0.3674572531715389.
    [CPU] Loading roman-empire...
    DEBUG 3.1: Dataset init start
    DEBUG 3.2: prepare_data start roman-empire
    ----Data statistics------'
    Name: roman-empire
    #Nodes 22662
    #Edges 32927
    #Classes 18
    #Ave_degree 2.91
    ----Split statistics------'
    #Train samples 1133 (5.0 % of nodes)
    #Val samples 3399 (15.0 % of nodes)
    #Test samples 18130 (remaining)
    ----label noise information:------
    Instance dependent noise
    #Actual noise rate 0.13
    [cuda:1] Waiting for GPU slot...
    [cuda:1] Slot acquired (waited 496.2s). Training...
    FINAL_RESULT: {'acc': {'train': 0.4880847308031774, 'valid': 0.3189173286260665, 'test': 0.36271373414230557}, 'wall_s': 179.88, 'cpu_s': 0.04, 'gpu_s': 179.69, 'wait_s': 496.18}
    [Time] wall=179.9s | cpu=0.0s | gpu=179.7s
    C:\Users\fbrev\Documents\Acadêmico\Simulações\Python\NoisyGL\predictor\Base_Predictor.py:144: UserWarning: Sparse CSR tensor support is in beta state. If you miss a functionality in the sparse tensor support, please submit a feature request to https://github.com/pytorch/pytorch/issues. (Triggered internally at ..\aten\src\ATen\SparseCsrTensorImpl.cpp:55.)
    self.adj_csr = self.adj.to_sparse_csr().to(self.device)
[I 2026-04-30 05:52:50,674] Trial 29 finished with value: 0.36271373414230557 and parameters: {'lr': 0.005, 'weight_decay': 0.0001, 'n_hidden': 128, 'n_layer': 2, 'dropout': 0.41359270389723624}. Best is trial 11 with value: 0.3674572531715389.
    [CPU] Loading roman-empire...
    DEBUG 3.1: Dataset init start
    DEBUG 3.2: prepare_data start roman-empire
    ----Data statistics------'
    Name: roman-empire
    #Nodes 22662
    #Edges 32927
    #Classes 18
    #Ave_degree 2.91
    ----Split statistics------'
    #Train samples 1133 (5.0 % of nodes)
    #Val samples 3399 (15.0 % of nodes)
    #Test samples 18130 (remaining)
    ----label noise information:------
    Instance dependent noise
    #Actual noise rate 0.13
    [cuda:1] Waiting for GPU slot...
    [cuda:1] Slot acquired (waited 1144.5s). Training...
    FINAL_RESULT: {'acc': {'train': 0.48984995586937335, 'valid': 0.3195057369814651, 'test': 0.36227247655819084}, 'wall_s': 182.22, 'cpu_s': 0.05, 'gpu_s': 182.03, 'wait_s': 1144.53}
    [Time] wall=182.2s | cpu=0.0s | gpu=182.0s
    C:\Users\fbrev\Documents\Acadêmico\Simulações\Python\NoisyGL\predictor\Base_Predictor.py:144: UserWarning: Sparse CSR tensor support is in beta state. If you miss a functionality in the sparse tensor support, please submit a feature request to https://github.com/pytorch/pytorch/issues. (Triggered internally at ..\aten\src\ATen\SparseCsrTensorImpl.cpp:55.)
    self.adj_csr = self.adj.to_sparse_csr().to(self.device)
[I 2026-04-30 06:15:02,587] Trial 30 finished with value: 0.36227247655819084 and parameters: {'lr': 0.005, 'weight_decay': 0.0001, 'n_hidden': 128, 'n_layer': 2, 'dropout': 0.42157045247267755}. Best is trial 11 with value: 0.3674572531715389.
    [CPU] Loading roman-empire...
    DEBUG 3.1: Dataset init start
    DEBUG 3.2: prepare_data start roman-empire
    ----Data statistics------'
    Name: roman-empire
    #Nodes 22662
    #Edges 32927
    #Classes 18
    #Ave_degree 2.91
    ----Split statistics------'
    #Train samples 1133 (5.0 % of nodes)
    #Val samples 3399 (15.0 % of nodes)
    #Test samples 18130 (remaining)
    ----label noise information:------
    Instance dependent noise
    #Actual noise rate 0.13
    [cuda:1] Waiting for GPU slot...
    [cuda:1] Slot acquired (waited 856.4s). Training...
    FINAL_RESULT: {'acc': {'train': 0.49867608120035306, 'valid': 0.31979994115916444, 'test': 0.3619966905681191}, 'wall_s': 179.02, 'cpu_s': 0.05, 'gpu_s': 178.8, 'wait_s': 856.45}
    [Time] wall=179.0s | cpu=0.1s | gpu=178.8s
    C:\Users\fbrev\Documents\Acadêmico\Simulações\Python\NoisyGL\predictor\Base_Predictor.py:144: UserWarning: Sparse CSR tensor support is in beta state. If you miss a functionality in the sparse tensor support, please submit a feature request to https://github.com/pytorch/pytorch/issues. (Triggered internally at ..\aten\src\ATen\SparseCsrTensorImpl.cpp:55.)
    self.adj_csr = self.adj.to_sparse_csr().to(self.device)
[I 2026-04-30 06:32:23,427] Trial 31 finished with value: 0.3619966905681191 and parameters: {'lr': 0.005, 'weight_decay': 0.0001, 'n_hidden': 128, 'n_layer': 2, 'dropout': 0.3516928308808256}. Best is trial 11 with value: 0.3674572531715389.
    [CPU] Loading roman-empire...
    DEBUG 3.1: Dataset init start
    DEBUG 3.2: prepare_data start roman-empire
    ----Data statistics------'
    Name: roman-empire
    #Nodes 22662
    #Edges 32927
    #Classes 18
    #Ave_degree 2.91
    ----Split statistics------'
    #Train samples 1133 (5.0 % of nodes)
    #Val samples 3399 (15.0 % of nodes)
    #Test samples 18130 (remaining)
    ----label noise information:------
    Instance dependent noise
    #Actual noise rate 0.13
    [cuda:1] Waiting for GPU slot...
    [cuda:1] Slot acquired (waited 175.1s). Training...
    FINAL_RESULT: {'acc': {'train': 0.4651368049426302, 'valid': 0.3162694910267726, 'test': 0.363596249310535}, 'wall_s': 180.63, 'cpu_s': 0.04, 'gpu_s': 180.44, 'wait_s': 175.12}
    [Time] wall=180.6s | cpu=0.0s | gpu=180.4s
    C:\Users\fbrev\Documents\Acadêmico\Simulações\Python\NoisyGL\predictor\Base_Predictor.py:144: UserWarning: Sparse CSR tensor support is in beta state. If you miss a functionality in the sparse tensor support, please submit a feature request to https://github.com/pytorch/pytorch/issues. (Triggered internally at ..\aten\src\ATen\SparseCsrTensorImpl.cpp:55.)
    self.adj_csr = self.adj.to_sparse_csr().to(self.device)
[I 2026-04-30 06:38:24,043] Trial 32 finished with value: 0.363596249310535 and parameters: {'lr': 0.005, 'weight_decay': 0.0001, 'n_hidden': 128, 'n_layer': 2, 'dropout': 0.5402795499116604}. Best is trial 11 with value: 0.3674572531715389.
    [CPU] Loading roman-empire...
    DEBUG 3.1: Dataset init start
    DEBUG 3.2: prepare_data start roman-empire
    ----Data statistics------'
    Name: roman-empire
    #Nodes 22662
    #Edges 32927
    #Classes 18
    #Ave_degree 2.91
    ----Split statistics------'
    #Train samples 1133 (5.0 % of nodes)
    #Val samples 3399 (15.0 % of nodes)
    #Test samples 18130 (remaining)
    ----label noise information:------
    Instance dependent noise
    #Actual noise rate 0.13
    [cuda:1] Waiting for GPU slot...
    [cuda:1] Slot acquired (waited 357.4s). Training...
    FINAL_RESULT: {'acc': {'train': 0.46601941747572817, 'valid': 0.3180347160929685, 'test': 0.36337562051847766}, 'wall_s': 179.36, 'cpu_s': 0.04, 'gpu_s': 179.17, 'wait_s': 357.4}
    [Time] wall=179.4s | cpu=0.0s | gpu=179.2s
    C:\Users\fbrev\Documents\Acadêmico\Simulações\Python\NoisyGL\predictor\Base_Predictor.py:144: UserWarning: Sparse CSR tensor support is in beta state. If you miss a functionality in the sparse tensor support, please submit a feature request to https://github.com/pytorch/pytorch/issues. (Triggered internally at ..\aten\src\ATen\SparseCsrTensorImpl.cpp:55.)
    self.adj_csr = self.adj.to_sparse_csr().to(self.device)
[I 2026-04-30 06:47:25,723] Trial 33 finished with value: 0.36337562051847766 and parameters: {'lr': 0.005, 'weight_decay': 0.0001, 'n_hidden': 128, 'n_layer': 2, 'dropout': 0.5379911305651229}. Best is trial 11 with value: 0.3674572531715389.
    [CPU] Loading roman-empire...
    DEBUG 3.1: Dataset init start
    DEBUG 3.2: prepare_data start roman-empire
    ----Data statistics------'
    Name: roman-empire
    #Nodes 22662
    #Edges 32927
    #Classes 18
    #Ave_degree 2.91
    ----Split statistics------'
    #Train samples 1133 (5.0 % of nodes)
    #Val samples 3399 (15.0 % of nodes)
    #Test samples 18130 (remaining)
    ----label noise information:------
    Instance dependent noise
    #Actual noise rate 0.13
    [cuda:1] Waiting for GPU slot...
    [cuda:1] Slot acquired (waited 318.1s). Training...
    FINAL_RESULT: {'acc': {'train': 0.6266548984995587, 'valid': 0.3165636952044719, 'test': 0.3577495863210149}, 'wall_s': 179.77, 'cpu_s': 0.04, 'gpu_s': 179.57, 'wait_s': 318.09}
    [Time] wall=179.8s | cpu=0.0s | gpu=179.6s
    C:\Users\fbrev\Documents\Acadêmico\Simulações\Python\NoisyGL\predictor\Base_Predictor.py:144: UserWarning: Sparse CSR tensor support is in beta state. If you miss a functionality in the sparse tensor support, please submit a feature request to https://github.com/pytorch/pytorch/issues. (Triggered internally at ..\aten\src\ATen\SparseCsrTensorImpl.cpp:55.)
    self.adj_csr = self.adj.to_sparse_csr().to(self.device)
[I 2026-04-30 06:55:48,617] Trial 34 finished with value: 0.3577495863210149 and parameters: {'lr': 0.005, 'weight_decay': 0.0001, 'n_hidden': 128, 'n_layer': 2, 'dropout': 0.5255223441732795}. Best is trial 11 with value: 0.3674572531715389.
    [CPU] Loading roman-empire...
    DEBUG 3.1: Dataset init start
    DEBUG 3.2: prepare_data start roman-empire
    ----Data statistics------'
    Name: roman-empire
    #Nodes 22662
    #Edges 32927
    #Classes 18
    #Ave_degree 2.91
    ----Split statistics------'
    #Train samples 1133 (5.0 % of nodes)
    #Val samples 3399 (15.0 % of nodes)
    #Test samples 18130 (remaining)
    ----label noise information:------
    Instance dependent noise
    #Actual noise rate 0.13
    [cuda:1] Waiting for GPU slot...
    [cuda:1] Slot acquired (waited 357.1s). Training...
    FINAL_RESULT: {'acc': {'train': 0.501323918799647, 'valid': 0.3200941453368638, 'test': 0.37175951461665746}, 'wall_s': 181.62, 'cpu_s': 0.04, 'gpu_s': 181.44, 'wait_s': 357.13}
    [Time] wall=181.6s | cpu=0.0s | gpu=181.4s
    C:\Users\fbrev\Documents\Acadêmico\Simulações\Python\NoisyGL\predictor\Base_Predictor.py:144: UserWarning: Sparse CSR tensor support is in beta state. If you miss a functionality in the sparse tensor support, please submit a feature request to https://github.com/pytorch/pytorch/issues. (Triggered internally at ..\aten\src\ATen\SparseCsrTensorImpl.cpp:55.)
    self.adj_csr = self.adj.to_sparse_csr().to(self.device)
[I 2026-04-30 07:04:52,229] Trial 35 finished with value: 0.37175951461665746 and parameters: {'lr': 0.005, 'weight_decay': 0.0001, 'n_hidden': 128, 'n_layer': 2, 'dropout': 0.6677527448741547}. Best is trial 35 with value: 0.37175951461665746.
    [CPU] Loading roman-empire...
    DEBUG 3.1: Dataset init start
    DEBUG 3.2: prepare_data start roman-empire
    ----Data statistics------'
    Name: roman-empire
    #Nodes 22662
    #Edges 32927
    #Classes 18
    #Ave_degree 2.91
    ----Split statistics------'
    #Train samples 1133 (5.0 % of nodes)
    #Val samples 3399 (15.0 % of nodes)
    #Test samples 18130 (remaining)
    ----label noise information:------
    Instance dependent noise
    #Actual noise rate 0.13
    [cuda:1] Waiting for GPU slot...
    [cuda:1] Slot acquired (waited 316.7s). Training...
    FINAL_RESULT: {'acc': {'train': 0.12180052956751986, 'valid': 0.1209179170344219, 'test': 0.13739658025372312}, 'wall_s': 180.87, 'cpu_s': 0.05, 'gpu_s': 180.68, 'wait_s': 316.71}
    [Time] wall=180.9s | cpu=0.0s | gpu=180.7s
    C:\Users\fbrev\Documents\Acadêmico\Simulações\Python\NoisyGL\predictor\Base_Predictor.py:144: UserWarning: Sparse CSR tensor support is in beta state. If you miss a functionality in the sparse tensor support, please submit a feature request to https://github.com/pytorch/pytorch/issues. (Triggered internally at ..\aten\src\ATen\SparseCsrTensorImpl.cpp:55.)
    self.adj_csr = self.adj.to_sparse_csr().to(self.device)
[I 2026-04-30 07:13:14,811] Trial 36 finished with value: 0.13739658025372312 and parameters: {'lr': 0.005, 'weight_decay': 0.05, 'n_hidden': 128, 'n_layer': 2, 'dropout': 0.6574183032864381}. Best is trial 35 with value: 0.37175951461665746.
    [CPU] Loading roman-empire...
    DEBUG 3.1: Dataset init start
    DEBUG 3.2: prepare_data start roman-empire
    ----Data statistics------'
    Name: roman-empire
    #Nodes 22662
    #Edges 32927
    #Classes 18
    #Ave_degree 2.91
    ----Split statistics------'
    #Train samples 1133 (5.0 % of nodes)
    #Val samples 3399 (15.0 % of nodes)
    #Test samples 18130 (remaining)
    ----label noise information:------
    Instance dependent noise
    #Actual noise rate 0.13
    [cuda:1] Waiting for GPU slot...
    [cuda:1] Slot acquired (waited 174.5s). Training...
    FINAL_RESULT: {'acc': {'train': 0.5180935569285083, 'valid': 0.30950279493968813, 'test': 0.3639823496966354}, 'wall_s': 180.13, 'cpu_s': 0.05, 'gpu_s': 179.89, 'wait_s': 174.48}
    [Time] wall=180.1s | cpu=0.0s | gpu=179.9s
    C:\Users\fbrev\Documents\Acadêmico\Simulações\Python\NoisyGL\predictor\Base_Predictor.py:144: UserWarning: Sparse CSR tensor support is in beta state. If you miss a functionality in the sparse tensor support, please submit a feature request to https://github.com/pytorch/pytorch/issues. (Triggered internally at ..\aten\src\ATen\SparseCsrTensorImpl.cpp:55.)
    self.adj_csr = self.adj.to_sparse_csr().to(self.device)
[I 2026-04-30 07:19:14,377] Trial 37 finished with value: 0.3639823496966354 and parameters: {'lr': 0.001, 'weight_decay': 0.0001, 'n_hidden': 128, 'n_layer': 2, 'dropout': 0.5483601596326704}. Best is trial 35 with value: 0.37175951461665746.
    [CPU] Loading roman-empire...
    DEBUG 3.1: Dataset init start
    DEBUG 3.2: prepare_data start roman-empire
    ----Data statistics------'
    Name: roman-empire
    #Nodes 22662
    #Edges 32927
    #Classes 18
    #Ave_degree 2.91
    ----Split statistics------'
    #Train samples 1133 (5.0 % of nodes)
    #Val samples 3399 (15.0 % of nodes)
    #Test samples 18130 (remaining)
    ----label noise information:------
    Instance dependent noise
    #Actual noise rate 0.13
    [cuda:1] Waiting for GPU slot...
    [cuda:1] Slot acquired (waited 177.9s). Training...
    FINAL_RESULT: {'acc': {'train': 0.4024713150926743, 'valid': 0.3021476904972051, 'test': 0.3465526751241037}, 'wall_s': 180.71, 'cpu_s': 0.04, 'gpu_s': 180.49, 'wait_s': 177.94}
    [Time] wall=180.7s | cpu=0.0s | gpu=180.5s
    C:\Users\fbrev\Documents\Acadêmico\Simulações\Python\NoisyGL\predictor\Base_Predictor.py:144: UserWarning: Sparse CSR tensor support is in beta state. If you miss a functionality in the sparse tensor support, please submit a feature request to https://github.com/pytorch/pytorch/issues. (Triggered internally at ..\aten\src\ATen\SparseCsrTensorImpl.cpp:55.)
    self.adj_csr = self.adj.to_sparse_csr().to(self.device)
[I 2026-04-30 07:25:18,125] Trial 38 finished with value: 0.3465526751241037 and parameters: {'lr': 0.001, 'weight_decay': 0.0, 'n_hidden': 64, 'n_layer': 2, 'dropout': 0.6047035814845033}. Best is trial 35 with value: 0.37175951461665746.
    [CPU] Loading roman-empire...
    DEBUG 3.1: Dataset init start
    DEBUG 3.2: prepare_data start roman-empire
    ----Data statistics------'
    Name: roman-empire
    #Nodes 22662
    #Edges 32927
    #Classes 18
    #Ave_degree 2.91
    ----Split statistics------'
    #Train samples 1133 (5.0 % of nodes)
    #Val samples 3399 (15.0 % of nodes)
    #Test samples 18130 (remaining)
    ----label noise information:------
    Instance dependent noise
    #Actual noise rate 0.13
    [cuda:1] Waiting for GPU slot...
    [cuda:1] Slot acquired (waited 1507.3s). Training...
    FINAL_RESULT: {'acc': {'train': 0.2003530450132392, 'valid': 0.20152986172403647, 'test': 0.23044677330391616}, 'wall_s': 179.74, 'cpu_s': 0.05, 'gpu_s': 179.53, 'wait_s': 1507.34}
    [Time] wall=179.7s | cpu=0.0s | gpu=179.5s
    C:\Users\fbrev\Documents\Acadêmico\Simulações\Python\NoisyGL\predictor\Base_Predictor.py:144: UserWarning: Sparse CSR tensor support is in beta state. If you miss a functionality in the sparse tensor support, please submit a feature request to https://github.com/pytorch/pytorch/issues. (Triggered internally at ..\aten\src\ATen\SparseCsrTensorImpl.cpp:55.)
    self.adj_csr = self.adj.to_sparse_csr().to(self.device)
[I 2026-04-30 07:53:30,780] Trial 39 finished with value: 0.23044677330391616 and parameters: {'lr': 0.001, 'weight_decay': 0.01, 'n_hidden': 128, 'n_layer': 2, 'dropout': 0.6545267262783299}. Best is trial 35 with value: 0.37175951461665746.
    [CPU] Loading roman-empire...
    DEBUG 3.1: Dataset init start
    DEBUG 3.2: prepare_data start roman-empire
    ----Data statistics------'
    Name: roman-empire
    #Nodes 22662
    #Edges 32927
    #Classes 18
    #Ave_degree 2.91
    ----Split statistics------'
    #Train samples 1133 (5.0 % of nodes)
    #Val samples 3399 (15.0 % of nodes)
    #Test samples 18130 (remaining)
    ----label noise information:------
    Instance dependent noise
    #Actual noise rate 0.13
    [cuda:1] Waiting for GPU slot...
    [cuda:1] Slot acquired (waited 814.0s). Training...
    FINAL_RESULT: {'acc': {'train': 0.45719329214474846, 'valid': 0.3109738158281848, 'test': 0.35455046883618313}, 'wall_s': 179.71, 'cpu_s': 0.04, 'gpu_s': 179.49, 'wait_s': 813.96}
    [Time] wall=179.7s | cpu=0.0s | gpu=179.5s
    C:\Users\fbrev\Documents\Acadêmico\Simulações\Python\NoisyGL\predictor\Base_Predictor.py:144: UserWarning: Sparse CSR tensor support is in beta state. If you miss a functionality in the sparse tensor support, please submit a feature request to https://github.com/pytorch/pytorch/issues. (Triggered internally at ..\aten\src\ATen\SparseCsrTensorImpl.cpp:55.)
    self.adj_csr = self.adj.to_sparse_csr().to(self.device)
[I 2026-04-30 08:10:09,447] Trial 40 finished with value: 0.35455046883618313 and parameters: {'lr': 0.001, 'weight_decay': 0.001, 'n_hidden': 128, 'n_layer': 2, 'dropout': 0.5561279879444918}. Best is trial 35 with value: 0.37175951461665746.
    [CPU] Loading roman-empire...
    DEBUG 3.1: Dataset init start
    DEBUG 3.2: prepare_data start roman-empire
    ----Data statistics------'
    Name: roman-empire
    #Nodes 22662
    #Edges 32927
    #Classes 18
    #Ave_degree 2.91
    ----Split statistics------'
    #Train samples 1133 (5.0 % of nodes)
    #Val samples 3399 (15.0 % of nodes)
    #Test samples 18130 (remaining)
    ----label noise information:------
    Instance dependent noise
    #Actual noise rate 0.13
    [cuda:1] Waiting for GPU slot...
    [cuda:1] Slot acquired (waited 178.2s). Training...
    FINAL_RESULT: {'acc': {'train': 0.13503971756398941, 'valid': 0.137393350985584, 'test': 0.15929398786541643}, 'wall_s': 180.38, 'cpu_s': 0.04, 'gpu_s': 180.21, 'wait_s': 178.16}
    [Time] wall=180.4s | cpu=0.0s | gpu=180.2s
    C:\Users\fbrev\Documents\Acadêmico\Simulações\Python\NoisyGL\predictor\Base_Predictor.py:144: UserWarning: Sparse CSR tensor support is in beta state. If you miss a functionality in the sparse tensor support, please submit a feature request to https://github.com/pytorch/pytorch/issues. (Triggered internally at ..\aten\src\ATen\SparseCsrTensorImpl.cpp:55.)
    self.adj_csr = self.adj.to_sparse_csr().to(self.device)
[I 2026-04-30 08:16:12,975] Trial 41 finished with value: 0.15929398786541643 and parameters: {'lr': 0.1, 'weight_decay': 0.0001, 'n_hidden': 128, 'n_layer': 2, 'dropout': 0.7055198028230091}. Best is trial 35 with value: 0.37175951461665746.
    [CPU] Loading roman-empire...
    DEBUG 3.1: Dataset init start
    DEBUG 3.2: prepare_data start roman-empire
    ----Data statistics------'
    Name: roman-empire
    #Nodes 22662
    #Edges 32927
    #Classes 18
    #Ave_degree 2.91
    ----Split statistics------'
    #Train samples 1133 (5.0 % of nodes)
    #Val samples 3399 (15.0 % of nodes)
    #Test samples 18130 (remaining)
    ----label noise information:------
    Instance dependent noise
    #Actual noise rate 0.13
    [cuda:1] Waiting for GPU slot...
    [cuda:1] Slot acquired (waited 134.5s). Training...
    FINAL_RESULT: {'acc': {'train': 0.49514563106796117, 'valid': 0.31009120329508677, 'test': 0.36227247655819084}, 'wall_s': 179.7, 'cpu_s': 0.04, 'gpu_s': 179.49, 'wait_s': 134.51}
    [Time] wall=179.7s | cpu=0.0s | gpu=179.5s
    C:\Users\fbrev\Documents\Acadêmico\Simulações\Python\NoisyGL\predictor\Base_Predictor.py:144: UserWarning: Sparse CSR tensor support is in beta state. If you miss a functionality in the sparse tensor support, please submit a feature request to https://github.com/pytorch/pytorch/issues. (Triggered internally at ..\aten\src\ATen\SparseCsrTensorImpl.cpp:55.)
    self.adj_csr = self.adj.to_sparse_csr().to(self.device)
[I 2026-04-30 08:21:32,456] Trial 42 finished with value: 0.36227247655819084 and parameters: {'lr': 0.001, 'weight_decay': 0.0001, 'n_hidden': 128, 'n_layer': 2, 'dropout': 0.5373862110517392}. Best is trial 35 with value: 0.37175951461665746.
    [CPU] Loading roman-empire...
    DEBUG 3.1: Dataset init start
    DEBUG 3.2: prepare_data start roman-empire
    ----Data statistics------'
    Name: roman-empire
    #Nodes 22662
    #Edges 32927
    #Classes 18
    #Ave_degree 2.91
    ----Split statistics------'
    #Train samples 1133 (5.0 % of nodes)
    #Val samples 3399 (15.0 % of nodes)
    #Test samples 18130 (remaining)
    ----label noise information:------
    Instance dependent noise
    #Actual noise rate 0.13
    [cuda:1] Waiting for GPU slot...
    [cuda:1] Slot acquired (waited 358.0s). Training...
    FINAL_RESULT: {'acc': {'train': 0.49338040600176525, 'valid': 0.3177405119152692, 'test': 0.36674020959735243}, 'wall_s': 181.27, 'cpu_s': 0.04, 'gpu_s': 181.06, 'wait_s': 357.96}
    [Time] wall=181.3s | cpu=0.0s | gpu=181.1s
    C:\Users\fbrev\Documents\Acadêmico\Simulações\Python\NoisyGL\predictor\Base_Predictor.py:144: UserWarning: Sparse CSR tensor support is in beta state. If you miss a functionality in the sparse tensor support, please submit a feature request to https://github.com/pytorch/pytorch/issues. (Triggered internally at ..\aten\src\ATen\SparseCsrTensorImpl.cpp:55.)
    self.adj_csr = self.adj.to_sparse_csr().to(self.device)
[I 2026-04-30 08:30:36,772] Trial 43 finished with value: 0.36674020959735243 and parameters: {'lr': 0.005, 'weight_decay': 0.0001, 'n_hidden': 128, 'n_layer': 2, 'dropout': 0.6173199032424727}. Best is trial 35 with value: 0.37175951461665746.
    [CPU] Loading roman-empire...
    DEBUG 3.1: Dataset init start
    DEBUG 3.2: prepare_data start roman-empire
    ----Data statistics------'
    Name: roman-empire
    #Nodes 22662
    #Edges 32927
    #Classes 18
    #Ave_degree 2.91
    ----Split statistics------'
    #Train samples 1133 (5.0 % of nodes)
    #Val samples 3399 (15.0 % of nodes)
    #Test samples 18130 (remaining)
    ----label noise information:------
    Instance dependent noise
    #Actual noise rate 0.13
    [cuda:1] Waiting for GPU slot...
    [cuda:1] Slot acquired (waited 1135.8s). Training...
    FINAL_RESULT: {'acc': {'train': 0.4942630185348632, 'valid': 0.3142100617828773, 'test': 0.360672917815775}, 'wall_s': 182.12, 'cpu_s': 0.05, 'gpu_s': 181.9, 'wait_s': 1135.82}
    [Time] wall=182.1s | cpu=0.1s | gpu=181.9s
    C:\Users\fbrev\Documents\Acadêmico\Simulações\Python\NoisyGL\predictor\Base_Predictor.py:144: UserWarning: Sparse CSR tensor support is in beta state. If you miss a functionality in the sparse tensor support, please submit a feature request to https://github.com/pytorch/pytorch/issues. (Triggered internally at ..\aten\src\ATen\SparseCsrTensorImpl.cpp:55.)
    self.adj_csr = self.adj.to_sparse_csr().to(self.device)
[I 2026-04-30 08:52:40,396] Trial 44 finished with value: 0.360672917815775 and parameters: {'lr': 0.005, 'weight_decay': 0.0001, 'n_hidden': 64, 'n_layer': 2, 'dropout': 0.6072677596661114}. Best is trial 35 with value: 0.37175951461665746.
    [CPU] Loading roman-empire...
    DEBUG 3.1: Dataset init start
    DEBUG 3.2: prepare_data start roman-empire
    ----Data statistics------'
    Name: roman-empire
    #Nodes 22662
    #Edges 32927
    #Classes 18
    #Ave_degree 2.91
    ----Split statistics------'
    #Train samples 1133 (5.0 % of nodes)
    #Val samples 3399 (15.0 % of nodes)
    #Test samples 18130 (remaining)
    ----label noise information:------
    Instance dependent noise
    #Actual noise rate 0.13
    [cuda:1] Waiting for GPU slot...
    [cuda:1] Slot acquired (waited 883.8s). Training...
    FINAL_RESULT: {'acc': {'train': 0.1262135922330097, 'valid': 0.15916446013533392, 'test': 0.17859900717043575}, 'wall_s': 185.34, 'cpu_s': 0.05, 'gpu_s': 185.13, 'wait_s': 883.83}
    [Time] wall=185.3s | cpu=0.1s | gpu=185.1s
    C:\Users\fbrev\Documents\Acadêmico\Simulações\Python\NoisyGL\predictor\Base_Predictor.py:144: UserWarning: Sparse CSR tensor support is in beta state. If you miss a functionality in the sparse tensor support, please submit a feature request to https://github.com/pytorch/pytorch/issues. (Triggered internally at ..\aten\src\ATen\SparseCsrTensorImpl.cpp:55.)
    self.adj_csr = self.adj.to_sparse_csr().to(self.device)
[I 2026-04-30 09:10:35,079] Trial 45 finished with value: 0.17859900717043575 and parameters: {'lr': 0.1, 'weight_decay': 0.05, 'n_hidden': 128, 'n_layer': 2, 'dropout': 0.6939500052419699}. Best is trial 35 with value: 0.37175951461665746.
    [CPU] Loading roman-empire...
    DEBUG 3.1: Dataset init start
    DEBUG 3.2: prepare_data start roman-empire
    ----Data statistics------'
    Name: roman-empire
    #Nodes 22662
    #Edges 32927
    #Classes 18
    #Ave_degree 2.91
    ----Split statistics------'
    #Train samples 1133 (5.0 % of nodes)
    #Val samples 3399 (15.0 % of nodes)
    #Test samples 18130 (remaining)
    ----label noise information:------
    Instance dependent noise
    #Actual noise rate 0.13
    [cuda:1] Waiting for GPU slot...
    [cuda:1] Slot acquired (waited 697.9s). Training...
    FINAL_RESULT: {'acc': {'train': 0.4730803177405119, 'valid': 0.31362165342747866, 'test': 0.3676227247655819}, 'wall_s': 188.95, 'cpu_s': 0.05, 'gpu_s': 188.69, 'wait_s': 697.89}
    [Time] wall=188.9s | cpu=0.1s | gpu=188.7s
    C:\Users\fbrev\Documents\Acadêmico\Simulações\Python\NoisyGL\predictor\Base_Predictor.py:144: UserWarning: Sparse CSR tensor support is in beta state. If you miss a functionality in the sparse tensor support, please submit a feature request to https://github.com/pytorch/pytorch/issues. (Triggered internally at ..\aten\src\ATen\SparseCsrTensorImpl.cpp:55.)
    self.adj_csr = self.adj.to_sparse_csr().to(self.device)
[I 2026-04-30 09:25:27,670] Trial 46 finished with value: 0.3676227247655819 and parameters: {'lr': 0.001, 'weight_decay': 0.0001, 'n_hidden': 128, 'n_layer': 2, 'dropout': 0.7972267798420178}. Best is trial 35 with value: 0.37175951461665746.
 [Optuna] Early stopping at trial 46.

[Retest] Phase 1 Finished. Validating Top 3 (10 runs each)...

  [Retest] Candidate 1/3 (Trial 35, HPO_acc=0.3718)
    [CPU] Loading roman-empire...
    DEBUG 3.1: Dataset init start
    DEBUG 3.2: prepare_data start roman-empire
    ----Data statistics------'
    Name: roman-empire
    #Nodes 22662
    #Edges 32927
    #Classes 18
    #Ave_degree 2.91
    ----Split statistics------'
    #Train samples 1133 (5.0 % of nodes)
    #Val samples 3399 (15.0 % of nodes)
    #Test samples 18130 (remaining)
    ----label noise information:------
    Instance dependent noise
    #Actual noise rate 0.13
    [cuda:1] Waiting for GPU slot...
    [cuda:1] Slot acquired (waited 532.3s). Training...
    FINAL_RESULT: {'acc': {'train': 0.5445719329214475, 'valid': 0.30097087378640774, 'test': 0.3368450082735797}, 'wall_s': 191.21, 'cpu_s': 0.04, 'gpu_s': 191.01, 'wait_s': 532.32}
    [Time] wall=191.2s | cpu=0.0s | gpu=191.0s
    C:\Users\fbrev\Documents\Acadêmico\Simulações\Python\NoisyGL\predictor\Base_Predictor.py:144: UserWarning: Sparse CSR tensor support is in beta state. If you miss a functionality in the sparse tensor support, please submit a feature request to https://github.com/pytorch/pytorch/issues. (Triggered internally at ..\aten\src\ATen\SparseCsrTensorImpl.cpp:55.)
    self.adj_csr = self.adj.to_sparse_csr().to(self.device)
    [CPU] Loading roman-empire...
    DEBUG 3.1: Dataset init start
    DEBUG 3.2: prepare_data start roman-empire
    ----Data statistics------'
    Name: roman-empire
    #Nodes 22662
    #Edges 32927
    #Classes 18
    #Ave_degree 2.91
    ----Split statistics------'
    #Train samples 1133 (5.0 % of nodes)
    #Val samples 3399 (15.0 % of nodes)
    #Test samples 18130 (remaining)
    ----label noise information:------
    Instance dependent noise
    #Actual noise rate 0.13
    [cuda:1] Waiting for GPU slot...
    [cuda:1] Slot acquired (waited 153.5s). Training...
    FINAL_RESULT: {'acc': {'train': 0.4960282436010591, 'valid': 0.30979699911738745, 'test': 0.35648097076668506}, 'wall_s': 182.0, 'cpu_s': 0.06, 'gpu_s': 181.76, 'wait_s': 153.47}
    [Time] wall=182.0s | cpu=0.1s | gpu=181.8s
    C:\Users\fbrev\Documents\Acadêmico\Simulações\Python\NoisyGL\predictor\Base_Predictor.py:144: UserWarning: Sparse CSR tensor support is in beta state. If you miss a functionality in the sparse tensor support, please submit a feature request to https://github.com/pytorch/pytorch/issues. (Triggered internally at ..\aten\src\ATen\SparseCsrTensorImpl.cpp:55.)
    self.adj_csr = self.adj.to_sparse_csr().to(self.device)
    [CPU] Loading roman-empire...
    DEBUG 3.1: Dataset init start
    DEBUG 3.2: prepare_data start roman-empire
    ----Data statistics------'
    Name: roman-empire
    #Nodes 22662
    #Edges 32927
    #Classes 18
    #Ave_degree 2.91
    ----Split statistics------'
    #Train samples 1133 (5.0 % of nodes)
    #Val samples 3399 (15.0 % of nodes)
    #Test samples 18130 (remaining)
    ----label noise information:------
    Instance dependent noise
    #Actual noise rate 0.13
    [cuda:1] Waiting for GPU slot...
    [cuda:1] Slot acquired (waited 145.4s). Training...
    FINAL_RESULT: {'acc': {'train': 0.5754633715798765, 'valid': 0.3053839364518976, 'test': 0.3398234969663541}, 'wall_s': 181.87, 'cpu_s': 0.06, 'gpu_s': 181.66, 'wait_s': 145.41}
    [Time] wall=181.9s | cpu=0.1s | gpu=181.7s
    C:\Users\fbrev\Documents\Acadêmico\Simulações\Python\NoisyGL\predictor\Base_Predictor.py:144: UserWarning: Sparse CSR tensor support is in beta state. If you miss a functionality in the sparse tensor support, please submit a feature request to https://github.com/pytorch/pytorch/issues. (Triggered internally at ..\aten\src\ATen\SparseCsrTensorImpl.cpp:55.)
    self.adj_csr = self.adj.to_sparse_csr().to(self.device)
    [CPU] Loading roman-empire...
    DEBUG 3.1: Dataset init start
    DEBUG 3.2: prepare_data start roman-empire
    ----Data statistics------'
    Name: roman-empire
    #Nodes 22662
    #Edges 32927
    #Classes 18
    #Ave_degree 2.91
    ----Split statistics------'
    #Train samples 1133 (5.0 % of nodes)
    #Val samples 3399 (15.0 % of nodes)
    #Test samples 18130 (remaining)
    ----label noise information:------
    Instance dependent noise
    #Actual noise rate 0.13
    [cuda:1] Waiting for GPU slot...
    [cuda:1] Slot acquired (waited 144.3s). Training...
    FINAL_RESULT: {'acc': {'train': 0.6231244483671668, 'valid': 0.3106796116504854, 'test': 0.3436293436293436}, 'wall_s': 182.17, 'cpu_s': 0.04, 'gpu_s': 181.98, 'wait_s': 144.26}
    [Time] wall=182.2s | cpu=0.0s | gpu=182.0s
    C:\Users\fbrev\Documents\Acadêmico\Simulações\Python\NoisyGL\predictor\Base_Predictor.py:144: UserWarning: Sparse CSR tensor support is in beta state. If you miss a functionality in the sparse tensor support, please submit a feature request to https://github.com/pytorch/pytorch/issues. (Triggered internally at ..\aten\src\ATen\SparseCsrTensorImpl.cpp:55.)
    self.adj_csr = self.adj.to_sparse_csr().to(self.device)
    [CPU] Loading roman-empire...
    DEBUG 3.1: Dataset init start
    DEBUG 3.2: prepare_data start roman-empire
    ----Data statistics------'
    Name: roman-empire
    #Nodes 22662
    #Edges 32927
    #Classes 18
    #Ave_degree 2.91
    ----Split statistics------'
    #Train samples 1133 (5.0 % of nodes)
    #Val samples 3399 (15.0 % of nodes)
    #Test samples 18130 (remaining)
    ----label noise information:------
    Instance dependent noise
    #Actual noise rate 0.13
    [cuda:1] Waiting for GPU slot...
    [cuda:1] Slot acquired (waited 505.8s). Training...
    FINAL_RESULT: {'acc': {'train': 0.5145631067961165, 'valid': 0.3000882612533098, 'test': 0.3437948152233867}, 'wall_s': 197.56, 'cpu_s': 0.04, 'gpu_s': 197.31, 'wait_s': 505.8}
    [Time] wall=197.6s | cpu=0.0s | gpu=197.3s
    C:\Users\fbrev\Documents\Acadêmico\Simulações\Python\NoisyGL\predictor\Base_Predictor.py:144: UserWarning: Sparse CSR tensor support is in beta state. If you miss a functionality in the sparse tensor support, please submit a feature request to https://github.com/pytorch/pytorch/issues. (Triggered internally at ..\aten\src\ATen\SparseCsrTensorImpl.cpp:55.)
    self.adj_csr = self.adj.to_sparse_csr().to(self.device)
    [CPU] Loading roman-empire...
    DEBUG 3.1: Dataset init start
    DEBUG 3.2: prepare_data start roman-empire
    ----Data statistics------'
    Name: roman-empire
    #Nodes 22662
    #Edges 32927
    #Classes 18
    #Ave_degree 2.91
    ----Split statistics------'
    #Train samples 1133 (5.0 % of nodes)
    #Val samples 3399 (15.0 % of nodes)
    #Test samples 18130 (remaining)
    ----label noise information:------
    Instance dependent noise
    #Actual noise rate 0.13
    [cuda:1] Waiting for GPU slot...
    [cuda:1] Slot acquired (waited 406.6s). Training...
    [CPU] Loading roman-empire...
    DEBUG 3.1: Dataset init start
    DEBUG 3.2: prepare_data start roman-empire
    ----Data statistics------'
    Name: roman-empire
    #Nodes 22662
    #Edges 32927
    #Classes 18
    #Ave_degree 2.91
    ----Split statistics------'
    #Train samples 1133 (5.0 % of nodes)
    #Val samples 3399 (15.0 % of nodes)
    #Test samples 18130 (remaining)
    ----label noise information:------
    Instance dependent noise
    #Actual noise rate 0.13
    [cuda:1] Waiting for GPU slot...
    [cuda:1] Slot acquired (waited 191.7s). Training...
    FINAL_RESULT: {'acc': {'train': 0.5348631950573698, 'valid': 0.3062665489849956, 'test': 0.3526199669056812}, 'wall_s': 203.72, 'cpu_s': 0.07, 'gpu_s': 203.41, 'wait_s': 191.7}
    [Time] wall=203.7s | cpu=0.1s | gpu=203.4s
    C:\Users\fbrev\Documents\Acadêmico\Simulações\Python\NoisyGL\predictor\Base_Predictor.py:144: UserWarning: Sparse CSR tensor support is in beta state. If you miss a functionality in the sparse tensor support, please submit a feature request to https://github.com/pytorch/pytorch/issues. (Triggered internally at ..\aten\src\ATen\SparseCsrTensorImpl.cpp:55.)
    self.adj_csr = self.adj.to_sparse_csr().to(self.device)
    [CPU] Loading roman-empire...
    DEBUG 3.1: Dataset init start
    DEBUG 3.2: prepare_data start roman-empire
    ----Data statistics------'
    Name: roman-empire
    #Nodes 22662
    #Edges 32927
    #Classes 18
    #Ave_degree 2.91
    ----Split statistics------'
    #Train samples 1133 (5.0 % of nodes)
    #Val samples 3399 (15.0 % of nodes)
    #Test samples 18130 (remaining)
    ----label noise information:------
    Instance dependent noise
    #Actual noise rate 0.13
    [cuda:1] Waiting for GPU slot...
    [cuda:1] Slot acquired (waited 786.1s). Training...
    FINAL_RESULT: {'acc': {'train': 0.5436893203883495, 'valid': 0.3115622241835834, 'test': 0.34715940430226144}, 'wall_s': 209.44, 'cpu_s': 0.06, 'gpu_s': 209.13, 'wait_s': 786.07}
    [Time] wall=209.4s | cpu=0.1s | gpu=209.1s
    C:\Users\fbrev\Documents\Acadêmico\Simulações\Python\NoisyGL\predictor\Base_Predictor.py:144: UserWarning: Sparse CSR tensor support is in beta state. If you miss a functionality in the sparse tensor support, please submit a feature request to https://github.com/pytorch/pytorch/issues. (Triggered internally at ..\aten\src\ATen\SparseCsrTensorImpl.cpp:55.)
    self.adj_csr = self.adj.to_sparse_csr().to(self.device)
    [CPU] Loading roman-empire...
    DEBUG 3.1: Dataset init start
    DEBUG 3.2: prepare_data start roman-empire
    ----Data statistics------'
    Name: roman-empire
    #Nodes 22662
    #Edges 32927
    #Classes 18
    #Ave_degree 2.91
    ----Split statistics------'
    #Train samples 1133 (5.0 % of nodes)
    #Val samples 3399 (15.0 % of nodes)
    #Test samples 18130 (remaining)
    ----label noise information:------
    Instance dependent noise
    #Actual noise rate 0.13
    [cuda:1] Waiting for GPU slot...
    [cuda:1] Slot acquired (waited 823.1s). Training...
    FINAL_RESULT: {'acc': {'train': 0.500441306266549, 'valid': 0.31215063253898206, 'test': 0.34484280198565914}, 'wall_s': 210.87, 'cpu_s': 0.07, 'gpu_s': 210.56, 'wait_s': 823.13}
    [Time] wall=210.9s | cpu=0.1s | gpu=210.6s
    C:\Users\fbrev\Documents\Acadêmico\Simulações\Python\NoisyGL\predictor\Base_Predictor.py:144: UserWarning: Sparse CSR tensor support is in beta state. If you miss a functionality in the sparse tensor support, please submit a feature request to https://github.com/pytorch/pytorch/issues. (Triggered internally at ..\aten\src\ATen\SparseCsrTensorImpl.cpp:55.)
    self.adj_csr = self.adj.to_sparse_csr().to(self.device)
    [CPU] Loading roman-empire...
    DEBUG 3.1: Dataset init start
    DEBUG 3.2: prepare_data start roman-empire
    ----Data statistics------'
    Name: roman-empire
    #Nodes 22662
    #Edges 32927
    #Classes 18
    #Ave_degree 2.91
    ----Split statistics------'
    #Train samples 1133 (5.0 % of nodes)
    #Val samples 3399 (15.0 % of nodes)
    #Test samples 18130 (remaining)
    ----label noise information:------
    Instance dependent noise
    #Actual noise rate 0.13
    [cuda:1] Waiting for GPU slot...
    [cuda:1] Slot acquired (waited 407.9s). Training...
    FINAL_RESULT: {'acc': {'train': 0.471315092674316, 'valid': 0.31303324507208, 'test': 0.3361831218974076}, 'wall_s': 196.7, 'cpu_s': 0.08, 'gpu_s': 196.41, 'wait_s': 407.93}
    [Time] wall=196.7s | cpu=0.1s | gpu=196.4s
    C:\Users\fbrev\Documents\Acadêmico\Simulações\Python\NoisyGL\predictor\Base_Predictor.py:144: UserWarning: Sparse CSR tensor support is in beta state. If you miss a functionality in the sparse tensor support, please submit a feature request to https://github.com/pytorch/pytorch/issues. (Triggered internally at ..\aten\src\ATen\SparseCsrTensorImpl.cpp:55.)
    self.adj_csr = self.adj.to_sparse_csr().to(self.device)
  [Retest] Candidate 1 Avg: 0.3446

  [Retest] Candidate 2/3 (Trial 46, HPO_acc=0.3676)
    [CPU] Loading roman-empire...
    DEBUG 3.1: Dataset init start
    DEBUG 3.2: prepare_data start roman-empire
    ----Data statistics------'
    Name: roman-empire
    #Nodes 22662
    #Edges 32927
    #Classes 18
    #Ave_degree 2.91
    ----Split statistics------'
    #Train samples 1133 (5.0 % of nodes)
    #Val samples 3399 (15.0 % of nodes)
    #Test samples 18130 (remaining)
    ----label noise information:------
    Instance dependent noise
    #Actual noise rate 0.13
    [cuda:1] Waiting for GPU slot...
    [cuda:1] Slot acquired (waited 523.4s). Training...
    FINAL_RESULT: {'acc': {'train': 0.440423654015887, 'valid': 0.2971462194763166, 'test': 0.33364589078874796}, 'wall_s': 187.83, 'cpu_s': 0.06, 'gpu_s': 187.57, 'wait_s': 523.37}
    [Time] wall=187.8s | cpu=0.1s | gpu=187.6s
    C:\Users\fbrev\Documents\Acadêmico\Simulações\Python\NoisyGL\predictor\Base_Predictor.py:144: UserWarning: Sparse CSR tensor support is in beta state. If you miss a functionality in the sparse tensor support, please submit a feature request to https://github.com/pytorch/pytorch/issues. (Triggered internally at ..\aten\src\ATen\SparseCsrTensorImpl.cpp:55.)
    self.adj_csr = self.adj.to_sparse_csr().to(self.device)
    [CPU] Loading roman-empire...
    DEBUG 3.1: Dataset init start
    DEBUG 3.2: prepare_data start roman-empire
    ----Data statistics------'
    Name: roman-empire
    #Nodes 22662
    #Edges 32927
    #Classes 18
    #Ave_degree 2.91
    ----Split statistics------'
    #Train samples 1133 (5.0 % of nodes)
    #Val samples 3399 (15.0 % of nodes)
    #Test samples 18130 (remaining)
    ----label noise information:------
    Instance dependent noise
    #Actual noise rate 0.13
    [cuda:1] Waiting for GPU slot...
    [cuda:1] Slot acquired (waited 365.9s). Training...
    FINAL_RESULT: {'acc': {'train': 0.4474845542806708, 'valid': 0.30862018240659017, 'test': 0.35929398786541644}, 'wall_s': 182.34, 'cpu_s': 0.04, 'gpu_s': 182.11, 'wait_s': 365.88}
    [Time] wall=182.3s | cpu=0.0s | gpu=182.1s
    C:\Users\fbrev\Documents\Acadêmico\Simulações\Python\NoisyGL\predictor\Base_Predictor.py:144: UserWarning: Sparse CSR tensor support is in beta state. If you miss a functionality in the sparse tensor support, please submit a feature request to https://github.com/pytorch/pytorch/issues. (Triggered internally at ..\aten\src\ATen\SparseCsrTensorImpl.cpp:55.)
    self.adj_csr = self.adj.to_sparse_csr().to(self.device)
    [CPU] Loading roman-empire...
    DEBUG 3.1: Dataset init start
    DEBUG 3.2: prepare_data start roman-empire
    ----Data statistics------'
    Name: roman-empire
    #Nodes 22662
    #Edges 32927
    #Classes 18
    #Ave_degree 2.91
    ----Split statistics------'
    #Train samples 1133 (5.0 % of nodes)
    #Val samples 3399 (15.0 % of nodes)
    #Test samples 18130 (remaining)
    ----label noise information:------
    Instance dependent noise
    #Actual noise rate 0.13
    [cuda:1] Waiting for GPU slot...
    [cuda:1] Slot acquired (waited 316.0s). Training...
    FINAL_RESULT: {'acc': {'train': 0.39452780229479256, 'valid': 0.30185348631950576, 'test': 0.3359073359073359}, 'wall_s': 180.04, 'cpu_s': 0.04, 'gpu_s': 179.82, 'wait_s': 316.02}
    [Time] wall=180.0s | cpu=0.0s | gpu=179.8s
    C:\Users\fbrev\Documents\Acadêmico\Simulações\Python\NoisyGL\predictor\Base_Predictor.py:144: UserWarning: Sparse CSR tensor support is in beta state. If you miss a functionality in the sparse tensor support, please submit a feature request to https://github.com/pytorch/pytorch/issues. (Triggered internally at ..\aten\src\ATen\SparseCsrTensorImpl.cpp:55.)
    self.adj_csr = self.adj.to_sparse_csr().to(self.device)
    [CPU] Loading roman-empire...
    DEBUG 3.1: Dataset init start
    DEBUG 3.2: prepare_data start roman-empire
    ----Data statistics------'
    Name: roman-empire
    #Nodes 22662
    #Edges 32927
    #Classes 18
    #Ave_degree 2.91
    ----Split statistics------'
    #Train samples 1133 (5.0 % of nodes)
    #Val samples 3399 (15.0 % of nodes)
    #Test samples 18130 (remaining)
    ----label noise information:------
    Instance dependent noise
    #Actual noise rate 0.13
    [cuda:1] Waiting for GPU slot...
    [cuda:1] Slot acquired (waited 139.5s). Training...
    FINAL_RESULT: {'acc': {'train': 0.42541924095322153, 'valid': 0.3074433656957929, 'test': 0.3421400992829564}, 'wall_s': 183.63, 'cpu_s': 0.04, 'gpu_s': 183.41, 'wait_s': 139.53}
    [Time] wall=183.6s | cpu=0.0s | gpu=183.4s
    C:\Users\fbrev\Documents\Acadêmico\Simulações\Python\NoisyGL\predictor\Base_Predictor.py:144: UserWarning: Sparse CSR tensor support is in beta state. If you miss a functionality in the sparse tensor support, please submit a feature request to https://github.com/pytorch/pytorch/issues. (Triggered internally at ..\aten\src\ATen\SparseCsrTensorImpl.cpp:55.)
    self.adj_csr = self.adj.to_sparse_csr().to(self.device)
    [CPU] Loading roman-empire...
    DEBUG 3.1: Dataset init start
    DEBUG 3.2: prepare_data start roman-empire
    ----Data statistics------'
    Name: roman-empire
    #Nodes 22662
    #Edges 32927
    #Classes 18
    #Ave_degree 2.91
    ----Split statistics------'
    #Train samples 1133 (5.0 % of nodes)
    #Val samples 3399 (15.0 % of nodes)
    #Test samples 18130 (remaining)
    ----label noise information:------
    Instance dependent noise
    #Actual noise rate 0.13
    [cuda:1] Waiting for GPU slot...
    [cuda:1] Slot acquired (waited 365.4s). Training...
    FINAL_RESULT: {'acc': {'train': 0.43777581641659313, 'valid': 0.2903795233892321, 'test': 0.3442912300055157}, 'wall_s': 182.08, 'cpu_s': 0.04, 'gpu_s': 181.86, 'wait_s': 365.39}
    [Time] wall=182.1s | cpu=0.0s | gpu=181.9s
    C:\Users\fbrev\Documents\Acadêmico\Simulações\Python\NoisyGL\predictor\Base_Predictor.py:144: UserWarning: Sparse CSR tensor support is in beta state. If you miss a functionality in the sparse tensor support, please submit a feature request to https://github.com/pytorch/pytorch/issues. (Triggered internally at ..\aten\src\ATen\SparseCsrTensorImpl.cpp:55.)
    self.adj_csr = self.adj.to_sparse_csr().to(self.device)
    [CPU] Loading roman-empire...
    DEBUG 3.1: Dataset init start
    DEBUG 3.2: prepare_data start roman-empire
    ----Data statistics------'
    Name: roman-empire
    #Nodes 22662
    #Edges 32927
    #Classes 18
    #Ave_degree 2.91
    ----Split statistics------'
    #Train samples 1133 (5.0 % of nodes)
    #Val samples 3399 (15.0 % of nodes)
    #Test samples 18130 (remaining)
    ----label noise information:------
    Instance dependent noise
    #Actual noise rate 0.13
    [cuda:1] Waiting for GPU slot...
    [cuda:1] Slot acquired (waited 178.2s). Training...
    FINAL_RESULT: {'acc': {'train': 0.44130626654898497, 'valid': 0.3000882612533098, 'test': 0.3309983452840596}, 'wall_s': 184.06, 'cpu_s': 0.04, 'gpu_s': 183.83, 'wait_s': 178.2}
    [Time] wall=184.1s | cpu=0.0s | gpu=183.8s
    C:\Users\fbrev\Documents\Acadêmico\Simulações\Python\NoisyGL\predictor\Base_Predictor.py:144: UserWarning: Sparse CSR tensor support is in beta state. If you miss a functionality in the sparse tensor support, please submit a feature request to https://github.com/pytorch/pytorch/issues. (Triggered internally at ..\aten\src\ATen\SparseCsrTensorImpl.cpp:55.)
    self.adj_csr = self.adj.to_sparse_csr().to(self.device)
    [CPU] Loading roman-empire...
    DEBUG 3.1: Dataset init start
    DEBUG 3.2: prepare_data start roman-empire
    ----Data statistics------'
    Name: roman-empire
    #Nodes 22662
    #Edges 32927
    #Classes 18
    #Ave_degree 2.91
    ----Split statistics------'
    #Train samples 1133 (5.0 % of nodes)
    #Val samples 3399 (15.0 % of nodes)
    #Test samples 18130 (remaining)
    ----label noise information:------
    Instance dependent noise
    #Actual noise rate 0.13
    [cuda:1] Waiting for GPU slot...
    [cuda:1] Slot acquired (waited 181.2s). Training...
    FINAL_RESULT: {'acc': {'train': 0.4439541041482789, 'valid': 0.30126507796410706, 'test': 0.34947600661886374}, 'wall_s': 188.98, 'cpu_s': 0.04, 'gpu_s': 188.71, 'wait_s': 181.23}
    [Time] wall=189.0s | cpu=0.0s | gpu=188.7s
    C:\Users\fbrev\Documents\Acadêmico\Simulações\Python\NoisyGL\predictor\Base_Predictor.py:144: UserWarning: Sparse CSR tensor support is in beta state. If you miss a functionality in the sparse tensor support, please submit a feature request to https://github.com/pytorch/pytorch/issues. (Triggered internally at ..\aten\src\ATen\SparseCsrTensorImpl.cpp:55.)
    self.adj_csr = self.adj.to_sparse_csr().to(self.device)
    [CPU] Loading roman-empire...
    DEBUG 3.1: Dataset init start
    DEBUG 3.2: prepare_data start roman-empire
    ----Data statistics------'
    Name: roman-empire
    #Nodes 22662
    #Edges 32927
    #Classes 18
    #Ave_degree 2.91
    ----Split statistics------'
    #Train samples 1133 (5.0 % of nodes)
    #Val samples 3399 (15.0 % of nodes)
    #Test samples 18130 (remaining)
    ----label noise information:------
    Instance dependent noise
    #Actual noise rate 0.13
    [cuda:1] Waiting for GPU slot...
    [cuda:1] Slot acquired (waited 187.2s). Training...
    FINAL_RESULT: {'acc': {'train': 0.4210061782877317, 'valid': 0.3006766696087084, 'test': 0.34451185879757307}, 'wall_s': 196.75, 'cpu_s': 0.05, 'gpu_s': 196.47, 'wait_s': 187.16}
    [Time] wall=196.7s | cpu=0.1s | gpu=196.5s
    C:\Users\fbrev\Documents\Acadêmico\Simulações\Python\NoisyGL\predictor\Base_Predictor.py:144: UserWarning: Sparse CSR tensor support is in beta state. If you miss a functionality in the sparse tensor support, please submit a feature request to https://github.com/pytorch/pytorch/issues. (Triggered internally at ..\aten\src\ATen\SparseCsrTensorImpl.cpp:55.)
    self.adj_csr = self.adj.to_sparse_csr().to(self.device)
    [CPU] Loading roman-empire...
    DEBUG 3.1: Dataset init start
    DEBUG 3.2: prepare_data start roman-empire
    ----Data statistics------'
    Name: roman-empire
    #Nodes 22662
    #Edges 32927
    #Classes 18
    #Ave_degree 2.91
    ----Split statistics------'
    #Train samples 1133 (5.0 % of nodes)
    #Val samples 3399 (15.0 % of nodes)
    #Test samples 18130 (remaining)
    ----label noise information:------
    Instance dependent noise
    #Actual noise rate 0.13
    [cuda:1] Waiting for GPU slot...
    [cuda:1] Slot acquired (waited 150.5s). Training...
    FINAL_RESULT: {'acc': {'train': 0.42718446601941745, 'valid': 0.30862018240659017, 'test': 0.34219525648097077}, 'wall_s': 187.21, 'cpu_s': 0.06, 'gpu_s': 186.93, 'wait_s': 150.45}
    [Time] wall=187.2s | cpu=0.1s | gpu=186.9s
    C:\Users\fbrev\Documents\Acadêmico\Simulações\Python\NoisyGL\predictor\Base_Predictor.py:144: UserWarning: Sparse CSR tensor support is in beta state. If you miss a functionality in the sparse tensor support, please submit a feature request to https://github.com/pytorch/pytorch/issues. (Triggered internally at ..\aten\src\ATen\SparseCsrTensorImpl.cpp:55.)
    self.adj_csr = self.adj.to_sparse_csr().to(self.device)
    [CPU] Loading roman-empire...
    DEBUG 3.1: Dataset init start
    DEBUG 3.2: prepare_data start roman-empire
    ----Data statistics------'
    Name: roman-empire
    #Nodes 22662
    #Edges 32927
    #Classes 18
    #Ave_degree 2.91
    ----Split statistics------'
    #Train samples 1133 (5.0 % of nodes)
    #Val samples 3399 (15.0 % of nodes)
    #Test samples 18130 (remaining)
    ----label noise information:------
    Instance dependent noise
    #Actual noise rate 0.13
    [cuda:1] Waiting for GPU slot...
    [cuda:1] Slot acquired (waited 512.0s). Training...
    FINAL_RESULT: {'acc': {'train': 0.43424536628420124, 'valid': 0.30950279493968813, 'test': 0.3385548814120243}, 'wall_s': 184.54, 'cpu_s': 0.05, 'gpu_s': 184.3, 'wait_s': 512.0}
    [Time] wall=184.5s | cpu=0.0s | gpu=184.3s
    C:\Users\fbrev\Documents\Acadêmico\Simulações\Python\NoisyGL\predictor\Base_Predictor.py:144: UserWarning: Sparse CSR tensor support is in beta state. If you miss a functionality in the sparse tensor support, please submit a feature request to https://github.com/pytorch/pytorch/issues. (Triggered internally at ..\aten\src\ATen\SparseCsrTensorImpl.cpp:55.)
    self.adj_csr = self.adj.to_sparse_csr().to(self.device)
  [Retest] Candidate 2 Avg: 0.3421

  [Retest] Candidate 3/3 (Trial 11, HPO_acc=0.3675)
    [CPU] Loading roman-empire...
    DEBUG 3.1: Dataset init start
    DEBUG 3.2: prepare_data start roman-empire
    ----Data statistics------'
    Name: roman-empire
    #Nodes 22662
    #Edges 32927
    #Classes 18
    #Ave_degree 2.91
    ----Split statistics------'
    #Train samples 1133 (5.0 % of nodes)
    #Val samples 3399 (15.0 % of nodes)
    #Test samples 18130 (remaining)
    ----label noise information:------
    Instance dependent noise
    #Actual noise rate 0.13
    [cuda:1] Waiting for GPU slot...
    [cuda:1] Slot acquired (waited 1243.6s). Training...
    FINAL_RESULT: {'acc': {'train': 0.556045895851721, 'valid': 0.3027360988526037, 'test': 0.3384997242140099}, 'wall_s': 187.57, 'cpu_s': 0.05, 'gpu_s': 187.35, 'wait_s': 1243.61}
    [Time] wall=187.6s | cpu=0.0s | gpu=187.4s
    C:\Users\fbrev\Documents\Acadêmico\Simulações\Python\NoisyGL\predictor\Base_Predictor.py:144: UserWarning: Sparse CSR tensor support is in beta state. If you miss a functionality in the sparse tensor support, please submit a feature request to https://github.com/pytorch/pytorch/issues. (Triggered internally at ..\aten\src\ATen\SparseCsrTensorImpl.cpp:55.)
    self.adj_csr = self.adj.to_sparse_csr().to(self.device)
    [CPU] Loading roman-empire...
    DEBUG 3.1: Dataset init start
    DEBUG 3.2: prepare_data start roman-empire
    ----Data statistics------'
    Name: roman-empire
    #Nodes 22662
    #Edges 32927
    #Classes 18
    #Ave_degree 2.91
    ----Split statistics------'
    #Train samples 1133 (5.0 % of nodes)
    #Val samples 3399 (15.0 % of nodes)
    #Test samples 18130 (remaining)
    ----label noise information:------
    Instance dependent noise
    #Actual noise rate 0.13
    [cuda:1] Waiting for GPU slot...
    [cuda:1] Slot acquired (waited 506.5s). Training...
    FINAL_RESULT: {'acc': {'train': 0.6160635481023831, 'valid': 0.3074433656957929, 'test': 0.36188637617209046}, 'wall_s': 178.74, 'cpu_s': 0.04, 'gpu_s': 178.55, 'wait_s': 506.45}
    [Time] wall=178.7s | cpu=0.0s | gpu=178.5s
    C:\Users\fbrev\Documents\Acadêmico\Simulações\Python\NoisyGL\predictor\Base_Predictor.py:144: UserWarning: Sparse CSR tensor support is in beta state. If you miss a functionality in the sparse tensor support, please submit a feature request to https://github.com/pytorch/pytorch/issues. (Triggered internally at ..\aten\src\ATen\SparseCsrTensorImpl.cpp:55.)
    self.adj_csr = self.adj.to_sparse_csr().to(self.device)
    [CPU] Loading roman-empire...
    DEBUG 3.1: Dataset init start
    DEBUG 3.2: prepare_data start roman-empire
    ----Data statistics------'
    Name: roman-empire
    #Nodes 22662
    #Edges 32927
    #Classes 18
    #Ave_degree 2.91
    ----Split statistics------'
    #Train samples 1133 (5.0 % of nodes)
    #Val samples 3399 (15.0 % of nodes)
    #Test samples 18130 (remaining)
    ----label noise information:------
    Instance dependent noise
    #Actual noise rate 0.13
    [cuda:1] Waiting for GPU slot...
    [cuda:1] Slot acquired (waited 501.5s). Training...
    FINAL_RESULT: {'acc': {'train': 0.8005295675198588, 'valid': 0.3165636952044719, 'test': 0.3330943188086045}, 'wall_s': 179.69, 'cpu_s': 0.04, 'gpu_s': 179.51, 'wait_s': 501.46}
    [Time] wall=179.7s | cpu=0.0s | gpu=179.5s
    C:\Users\fbrev\Documents\Acadêmico\Simulações\Python\NoisyGL\predictor\Base_Predictor.py:144: UserWarning: Sparse CSR tensor support is in beta state. If you miss a functionality in the sparse tensor support, please submit a feature request to https://github.com/pytorch/pytorch/issues. (Triggered internally at ..\aten\src\ATen\SparseCsrTensorImpl.cpp:55.)
    self.adj_csr = self.adj.to_sparse_csr().to(self.device)
    [CPU] Loading roman-empire...
    DEBUG 3.1: Dataset init start
    DEBUG 3.2: prepare_data start roman-empire
    ----Data statistics------'
    Name: roman-empire
    #Nodes 22662
    #Edges 32927
    #Classes 18
    #Ave_degree 2.91
    ----Split statistics------'
    #Train samples 1133 (5.0 % of nodes)
    #Val samples 3399 (15.0 % of nodes)
    #Test samples 18130 (remaining)
    ----label noise information:------
    Instance dependent noise
    #Actual noise rate 0.13
    [cuda:1] Waiting for GPU slot...
    [cuda:1] Slot acquired (waited 314.0s). Training...
    FINAL_RESULT: {'acc': {'train': 0.5798764342453663, 'valid': 0.3145042659605766, 'test': 0.3447876447876448}, 'wall_s': 179.55, 'cpu_s': 0.05, 'gpu_s': 179.36, 'wait_s': 314.03}
    [Time] wall=179.5s | cpu=0.0s | gpu=179.4s
    C:\Users\fbrev\Documents\Acadêmico\Simulações\Python\NoisyGL\predictor\Base_Predictor.py:144: UserWarning: Sparse CSR tensor support is in beta state. If you miss a functionality in the sparse tensor support, please submit a feature request to https://github.com/pytorch/pytorch/issues. (Triggered internally at ..\aten\src\ATen\SparseCsrTensorImpl.cpp:55.)
    self.adj_csr = self.adj.to_sparse_csr().to(self.device)
    [CPU] Loading roman-empire...
    DEBUG 3.1: Dataset init start
    DEBUG 3.2: prepare_data start roman-empire
    ----Data statistics------'
    Name: roman-empire
    #Nodes 22662
    #Edges 32927
    #Classes 18
    #Ave_degree 2.91
    ----Split statistics------'
    #Train samples 1133 (5.0 % of nodes)
    #Val samples 3399 (15.0 % of nodes)
    #Test samples 18130 (remaining)
    ----label noise information:------
    Instance dependent noise
    #Actual noise rate 0.13
    [cuda:1] Waiting for GPU slot...
    [cuda:1] Slot acquired (waited 497.3s). Training...
    FINAL_RESULT: {'acc': {'train': 0.5719329214474845, 'valid': 0.2989114445425125, 'test': 0.34302261445118587}, 'wall_s': 183.72, 'cpu_s': 0.04, 'gpu_s': 183.52, 'wait_s': 497.33}
    [Time] wall=183.7s | cpu=0.0s | gpu=183.5s
    C:\Users\fbrev\Documents\Acadêmico\Simulações\Python\NoisyGL\predictor\Base_Predictor.py:144: UserWarning: Sparse CSR tensor support is in beta state. If you miss a functionality in the sparse tensor support, please submit a feature request to https://github.com/pytorch/pytorch/issues. (Triggered internally at ..\aten\src\ATen\SparseCsrTensorImpl.cpp:55.)
    self.adj_csr = self.adj.to_sparse_csr().to(self.device)
    [CPU] Loading roman-empire...
    DEBUG 3.1: Dataset init start
    DEBUG 3.2: prepare_data start roman-empire
    ----Data statistics------'
    Name: roman-empire
    #Nodes 22662
    #Edges 32927
    #Classes 18
    #Ave_degree 2.91
    ----Split statistics------'
    #Train samples 1133 (5.0 % of nodes)
    #Val samples 3399 (15.0 % of nodes)
    #Test samples 18130 (remaining)
    ----label noise information:------
    Instance dependent noise
    #Actual noise rate 0.13
    [cuda:1] Waiting for GPU slot...
    [cuda:1] Slot acquired (waited 143.4s). Training...
    FINAL_RESULT: {'acc': {'train': 0.502206531332745, 'valid': 0.3036187113857017, 'test': 0.33827909542195256}, 'wall_s': 185.07, 'cpu_s': 0.04, 'gpu_s': 184.86, 'wait_s': 143.39}
    [Time] wall=185.1s | cpu=0.0s | gpu=184.9s
    C:\Users\fbrev\Documents\Acadêmico\Simulações\Python\NoisyGL\predictor\Base_Predictor.py:144: UserWarning: Sparse CSR tensor support is in beta state. If you miss a functionality in the sparse tensor support, please submit a feature request to https://github.com/pytorch/pytorch/issues. (Triggered internally at ..\aten\src\ATen\SparseCsrTensorImpl.cpp:55.)
    self.adj_csr = self.adj.to_sparse_csr().to(self.device)
    [CPU] Loading roman-empire...
    DEBUG 3.1: Dataset init start
    DEBUG 3.2: prepare_data start roman-empire
    ----Data statistics------'
    Name: roman-empire
    #Nodes 22662
    #Edges 32927
    #Classes 18
    #Ave_degree 2.91
    ----Split statistics------'
    #Train samples 1133 (5.0 % of nodes)
    #Val samples 3399 (15.0 % of nodes)
    #Test samples 18130 (remaining)
    ----label noise information:------
    Instance dependent noise
    #Actual noise rate 0.13
    [cuda:1] Waiting for GPU slot...
    [cuda:1] Slot acquired (waited 551.3s). Training...
    FINAL_RESULT: {'acc': {'train': 0.5754633715798765, 'valid': 0.30979699911738745, 'test': 0.35273028130170986}, 'wall_s': 193.29, 'cpu_s': 0.05, 'gpu_s': 193.06, 'wait_s': 551.31}
    [Time] wall=193.3s | cpu=0.0s | gpu=193.1s
    C:\Users\fbrev\Documents\Acadêmico\Simulações\Python\NoisyGL\predictor\Base_Predictor.py:144: UserWarning: Sparse CSR tensor support is in beta state. If you miss a functionality in the sparse tensor support, please submit a feature request to https://github.com/pytorch/pytorch/issues. (Triggered internally at ..\aten\src\ATen\SparseCsrTensorImpl.cpp:55.)
    self.adj_csr = self.adj.to_sparse_csr().to(self.device)
    [CPU] Loading roman-empire...
    DEBUG 3.1: Dataset init start
    DEBUG 3.2: prepare_data start roman-empire
    ----Data statistics------'
    Name: roman-empire
    #Nodes 22662
    #Edges 32927
    #Classes 18
    #Ave_degree 2.91
    ----Split statistics------'
    #Train samples 1133 (5.0 % of nodes)
    #Val samples 3399 (15.0 % of nodes)
    #Test samples 18130 (remaining)
    ----label noise information:------
    Instance dependent noise
    #Actual noise rate 0.13
    [cuda:1] Waiting for GPU slot...
    [cuda:1] Slot acquired (waited 345.8s). Training...
    FINAL_RESULT: {'acc': {'train': 0.6116504854368932, 'valid': 0.3103854074727861, 'test': 0.34285714285714286}, 'wall_s': 185.71, 'cpu_s': 0.05, 'gpu_s': 185.46, 'wait_s': 345.8}
    [Time] wall=185.7s | cpu=0.1s | gpu=185.5s
    C:\Users\fbrev\Documents\Acadêmico\Simulações\Python\NoisyGL\predictor\Base_Predictor.py:144: UserWarning: Sparse CSR tensor support is in beta state. If you miss a functionality in the sparse tensor support, please submit a feature request to https://github.com/pytorch/pytorch/issues. (Triggered internally at ..\aten\src\ATen\SparseCsrTensorImpl.cpp:55.)
    self.adj_csr = self.adj.to_sparse_csr().to(self.device)
    [CPU] Loading roman-empire...
    DEBUG 3.1: Dataset init start
    DEBUG 3.2: prepare_data start roman-empire
    ----Data statistics------'
    Name: roman-empire
    #Nodes 22662
    #Edges 32927
    #Classes 18
    #Ave_degree 2.91
    ----Split statistics------'
    #Train samples 1133 (5.0 % of nodes)
    #Val samples 3399 (15.0 % of nodes)
    #Test samples 18130 (remaining)
    ----label noise information:------
    Instance dependent noise
    #Actual noise rate 0.13
    [cuda:1] Waiting for GPU slot...
    [cuda:1] Slot acquired (waited 515.2s). Training...
    FINAL_RESULT: {'acc': {'train': 0.501323918799647, 'valid': 0.3145042659605766, 'test': 0.34594594594594597}, 'wall_s': 189.42, 'cpu_s': 0.05, 'gpu_s': 189.2, 'wait_s': 515.17}
    [Time] wall=189.4s | cpu=0.0s | gpu=189.2s
    C:\Users\fbrev\Documents\Acadêmico\Simulações\Python\NoisyGL\predictor\Base_Predictor.py:144: UserWarning: Sparse CSR tensor support is in beta state. If you miss a functionality in the sparse tensor support, please submit a feature request to https://github.com/pytorch/pytorch/issues. (Triggered internally at ..\aten\src\ATen\SparseCsrTensorImpl.cpp:55.)
    self.adj_csr = self.adj.to_sparse_csr().to(self.device)
    [CPU] Loading roman-empire...
    DEBUG 3.1: Dataset init start
    DEBUG 3.2: prepare_data start roman-empire
    ----Data statistics------'
    Name: roman-empire
    #Nodes 22662
    #Edges 32927
    #Classes 18
    #Ave_degree 2.91
    ----Split statistics------'
    #Train samples 1133 (5.0 % of nodes)
    #Val samples 3399 (15.0 % of nodes)
    #Test samples 18130 (remaining)
    ----label noise information:------
    Instance dependent noise
    #Actual noise rate 0.13
    [cuda:1] Waiting for GPU slot...
    [cuda:1] Slot acquired (waited 179.8s). Training...
    FINAL_RESULT: {'acc': {'train': 0.46690203000882613, 'valid': 0.30656075316269493, 'test': 0.3404853833425262}, 'wall_s': 192.89, 'cpu_s': 0.04, 'gpu_s': 192.68, 'wait_s': 179.78}
    [Time] wall=192.9s | cpu=0.0s | gpu=192.7s
    C:\Users\fbrev\Documents\Acadêmico\Simulações\Python\NoisyGL\predictor\Base_Predictor.py:144: UserWarning: Sparse CSR tensor support is in beta state. If you miss a functionality in the sparse tensor support, please submit a feature request to https://github.com/pytorch/pytorch/issues. (Triggered internally at ..\aten\src\ATen\SparseCsrTensorImpl.cpp:55.)
    self.adj_csr = self.adj.to_sparse_csr().to(self.device)
  [Retest] Candidate 3 Avg: 0.3442

[Phase 2] Starting final evaluation with 10 seeds (3000-3009)...
    [CPU] Loading roman-empire...
    DEBUG 3.1: Dataset init start
    DEBUG 3.2: prepare_data start roman-empire
    ----Data statistics------'
    Name: roman-empire
    #Nodes 22662
    #Edges 32927
    #Classes 18
    #Ave_degree 2.91
    ----Split statistics------'
    #Train samples 1133 (5.0 % of nodes)
    #Val samples 3399 (15.0 % of nodes)
    #Test samples 18130 (remaining)
    ----label noise information:------
    Instance dependent noise
    #Actual noise rate 0.13
    [cuda:1] Waiting for GPU slot...
    [cuda:1] Slot acquired (waited 540.6s). Training...
    FINAL_RESULT: {'acc': {'train': 0.501323918799647, 'valid': 0.3200941453368638, 'test': 0.37175951461665746}, 'wall_s': 183.1, 'cpu_s': 0.06, 'gpu_s': 182.88, 'wait_s': 540.6}
    [Time] wall=183.1s | cpu=0.1s | gpu=182.9s
    C:\Users\fbrev\Documents\Acadêmico\Simulações\Python\NoisyGL\predictor\Base_Predictor.py:144: UserWarning: Sparse CSR tensor support is in beta state. If you miss a functionality in the sparse tensor support, please submit a feature request to https://github.com/pytorch/pytorch/issues. (Triggered internally at ..\aten\src\ATen\SparseCsrTensorImpl.cpp:55.)
    self.adj_csr = self.adj.to_sparse_csr().to(self.device)
    [CPU] Loading roman-empire...
    DEBUG 3.1: Dataset init start
    DEBUG 3.2: prepare_data start roman-empire
    ----Data statistics------'
    Name: roman-empire
    #Nodes 22662
    #Edges 32927
    #Classes 18
    #Ave_degree 2.91
    ----Split statistics------'
    #Train samples 1133 (5.0 % of nodes)
    #Val samples 3399 (15.0 % of nodes)
    #Test samples 18130 (remaining)
    ----label noise information:------
    Instance dependent noise
    #Actual noise rate 0.13
    [cuda:1] Waiting for GPU slot...
    [cuda:1] Slot acquired (waited 179.0s). Training...
    FINAL_RESULT: {'acc': {'train': 0.5463371579876434, 'valid': 0.3103854074727861, 'test': 0.3480419194704909}, 'wall_s': 183.19, 'cpu_s': 0.04, 'gpu_s': 182.98, 'wait_s': 178.97}
    [Time] wall=183.2s | cpu=0.0s | gpu=183.0s
    C:\Users\fbrev\Documents\Acadêmico\Simulações\Python\NoisyGL\predictor\Base_Predictor.py:144: UserWarning: Sparse CSR tensor support is in beta state. If you miss a functionality in the sparse tensor support, please submit a feature request to https://github.com/pytorch/pytorch/issues. (Triggered internally at ..\aten\src\ATen\SparseCsrTensorImpl.cpp:55.)
    self.adj_csr = self.adj.to_sparse_csr().to(self.device)
    [CPU] Loading roman-empire...
    DEBUG 3.1: Dataset init start
    DEBUG 3.2: prepare_data start roman-empire
    ----Data statistics------'
    Name: roman-empire
    #Nodes 22662
    #Edges 32927
    #Classes 18
    #Ave_degree 2.91
    ----Split statistics------'
    #Train samples 1133 (5.0 % of nodes)
    #Val samples 3399 (15.0 % of nodes)
    #Test samples 18130 (remaining)
    ----label noise information:------
    Instance dependent noise
    #Actual noise rate 0.13
    [cuda:1] Waiting for GPU slot...
    [cuda:1] Slot acquired (waited 9.0s). Training...
    FINAL_RESULT: {'acc': {'train': 0.4245366284201236, 'valid': 0.2992056487202118, 'test': 0.33430777716492}, 'wall_s': 184.8, 'cpu_s': 0.05, 'gpu_s': 184.57, 'wait_s': 8.97}
    [Time] wall=184.8s | cpu=0.1s | gpu=184.6s
    C:\Users\fbrev\Documents\Acadêmico\Simulações\Python\NoisyGL\predictor\Base_Predictor.py:144: UserWarning: Sparse CSR tensor support is in beta state. If you miss a functionality in the sparse tensor support, please submit a feature request to https://github.com/pytorch/pytorch/issues. (Triggered internally at ..\aten\src\ATen\SparseCsrTensorImpl.cpp:55.)
    self.adj_csr = self.adj.to_sparse_csr().to(self.device)
    [CPU] Loading roman-empire...
    DEBUG 3.1: Dataset init start
    DEBUG 3.2: prepare_data start roman-empire
    ----Data statistics------'
    Name: roman-empire
    #Nodes 22662
    #Edges 32927
    #Classes 18
    #Ave_degree 2.91
    ----Split statistics------'
    #Train samples 1133 (5.0 % of nodes)
    #Val samples 3399 (15.0 % of nodes)
    #Test samples 18130 (remaining)
    ----label noise information:------
    Instance dependent noise
    #Actual noise rate 0.13
    [cuda:1] Waiting for GPU slot...
    [cuda:1] Slot acquired (waited 371.1s). Training...
    FINAL_RESULT: {'acc': {'train': 0.5172109443954104, 'valid': 0.30832597822889085, 'test': 0.3426365140650855}, 'wall_s': 186.77, 'cpu_s': 0.05, 'gpu_s': 186.54, 'wait_s': 371.14}
    [Time] wall=186.8s | cpu=0.1s | gpu=186.5s
    C:\Users\fbrev\Documents\Acadêmico\Simulações\Python\NoisyGL\predictor\Base_Predictor.py:144: UserWarning: Sparse CSR tensor support is in beta state. If you miss a functionality in the sparse tensor support, please submit a feature request to https://github.com/pytorch/pytorch/issues. (Triggered internally at ..\aten\src\ATen\SparseCsrTensorImpl.cpp:55.)
    self.adj_csr = self.adj.to_sparse_csr().to(self.device)
    [CPU] Loading roman-empire...
    DEBUG 3.1: Dataset init start
    DEBUG 3.2: prepare_data start roman-empire
    ----Data statistics------'
    Name: roman-empire
    #Nodes 22662
    #Edges 32927
    #Classes 18
    #Ave_degree 2.91
    ----Split statistics------'
    #Train samples 1133 (5.0 % of nodes)
    #Val samples 3399 (15.0 % of nodes)
    #Test samples 18130 (remaining)
    ----label noise information:------
    Instance dependent noise
    #Actual noise rate 0.13
    [cuda:1] Waiting for GPU slot...
    [cuda:1] Slot acquired (waited 388.3s). Training...
    FINAL_RESULT: {'acc': {'train': 0.587819947043248, 'valid': 0.3112680200058841, 'test': 0.34815223386651956}, 'wall_s': 190.71, 'cpu_s': 0.07, 'gpu_s': 190.46, 'wait_s': 388.31}
    [Time] wall=190.7s | cpu=0.1s | gpu=190.5s
    C:\Users\fbrev\Documents\Acadêmico\Simulações\Python\NoisyGL\predictor\Base_Predictor.py:144: UserWarning: Sparse CSR tensor support is in beta state. If you miss a functionality in the sparse tensor support, please submit a feature request to https://github.com/pytorch/pytorch/issues. (Triggered internally at ..\aten\src\ATen\SparseCsrTensorImpl.cpp:55.)
    self.adj_csr = self.adj.to_sparse_csr().to(self.device)
    [CPU] Loading roman-empire...
    DEBUG 3.1: Dataset init start
    DEBUG 3.2: prepare_data start roman-empire
    ----Data statistics------'
    Name: roman-empire
    #Nodes 22662
    #Edges 32927
    #Classes 18
    #Ave_degree 2.91
    ----Split statistics------'
    #Train samples 1133 (5.0 % of nodes)
    #Val samples 3399 (15.0 % of nodes)
    #Test samples 18130 (remaining)
    ----label noise information:------
    Instance dependent noise
    #Actual noise rate 0.13
    [cuda:1] Waiting for GPU slot...
    [cuda:1] Slot acquired (waited 11.5s). Training...
    FINAL_RESULT: {'acc': {'train': 0.5366284201235657, 'valid': 0.3112680200058841, 'test': 0.34594594594594597}, 'wall_s': 196.77, 'cpu_s': 0.04, 'gpu_s': 196.52, 'wait_s': 11.53}
    [Time] wall=196.8s | cpu=0.0s | gpu=196.5s
    C:\Users\fbrev\Documents\Acadêmico\Simulações\Python\NoisyGL\predictor\Base_Predictor.py:144: UserWarning: Sparse CSR tensor support is in beta state. If you miss a functionality in the sparse tensor support, please submit a feature request to https://github.com/pytorch/pytorch/issues. (Triggered internally at ..\aten\src\ATen\SparseCsrTensorImpl.cpp:55.)
    self.adj_csr = self.adj.to_sparse_csr().to(self.device)
    [CPU] Loading roman-empire...
    DEBUG 3.1: Dataset init start
    DEBUG 3.2: prepare_data start roman-empire
    ----Data statistics------'
    Name: roman-empire
    #Nodes 22662
    #Edges 32927
    #Classes 18
    #Ave_degree 2.91
    ----Split statistics------'
    #Train samples 1133 (5.0 % of nodes)
    #Val samples 3399 (15.0 % of nodes)
    #Test samples 18130 (remaining)
    ----label noise information:------
    Instance dependent noise
    #Actual noise rate 0.13
    [cuda:1] Waiting for GPU slot...
    [cuda:1] Slot acquired (waited 186.8s). Training...
    FINAL_RESULT: {'acc': {'train': 0.5516328331862312, 'valid': 0.30803177405119153, 'test': 0.33866519580805293}, 'wall_s': 191.34, 'cpu_s': 0.05, 'gpu_s': 191.1, 'wait_s': 186.77}
    [Time] wall=191.3s | cpu=0.1s | gpu=191.1s
    C:\Users\fbrev\Documents\Acadêmico\Simulações\Python\NoisyGL\predictor\Base_Predictor.py:144: UserWarning: Sparse CSR tensor support is in beta state. If you miss a functionality in the sparse tensor support, please submit a feature request to https://github.com/pytorch/pytorch/issues. (Triggered internally at ..\aten\src\ATen\SparseCsrTensorImpl.cpp:55.)
    self.adj_csr = self.adj.to_sparse_csr().to(self.device)
    [CPU] Loading roman-empire...
    DEBUG 3.1: Dataset init start
    DEBUG 3.2: prepare_data start roman-empire
    ----Data statistics------'
    Name: roman-empire
    #Nodes 22662
    #Edges 32927
    #Classes 18
    #Ave_degree 2.91
    ----Split statistics------'
    #Train samples 1133 (5.0 % of nodes)
    #Val samples 3399 (15.0 % of nodes)
    #Test samples 18130 (remaining)
    ----label noise information:------
    Instance dependent noise
    #Actual noise rate 0.13
    [cuda:1] Waiting for GPU slot...
    [cuda:1] Slot acquired (waited 5.0s). Training...
    FINAL_RESULT: {'acc': {'train': 0.5189761694616064, 'valid': 0.30803177405119153, 'test': 0.35912851627137343}, 'wall_s': 194.96, 'cpu_s': 0.07, 'gpu_s': 194.68, 'wait_s': 5.03}
    [Time] wall=195.0s | cpu=0.1s | gpu=194.7s
    C:\Users\fbrev\Documents\Acadêmico\Simulações\Python\NoisyGL\predictor\Base_Predictor.py:144: UserWarning: Sparse CSR tensor support is in beta state. If you miss a functionality in the sparse tensor support, please submit a feature request to https://github.com/pytorch/pytorch/issues. (Triggered internally at ..\aten\src\ATen\SparseCsrTensorImpl.cpp:55.)
    self.adj_csr = self.adj.to_sparse_csr().to(self.device)
    [CPU] Loading roman-empire...
    DEBUG 3.1: Dataset init start
    DEBUG 3.2: prepare_data start roman-empire
    ----Data statistics------'
    Name: roman-empire
    #Nodes 22662
    #Edges 32927
    #Classes 18
    #Ave_degree 2.91
    ----Split statistics------'
    #Train samples 1133 (5.0 % of nodes)
    #Val samples 3399 (15.0 % of nodes)
    #Test samples 18130 (remaining)
    ----label noise information:------
    Instance dependent noise
    #Actual noise rate 0.13
    [cuda:1] Waiting for GPU slot...
    [cuda:1] Slot acquired (waited 8.5s). Training...
    FINAL_RESULT: {'acc': {'train': 0.4245366284201236, 'valid': 0.303912915563401, 'test': 0.336734693877551}, 'wall_s': 194.09, 'cpu_s': 0.06, 'gpu_s': 193.87, 'wait_s': 8.48}
    [Time] wall=194.1s | cpu=0.1s | gpu=193.9s
    C:\Users\fbrev\Documents\Acadêmico\Simulações\Python\NoisyGL\predictor\Base_Predictor.py:144: UserWarning: Sparse CSR tensor support is in beta state. If you miss a functionality in the sparse tensor support, please submit a feature request to https://github.com/pytorch/pytorch/issues. (Triggered internally at ..\aten\src\ATen\SparseCsrTensorImpl.cpp:55.)
    self.adj_csr = self.adj.to_sparse_csr().to(self.device)
    [CPU] Loading roman-empire...
    DEBUG 3.1: Dataset init start
    DEBUG 3.2: prepare_data start roman-empire
    ----Data statistics------'
    Name: roman-empire
    #Nodes 22662
    #Edges 32927
    #Classes 18
    #Ave_degree 2.91
    ----Split statistics------'
    #Train samples 1133 (5.0 % of nodes)
    #Val samples 3399 (15.0 % of nodes)
    #Test samples 18130 (remaining)
    ----label noise information:------
    Instance dependent noise
    #Actual noise rate 0.13
    [cuda:1] Waiting for GPU slot...
    [cuda:1] Slot acquired (waited 1.6s). Training...
    FINAL_RESULT: {'acc': {'train': 0.4510150044130627, 'valid': 0.313915857605178, 'test': 0.32691671263099836}, 'wall_s': 191.94, 'cpu_s': 0.06, 'gpu_s': 191.7, 'wait_s': 1.63}
    [Time] wall=191.9s | cpu=0.1s | gpu=191.7s
    C:\Users\fbrev\Documents\Acadêmico\Simulações\Python\NoisyGL\predictor\Base_Predictor.py:144: UserWarning: Sparse CSR tensor support is in beta state. If you miss a functionality in the sparse tensor support, please submit a feature request to https://github.com/pytorch/pytorch/issues. (Triggered internally at ..\aten\src\ATen\SparseCsrTensorImpl.cpp:55.)
    self.adj_csr = self.adj.to_sparse_csr().to(self.device)

[FINAL] cp_roman-empire_instance_0.1 | 0.3452 ± 0.0122
