[worker] START pignn_amazon-ratings_0.5 gpu=1
[HPO] Starting Phase 1 (Optuna) for pignn_amazon-ratings_instance_0.5...
[I 2026-04-28 02:39:18,363] Using an existing study with name 'pignn_amazon-ratings_instance_0.5' instead of creating a new one.
    [CPU] Loading amazon-ratings...
    DEBUG 3.1: Dataset init start
    DEBUG 3.2: prepare_data start amazon-ratings
    ----Data statistics------'
    Name: amazon-ratings
    #Nodes 24492
    #Edges 93050
    #Classes 5
    #Ave_degree 7.60
    ----Split statistics------'
    #Train samples 1224 (5.0 % of nodes)
    #Val samples 3673 (15.0 % of nodes)
    #Test samples 19595 (remaining)
    ----label noise information:------
    Instance dependent noise
    #Actual noise rate 0.50
    [cuda:1] Waiting for GPU slot...
    [cuda:1] Slot acquired (waited 382.7s). Training...
    [PIGNN] Large dataset (24492 nodes). Using edge sampling for context loss.
    FINAL_RESULT: {'acc': {'train': 0.1968954248366013, 'valid': 0.23849714130138852, 'test': 0.36846134217912735}, 'wall_s': 190.27, 'cpu_s': 150.31, 'gpu_s': 39.6, 'wait_s': 382.68}
    [Time] wall=190.3s | cpu=150.3s | gpu=39.6s
    C:\Users\fbrev\Documents\Acadêmico\Simulações\Python\NoisyGL\predictor\Base_Predictor.py:144: UserWarning: Sparse CSR tensor support is in beta state. If you miss a functionality in the sparse tensor support, please submit a feature request to https://github.com/pytorch/pytorch/issues. (Triggered internally at ..\aten\src\ATen\SparseCsrTensorImpl.cpp:55.)
    self.adj_csr = self.adj.to_sparse_csr().to(self.device)
[I 2026-04-28 02:48:57,756] Trial 8 finished with value: 0.36846134217912735 and parameters: {'lr': 0.01, 'weight_decay': 0.0001, 'n_hidden': 256, 'n_layer': 3, 'dropout': 0.7423310186926412}. Best is trial 1 with value: 0.36851237560602196.
    [CPU] Loading amazon-ratings...
    DEBUG 3.1: Dataset init start
    DEBUG 3.2: prepare_data start amazon-ratings
    ----Data statistics------'
    Name: amazon-ratings
    #Nodes 24492
    #Edges 93050
    #Classes 5
    #Ave_degree 7.60
    ----Split statistics------'
    #Train samples 1224 (5.0 % of nodes)
    #Val samples 3673 (15.0 % of nodes)
    #Test samples 19595 (remaining)
    ----label noise information:------
    Instance dependent noise
    #Actual noise rate 0.50
    [cuda:1] Waiting for GPU slot...
    [cuda:1] Slot acquired (waited 614.1s). Training...
    [PIGNN] Large dataset (24492 nodes). Using edge sampling for context loss.
    FINAL_RESULT: {'acc': {'train': 0.24591503267973855, 'valid': 0.23849714130138852, 'test': 0.36851237560602196}, 'wall_s': 188.52, 'cpu_s': 150.44, 'gpu_s': 37.1, 'wait_s': 614.1}
    [Time] wall=188.5s | cpu=150.4s | gpu=37.1s
    C:\Users\fbrev\Documents\Acadêmico\Simulações\Python\NoisyGL\predictor\Base_Predictor.py:144: UserWarning: Sparse CSR tensor support is in beta state. If you miss a functionality in the sparse tensor support, please submit a feature request to https://github.com/pytorch/pytorch/issues. (Triggered internally at ..\aten\src\ATen\SparseCsrTensorImpl.cpp:55.)
    self.adj_csr = self.adj.to_sparse_csr().to(self.device)
[I 2026-04-28 03:02:26,749] Trial 9 finished with value: 0.36851237560602196 and parameters: {'lr': 0.001, 'weight_decay': 0.01, 'n_hidden': 256, 'n_layer': 2, 'dropout': 0.771794424480742}. Best is trial 1 with value: 0.36851237560602196.
    [CPU] Loading amazon-ratings...
    DEBUG 3.1: Dataset init start
    DEBUG 3.2: prepare_data start amazon-ratings
    ----Data statistics------'
    Name: amazon-ratings
    #Nodes 24492
    #Edges 93050
    #Classes 5
    #Ave_degree 7.60
    ----Split statistics------'
    #Train samples 1224 (5.0 % of nodes)
    #Val samples 3673 (15.0 % of nodes)
    #Test samples 19595 (remaining)
    ----label noise information:------
    Instance dependent noise
    #Actual noise rate 0.50
    [cuda:1] Waiting for GPU slot...
    [cuda:1] Slot acquired (waited 374.8s). Training...
    [PIGNN] Large dataset (24492 nodes). Using edge sampling for context loss.
    FINAL_RESULT: {'acc': {'train': 0.2099673202614379, 'valid': 0.23060168799346584, 'test': 0.2316917581015565}, 'wall_s': 182.9, 'cpu_s': 146.42, 'gpu_s': 36.13, 'wait_s': 374.83}
    [Time] wall=182.9s | cpu=146.4s | gpu=36.1s
    C:\Users\fbrev\Documents\Acadêmico\Simulações\Python\NoisyGL\predictor\Base_Predictor.py:144: UserWarning: Sparse CSR tensor support is in beta state. If you miss a functionality in the sparse tensor support, please submit a feature request to https://github.com/pytorch/pytorch/issues. (Triggered internally at ..\aten\src\ATen\SparseCsrTensorImpl.cpp:55.)
    self.adj_csr = self.adj.to_sparse_csr().to(self.device)
[I 2026-04-28 03:11:50,706] Trial 10 finished with value: 0.2316917581015565 and parameters: {'lr': 0.001, 'weight_decay': 0.01, 'n_hidden': 32, 'n_layer': 2, 'dropout': 0.2321062485236241}. Best is trial 1 with value: 0.36851237560602196.
    [CPU] Loading amazon-ratings...
    DEBUG 3.1: Dataset init start
    DEBUG 3.2: prepare_data start amazon-ratings
    ----Data statistics------'
    Name: amazon-ratings
    #Nodes 24492
    #Edges 93050
    #Classes 5
    #Ave_degree 7.60
    ----Split statistics------'
    #Train samples 1224 (5.0 % of nodes)
    #Val samples 3673 (15.0 % of nodes)
    #Test samples 19595 (remaining)
    ----label noise information:------
    Instance dependent noise
    #Actual noise rate 0.50
    [cuda:1] Waiting for GPU slot...
    [cuda:1] Slot acquired (waited 406.6s). Training...
    [PIGNN] Large dataset (24492 nodes). Using edge sampling for context loss.
    FINAL_RESULT: {'acc': {'train': 0.25326797385620914, 'valid': 0.24612033759869317, 'test': 0.34738453687165094}, 'wall_s': 180.66, 'cpu_s': 141.98, 'gpu_s': 38.32, 'wait_s': 406.56}
    [Time] wall=180.7s | cpu=142.0s | gpu=38.3s
    C:\Users\fbrev\Documents\Acadêmico\Simulações\Python\NoisyGL\predictor\Base_Predictor.py:144: UserWarning: Sparse CSR tensor support is in beta state. If you miss a functionality in the sparse tensor support, please submit a feature request to https://github.com/pytorch/pytorch/issues. (Triggered internally at ..\aten\src\ATen\SparseCsrTensorImpl.cpp:55.)
    self.adj_csr = self.adj.to_sparse_csr().to(self.device)
[I 2026-04-28 03:21:43,467] Trial 11 finished with value: 0.34738453687165094 and parameters: {'lr': 0.01, 'weight_decay': 0.05, 'n_hidden': 256, 'n_layer': 3, 'dropout': 0.5786557322614658}. Best is trial 1 with value: 0.36851237560602196.
    [CPU] Loading amazon-ratings...
    DEBUG 3.1: Dataset init start
    DEBUG 3.2: prepare_data start amazon-ratings
    ----Data statistics------'
    Name: amazon-ratings
    #Nodes 24492
    #Edges 93050
    #Classes 5
    #Ave_degree 7.60
    ----Split statistics------'
    #Train samples 1224 (5.0 % of nodes)
    #Val samples 3673 (15.0 % of nodes)
    #Test samples 19595 (remaining)
    ----label noise information:------
    Instance dependent noise
    #Actual noise rate 0.50
    [cuda:1] Waiting for GPU slot...
    [cuda:1] Slot acquired (waited 582.2s). Training...
    [PIGNN] Large dataset (24492 nodes). Using edge sampling for context loss.
    FINAL_RESULT: {'acc': {'train': 0.2540849673202614, 'valid': 0.24013068336509666, 'test': 0.34866037254401633}, 'wall_s': 181.06, 'cpu_s': 144.39, 'gpu_s': 36.32, 'wait_s': 582.21}
    [Time] wall=181.1s | cpu=144.4s | gpu=36.3s
    C:\Users\fbrev\Documents\Acadêmico\Simulações\Python\NoisyGL\predictor\Base_Predictor.py:144: UserWarning: Sparse CSR tensor support is in beta state. If you miss a functionality in the sparse tensor support, please submit a feature request to https://github.com/pytorch/pytorch/issues. (Triggered internally at ..\aten\src\ATen\SparseCsrTensorImpl.cpp:55.)
    self.adj_csr = self.adj.to_sparse_csr().to(self.device)
[I 2026-04-28 03:34:32,451] Trial 12 finished with value: 0.34866037254401633 and parameters: {'lr': 0.005, 'weight_decay': 0.0001, 'n_hidden': 32, 'n_layer': 2, 'dropout': 0.07508149509583628}. Best is trial 1 with value: 0.36851237560602196.
    [CPU] Loading amazon-ratings...
    DEBUG 3.1: Dataset init start
    DEBUG 3.2: prepare_data start amazon-ratings
    ----Data statistics------'
    Name: amazon-ratings
    #Nodes 24492
    #Edges 93050
    #Classes 5
    #Ave_degree 7.60
    ----Split statistics------'
    #Train samples 1224 (5.0 % of nodes)
    #Val samples 3673 (15.0 % of nodes)
    #Test samples 19595 (remaining)
    ----label noise information:------
    Instance dependent noise
    #Actual noise rate 0.50
    [cuda:1] Waiting for GPU slot...
    [cuda:1] Slot acquired (waited 180.1s). Training...
    [PIGNN] Large dataset (24492 nodes). Using edge sampling for context loss.
    FINAL_RESULT: {'acc': {'train': 0.17401960784313725, 'valid': 0.23849714130138852, 'test': 0.36851237560602196}, 'wall_s': 184.14, 'cpu_s': 145.94, 'gpu_s': 37.84, 'wait_s': 180.09}
    [Time] wall=184.1s | cpu=145.9s | gpu=37.8s
    C:\Users\fbrev\Documents\Acadêmico\Simulações\Python\NoisyGL\predictor\Base_Predictor.py:144: UserWarning: Sparse CSR tensor support is in beta state. If you miss a functionality in the sparse tensor support, please submit a feature request to https://github.com/pytorch/pytorch/issues. (Triggered internally at ..\aten\src\ATen\SparseCsrTensorImpl.cpp:55.)
    self.adj_csr = self.adj.to_sparse_csr().to(self.device)
[I 2026-04-28 03:40:42,137] Trial 13 finished with value: 0.36851237560602196 and parameters: {'lr': 0.05, 'weight_decay': 0.001, 'n_hidden': 64, 'n_layer': 3, 'dropout': 0.09930564498655947}. Best is trial 1 with value: 0.36851237560602196.
    [CPU] Loading amazon-ratings...
    DEBUG 3.1: Dataset init start
    DEBUG 3.2: prepare_data start amazon-ratings
    ----Data statistics------'
    Name: amazon-ratings
    #Nodes 24492
    #Edges 93050
    #Classes 5
    #Ave_degree 7.60
    ----Split statistics------'
    #Train samples 1224 (5.0 % of nodes)
    #Val samples 3673 (15.0 % of nodes)
    #Test samples 19595 (remaining)
    ----label noise information:------
    Instance dependent noise
    #Actual noise rate 0.50
    [cuda:1] Waiting for GPU slot...
    [cuda:1] Slot acquired (waited 406.6s). Training...
    [PIGNN] Large dataset (24492 nodes). Using edge sampling for context loss.
    FINAL_RESULT: {'acc': {'train': 0.24101307189542484, 'valid': 0.23849714130138852, 'test': 0.36851237560602196}, 'wall_s': 180.83, 'cpu_s': 144.14, 'gpu_s': 36.33, 'wait_s': 406.56}
    [Time] wall=180.8s | cpu=144.1s | gpu=36.3s
    C:\Users\fbrev\Documents\Acadêmico\Simulações\Python\NoisyGL\predictor\Base_Predictor.py:144: UserWarning: Sparse CSR tensor support is in beta state. If you miss a functionality in the sparse tensor support, please submit a feature request to https://github.com/pytorch/pytorch/issues. (Triggered internally at ..\aten\src\ATen\SparseCsrTensorImpl.cpp:55.)
    self.adj_csr = self.adj.to_sparse_csr().to(self.device)
[I 2026-04-28 03:50:35,316] Trial 14 finished with value: 0.36851237560602196 and parameters: {'lr': 0.1, 'weight_decay': 0.0, 'n_hidden': 32, 'n_layer': 2, 'dropout': 0.09373323115528631}. Best is trial 1 with value: 0.36851237560602196.
    [CPU] Loading amazon-ratings...
    DEBUG 3.1: Dataset init start
    DEBUG 3.2: prepare_data start amazon-ratings
    ----Data statistics------'
    Name: amazon-ratings
    #Nodes 24492
    #Edges 93050
    #Classes 5
    #Ave_degree 7.60
    ----Split statistics------'
    #Train samples 1224 (5.0 % of nodes)
    #Val samples 3673 (15.0 % of nodes)
    #Test samples 19595 (remaining)
    ----label noise information:------
    Instance dependent noise
    #Actual noise rate 0.50
    [cuda:1] Waiting for GPU slot...
    [cuda:1] Slot acquired (waited 357.9s). Training...
    [PIGNN] Large dataset (24492 nodes). Using edge sampling for context loss.
    FINAL_RESULT: {'acc': {'train': 0.20669934640522875, 'valid': 0.23849714130138852, 'test': 0.36851237560602196}, 'wall_s': 175.66, 'cpu_s': 139.1, 'gpu_s': 36.24, 'wait_s': 357.95}
    [Time] wall=175.7s | cpu=139.1s | gpu=36.2s
    C:\Users\fbrev\Documents\Acadêmico\Simulações\Python\NoisyGL\predictor\Base_Predictor.py:144: UserWarning: Sparse CSR tensor support is in beta state. If you miss a functionality in the sparse tensor support, please submit a feature request to https://github.com/pytorch/pytorch/issues. (Triggered internally at ..\aten\src\ATen\SparseCsrTensorImpl.cpp:55.)
    self.adj_csr = self.adj.to_sparse_csr().to(self.device)
[I 2026-04-28 03:59:34,551] Trial 15 finished with value: 0.36851237560602196 and parameters: {'lr': 0.01, 'weight_decay': 0.01, 'n_hidden': 256, 'n_layer': 2, 'dropout': 0.7119280001227948}. Best is trial 1 with value: 0.36851237560602196.
    [CPU] Loading amazon-ratings...
    DEBUG 3.1: Dataset init start
    DEBUG 3.2: prepare_data start amazon-ratings
    ----Data statistics------'
    Name: amazon-ratings
    #Nodes 24492
    #Edges 93050
    #Classes 5
    #Ave_degree 7.60
    ----Split statistics------'
    #Train samples 1224 (5.0 % of nodes)
    #Val samples 3673 (15.0 % of nodes)
    #Test samples 19595 (remaining)
    ----label noise information:------
    Instance dependent noise
    #Actual noise rate 0.50
    [cuda:1] Waiting for GPU slot...
    [cuda:1] Slot acquired (waited 178.0s). Training...
    [PIGNN] Large dataset (24492 nodes). Using edge sampling for context loss.
    FINAL_RESULT: {'acc': {'train': 0.19526143790849673, 'valid': 0.2455758235774571, 'test': 0.2781832100025517}, 'wall_s': 180.63, 'cpu_s': 142.72, 'gpu_s': 37.58, 'wait_s': 178.01}
    [Time] wall=180.6s | cpu=142.7s | gpu=37.6s
    C:\Users\fbrev\Documents\Acadêmico\Simulações\Python\NoisyGL\predictor\Base_Predictor.py:144: UserWarning: Sparse CSR tensor support is in beta state. If you miss a functionality in the sparse tensor support, please submit a feature request to https://github.com/pytorch/pytorch/issues. (Triggered internally at ..\aten\src\ATen\SparseCsrTensorImpl.cpp:55.)
    self.adj_csr = self.adj.to_sparse_csr().to(self.device)
[I 2026-04-28 04:05:39,314] Trial 16 finished with value: 0.2781832100025517 and parameters: {'lr': 0.1, 'weight_decay': 0.01, 'n_hidden': 64, 'n_layer': 3, 'dropout': 0.3548578032144484}. Best is trial 1 with value: 0.36851237560602196.
    [CPU] Loading amazon-ratings...
    DEBUG 3.1: Dataset init start
    DEBUG 3.2: prepare_data start amazon-ratings
    ----Data statistics------'
    Name: amazon-ratings
    #Nodes 24492
    #Edges 93050
    #Classes 5
    #Ave_degree 7.60
    ----Split statistics------'
    #Train samples 1224 (5.0 % of nodes)
    #Val samples 3673 (15.0 % of nodes)
    #Test samples 19595 (remaining)
    ----label noise information:------
    Instance dependent noise
    #Actual noise rate 0.50
    [cuda:1] Waiting for GPU slot...
    [cuda:1] Slot acquired (waited 587.7s). Training...
    [PIGNN] Large dataset (24492 nodes). Using edge sampling for context loss.
    FINAL_RESULT: {'acc': {'train': 0.1977124183006536, 'valid': 0.244214538524367, 'test': 0.2796121459556009}, 'wall_s': 180.63, 'cpu_s': 141.84, 'gpu_s': 38.43, 'wait_s': 587.67}
    [Time] wall=180.6s | cpu=141.8s | gpu=38.4s
    C:\Users\fbrev\Documents\Acadêmico\Simulações\Python\NoisyGL\predictor\Base_Predictor.py:144: UserWarning: Sparse CSR tensor support is in beta state. If you miss a functionality in the sparse tensor support, please submit a feature request to https://github.com/pytorch/pytorch/issues. (Triggered internally at ..\aten\src\ATen\SparseCsrTensorImpl.cpp:55.)
    self.adj_csr = self.adj.to_sparse_csr().to(self.device)
[I 2026-04-28 04:18:33,248] Trial 17 finished with value: 0.2796121459556009 and parameters: {'lr': 0.05, 'weight_decay': 0.001, 'n_hidden': 256, 'n_layer': 3, 'dropout': 0.7809598318606613}. Best is trial 1 with value: 0.36851237560602196.
    [CPU] Loading amazon-ratings...
    DEBUG 3.1: Dataset init start
    DEBUG 3.2: prepare_data start amazon-ratings
    ----Data statistics------'
    Name: amazon-ratings
    #Nodes 24492
    #Edges 93050
    #Classes 5
    #Ave_degree 7.60
    ----Split statistics------'
    #Train samples 1224 (5.0 % of nodes)
    #Val samples 3673 (15.0 % of nodes)
    #Test samples 19595 (remaining)
    ----label noise information:------
    Instance dependent noise
    #Actual noise rate 0.50
    [cuda:1] Waiting for GPU slot...
    [cuda:1] Slot acquired (waited 403.4s). Training...
    [PIGNN] Large dataset (24492 nodes). Using edge sampling for context loss.
    FINAL_RESULT: {'acc': {'train': 0.25, 'valid': 0.24448679553498504, 'test': 0.2735391681551416}, 'wall_s': 179.86, 'cpu_s': 141.89, 'gpu_s': 37.61, 'wait_s': 403.4}
    [Time] wall=179.9s | cpu=141.9s | gpu=37.6s
    C:\Users\fbrev\Documents\Acadêmico\Simulações\Python\NoisyGL\predictor\Base_Predictor.py:144: UserWarning: Sparse CSR tensor support is in beta state. If you miss a functionality in the sparse tensor support, please submit a feature request to https://github.com/pytorch/pytorch/issues. (Triggered internally at ..\aten\src\ATen\SparseCsrTensorImpl.cpp:55.)
    self.adj_csr = self.adj.to_sparse_csr().to(self.device)
[I 2026-04-28 04:28:22,240] Trial 18 finished with value: 0.2735391681551416 and parameters: {'lr': 0.01, 'weight_decay': 0.05, 'n_hidden': 32, 'n_layer': 3, 'dropout': 0.5806266532361771}. Best is trial 1 with value: 0.36851237560602196.
    [CPU] Loading amazon-ratings...
    DEBUG 3.1: Dataset init start
    DEBUG 3.2: prepare_data start amazon-ratings
    ----Data statistics------'
    Name: amazon-ratings
    #Nodes 24492
    #Edges 93050
    #Classes 5
    #Ave_degree 7.60
    ----Split statistics------'
    #Train samples 1224 (5.0 % of nodes)
    #Val samples 3673 (15.0 % of nodes)
    #Test samples 19595 (remaining)
    ----label noise information:------
    Instance dependent noise
    #Actual noise rate 0.50
    [cuda:1] Waiting for GPU slot...
    [cuda:1] Slot acquired (waited 1962.4s). Training...
    [PIGNN] Large dataset (24492 nodes). Using edge sampling for context loss.
    FINAL_RESULT: {'acc': {'train': 0.24183006535947713, 'valid': 0.2382248842907705, 'test': 0.2815514161775963}, 'wall_s': 180.83, 'cpu_s': 144.45, 'gpu_s': 36.03, 'wait_s': 1962.42}
    [Time] wall=180.8s | cpu=144.4s | gpu=36.0s
    C:\Users\fbrev\Documents\Acadêmico\Simulações\Python\NoisyGL\predictor\Base_Predictor.py:144: UserWarning: Sparse CSR tensor support is in beta state. If you miss a functionality in the sparse tensor support, please submit a feature request to https://github.com/pytorch/pytorch/issues. (Triggered internally at ..\aten\src\ATen\SparseCsrTensorImpl.cpp:55.)
    self.adj_csr = self.adj.to_sparse_csr().to(self.device)
[I 2026-04-28 05:04:11,140] Trial 19 finished with value: 0.2815514161775963 and parameters: {'lr': 0.005, 'weight_decay': 0.001, 'n_hidden': 128, 'n_layer': 2, 'dropout': 0.5379347171481054}. Best is trial 1 with value: 0.36851237560602196.
    [CPU] Loading amazon-ratings...
    DEBUG 3.1: Dataset init start
    DEBUG 3.2: prepare_data start amazon-ratings
    ----Data statistics------'
    Name: amazon-ratings
    #Nodes 24492
    #Edges 93050
    #Classes 5
    #Ave_degree 7.60
    ----Split statistics------'
    #Train samples 1224 (5.0 % of nodes)
    #Val samples 3673 (15.0 % of nodes)
    #Test samples 19595 (remaining)
    ----label noise information:------
    Instance dependent noise
    #Actual noise rate 0.50
    [cuda:1] Waiting for GPU slot...
    [cuda:1] Slot acquired (waited 1416.8s). Training...
    [PIGNN] Large dataset (24492 nodes). Using edge sampling for context loss.
    FINAL_RESULT: {'acc': {'train': 0.190359477124183, 'valid': 0.23849714130138852, 'test': 0.36851237560602196}, 'wall_s': 181.12, 'cpu_s': 142.55, 'gpu_s': 38.21, 'wait_s': 1416.77}
    [Time] wall=181.1s | cpu=142.6s | gpu=38.2s
    C:\Users\fbrev\Documents\Acadêmico\Simulações\Python\NoisyGL\predictor\Base_Predictor.py:144: UserWarning: Sparse CSR tensor support is in beta state. If you miss a functionality in the sparse tensor support, please submit a feature request to https://github.com/pytorch/pytorch/issues. (Triggered internally at ..\aten\src\ATen\SparseCsrTensorImpl.cpp:55.)
    self.adj_csr = self.adj.to_sparse_csr().to(self.device)
[I 2026-04-28 05:30:54,666] Trial 20 finished with value: 0.36851237560602196 and parameters: {'lr': 0.01, 'weight_decay': 0.001, 'n_hidden': 256, 'n_layer': 3, 'dropout': 0.635511754149985}. Best is trial 1 with value: 0.36851237560602196.
    [CPU] Loading amazon-ratings...
    DEBUG 3.1: Dataset init start
    DEBUG 3.2: prepare_data start amazon-ratings
    ----Data statistics------'
    Name: amazon-ratings
    #Nodes 24492
    #Edges 93050
    #Classes 5
    #Ave_degree 7.60
    ----Split statistics------'
    #Train samples 1224 (5.0 % of nodes)
    #Val samples 3673 (15.0 % of nodes)
    #Test samples 19595 (remaining)
    ----label noise information:------
    Instance dependent noise
    #Actual noise rate 0.50
    [cuda:1] Waiting for GPU slot...
    [cuda:1] Slot acquired (waited 778.7s). Training...
    [PIGNN] Large dataset (24492 nodes). Using edge sampling for context loss.
    FINAL_RESULT: {'acc': {'train': 0.2540849673202614, 'valid': 0.2393139123332426, 'test': 0.36662413881092115}, 'wall_s': 183.0, 'cpu_s': 144.55, 'gpu_s': 38.06, 'wait_s': 778.69}
    [Time] wall=183.0s | cpu=144.5s | gpu=38.1s
    C:\Users\fbrev\Documents\Acadêmico\Simulações\Python\NoisyGL\predictor\Base_Predictor.py:144: UserWarning: Sparse CSR tensor support is in beta state. If you miss a functionality in the sparse tensor support, please submit a feature request to https://github.com/pytorch/pytorch/issues. (Triggered internally at ..\aten\src\ATen\SparseCsrTensorImpl.cpp:55.)
    self.adj_csr = self.adj.to_sparse_csr().to(self.device)
[I 2026-04-28 05:47:02,005] Trial 21 finished with value: 0.36662413881092115 and parameters: {'lr': 0.05, 'weight_decay': 0.001, 'n_hidden': 64, 'n_layer': 3, 'dropout': 0.42786187173085877}. Best is trial 1 with value: 0.36851237560602196.
    [CPU] Loading amazon-ratings...
    DEBUG 3.1: Dataset init start
    DEBUG 3.2: prepare_data start amazon-ratings
    ----Data statistics------'
    Name: amazon-ratings
    #Nodes 24492
    #Edges 93050
    #Classes 5
    #Ave_degree 7.60
    ----Split statistics------'
    #Train samples 1224 (5.0 % of nodes)
    #Val samples 3673 (15.0 % of nodes)
    #Test samples 19595 (remaining)
    ----label noise information:------
    Instance dependent noise
    #Actual noise rate 0.50
    [cuda:1] Waiting for GPU slot...
    [cuda:1] Slot acquired (waited 406.4s). Training...
    [PIGNN] Large dataset (24492 nodes). Using edge sampling for context loss.
    FINAL_RESULT: {'acc': {'train': 0.17401960784313725, 'valid': 0.23849714130138852, 'test': 0.36851237560602196}, 'wall_s': 178.67, 'cpu_s': 142.43, 'gpu_s': 35.92, 'wait_s': 406.36}
    [Time] wall=178.7s | cpu=142.4s | gpu=35.9s
    C:\Users\fbrev\Documents\Acadêmico\Simulações\Python\NoisyGL\predictor\Base_Predictor.py:144: UserWarning: Sparse CSR tensor support is in beta state. If you miss a functionality in the sparse tensor support, please submit a feature request to https://github.com/pytorch/pytorch/issues. (Triggered internally at ..\aten\src\ATen\SparseCsrTensorImpl.cpp:55.)
    self.adj_csr = self.adj.to_sparse_csr().to(self.device)
[I 2026-04-28 05:56:52,640] Trial 22 finished with value: 0.36851237560602196 and parameters: {'lr': 0.1, 'weight_decay': 0.0, 'n_hidden': 128, 'n_layer': 2, 'dropout': 0.010373999723944066}. Best is trial 1 with value: 0.36851237560602196.
    [CPU] Loading amazon-ratings...
    DEBUG 3.1: Dataset init start
    DEBUG 3.2: prepare_data start amazon-ratings
    ----Data statistics------'
    Name: amazon-ratings
    #Nodes 24492
    #Edges 93050
    #Classes 5
    #Ave_degree 7.60
    ----Split statistics------'
    #Train samples 1224 (5.0 % of nodes)
    #Val samples 3673 (15.0 % of nodes)
    #Test samples 19595 (remaining)
    ----label noise information:------
    Instance dependent noise
    #Actual noise rate 0.50
    [cuda:1] Waiting for GPU slot...
    [cuda:1] Slot acquired (waited 962.5s). Training...
    [PIGNN] Large dataset (24492 nodes). Using edge sampling for context loss.
    FINAL_RESULT: {'acc': {'train': 0.24591503267973855, 'valid': 0.2417642254288048, 'test': 0.36351109977034957}, 'wall_s': 173.17, 'cpu_s': 136.18, 'gpu_s': 36.65, 'wait_s': 962.5}
    [Time] wall=173.2s | cpu=136.2s | gpu=36.6s
    C:\Users\fbrev\Documents\Acadêmico\Simulações\Python\NoisyGL\predictor\Base_Predictor.py:144: UserWarning: Sparse CSR tensor support is in beta state. If you miss a functionality in the sparse tensor support, please submit a feature request to https://github.com/pytorch/pytorch/issues. (Triggered internally at ..\aten\src\ATen\SparseCsrTensorImpl.cpp:55.)
    self.adj_csr = self.adj.to_sparse_csr().to(self.device)
[I 2026-04-28 06:15:53,983] Trial 23 finished with value: 0.36351109977034957 and parameters: {'lr': 0.001, 'weight_decay': 0.0, 'n_hidden': 64, 'n_layer': 2, 'dropout': 0.21452718720641198}. Best is trial 1 with value: 0.36851237560602196.
    [CPU] Loading amazon-ratings...
    DEBUG 3.1: Dataset init start
    DEBUG 3.2: prepare_data start amazon-ratings
    ----Data statistics------'
    Name: amazon-ratings
    #Nodes 24492
    #Edges 93050
    #Classes 5
    #Ave_degree 7.60
    ----Split statistics------'
    #Train samples 1224 (5.0 % of nodes)
    #Val samples 3673 (15.0 % of nodes)
    #Test samples 19595 (remaining)
    ----label noise information:------
    Instance dependent noise
    #Actual noise rate 0.50
    [cuda:1] Waiting for GPU slot...
    [cuda:1] Slot acquired (waited 216.5s). Training...
    [PIGNN] Large dataset (24492 nodes). Using edge sampling for context loss.
    FINAL_RESULT: {'acc': {'train': 0.17401960784313725, 'valid': 0.23849714130138852, 'test': 0.36851237560602196}, 'wall_s': 182.37, 'cpu_s': 145.58, 'gpu_s': 36.3, 'wait_s': 216.51}
    [Time] wall=182.4s | cpu=145.6s | gpu=36.3s
    C:\Users\fbrev\Documents\Acadêmico\Simulações\Python\NoisyGL\predictor\Base_Predictor.py:144: UserWarning: Sparse CSR tensor support is in beta state. If you miss a functionality in the sparse tensor support, please submit a feature request to https://github.com/pytorch/pytorch/issues. (Triggered internally at ..\aten\src\ATen\SparseCsrTensorImpl.cpp:55.)
    self.adj_csr = self.adj.to_sparse_csr().to(self.device)
[I 2026-04-28 06:22:38,583] Trial 24 finished with value: 0.36851237560602196 and parameters: {'lr': 0.1, 'weight_decay': 0.0, 'n_hidden': 64, 'n_layer': 2, 'dropout': 0.34177938922189904}. Best is trial 1 with value: 0.36851237560602196.
    [CPU] Loading amazon-ratings...
    DEBUG 3.1: Dataset init start
    DEBUG 3.2: prepare_data start amazon-ratings
    ----Data statistics------'
    Name: amazon-ratings
    #Nodes 24492
    #Edges 93050
    #Classes 5
    #Ave_degree 7.60
    ----Split statistics------'
    #Train samples 1224 (5.0 % of nodes)
    #Val samples 3673 (15.0 % of nodes)
    #Test samples 19595 (remaining)
    ----label noise information:------
    Instance dependent noise
    #Actual noise rate 0.50
    [cuda:1] Waiting for GPU slot...
    [cuda:1] Slot acquired (waited 218.2s). Training...
    [PIGNN] Large dataset (24492 nodes). Using edge sampling for context loss.
    FINAL_RESULT: {'acc': {'train': 0.17401960784313725, 'valid': 0.23849714130138852, 'test': 0.36851237560602196}, 'wall_s': 174.86, 'cpu_s': 138.26, 'gpu_s': 36.25, 'wait_s': 218.21}
    [Time] wall=174.9s | cpu=138.3s | gpu=36.3s
    C:\Users\fbrev\Documents\Acadêmico\Simulações\Python\NoisyGL\predictor\Base_Predictor.py:144: UserWarning: Sparse CSR tensor support is in beta state. If you miss a functionality in the sparse tensor support, please submit a feature request to https://github.com/pytorch/pytorch/issues. (Triggered internally at ..\aten\src\ATen\SparseCsrTensorImpl.cpp:55.)
    self.adj_csr = self.adj.to_sparse_csr().to(self.device)
[I 2026-04-28 06:29:17,436] Trial 25 finished with value: 0.36851237560602196 and parameters: {'lr': 0.05, 'weight_decay': 0.0, 'n_hidden': 128, 'n_layer': 2, 'dropout': 0.15252799674110368}. Best is trial 1 with value: 0.36851237560602196.
    [CPU] Loading amazon-ratings...
    DEBUG 3.1: Dataset init start
    DEBUG 3.2: prepare_data start amazon-ratings
    ----Data statistics------'
    Name: amazon-ratings
    #Nodes 24492
    #Edges 93050
    #Classes 5
    #Ave_degree 7.60
    ----Split statistics------'
    #Train samples 1224 (5.0 % of nodes)
    #Val samples 3673 (15.0 % of nodes)
    #Test samples 19595 (remaining)
    ----label noise information:------
    Instance dependent noise
    #Actual noise rate 0.50
    [cuda:1] Waiting for GPU slot...
    [cuda:1] Slot acquired (waited 170.9s). Training...
    [PIGNN] Large dataset (24492 nodes). Using edge sampling for context loss.
    FINAL_RESULT: {'acc': {'train': 0.17401960784313725, 'valid': 0.23849714130138852, 'test': 0.36851237560602196}, 'wall_s': 173.14, 'cpu_s': 136.25, 'gpu_s': 36.53, 'wait_s': 170.85}
    [Time] wall=173.1s | cpu=136.3s | gpu=36.5s
    C:\Users\fbrev\Documents\Acadêmico\Simulações\Python\NoisyGL\predictor\Base_Predictor.py:144: UserWarning: Sparse CSR tensor support is in beta state. If you miss a functionality in the sparse tensor support, please submit a feature request to https://github.com/pytorch/pytorch/issues. (Triggered internally at ..\aten\src\ATen\SparseCsrTensorImpl.cpp:55.)
    self.adj_csr = self.adj.to_sparse_csr().to(self.device)
[I 2026-04-28 06:35:06,962] Trial 26 finished with value: 0.36851237560602196 and parameters: {'lr': 0.1, 'weight_decay': 0.0, 'n_hidden': 64, 'n_layer': 2, 'dropout': 0.44494412692318064}. Best is trial 1 with value: 0.36851237560602196.
    [CPU] Loading amazon-ratings...
    DEBUG 3.1: Dataset init start
    DEBUG 3.2: prepare_data start amazon-ratings
    ----Data statistics------'
    Name: amazon-ratings
    #Nodes 24492
    #Edges 93050
    #Classes 5
    #Ave_degree 7.60
    ----Split statistics------'
    #Train samples 1224 (5.0 % of nodes)
    #Val samples 3673 (15.0 % of nodes)
    #Test samples 19595 (remaining)
    ----label noise information:------
    Instance dependent noise
    #Actual noise rate 0.50
    [cuda:1] Waiting for GPU slot...
    [cuda:1] Slot acquired (waited 1569.8s). Training...
    [PIGNN] Large dataset (24492 nodes). Using edge sampling for context loss.
    FINAL_RESULT: {'acc': {'train': 0.21160130718954248, 'valid': 0.2303294309828478, 'test': 0.2316407246746619}, 'wall_s': 178.15, 'cpu_s': 141.46, 'gpu_s': 36.33, 'wait_s': 1569.84}
    [Time] wall=178.1s | cpu=141.5s | gpu=36.3s
    C:\Users\fbrev\Documents\Acadêmico\Simulações\Python\NoisyGL\predictor\Base_Predictor.py:144: UserWarning: Sparse CSR tensor support is in beta state. If you miss a functionality in the sparse tensor support, please submit a feature request to https://github.com/pytorch/pytorch/issues. (Triggered internally at ..\aten\src\ATen\SparseCsrTensorImpl.cpp:55.)
    self.adj_csr = self.adj.to_sparse_csr().to(self.device)
[I 2026-04-28 07:04:20,619] Trial 27 finished with value: 0.2316407246746619 and parameters: {'lr': 0.001, 'weight_decay': 0.001, 'n_hidden': 32, 'n_layer': 2, 'dropout': 0.27472646980917553}. Best is trial 1 with value: 0.36851237560602196.
    [CPU] Loading amazon-ratings...
    DEBUG 3.1: Dataset init start
    DEBUG 3.2: prepare_data start amazon-ratings
    ----Data statistics------'
    Name: amazon-ratings
    #Nodes 24492
    #Edges 93050
    #Classes 5
    #Ave_degree 7.60
    ----Split statistics------'
    #Train samples 1224 (5.0 % of nodes)
    #Val samples 3673 (15.0 % of nodes)
    #Test samples 19595 (remaining)
    ----label noise information:------
    Instance dependent noise
    #Actual noise rate 0.50
    [cuda:1] Waiting for GPU slot...
    [cuda:1] Slot acquired (waited 174.2s). Training...
    [PIGNN] Large dataset (24492 nodes). Using edge sampling for context loss.
    FINAL_RESULT: {'acc': {'train': 0.2549019607843137, 'valid': 0.25537707595970593, 'test': 0.31518244450114824}, 'wall_s': 177.95, 'cpu_s': 141.28, 'gpu_s': 36.31, 'wait_s': 174.16}
    [Time] wall=178.0s | cpu=141.3s | gpu=36.3s
    C:\Users\fbrev\Documents\Acadêmico\Simulações\Python\NoisyGL\predictor\Base_Predictor.py:144: UserWarning: Sparse CSR tensor support is in beta state. If you miss a functionality in the sparse tensor support, please submit a feature request to https://github.com/pytorch/pytorch/issues. (Triggered internally at ..\aten\src\ATen\SparseCsrTensorImpl.cpp:55.)
    self.adj_csr = self.adj.to_sparse_csr().to(self.device)
[I 2026-04-28 07:10:18,319] Trial 28 finished with value: 0.31518244450114824 and parameters: {'lr': 0.05, 'weight_decay': 0.01, 'n_hidden': 64, 'n_layer': 2, 'dropout': 0.15109250322069112}. Best is trial 1 with value: 0.36851237560602196.
    [CPU] Loading amazon-ratings...
    DEBUG 3.1: Dataset init start
    DEBUG 3.2: prepare_data start amazon-ratings
    ----Data statistics------'
    Name: amazon-ratings
    #Nodes 24492
    #Edges 93050
    #Classes 5
    #Ave_degree 7.60
    ----Split statistics------'
    #Train samples 1224 (5.0 % of nodes)
    #Val samples 3673 (15.0 % of nodes)
    #Test samples 19595 (remaining)
    ----label noise information:------
    Instance dependent noise
    #Actual noise rate 0.50
    [cuda:1] Waiting for GPU slot...
    [cuda:1] Slot acquired (waited 1754.6s). Training...
[I 2026-04-28 07:39:44,376] Trial 29 finished with value: 0.0 and parameters: {'lr': 0.001, 'weight_decay': 0.0, 'n_hidden': 128, 'n_layer': 3, 'dropout': 0.009502570606929342}. Best is trial 1 with value: 0.36851237560602196.
    [CPU] Loading amazon-ratings...
    DEBUG 3.1: Dataset init start
    DEBUG 3.2: prepare_data start amazon-ratings
    ----Data statistics------'
    Name: amazon-ratings
    #Nodes 24492
    #Edges 93050
    #Classes 5
    #Ave_degree 7.60
    ----Split statistics------'
    #Train samples 1224 (5.0 % of nodes)
    #Val samples 3673 (15.0 % of nodes)
    #Test samples 19595 (remaining)
    ----label noise information:------
    Instance dependent noise
    #Actual noise rate 0.50
    [cuda:1] Waiting for GPU slot...
    [cuda:1] Slot acquired (waited 703.8s). Training...
    [PIGNN] Large dataset (24492 nodes). Using edge sampling for context loss.
    FINAL_RESULT: {'acc': {'train': 0.17401960784313725, 'valid': 0.23849714130138852, 'test': 0.36851237560602196}, 'wall_s': 174.09, 'cpu_s': 135.82, 'gpu_s': 37.92, 'wait_s': 703.77}
    [Time] wall=174.1s | cpu=135.8s | gpu=37.9s
    C:\Users\fbrev\Documents\Acadêmico\Simulações\Python\NoisyGL\predictor\Base_Predictor.py:144: UserWarning: Sparse CSR tensor support is in beta state. If you miss a functionality in the sparse tensor support, please submit a feature request to https://github.com/pytorch/pytorch/issues. (Triggered internally at ..\aten\src\ATen\SparseCsrTensorImpl.cpp:55.)
    self.adj_csr = self.adj.to_sparse_csr().to(self.device)
[I 2026-04-28 07:54:28,151] Trial 30 finished with value: 0.36851237560602196 and parameters: {'lr': 0.05, 'weight_decay': 0.001, 'n_hidden': 64, 'n_layer': 3, 'dropout': 0.4920802480782911}. Best is trial 1 with value: 0.36851237560602196.
    [CPU] Loading amazon-ratings...
    DEBUG 3.1: Dataset init start
    DEBUG 3.2: prepare_data start amazon-ratings
    ----Data statistics------'
    Name: amazon-ratings
    #Nodes 24492
    #Edges 93050
    #Classes 5
    #Ave_degree 7.60
    ----Split statistics------'
    #Train samples 1224 (5.0 % of nodes)
    #Val samples 3673 (15.0 % of nodes)
    #Test samples 19595 (remaining)
    ----label noise information:------
    Instance dependent noise
    #Actual noise rate 0.50
    [cuda:1] Waiting for GPU slot...
    [cuda:1] Slot acquired (waited 348.0s). Training...
    [PIGNN] Large dataset (24492 nodes). Using edge sampling for context loss.
    FINAL_RESULT: {'acc': {'train': 0.23284313725490197, 'valid': 0.2395861693438606, 'test': 0.3707068129624904}, 'wall_s': 174.76, 'cpu_s': 138.46, 'gpu_s': 35.98, 'wait_s': 348.05}
    [Time] wall=174.8s | cpu=138.5s | gpu=36.0s
    C:\Users\fbrev\Documents\Acadêmico\Simulações\Python\NoisyGL\predictor\Base_Predictor.py:144: UserWarning: Sparse CSR tensor support is in beta state. If you miss a functionality in the sparse tensor support, please submit a feature request to https://github.com/pytorch/pytorch/issues. (Triggered internally at ..\aten\src\ATen\SparseCsrTensorImpl.cpp:55.)
    self.adj_csr = self.adj.to_sparse_csr().to(self.device)
[I 2026-04-28 08:03:16,603] Trial 31 finished with value: 0.3707068129624904 and parameters: {'lr': 0.1, 'weight_decay': 0.01, 'n_hidden': 32, 'n_layer': 2, 'dropout': 0.3113776679948247}. Best is trial 31 with value: 0.3707068129624904.
    [CPU] Loading amazon-ratings...
    DEBUG 3.1: Dataset init start
    DEBUG 3.2: prepare_data start amazon-ratings
    ----Data statistics------'
    Name: amazon-ratings
    #Nodes 24492
    #Edges 93050
    #Classes 5
    #Ave_degree 7.60
    ----Split statistics------'
    #Train samples 1224 (5.0 % of nodes)
    #Val samples 3673 (15.0 % of nodes)
    #Test samples 19595 (remaining)
    ----label noise information:------
    Instance dependent noise
    #Actual noise rate 0.50
    [cuda:1] Waiting for GPU slot...
    [cuda:1] Slot acquired (waited 342.7s). Training...
[I 2026-04-28 08:09:13,204] Trial 32 finished with value: 0.0 and parameters: {'lr': 0.1, 'weight_decay': 0.01, 'n_hidden': 32, 'n_layer': 2, 'dropout': 0.30981412645468065}. Best is trial 31 with value: 0.3707068129624904.
    [CPU] Loading amazon-ratings...
    DEBUG 3.1: Dataset init start
    DEBUG 3.2: prepare_data start amazon-ratings
    ----Data statistics------'
    Name: amazon-ratings
    #Nodes 24492
    #Edges 93050
    #Classes 5
    #Ave_degree 7.60
    ----Split statistics------'
    #Train samples 1224 (5.0 % of nodes)
    #Val samples 3673 (15.0 % of nodes)
    #Test samples 19595 (remaining)
    ----label noise information:------
    Instance dependent noise
    #Actual noise rate 0.50
    [cuda:1] Waiting for GPU slot...
    [cuda:1] Slot acquired (waited 229.8s). Training...
    [PIGNN] Large dataset (24492 nodes). Using edge sampling for context loss.
    FINAL_RESULT: {'acc': {'train': 0.24019607843137256, 'valid': 0.24121971140756873, 'test': 0.3146721102322021}, 'wall_s': 176.52, 'cpu_s': 139.67, 'gpu_s': 36.53, 'wait_s': 229.84}
    [Time] wall=176.5s | cpu=139.7s | gpu=36.5s
    C:\Users\fbrev\Documents\Acadêmico\Simulações\Python\NoisyGL\predictor\Base_Predictor.py:144: UserWarning: Sparse CSR tensor support is in beta state. If you miss a functionality in the sparse tensor support, please submit a feature request to https://github.com/pytorch/pytorch/issues. (Triggered internally at ..\aten\src\ATen\SparseCsrTensorImpl.cpp:55.)
    self.adj_csr = self.adj.to_sparse_csr().to(self.device)
[I 2026-04-28 08:16:05,411] Trial 33 finished with value: 0.3146721102322021 and parameters: {'lr': 0.1, 'weight_decay': 0.01, 'n_hidden': 32, 'n_layer': 2, 'dropout': 0.15124177476723086}. Best is trial 31 with value: 0.3707068129624904.
    [CPU] Loading amazon-ratings...
    DEBUG 3.1: Dataset init start
    DEBUG 3.2: prepare_data start amazon-ratings
    ----Data statistics------'
    Name: amazon-ratings
    #Nodes 24492
    #Edges 93050
    #Classes 5
    #Ave_degree 7.60
    ----Split statistics------'
    #Train samples 1224 (5.0 % of nodes)
    #Val samples 3673 (15.0 % of nodes)
    #Test samples 19595 (remaining)
    ----label noise information:------
    Instance dependent noise
    #Actual noise rate 0.50
    [cuda:1] Waiting for GPU slot...
    [cuda:1] Slot acquired (waited 813.2s). Training...
    [PIGNN] Large dataset (24492 nodes). Using edge sampling for context loss.
    FINAL_RESULT: {'acc': {'train': 0.2426470588235294, 'valid': 0.2393139123332426, 'test': 0.36948201071701964}, 'wall_s': 174.37, 'cpu_s': 137.7, 'gpu_s': 36.31, 'wait_s': 813.17}
    [Time] wall=174.4s | cpu=137.7s | gpu=36.3s
    C:\Users\fbrev\Documents\Acadêmico\Simulações\Python\NoisyGL\predictor\Base_Predictor.py:144: UserWarning: Sparse CSR tensor support is in beta state. If you miss a functionality in the sparse tensor support, please submit a feature request to https://github.com/pytorch/pytorch/issues. (Triggered internally at ..\aten\src\ATen\SparseCsrTensorImpl.cpp:55.)
    self.adj_csr = self.adj.to_sparse_csr().to(self.device)
[I 2026-04-28 08:32:38,988] Trial 34 finished with value: 0.36948201071701964 and parameters: {'lr': 0.1, 'weight_decay': 0.01, 'n_hidden': 32, 'n_layer': 2, 'dropout': 0.19284780605181634}. Best is trial 31 with value: 0.3707068129624904.
    [CPU] Loading amazon-ratings...
    DEBUG 3.1: Dataset init start
    DEBUG 3.2: prepare_data start amazon-ratings
    ----Data statistics------'
    Name: amazon-ratings
    #Nodes 24492
    #Edges 93050
    #Classes 5
    #Ave_degree 7.60
    ----Split statistics------'
    #Train samples 1224 (5.0 % of nodes)
    #Val samples 3673 (15.0 % of nodes)
    #Test samples 19595 (remaining)
    ----label noise information:------
    Instance dependent noise
    #Actual noise rate 0.50
    [cuda:1] Waiting for GPU slot...
    [cuda:1] Slot acquired (waited 222.8s). Training...
    [PIGNN] Large dataset (24492 nodes). Using edge sampling for context loss.
    FINAL_RESULT: {'acc': {'train': 0.23937908496732027, 'valid': 0.24475905254560304, 'test': 0.3321765756570554}, 'wall_s': 177.31, 'cpu_s': 140.82, 'gpu_s': 36.14, 'wait_s': 222.75}
    [Time] wall=177.3s | cpu=140.8s | gpu=36.1s
    C:\Users\fbrev\Documents\Acadêmico\Simulações\Python\NoisyGL\predictor\Base_Predictor.py:144: UserWarning: Sparse CSR tensor support is in beta state. If you miss a functionality in the sparse tensor support, please submit a feature request to https://github.com/pytorch/pytorch/issues. (Triggered internally at ..\aten\src\ATen\SparseCsrTensorImpl.cpp:55.)
    self.adj_csr = self.adj.to_sparse_csr().to(self.device)
[I 2026-04-28 08:39:24,948] Trial 35 finished with value: 0.3321765756570554 and parameters: {'lr': 0.1, 'weight_decay': 0.01, 'n_hidden': 32, 'n_layer': 2, 'dropout': 0.19173952755952148}. Best is trial 31 with value: 0.3707068129624904.
    [CPU] Loading amazon-ratings...
    DEBUG 3.1: Dataset init start
    DEBUG 3.2: prepare_data start amazon-ratings
    ----Data statistics------'
    Name: amazon-ratings
    #Nodes 24492
    #Edges 93050
    #Classes 5
    #Ave_degree 7.60
    ----Split statistics------'
    #Train samples 1224 (5.0 % of nodes)
    #Val samples 3673 (15.0 % of nodes)
    #Test samples 19595 (remaining)
    ----label noise information:------
    Instance dependent noise
    #Actual noise rate 0.50
    [cuda:1] Waiting for GPU slot...
    [cuda:1] Slot acquired (waited 577.8s). Training...
    [PIGNN] Large dataset (24492 nodes). Using edge sampling for context loss.
    FINAL_RESULT: {'acc': {'train': 0.2099673202614379, 'valid': 0.2303294309828478, 'test': 0.23174279152845115}, 'wall_s': 177.53, 'cpu_s': 140.91, 'gpu_s': 36.29, 'wait_s': 577.82}
    [Time] wall=177.5s | cpu=140.9s | gpu=36.3s
    C:\Users\fbrev\Documents\Acadêmico\Simulações\Python\NoisyGL\predictor\Base_Predictor.py:144: UserWarning: Sparse CSR tensor support is in beta state. If you miss a functionality in the sparse tensor support, please submit a feature request to https://github.com/pytorch/pytorch/issues. (Triggered internally at ..\aten\src\ATen\SparseCsrTensorImpl.cpp:55.)
    self.adj_csr = self.adj.to_sparse_csr().to(self.device)
[I 2026-04-28 08:52:06,185] Trial 36 finished with value: 0.23174279152845115 and parameters: {'lr': 0.001, 'weight_decay': 0.01, 'n_hidden': 32, 'n_layer': 2, 'dropout': 0.27012696324169}. Best is trial 31 with value: 0.3707068129624904.
    [CPU] Loading amazon-ratings...
    DEBUG 3.1: Dataset init start
    DEBUG 3.2: prepare_data start amazon-ratings
    ----Data statistics------'
    Name: amazon-ratings
    #Nodes 24492
    #Edges 93050
    #Classes 5
    #Ave_degree 7.60
    ----Split statistics------'
    #Train samples 1224 (5.0 % of nodes)
    #Val samples 3673 (15.0 % of nodes)
    #Test samples 19595 (remaining)
    ----label noise information:------
    Instance dependent noise
    #Actual noise rate 0.50
    [cuda:1] Waiting for GPU slot...
    [cuda:1] Slot acquired (waited 220.8s). Training...
    [PIGNN] Large dataset (24492 nodes). Using edge sampling for context loss.
    FINAL_RESULT: {'acc': {'train': 0.25326797385620914, 'valid': 0.23849714130138852, 'test': 0.36851237560602196}, 'wall_s': 173.28, 'cpu_s': 136.35, 'gpu_s': 36.6, 'wait_s': 220.82}
    [Time] wall=173.3s | cpu=136.3s | gpu=36.6s
    C:\Users\fbrev\Documents\Acadêmico\Simulações\Python\NoisyGL\predictor\Base_Predictor.py:144: UserWarning: Sparse CSR tensor support is in beta state. If you miss a functionality in the sparse tensor support, please submit a feature request to https://github.com/pytorch/pytorch/issues. (Triggered internally at ..\aten\src\ATen\SparseCsrTensorImpl.cpp:55.)
    self.adj_csr = self.adj.to_sparse_csr().to(self.device)
[I 2026-04-28 08:58:45,940] Trial 37 finished with value: 0.36851237560602196 and parameters: {'lr': 0.005, 'weight_decay': 0.01, 'n_hidden': 256, 'n_layer': 2, 'dropout': 0.4017471449122014}. Best is trial 31 with value: 0.3707068129624904.
    [CPU] Loading amazon-ratings...
    DEBUG 3.1: Dataset init start
    DEBUG 3.2: prepare_data start amazon-ratings
    ----Data statistics------'
    Name: amazon-ratings
    #Nodes 24492
    #Edges 93050
    #Classes 5
    #Ave_degree 7.60
    ----Split statistics------'
    #Train samples 1224 (5.0 % of nodes)
    #Val samples 3673 (15.0 % of nodes)
    #Test samples 19595 (remaining)
    ----label noise information:------
    Instance dependent noise
    #Actual noise rate 0.50
    [cuda:1] Waiting for GPU slot...
    [cuda:1] Slot acquired (waited 181.3s). Training...
    [PIGNN] Large dataset (24492 nodes). Using edge sampling for context loss.
    FINAL_RESULT: {'acc': {'train': 0.24591503267973855, 'valid': 0.23876939831200653, 'test': 0.36846134217912735}, 'wall_s': 197.2, 'cpu_s': 160.24, 'gpu_s': 36.61, 'wait_s': 181.27}
    [Time] wall=197.2s | cpu=160.2s | gpu=36.6s
    C:\Users\fbrev\Documents\Acadêmico\Simulações\Python\NoisyGL\predictor\Base_Predictor.py:144: UserWarning: Sparse CSR tensor support is in beta state. If you miss a functionality in the sparse tensor support, please submit a feature request to https://github.com/pytorch/pytorch/issues. (Triggered internally at ..\aten\src\ATen\SparseCsrTensorImpl.cpp:55.)
    self.adj_csr = self.adj.to_sparse_csr().to(self.device)
[I 2026-04-28 09:05:10,033] Trial 38 finished with value: 0.36846134217912735 and parameters: {'lr': 0.1, 'weight_decay': 0.01, 'n_hidden': 32, 'n_layer': 2, 'dropout': 0.28605697454950274}. Best is trial 31 with value: 0.3707068129624904.
    [CPU] Loading amazon-ratings...
    DEBUG 3.1: Dataset init start
    DEBUG 3.2: prepare_data start amazon-ratings
    ----Data statistics------'
    Name: amazon-ratings
    #Nodes 24492
    #Edges 93050
    #Classes 5
    #Ave_degree 7.60
    ----Split statistics------'
    #Train samples 1224 (5.0 % of nodes)
    #Val samples 3673 (15.0 % of nodes)
    #Test samples 19595 (remaining)
    ----label noise information:------
    Instance dependent noise
    #Actual noise rate 0.50
    [cuda:1] Waiting for GPU slot...
    [cuda:1] Slot acquired (waited 423.9s). Training...
    [PIGNN] Large dataset (24492 nodes). Using edge sampling for context loss.
    FINAL_RESULT: {'acc': {'train': 0.22140522875816993, 'valid': 0.2428532534712769, 'test': 0.35412094922174026}, 'wall_s': 198.18, 'cpu_s': 157.97, 'gpu_s': 39.79, 'wait_s': 423.95}
    [Time] wall=198.2s | cpu=158.0s | gpu=39.8s
    C:\Users\fbrev\Documents\Acadêmico\Simulações\Python\NoisyGL\predictor\Base_Predictor.py:144: UserWarning: Sparse CSR tensor support is in beta state. If you miss a functionality in the sparse tensor support, please submit a feature request to https://github.com/pytorch/pytorch/issues. (Triggered internally at ..\aten\src\ATen\SparseCsrTensorImpl.cpp:55.)
    self.adj_csr = self.adj.to_sparse_csr().to(self.device)
[I 2026-04-28 09:15:38,685] Trial 39 finished with value: 0.35412094922174026 and parameters: {'lr': 0.001, 'weight_decay': 0.0001, 'n_hidden': 256, 'n_layer': 3, 'dropout': 0.6820438785751599}. Best is trial 31 with value: 0.3707068129624904.
    [CPU] Loading amazon-ratings...
    DEBUG 3.1: Dataset init start
    DEBUG 3.2: prepare_data start amazon-ratings
    ----Data statistics------'
    Name: amazon-ratings
    #Nodes 24492
    #Edges 93050
    #Classes 5
    #Ave_degree 7.60
    ----Split statistics------'
    #Train samples 1224 (5.0 % of nodes)
    #Val samples 3673 (15.0 % of nodes)
    #Test samples 19595 (remaining)
    ----label noise information:------
    Instance dependent noise
    #Actual noise rate 0.50
    [cuda:1] Waiting for GPU slot...
    [cuda:1] Slot acquired (waited 371.3s). Training...
    [PIGNN] Large dataset (24492 nodes). Using edge sampling for context loss.
    FINAL_RESULT: {'acc': {'train': 0.21895424836601307, 'valid': 0.24040294037571466, 'test': 0.33564684868588923}, 'wall_s': 181.11, 'cpu_s': 144.38, 'gpu_s': 36.41, 'wait_s': 371.29}
    [Time] wall=181.1s | cpu=144.4s | gpu=36.4s
    C:\Users\fbrev\Documents\Acadêmico\Simulações\Python\NoisyGL\predictor\Base_Predictor.py:144: UserWarning: Sparse CSR tensor support is in beta state. If you miss a functionality in the sparse tensor support, please submit a feature request to https://github.com/pytorch/pytorch/issues. (Triggered internally at ..\aten\src\ATen\SparseCsrTensorImpl.cpp:55.)
    self.adj_csr = self.adj.to_sparse_csr().to(self.device)
[I 2026-04-28 09:24:57,816] Trial 40 finished with value: 0.33564684868588923 and parameters: {'lr': 0.05, 'weight_decay': 0.05, 'n_hidden': 32, 'n_layer': 2, 'dropout': 0.19118365522775682}. Best is trial 31 with value: 0.3707068129624904.
    [CPU] Loading amazon-ratings...
    DEBUG 3.1: Dataset init start
    DEBUG 3.2: prepare_data start amazon-ratings
    ----Data statistics------'
    Name: amazon-ratings
    #Nodes 24492
    #Edges 93050
    #Classes 5
    #Ave_degree 7.60
    ----Split statistics------'
    #Train samples 1224 (5.0 % of nodes)
    #Val samples 3673 (15.0 % of nodes)
    #Test samples 19595 (remaining)
    ----label noise information:------
    Instance dependent noise
    #Actual noise rate 0.50
    [cuda:1] Waiting for GPU slot...
    [cuda:1] Slot acquired (waited 406.4s). Training...
    [PIGNN] Large dataset (24492 nodes). Using edge sampling for context loss.
    FINAL_RESULT: {'acc': {'train': 0.255718954248366, 'valid': 0.24911516471549142, 'test': 0.3213574891553968}, 'wall_s': 179.59, 'cpu_s': 142.67, 'gpu_s': 36.57, 'wait_s': 406.44}
    [Time] wall=179.6s | cpu=142.7s | gpu=36.6s
    C:\Users\fbrev\Documents\Acadêmico\Simulações\Python\NoisyGL\predictor\Base_Predictor.py:144: UserWarning: Sparse CSR tensor support is in beta state. If you miss a functionality in the sparse tensor support, please submit a feature request to https://github.com/pytorch/pytorch/issues. (Triggered internally at ..\aten\src\ATen\SparseCsrTensorImpl.cpp:55.)
    self.adj_csr = self.adj.to_sparse_csr().to(self.device)
[I 2026-04-28 09:34:49,887] Trial 41 finished with value: 0.3213574891553968 and parameters: {'lr': 0.1, 'weight_decay': 0.01, 'n_hidden': 256, 'n_layer': 2, 'dropout': 0.3456132755340424}. Best is trial 31 with value: 0.3707068129624904.
    [CPU] Loading amazon-ratings...
    DEBUG 3.1: Dataset init start
    DEBUG 3.2: prepare_data start amazon-ratings
    ----Data statistics------'
    Name: amazon-ratings
    #Nodes 24492
    #Edges 93050
    #Classes 5
    #Ave_degree 7.60
    ----Split statistics------'
    #Train samples 1224 (5.0 % of nodes)
    #Val samples 3673 (15.0 % of nodes)
    #Test samples 19595 (remaining)
    ----label noise information:------
    Instance dependent noise
    #Actual noise rate 0.50
    [cuda:1] Waiting for GPU slot...
    [cuda:1] Slot acquired (waited 227.4s). Training...
    [PIGNN] Large dataset (24492 nodes). Using edge sampling for context loss.
    FINAL_RESULT: {'acc': {'train': 0.2361111111111111, 'valid': 0.24258099646065887, 'test': 0.32676703240622607}, 'wall_s': 179.47, 'cpu_s': 142.84, 'gpu_s': 36.28, 'wait_s': 227.41}
    [Time] wall=179.5s | cpu=142.8s | gpu=36.3s
    C:\Users\fbrev\Documents\Acadêmico\Simulações\Python\NoisyGL\predictor\Base_Predictor.py:144: UserWarning: Sparse CSR tensor support is in beta state. If you miss a functionality in the sparse tensor support, please submit a feature request to https://github.com/pytorch/pytorch/issues. (Triggered internally at ..\aten\src\ATen\SparseCsrTensorImpl.cpp:55.)
    self.adj_csr = self.adj.to_sparse_csr().to(self.device)
[I 2026-04-28 09:41:42,786] Trial 42 finished with value: 0.32676703240622607 and parameters: {'lr': 0.1, 'weight_decay': 0.01, 'n_hidden': 32, 'n_layer': 2, 'dropout': 0.10874375059047992}. Best is trial 31 with value: 0.3707068129624904.
 [Optuna] Early stopping at trial 42.

[Retest] Phase 1 Finished. Validating Top 3 (10 runs each)...

  [Retest] Candidate 1/3 (Trial 31, HPO_acc=0.3707)
    [CPU] Loading amazon-ratings...
    DEBUG 3.1: Dataset init start
    DEBUG 3.2: prepare_data start amazon-ratings
    ----Data statistics------'
    Name: amazon-ratings
    #Nodes 24492
    #Edges 93050
    #Classes 5
    #Ave_degree 7.60
    ----Split statistics------'
    #Train samples 1224 (5.0 % of nodes)
    #Val samples 3673 (15.0 % of nodes)
    #Test samples 19595 (remaining)
    ----label noise information:------
    Instance dependent noise
    #Actual noise rate 0.50
    [cuda:1] Waiting for GPU slot...
    [cuda:1] Slot acquired (waited 411.6s). Training...
    [PIGNN] Large dataset (24492 nodes). Using edge sampling for context loss.
    FINAL_RESULT: {'acc': {'train': 0.22794117647058823, 'valid': 0.267900898448135, 'test': 0.36830824189844347}, 'wall_s': 180.11, 'cpu_s': 143.44, 'gpu_s': 36.35, 'wait_s': 411.62}
    [Time] wall=180.1s | cpu=143.4s | gpu=36.3s
    C:\Users\fbrev\Documents\Acadêmico\Simulações\Python\NoisyGL\predictor\Base_Predictor.py:144: UserWarning: Sparse CSR tensor support is in beta state. If you miss a functionality in the sparse tensor support, please submit a feature request to https://github.com/pytorch/pytorch/issues. (Triggered internally at ..\aten\src\ATen\SparseCsrTensorImpl.cpp:55.)
    self.adj_csr = self.adj.to_sparse_csr().to(self.device)
    [CPU] Loading amazon-ratings...
    DEBUG 3.1: Dataset init start
    DEBUG 3.2: prepare_data start amazon-ratings
    ----Data statistics------'
    Name: amazon-ratings
    #Nodes 24492
    #Edges 93050
    #Classes 5
    #Ave_degree 7.60
    ----Split statistics------'
    #Train samples 1224 (5.0 % of nodes)
    #Val samples 3673 (15.0 % of nodes)
    #Test samples 19595 (remaining)
    ----label noise information:------
    Instance dependent noise
    #Actual noise rate 0.50
    [cuda:1] Waiting for GPU slot...
    [cuda:1] Slot acquired (waited 822.8s). Training...
    [PIGNN] Large dataset (24492 nodes). Using edge sampling for context loss.
    FINAL_RESULT: {'acc': {'train': 0.27532679738562094, 'valid': 0.2986659406479717, 'test': 0.3638683337586119}, 'wall_s': 182.54, 'cpu_s': 145.66, 'gpu_s': 36.52, 'wait_s': 822.83}
    [Time] wall=182.5s | cpu=145.7s | gpu=36.5s
    C:\Users\fbrev\Documents\Acadêmico\Simulações\Python\NoisyGL\predictor\Base_Predictor.py:144: UserWarning: Sparse CSR tensor support is in beta state. If you miss a functionality in the sparse tensor support, please submit a feature request to https://github.com/pytorch/pytorch/issues. (Triggered internally at ..\aten\src\ATen\SparseCsrTensorImpl.cpp:55.)
    self.adj_csr = self.adj.to_sparse_csr().to(self.device)
    [CPU] Loading amazon-ratings...
    DEBUG 3.1: Dataset init start
    DEBUG 3.2: prepare_data start amazon-ratings
    ----Data statistics------'
    Name: amazon-ratings
    #Nodes 24492
    #Edges 93050
    #Classes 5
    #Ave_degree 7.60
    ----Split statistics------'
    #Train samples 1224 (5.0 % of nodes)
    #Val samples 3673 (15.0 % of nodes)
    #Test samples 19595 (remaining)
    ----label noise information:------
    Instance dependent noise
    #Actual noise rate 0.50
    [cuda:1] Waiting for GPU slot...
    [cuda:1] Slot acquired (waited 1746.8s). Training...
    [PIGNN] Large dataset (24492 nodes). Using edge sampling for context loss.
    FINAL_RESULT: {'acc': {'train': 0.2900326797385621, 'valid': 0.267628641437517, 'test': 0.3674917070681296}, 'wall_s': 170.2, 'cpu_s': 133.85, 'gpu_s': 36.03, 'wait_s': 1746.77}
    [Time] wall=170.2s | cpu=133.8s | gpu=36.0s
    C:\Users\fbrev\Documents\Acadêmico\Simulações\Python\NoisyGL\predictor\Base_Predictor.py:144: UserWarning: Sparse CSR tensor support is in beta state. If you miss a functionality in the sparse tensor support, please submit a feature request to https://github.com/pytorch/pytorch/issues. (Triggered internally at ..\aten\src\ATen\SparseCsrTensorImpl.cpp:55.)
    self.adj_csr = self.adj.to_sparse_csr().to(self.device)
    [CPU] Loading amazon-ratings...
    DEBUG 3.1: Dataset init start
    DEBUG 3.2: prepare_data start amazon-ratings
    ----Data statistics------'
    Name: amazon-ratings
    #Nodes 24492
    #Edges 93050
    #Classes 5
    #Ave_degree 7.60
    ----Split statistics------'
    #Train samples 1224 (5.0 % of nodes)
    #Val samples 3673 (15.0 % of nodes)
    #Test samples 19595 (remaining)
    ----label noise information:------
    Instance dependent noise
    #Actual noise rate 0.50
    [cuda:1] Waiting for GPU slot...
    [cuda:1] Slot acquired (waited 2805.2s). Training...
    [PIGNN] Large dataset (24492 nodes). Using edge sampling for context loss.
    FINAL_RESULT: {'acc': {'train': 0.2508169934640523, 'valid': 0.2627280152463926, 'test': 0.3688696095942843}, 'wall_s': 174.68, 'cpu_s': 138.14, 'gpu_s': 36.2, 'wait_s': 2805.17}
    [Time] wall=174.7s | cpu=138.1s | gpu=36.2s
    C:\Users\fbrev\Documents\Acadêmico\Simulações\Python\NoisyGL\predictor\Base_Predictor.py:144: UserWarning: Sparse CSR tensor support is in beta state. If you miss a functionality in the sparse tensor support, please submit a feature request to https://github.com/pytorch/pytorch/issues. (Triggered internally at ..\aten\src\ATen\SparseCsrTensorImpl.cpp:55.)
    self.adj_csr = self.adj.to_sparse_csr().to(self.device)
    [CPU] Loading amazon-ratings...
    DEBUG 3.1: Dataset init start
    DEBUG 3.2: prepare_data start amazon-ratings
    ----Data statistics------'
    Name: amazon-ratings
    #Nodes 24492
    #Edges 93050
    #Classes 5
    #Ave_degree 7.60
    ----Split statistics------'
    #Train samples 1224 (5.0 % of nodes)
    #Val samples 3673 (15.0 % of nodes)
    #Test samples 19595 (remaining)
    ----label noise information:------
    Instance dependent noise
    #Actual noise rate 0.50
    [cuda:1] Waiting for GPU slot...
    [cuda:1] Slot acquired (waited 450.8s). Training...
    [PIGNN] Large dataset (24492 nodes). Using edge sampling for context loss.
    FINAL_RESULT: {'acc': {'train': 0.2222222222222222, 'valid': 0.24857065069425538, 'test': 0.042919112018372035}, 'wall_s': 180.11, 'cpu_s': 143.46, 'gpu_s': 36.3, 'wait_s': 450.85}
    [Time] wall=180.1s | cpu=143.5s | gpu=36.3s
    C:\Users\fbrev\Documents\Acadêmico\Simulações\Python\NoisyGL\predictor\Base_Predictor.py:144: UserWarning: Sparse CSR tensor support is in beta state. If you miss a functionality in the sparse tensor support, please submit a feature request to https://github.com/pytorch/pytorch/issues. (Triggered internally at ..\aten\src\ATen\SparseCsrTensorImpl.cpp:55.)
    self.adj_csr = self.adj.to_sparse_csr().to(self.device)
    [CPU] Loading amazon-ratings...
    DEBUG 3.1: Dataset init start
    DEBUG 3.2: prepare_data start amazon-ratings
    ----Data statistics------'
    Name: amazon-ratings
    #Nodes 24492
    #Edges 93050
    #Classes 5
    #Ave_degree 7.60
    ----Split statistics------'
    #Train samples 1224 (5.0 % of nodes)
    #Val samples 3673 (15.0 % of nodes)
    #Test samples 19595 (remaining)
    ----label noise information:------
    Instance dependent noise
    #Actual noise rate 0.50
    [cuda:1] Waiting for GPU slot...
    [cuda:1] Slot acquired (waited 804.1s). Training...
    [PIGNN] Large dataset (24492 nodes). Using edge sampling for context loss.
    FINAL_RESULT: {'acc': {'train': 0.31290849673202614, 'valid': 0.302205281786006, 'test': 0.2824700178616994}, 'wall_s': 171.42, 'cpu_s': 135.07, 'gpu_s': 36.02, 'wait_s': 804.11}
    [Time] wall=171.4s | cpu=135.1s | gpu=36.0s
    C:\Users\fbrev\Documents\Acadêmico\Simulações\Python\NoisyGL\predictor\Base_Predictor.py:144: UserWarning: Sparse CSR tensor support is in beta state. If you miss a functionality in the sparse tensor support, please submit a feature request to https://github.com/pytorch/pytorch/issues. (Triggered internally at ..\aten\src\ATen\SparseCsrTensorImpl.cpp:55.)
    self.adj_csr = self.adj.to_sparse_csr().to(self.device)
    [CPU] Loading amazon-ratings...
    DEBUG 3.1: Dataset init start
    DEBUG 3.2: prepare_data start amazon-ratings
    ----Data statistics------'
    Name: amazon-ratings
    #Nodes 24492
    #Edges 93050
    #Classes 5
    #Ave_degree 7.60
    ----Split statistics------'
    #Train samples 1224 (5.0 % of nodes)
    #Val samples 3673 (15.0 % of nodes)
    #Test samples 19595 (remaining)
    ----label noise information:------
    Instance dependent noise
    #Actual noise rate 0.50
    [cuda:1] Waiting for GPU slot...
    [cuda:1] Slot acquired (waited 219.0s). Training...
    [PIGNN] Large dataset (24492 nodes). Using edge sampling for context loss.
    FINAL_RESULT: {'acc': {'train': 0.2369281045751634, 'valid': 0.23523005717397222, 'test': 0.365450369992345}, 'wall_s': 184.59, 'cpu_s': 148.13, 'gpu_s': 36.12, 'wait_s': 218.97}
    [Time] wall=184.6s | cpu=148.1s | gpu=36.1s
    C:\Users\fbrev\Documents\Acadêmico\Simulações\Python\NoisyGL\predictor\Base_Predictor.py:144: UserWarning: Sparse CSR tensor support is in beta state. If you miss a functionality in the sparse tensor support, please submit a feature request to https://github.com/pytorch/pytorch/issues. (Triggered internally at ..\aten\src\ATen\SparseCsrTensorImpl.cpp:55.)
    self.adj_csr = self.adj.to_sparse_csr().to(self.device)
    [CPU] Loading amazon-ratings...
    DEBUG 3.1: Dataset init start
    DEBUG 3.2: prepare_data start amazon-ratings
    ----Data statistics------'
    Name: amazon-ratings
    #Nodes 24492
    #Edges 93050
    #Classes 5
    #Ave_degree 7.60
    ----Split statistics------'
    #Train samples 1224 (5.0 % of nodes)
    #Val samples 3673 (15.0 % of nodes)
    #Test samples 19595 (remaining)
    ----label noise information:------
    Instance dependent noise
    #Actual noise rate 0.50
    [cuda:1] Waiting for GPU slot...
    [cuda:1] Slot acquired (waited 232.3s). Training...
    [PIGNN] Large dataset (24492 nodes). Using edge sampling for context loss.
    FINAL_RESULT: {'acc': {'train': 0.27369281045751637, 'valid': 0.2651783283419548, 'test': 0.2837458535340648}, 'wall_s': 187.28, 'cpu_s': 150.36, 'gpu_s': 36.56, 'wait_s': 232.28}
    [Time] wall=187.3s | cpu=150.4s | gpu=36.6s
    C:\Users\fbrev\Documents\Acadêmico\Simulações\Python\NoisyGL\predictor\Base_Predictor.py:144: UserWarning: Sparse CSR tensor support is in beta state. If you miss a functionality in the sparse tensor support, please submit a feature request to https://github.com/pytorch/pytorch/issues. (Triggered internally at ..\aten\src\ATen\SparseCsrTensorImpl.cpp:55.)
    self.adj_csr = self.adj.to_sparse_csr().to(self.device)
    [CPU] Loading amazon-ratings...
    DEBUG 3.1: Dataset init start
    DEBUG 3.2: prepare_data start amazon-ratings
    ----Data statistics------'
    Name: amazon-ratings
    #Nodes 24492
    #Edges 93050
    #Classes 5
    #Ave_degree 7.60
    ----Split statistics------'
    #Train samples 1224 (5.0 % of nodes)
    #Val samples 3673 (15.0 % of nodes)
    #Test samples 19595 (remaining)
    ----label noise information:------
    Instance dependent noise
    #Actual noise rate 0.50
    [cuda:1] Waiting for GPU slot...
    [cuda:1] Slot acquired (waited 227.5s). Training...
    [PIGNN] Large dataset (24492 nodes). Using edge sampling for context loss.
    FINAL_RESULT: {'acc': {'train': 0.14052287581699346, 'valid': 0.2608222161720664, 'test': 0.3673386067874458}, 'wall_s': 183.92, 'cpu_s': 147.16, 'gpu_s': 36.42, 'wait_s': 227.51}
    [Time] wall=183.9s | cpu=147.2s | gpu=36.4s
    C:\Users\fbrev\Documents\Acadêmico\Simulações\Python\NoisyGL\predictor\Base_Predictor.py:144: UserWarning: Sparse CSR tensor support is in beta state. If you miss a functionality in the sparse tensor support, please submit a feature request to https://github.com/pytorch/pytorch/issues. (Triggered internally at ..\aten\src\ATen\SparseCsrTensorImpl.cpp:55.)
    self.adj_csr = self.adj.to_sparse_csr().to(self.device)
    [CPU] Loading amazon-ratings...
    DEBUG 3.1: Dataset init start
    DEBUG 3.2: prepare_data start amazon-ratings
    ----Data statistics------'
    Name: amazon-ratings
    #Nodes 24492
    #Edges 93050
    #Classes 5
    #Ave_degree 7.60
    ----Split statistics------'
    #Train samples 1224 (5.0 % of nodes)
    #Val samples 3673 (15.0 % of nodes)
    #Test samples 19595 (remaining)
    ----label noise information:------
    Instance dependent noise
    #Actual noise rate 0.50
    [cuda:1] Waiting for GPU slot...
    [cuda:1] Slot acquired (waited 693.7s). Training...
    [PIGNN] Large dataset (24492 nodes). Using edge sampling for context loss.
    FINAL_RESULT: {'acc': {'train': 0.20915032679738563, 'valid': 0.2777021508303839, 'test': 0.3710130135238581}, 'wall_s': 187.94, 'cpu_s': 151.33, 'gpu_s': 36.26, 'wait_s': 693.71}
    [Time] wall=187.9s | cpu=151.3s | gpu=36.3s
    C:\Users\fbrev\Documents\Acadêmico\Simulações\Python\NoisyGL\predictor\Base_Predictor.py:144: UserWarning: Sparse CSR tensor support is in beta state. If you miss a functionality in the sparse tensor support, please submit a feature request to https://github.com/pytorch/pytorch/issues. (Triggered internally at ..\aten\src\ATen\SparseCsrTensorImpl.cpp:55.)
    self.adj_csr = self.adj.to_sparse_csr().to(self.device)
  [Retest] Candidate 1 Avg: 0.3181

  [Retest] Candidate 2/3 (Trial 34, HPO_acc=0.3695)
    [CPU] Loading amazon-ratings...
    DEBUG 3.1: Dataset init start
    DEBUG 3.2: prepare_data start amazon-ratings
    ----Data statistics------'
    Name: amazon-ratings
    #Nodes 24492
    #Edges 93050
    #Classes 5
    #Ave_degree 7.60
    ----Split statistics------'
    #Train samples 1224 (5.0 % of nodes)
    #Val samples 3673 (15.0 % of nodes)
    #Test samples 19595 (remaining)
    ----label noise information:------
    Instance dependent noise
    #Actual noise rate 0.50
    [cuda:1] Waiting for GPU slot...
    [cuda:1] Slot acquired (waited 492.1s). Training...
    [PIGNN] Large dataset (24492 nodes). Using edge sampling for context loss.
    FINAL_RESULT: {'acc': {'train': 0.22794117647058823, 'valid': 0.267900898448135, 'test': 0.36830824189844347}, 'wall_s': 183.7, 'cpu_s': 146.93, 'gpu_s': 36.41, 'wait_s': 492.13}
    [Time] wall=183.7s | cpu=146.9s | gpu=36.4s
    C:\Users\fbrev\Documents\Acadêmico\Simulações\Python\NoisyGL\predictor\Base_Predictor.py:144: UserWarning: Sparse CSR tensor support is in beta state. If you miss a functionality in the sparse tensor support, please submit a feature request to https://github.com/pytorch/pytorch/issues. (Triggered internally at ..\aten\src\ATen\SparseCsrTensorImpl.cpp:55.)
    self.adj_csr = self.adj.to_sparse_csr().to(self.device)
    [CPU] Loading amazon-ratings...
    DEBUG 3.1: Dataset init start
    DEBUG 3.2: prepare_data start amazon-ratings
    ----Data statistics------'
    Name: amazon-ratings
    #Nodes 24492
    #Edges 93050
    #Classes 5
    #Ave_degree 7.60
    ----Split statistics------'
    #Train samples 1224 (5.0 % of nodes)
    #Val samples 3673 (15.0 % of nodes)
    #Test samples 19595 (remaining)
    ----label noise information:------
    Instance dependent noise
    #Actual noise rate 0.50
    [cuda:1] Waiting for GPU slot...
    [cuda:1] Slot acquired (waited 228.4s). Training...
    [PIGNN] Large dataset (24492 nodes). Using edge sampling for context loss.
    FINAL_RESULT: {'acc': {'train': 0.2361111111111111, 'valid': 0.29812142662673563, 'test': 0.36402143403929577}, 'wall_s': 182.17, 'cpu_s': 145.45, 'gpu_s': 36.37, 'wait_s': 228.42}
    [Time] wall=182.2s | cpu=145.4s | gpu=36.4s
    C:\Users\fbrev\Documents\Acadêmico\Simulações\Python\NoisyGL\predictor\Base_Predictor.py:144: UserWarning: Sparse CSR tensor support is in beta state. If you miss a functionality in the sparse tensor support, please submit a feature request to https://github.com/pytorch/pytorch/issues. (Triggered internally at ..\aten\src\ATen\SparseCsrTensorImpl.cpp:55.)
    self.adj_csr = self.adj.to_sparse_csr().to(self.device)
    [CPU] Loading amazon-ratings...
    DEBUG 3.1: Dataset init start
    DEBUG 3.2: prepare_data start amazon-ratings
    ----Data statistics------'
    Name: amazon-ratings
    #Nodes 24492
    #Edges 93050
    #Classes 5
    #Ave_degree 7.60
    ----Split statistics------'
    #Train samples 1224 (5.0 % of nodes)
    #Val samples 3673 (15.0 % of nodes)
    #Test samples 19595 (remaining)
    ----label noise information:------
    Instance dependent noise
    #Actual noise rate 0.50
    [cuda:1] Waiting for GPU slot...
    [cuda:1] Slot acquired (waited 463.5s). Training...
    [PIGNN] Large dataset (24492 nodes). Using edge sampling for context loss.
    FINAL_RESULT: {'acc': {'train': 0.2687908496732026, 'valid': 0.26926218350122516, 'test': 0.32370502679254914}, 'wall_s': 187.58, 'cpu_s': 151.04, 'gpu_s': 36.17, 'wait_s': 463.48}
    [Time] wall=187.6s | cpu=151.0s | gpu=36.2s
    C:\Users\fbrev\Documents\Acadêmico\Simulações\Python\NoisyGL\predictor\Base_Predictor.py:144: UserWarning: Sparse CSR tensor support is in beta state. If you miss a functionality in the sparse tensor support, please submit a feature request to https://github.com/pytorch/pytorch/issues. (Triggered internally at ..\aten\src\ATen\SparseCsrTensorImpl.cpp:55.)
    self.adj_csr = self.adj.to_sparse_csr().to(self.device)
    [CPU] Loading amazon-ratings...
    DEBUG 3.1: Dataset init start
    DEBUG 3.2: prepare_data start amazon-ratings
    ----Data statistics------'
    Name: amazon-ratings
    #Nodes 24492
    #Edges 93050
    #Classes 5
    #Ave_degree 7.60
    ----Split statistics------'
    #Train samples 1224 (5.0 % of nodes)
    #Val samples 3673 (15.0 % of nodes)
    #Test samples 19595 (remaining)
    ----label noise information:------
    Instance dependent noise
    #Actual noise rate 0.50
    [cuda:1] Waiting for GPU slot...
    [cuda:1] Slot acquired (waited 1156.2s). Training...
    [PIGNN] Large dataset (24492 nodes). Using edge sampling for context loss.
    FINAL_RESULT: {'acc': {'train': 0.24673202614379086, 'valid': 0.26245575823577455, 'test': 0.36810410819086503}, 'wall_s': 190.44, 'cpu_s': 147.31, 'gpu_s': 36.45, 'wait_s': 1156.17}
    [Time] wall=190.4s | cpu=147.3s | gpu=36.4s
    C:\Users\fbrev\Documents\Acadêmico\Simulações\Python\NoisyGL\predictor\Base_Predictor.py:144: UserWarning: Sparse CSR tensor support is in beta state. If you miss a functionality in the sparse tensor support, please submit a feature request to https://github.com/pytorch/pytorch/issues. (Triggered internally at ..\aten\src\ATen\SparseCsrTensorImpl.cpp:55.)
    self.adj_csr = self.adj.to_sparse_csr().to(self.device)
    [CPU] Loading amazon-ratings...
    DEBUG 3.1: Dataset init start
    DEBUG 3.2: prepare_data start amazon-ratings
    ----Data statistics------'
    Name: amazon-ratings
    #Nodes 24492
    #Edges 93050
    #Classes 5
    #Ave_degree 7.60
    ----Split statistics------'
    #Train samples 1224 (5.0 % of nodes)
    #Val samples 3673 (15.0 % of nodes)
    #Test samples 19595 (remaining)
    ----label noise information:------
    Instance dependent noise
    #Actual noise rate 0.50
    [cuda:1] Waiting for GPU slot...
    [cuda:1] Slot acquired (waited 234.9s). Training...
    [PIGNN] Large dataset (24492 nodes). Using edge sampling for context loss.
    FINAL_RESULT: {'acc': {'train': 0.2222222222222222, 'valid': 0.24857065069425538, 'test': 0.042919112018372035}, 'wall_s': 192.06, 'cpu_s': 155.24, 'gpu_s': 36.47, 'wait_s': 234.94}
    [Time] wall=192.1s | cpu=155.2s | gpu=36.5s
    C:\Users\fbrev\Documents\Acadêmico\Simulações\Python\NoisyGL\predictor\Base_Predictor.py:144: UserWarning: Sparse CSR tensor support is in beta state. If you miss a functionality in the sparse tensor support, please submit a feature request to https://github.com/pytorch/pytorch/issues. (Triggered internally at ..\aten\src\ATen\SparseCsrTensorImpl.cpp:55.)
    self.adj_csr = self.adj.to_sparse_csr().to(self.device)
    [CPU] Loading amazon-ratings...
    DEBUG 3.1: Dataset init start
    DEBUG 3.2: prepare_data start amazon-ratings
    ----Data statistics------'
    Name: amazon-ratings
    #Nodes 24492
    #Edges 93050
    #Classes 5
    #Ave_degree 7.60
    ----Split statistics------'
    #Train samples 1224 (5.0 % of nodes)
    #Val samples 3673 (15.0 % of nodes)
    #Test samples 19595 (remaining)
    ----label noise information:------
    Instance dependent noise
    #Actual noise rate 0.50
    [cuda:1] Waiting for GPU slot...
    [cuda:1] Slot acquired (waited 485.4s). Training...
    [PIGNN] Large dataset (24492 nodes). Using edge sampling for context loss.
    FINAL_RESULT: {'acc': {'train': 0.32598039215686275, 'valid': 0.3057446229240403, 'test': 0.31232457259504975}, 'wall_s': 201.55, 'cpu_s': 163.63, 'gpu_s': 37.51, 'wait_s': 485.41}
    [Time] wall=201.6s | cpu=163.6s | gpu=37.5s
    C:\Users\fbrev\Documents\Acadêmico\Simulações\Python\NoisyGL\predictor\Base_Predictor.py:144: UserWarning: Sparse CSR tensor support is in beta state. If you miss a functionality in the sparse tensor support, please submit a feature request to https://github.com/pytorch/pytorch/issues. (Triggered internally at ..\aten\src\ATen\SparseCsrTensorImpl.cpp:55.)
    self.adj_csr = self.adj.to_sparse_csr().to(self.device)
    [CPU] Loading amazon-ratings...
    DEBUG 3.1: Dataset init start
    DEBUG 3.2: prepare_data start amazon-ratings
    ----Data statistics------'
    Name: amazon-ratings
    #Nodes 24492
    #Edges 93050
    #Classes 5
    #Ave_degree 7.60
    ----Split statistics------'
    #Train samples 1224 (5.0 % of nodes)
    #Val samples 3673 (15.0 % of nodes)
    #Test samples 19595 (remaining)
    ----label noise information:------
    Instance dependent noise
    #Actual noise rate 0.50
    [cuda:1] Waiting for GPU slot...
    [cuda:1] Slot acquired (waited 487.5s). Training...
    [PIGNN] Large dataset (24492 nodes). Using edge sampling for context loss.
    FINAL_RESULT: {'acc': {'train': 0.2369281045751634, 'valid': 0.23523005717397222, 'test': 0.365450369992345}, 'wall_s': 194.63, 'cpu_s': 157.27, 'gpu_s': 37.0, 'wait_s': 487.47}
    [Time] wall=194.6s | cpu=157.3s | gpu=37.0s
    C:\Users\fbrev\Documents\Acadêmico\Simulações\Python\NoisyGL\predictor\Base_Predictor.py:144: UserWarning: Sparse CSR tensor support is in beta state. If you miss a functionality in the sparse tensor support, please submit a feature request to https://github.com/pytorch/pytorch/issues. (Triggered internally at ..\aten\src\ATen\SparseCsrTensorImpl.cpp:55.)
    self.adj_csr = self.adj.to_sparse_csr().to(self.device)
    [CPU] Loading amazon-ratings...
    DEBUG 3.1: Dataset init start
    DEBUG 3.2: prepare_data start amazon-ratings
    ----Data statistics------'
    Name: amazon-ratings
    #Nodes 24492
    #Edges 93050
    #Classes 5
    #Ave_degree 7.60
    ----Split statistics------'
    #Train samples 1224 (5.0 % of nodes)
    #Val samples 3673 (15.0 % of nodes)
    #Test samples 19595 (remaining)
    ----label noise information:------
    Instance dependent noise
    #Actual noise rate 0.50
    [cuda:1] Waiting for GPU slot...
    [cuda:1] Slot acquired (waited 483.8s). Training...
    [PIGNN] Large dataset (24492 nodes). Using edge sampling for context loss.
    FINAL_RESULT: {'acc': {'train': 0.27532679738562094, 'valid': 0.27198475360740537, 'test': 0.3050267925491197}, 'wall_s': 197.24, 'cpu_s': 160.29, 'gpu_s': 36.57, 'wait_s': 483.81}
    [Time] wall=197.2s | cpu=160.3s | gpu=36.6s
    C:\Users\fbrev\Documents\Acadêmico\Simulações\Python\NoisyGL\predictor\Base_Predictor.py:144: UserWarning: Sparse CSR tensor support is in beta state. If you miss a functionality in the sparse tensor support, please submit a feature request to https://github.com/pytorch/pytorch/issues. (Triggered internally at ..\aten\src\ATen\SparseCsrTensorImpl.cpp:55.)
    self.adj_csr = self.adj.to_sparse_csr().to(self.device)
    [CPU] Loading amazon-ratings...
    DEBUG 3.1: Dataset init start
    DEBUG 3.2: prepare_data start amazon-ratings
    ----Data statistics------'
    Name: amazon-ratings
    #Nodes 24492
    #Edges 93050
    #Classes 5
    #Ave_degree 7.60
    ----Split statistics------'
    #Train samples 1224 (5.0 % of nodes)
    #Val samples 3673 (15.0 % of nodes)
    #Test samples 19595 (remaining)
    ----label noise information:------
    Instance dependent noise
    #Actual noise rate 0.50
    [cuda:1] Waiting for GPU slot...
    [cuda:1] Slot acquired (waited 717.0s). Training...
    [PIGNN] Large dataset (24492 nodes). Using edge sampling for context loss.
    FINAL_RESULT: {'acc': {'train': 0.2181372549019608, 'valid': 0.2608222161720664, 'test': 0.3673386067874458}, 'wall_s': 188.8, 'cpu_s': 152.7, 'gpu_s': 35.73, 'wait_s': 716.99}
    [Time] wall=188.8s | cpu=152.7s | gpu=35.7s
    C:\Users\fbrev\Documents\Acadêmico\Simulações\Python\NoisyGL\predictor\Base_Predictor.py:144: UserWarning: Sparse CSR tensor support is in beta state. If you miss a functionality in the sparse tensor support, please submit a feature request to https://github.com/pytorch/pytorch/issues. (Triggered internally at ..\aten\src\ATen\SparseCsrTensorImpl.cpp:55.)
    self.adj_csr = self.adj.to_sparse_csr().to(self.device)
    [CPU] Loading amazon-ratings...
    DEBUG 3.1: Dataset init start
    DEBUG 3.2: prepare_data start amazon-ratings
    ----Data statistics------'
    Name: amazon-ratings
    #Nodes 24492
    #Edges 93050
    #Classes 5
    #Ave_degree 7.60
    ----Split statistics------'
    #Train samples 1224 (5.0 % of nodes)
    #Val samples 3673 (15.0 % of nodes)
    #Test samples 19595 (remaining)
    ----label noise information:------
    Instance dependent noise
    #Actual noise rate 0.50
    [cuda:1] Waiting for GPU slot...
    [cuda:1] Slot acquired (waited 241.3s). Training...
    [PIGNN] Large dataset (24492 nodes). Using edge sampling for context loss.
    FINAL_RESULT: {'acc': {'train': 0.20016339869281047, 'valid': 0.2777021508303839, 'test': 0.370757846389385}, 'wall_s': 192.65, 'cpu_s': 155.74, 'gpu_s': 36.54, 'wait_s': 241.25}
    [Time] wall=192.6s | cpu=155.7s | gpu=36.5s
    C:\Users\fbrev\Documents\Acadêmico\Simulações\Python\NoisyGL\predictor\Base_Predictor.py:144: UserWarning: Sparse CSR tensor support is in beta state. If you miss a functionality in the sparse tensor support, please submit a feature request to https://github.com/pytorch/pytorch/issues. (Triggered internally at ..\aten\src\ATen\SparseCsrTensorImpl.cpp:55.)
    self.adj_csr = self.adj.to_sparse_csr().to(self.device)
  [Retest] Candidate 2 Avg: 0.3188

  [Retest] Candidate 3/3 (Trial 1, HPO_acc=0.3685)
    [CPU] Loading amazon-ratings...
    DEBUG 3.1: Dataset init start
    DEBUG 3.2: prepare_data start amazon-ratings
    ----Data statistics------'
    Name: amazon-ratings
    #Nodes 24492
    #Edges 93050
    #Classes 5
    #Ave_degree 7.60
    ----Split statistics------'
    #Train samples 1224 (5.0 % of nodes)
    #Val samples 3673 (15.0 % of nodes)
    #Test samples 19595 (remaining)
    ----label noise information:------
    Instance dependent noise
    #Actual noise rate 0.50
    [cuda:1] Waiting for GPU slot...
    [cuda:1] Slot acquired (waited 488.7s). Training...
    [PIGNN] Large dataset (24492 nodes). Using edge sampling for context loss.
    FINAL_RESULT: {'acc': {'train': 0.27124183006535946, 'valid': 0.2681731554587531, 'test': 0.36810410819086503}, 'wall_s': 211.11, 'cpu_s': 173.09, 'gpu_s': 37.62, 'wait_s': 488.7}
    [Time] wall=211.1s | cpu=173.1s | gpu=37.6s
    C:\Users\fbrev\Documents\Acadêmico\Simulações\Python\NoisyGL\predictor\Base_Predictor.py:144: UserWarning: Sparse CSR tensor support is in beta state. If you miss a functionality in the sparse tensor support, please submit a feature request to https://github.com/pytorch/pytorch/issues. (Triggered internally at ..\aten\src\ATen\SparseCsrTensorImpl.cpp:55.)
    self.adj_csr = self.adj.to_sparse_csr().to(self.device)
    [CPU] Loading amazon-ratings...
    DEBUG 3.1: Dataset init start
    DEBUG 3.2: prepare_data start amazon-ratings
    ----Data statistics------'
    Name: amazon-ratings
    #Nodes 24492
    #Edges 93050
    #Classes 5
    #Ave_degree 7.60
    ----Split statistics------'
    #Train samples 1224 (5.0 % of nodes)
    #Val samples 3673 (15.0 % of nodes)
    #Test samples 19595 (remaining)
    ----label noise information:------
    Instance dependent noise
    #Actual noise rate 0.50
    [cuda:1] Waiting for GPU slot...
    [cuda:1] Slot acquired (waited 237.4s). Training...
    [PIGNN] Large dataset (24492 nodes). Using edge sampling for context loss.
    FINAL_RESULT: {'acc': {'train': 0.24754901960784315, 'valid': 0.29839368363735363, 'test': 0.3638683337586119}, 'wall_s': 193.95, 'cpu_s': 157.09, 'gpu_s': 36.48, 'wait_s': 237.37}
    [Time] wall=194.0s | cpu=157.1s | gpu=36.5s
    C:\Users\fbrev\Documents\Acadêmico\Simulações\Python\NoisyGL\predictor\Base_Predictor.py:144: UserWarning: Sparse CSR tensor support is in beta state. If you miss a functionality in the sparse tensor support, please submit a feature request to https://github.com/pytorch/pytorch/issues. (Triggered internally at ..\aten\src\ATen\SparseCsrTensorImpl.cpp:55.)
    self.adj_csr = self.adj.to_sparse_csr().to(self.device)
    [CPU] Loading amazon-ratings...
    DEBUG 3.1: Dataset init start
    DEBUG 3.2: prepare_data start amazon-ratings
    ----Data statistics------'
    Name: amazon-ratings
    #Nodes 24492
    #Edges 93050
    #Classes 5
    #Ave_degree 7.60
    ----Split statistics------'
    #Train samples 1224 (5.0 % of nodes)
    #Val samples 3673 (15.0 % of nodes)
    #Test samples 19595 (remaining)
    ----label noise information:------
    Instance dependent noise
    #Actual noise rate 0.50
    [cuda:1] Waiting for GPU slot...
    [cuda:1] Slot acquired (waited 241.2s). Training...
    [PIGNN] Large dataset (24492 nodes). Using edge sampling for context loss.
    FINAL_RESULT: {'acc': {'train': 0.22794117647058823, 'valid': 0.27470732371358564, 'test': 0.2841030875223271}, 'wall_s': 202.8, 'cpu_s': 165.31, 'gpu_s': 37.07, 'wait_s': 241.18}
    [Time] wall=202.8s | cpu=165.3s | gpu=37.1s
    C:\Users\fbrev\Documents\Acadêmico\Simulações\Python\NoisyGL\predictor\Base_Predictor.py:144: UserWarning: Sparse CSR tensor support is in beta state. If you miss a functionality in the sparse tensor support, please submit a feature request to https://github.com/pytorch/pytorch/issues. (Triggered internally at ..\aten\src\ATen\SparseCsrTensorImpl.cpp:55.)
    self.adj_csr = self.adj.to_sparse_csr().to(self.device)
    [CPU] Loading amazon-ratings...
    DEBUG 3.1: Dataset init start
    DEBUG 3.2: prepare_data start amazon-ratings
    ----Data statistics------'
    Name: amazon-ratings
    #Nodes 24492
    #Edges 93050
    #Classes 5
    #Ave_degree 7.60
    ----Split statistics------'
    #Train samples 1224 (5.0 % of nodes)
    #Val samples 3673 (15.0 % of nodes)
    #Test samples 19595 (remaining)
    ----label noise information:------
    Instance dependent noise
    #Actual noise rate 0.50
    [cuda:1] Waiting for GPU slot...
    [cuda:1] Slot acquired (waited 1240.5s). Training...
    [PIGNN] Large dataset (24492 nodes). Using edge sampling for context loss.
    FINAL_RESULT: {'acc': {'train': 0.21405228758169934, 'valid': 0.2616389872039205, 'test': 0.3656034702730288}, 'wall_s': 193.29, 'cpu_s': 156.16, 'gpu_s': 36.77, 'wait_s': 1240.49}
    [Time] wall=193.3s | cpu=156.2s | gpu=36.8s
    C:\Users\fbrev\Documents\Acadêmico\Simulações\Python\NoisyGL\predictor\Base_Predictor.py:144: UserWarning: Sparse CSR tensor support is in beta state. If you miss a functionality in the sparse tensor support, please submit a feature request to https://github.com/pytorch/pytorch/issues. (Triggered internally at ..\aten\src\ATen\SparseCsrTensorImpl.cpp:55.)
    self.adj_csr = self.adj.to_sparse_csr().to(self.device)
    [CPU] Loading amazon-ratings...
    DEBUG 3.1: Dataset init start
    DEBUG 3.2: prepare_data start amazon-ratings
    ----Data statistics------'
    Name: amazon-ratings
    #Nodes 24492
    #Edges 93050
    #Classes 5
    #Ave_degree 7.60
    ----Split statistics------'
    #Train samples 1224 (5.0 % of nodes)
    #Val samples 3673 (15.0 % of nodes)
    #Test samples 19595 (remaining)
    ----label noise information:------
    Instance dependent noise
    #Actual noise rate 0.50
    [cuda:1] Waiting for GPU slot...
    [cuda:1] Slot acquired (waited 236.1s). Training...
    [PIGNN] Large dataset (24492 nodes). Using edge sampling for context loss.
    FINAL_RESULT: {'acc': {'train': 0.21977124183006536, 'valid': 0.2406751973863327, 'test': 0.30308752232712427}, 'wall_s': 189.75, 'cpu_s': 152.74, 'gpu_s': 36.64, 'wait_s': 236.09}
    [Time] wall=189.7s | cpu=152.7s | gpu=36.6s
    C:\Users\fbrev\Documents\Acadêmico\Simulações\Python\NoisyGL\predictor\Base_Predictor.py:144: UserWarning: Sparse CSR tensor support is in beta state. If you miss a functionality in the sparse tensor support, please submit a feature request to https://github.com/pytorch/pytorch/issues. (Triggered internally at ..\aten\src\ATen\SparseCsrTensorImpl.cpp:55.)
    self.adj_csr = self.adj.to_sparse_csr().to(self.device)
    [CPU] Loading amazon-ratings...
    DEBUG 3.1: Dataset init start
    DEBUG 3.2: prepare_data start amazon-ratings
    ----Data statistics------'
    Name: amazon-ratings
    #Nodes 24492
    #Edges 93050
    #Classes 5
    #Ave_degree 7.60
    ----Split statistics------'
    #Train samples 1224 (5.0 % of nodes)
    #Val samples 3673 (15.0 % of nodes)
    #Test samples 19595 (remaining)
    ----label noise information:------
    Instance dependent noise
    #Actual noise rate 0.50
    [cuda:1] Waiting for GPU slot...
    [cuda:1] Slot acquired (waited 483.9s). Training...
    [PIGNN] Large dataset (24492 nodes). Using edge sampling for context loss.
    FINAL_RESULT: {'acc': {'train': 0.30718954248366015, 'valid': 0.3013885107541519, 'test': 0.26695585608573613}, 'wall_s': 196.11, 'cpu_s': 158.95, 'gpu_s': 36.73, 'wait_s': 483.9}
    [Time] wall=196.1s | cpu=158.9s | gpu=36.7s
    C:\Users\fbrev\Documents\Acadêmico\Simulações\Python\NoisyGL\predictor\Base_Predictor.py:144: UserWarning: Sparse CSR tensor support is in beta state. If you miss a functionality in the sparse tensor support, please submit a feature request to https://github.com/pytorch/pytorch/issues. (Triggered internally at ..\aten\src\ATen\SparseCsrTensorImpl.cpp:55.)
    self.adj_csr = self.adj.to_sparse_csr().to(self.device)
    [CPU] Loading amazon-ratings...
    DEBUG 3.1: Dataset init start
    DEBUG 3.2: prepare_data start amazon-ratings
    ----Data statistics------'
    Name: amazon-ratings
    #Nodes 24492
    #Edges 93050
    #Classes 5
    #Ave_degree 7.60
    ----Split statistics------'
    #Train samples 1224 (5.0 % of nodes)
    #Val samples 3673 (15.0 % of nodes)
    #Test samples 19595 (remaining)
    ----label noise information:------
    Instance dependent noise
    #Actual noise rate 0.50
    [cuda:1] Waiting for GPU slot...
    [cuda:1] Slot acquired (waited 459.2s). Training...
    [PIGNN] Large dataset (24492 nodes). Using edge sampling for context loss.
    FINAL_RESULT: {'acc': {'train': 0.22140522875816993, 'valid': 0.2382248842907705, 'test': 0.28364378668027557}, 'wall_s': 193.57, 'cpu_s': 156.59, 'gpu_s': 36.61, 'wait_s': 459.21}
    [Time] wall=193.6s | cpu=156.6s | gpu=36.6s
    C:\Users\fbrev\Documents\Acadêmico\Simulações\Python\NoisyGL\predictor\Base_Predictor.py:144: UserWarning: Sparse CSR tensor support is in beta state. If you miss a functionality in the sparse tensor support, please submit a feature request to https://github.com/pytorch/pytorch/issues. (Triggered internally at ..\aten\src\ATen\SparseCsrTensorImpl.cpp:55.)
    self.adj_csr = self.adj.to_sparse_csr().to(self.device)
    [CPU] Loading amazon-ratings...
    DEBUG 3.1: Dataset init start
    DEBUG 3.2: prepare_data start amazon-ratings
    ----Data statistics------'
    Name: amazon-ratings
    #Nodes 24492
    #Edges 93050
    #Classes 5
    #Ave_degree 7.60
    ----Split statistics------'
    #Train samples 1224 (5.0 % of nodes)
    #Val samples 3673 (15.0 % of nodes)
    #Test samples 19595 (remaining)
    ----label noise information:------
    Instance dependent noise
    #Actual noise rate 0.50
    [cuda:1] Waiting for GPU slot...
    [cuda:1] Slot acquired (waited 470.6s). Training...
    [PIGNN] Large dataset (24492 nodes). Using edge sampling for context loss.
    FINAL_RESULT: {'acc': {'train': 0.25, 'valid': 0.2632725292676286, 'test': 0.26884409288083694}, 'wall_s': 205.14, 'cpu_s': 167.7, 'gpu_s': 37.02, 'wait_s': 470.63}
    [Time] wall=205.1s | cpu=167.7s | gpu=37.0s
    C:\Users\fbrev\Documents\Acadêmico\Simulações\Python\NoisyGL\predictor\Base_Predictor.py:144: UserWarning: Sparse CSR tensor support is in beta state. If you miss a functionality in the sparse tensor support, please submit a feature request to https://github.com/pytorch/pytorch/issues. (Triggered internally at ..\aten\src\ATen\SparseCsrTensorImpl.cpp:55.)
    self.adj_csr = self.adj.to_sparse_csr().to(self.device)
    [CPU] Loading amazon-ratings...
    DEBUG 3.1: Dataset init start
    DEBUG 3.2: prepare_data start amazon-ratings
    ----Data statistics------'
    Name: amazon-ratings
    #Nodes 24492
    #Edges 93050
    #Classes 5
    #Ave_degree 7.60
    ----Split statistics------'
    #Train samples 1224 (5.0 % of nodes)
    #Val samples 3673 (15.0 % of nodes)
    #Test samples 19595 (remaining)
    ----label noise information:------
    Instance dependent noise
    #Actual noise rate 0.50
    [cuda:1] Waiting for GPU slot...
    [cuda:1] Slot acquired (waited 1472.8s). Training...
    [PIGNN] Large dataset (24492 nodes). Using edge sampling for context loss.
    FINAL_RESULT: {'acc': {'train': 0.24428104575163398, 'valid': 0.26245575823577455, 'test': 0.36437866802755803}, 'wall_s': 188.71, 'cpu_s': 151.61, 'gpu_s': 36.72, 'wait_s': 1472.76}
    [Time] wall=188.7s | cpu=151.6s | gpu=36.7s
    C:\Users\fbrev\Documents\Acadêmico\Simulações\Python\NoisyGL\predictor\Base_Predictor.py:144: UserWarning: Sparse CSR tensor support is in beta state. If you miss a functionality in the sparse tensor support, please submit a feature request to https://github.com/pytorch/pytorch/issues. (Triggered internally at ..\aten\src\ATen\SparseCsrTensorImpl.cpp:55.)
    self.adj_csr = self.adj.to_sparse_csr().to(self.device)
    [CPU] Loading amazon-ratings...
    DEBUG 3.1: Dataset init start
    DEBUG 3.2: prepare_data start amazon-ratings
    ----Data statistics------'
    Name: amazon-ratings
    #Nodes 24492
    #Edges 93050
    #Classes 5
    #Ave_degree 7.60
    ----Split statistics------'
    #Train samples 1224 (5.0 % of nodes)
    #Val samples 3673 (15.0 % of nodes)
    #Test samples 19595 (remaining)
    ----label noise information:------
    Instance dependent noise
    #Actual noise rate 0.50
    [cuda:1] Waiting for GPU slot...
    [cuda:1] Slot acquired (waited 239.7s). Training...
    [PIGNN] Large dataset (24492 nodes). Using edge sampling for context loss.
    FINAL_RESULT: {'acc': {'train': 0.2875816993464052, 'valid': 0.2777021508303839, 'test': 0.3710130135238581}, 'wall_s': 198.19, 'cpu_s': 161.18, 'gpu_s': 36.61, 'wait_s': 239.7}
    [Time] wall=198.2s | cpu=161.2s | gpu=36.6s
    C:\Users\fbrev\Documents\Acadêmico\Simulações\Python\NoisyGL\predictor\Base_Predictor.py:144: UserWarning: Sparse CSR tensor support is in beta state. If you miss a functionality in the sparse tensor support, please submit a feature request to https://github.com/pytorch/pytorch/issues. (Triggered internally at ..\aten\src\ATen\SparseCsrTensorImpl.cpp:55.)
    self.adj_csr = self.adj.to_sparse_csr().to(self.device)
  [Retest] Candidate 3 Avg: 0.3240

[Phase 2] Starting final evaluation with 10 seeds (3000-3009)...
    [CPU] Loading amazon-ratings...
    DEBUG 3.1: Dataset init start
    DEBUG 3.2: prepare_data start amazon-ratings
    ----Data statistics------'
    Name: amazon-ratings
    #Nodes 24492
    #Edges 93050
    #Classes 5
    #Ave_degree 7.60
    ----Split statistics------'
    #Train samples 1224 (5.0 % of nodes)
    #Val samples 3673 (15.0 % of nodes)
    #Test samples 19595 (remaining)
    ----label noise information:------
    Instance dependent noise
    #Actual noise rate 0.50
    [cuda:1] Waiting for GPU slot...
    [cuda:1] Slot acquired (waited 231.7s). Training...
    [PIGNN] Large dataset (24492 nodes). Using edge sampling for context loss.
    FINAL_RESULT: {'acc': {'train': 0.24591503267973855, 'valid': 0.23849714130138852, 'test': 0.36851237560602196}, 'wall_s': 191.12, 'cpu_s': 153.86, 'gpu_s': 36.89, 'wait_s': 231.67}
    [Time] wall=191.1s | cpu=153.9s | gpu=36.9s
    C:\Users\fbrev\Documents\Acadêmico\Simulações\Python\NoisyGL\predictor\Base_Predictor.py:144: UserWarning: Sparse CSR tensor support is in beta state. If you miss a functionality in the sparse tensor support, please submit a feature request to https://github.com/pytorch/pytorch/issues. (Triggered internally at ..\aten\src\ATen\SparseCsrTensorImpl.cpp:55.)
    self.adj_csr = self.adj.to_sparse_csr().to(self.device)
    [CPU] Loading amazon-ratings...
    DEBUG 3.1: Dataset init start
    DEBUG 3.2: prepare_data start amazon-ratings
    ----Data statistics------'
    Name: amazon-ratings
    #Nodes 24492
    #Edges 93050
    #Classes 5
    #Ave_degree 7.60
    ----Split statistics------'
    #Train samples 1224 (5.0 % of nodes)
    #Val samples 3673 (15.0 % of nodes)
    #Test samples 19595 (remaining)
    ----label noise information:------
    Instance dependent noise
    #Actual noise rate 0.50
    [cuda:1] Waiting for GPU slot...
    [cuda:1] Slot acquired (waited 232.2s). Training...
    [PIGNN] Large dataset (24492 nodes). Using edge sampling for context loss.
    FINAL_RESULT: {'acc': {'train': 0.2369281045751634, 'valid': 0.2531990198747618, 'test': 0.36759377392191883}, 'wall_s': 197.61, 'cpu_s': 160.77, 'gpu_s': 36.45, 'wait_s': 232.19}
    [Time] wall=197.6s | cpu=160.8s | gpu=36.5s
    C:\Users\fbrev\Documents\Acadêmico\Simulações\Python\NoisyGL\predictor\Base_Predictor.py:144: UserWarning: Sparse CSR tensor support is in beta state. If you miss a functionality in the sparse tensor support, please submit a feature request to https://github.com/pytorch/pytorch/issues. (Triggered internally at ..\aten\src\ATen\SparseCsrTensorImpl.cpp:55.)
    self.adj_csr = self.adj.to_sparse_csr().to(self.device)
    [CPU] Loading amazon-ratings...
    DEBUG 3.1: Dataset init start
    DEBUG 3.2: prepare_data start amazon-ratings
    ----Data statistics------'
    Name: amazon-ratings
    #Nodes 24492
    #Edges 93050
    #Classes 5
    #Ave_degree 7.60
    ----Split statistics------'
    #Train samples 1224 (5.0 % of nodes)
    #Val samples 3673 (15.0 % of nodes)
    #Test samples 19595 (remaining)
    ----label noise information:------
    Instance dependent noise
    #Actual noise rate 0.50
    [cuda:1] Waiting for GPU slot...
    [cuda:1] Slot acquired (waited 716.4s). Training...
    [PIGNN] Large dataset (24492 nodes). Using edge sampling for context loss.
    FINAL_RESULT: {'acc': {'train': 0.2222222222222222, 'valid': 0.23169071603593794, 'test': 0.2861444245981118}, 'wall_s': 194.06, 'cpu_s': 156.51, 'gpu_s': 37.16, 'wait_s': 716.43}
    [Time] wall=194.1s | cpu=156.5s | gpu=37.2s
    C:\Users\fbrev\Documents\Acadêmico\Simulações\Python\NoisyGL\predictor\Base_Predictor.py:144: UserWarning: Sparse CSR tensor support is in beta state. If you miss a functionality in the sparse tensor support, please submit a feature request to https://github.com/pytorch/pytorch/issues. (Triggered internally at ..\aten\src\ATen\SparseCsrTensorImpl.cpp:55.)
    self.adj_csr = self.adj.to_sparse_csr().to(self.device)
    [CPU] Loading amazon-ratings...
    DEBUG 3.1: Dataset init start
    DEBUG 3.2: prepare_data start amazon-ratings
    ----Data statistics------'
    Name: amazon-ratings
    #Nodes 24492
    #Edges 93050
    #Classes 5
    #Ave_degree 7.60
    ----Split statistics------'
    #Train samples 1224 (5.0 % of nodes)
    #Val samples 3673 (15.0 % of nodes)
    #Test samples 19595 (remaining)
    ----label noise information:------
    Instance dependent noise
    #Actual noise rate 0.50
    [cuda:1] Waiting for GPU slot...
    [cuda:1] Slot acquired (waited 466.7s). Training...
    [PIGNN] Large dataset (24492 nodes). Using edge sampling for context loss.
    FINAL_RESULT: {'acc': {'train': 0.3006535947712418, 'valid': 0.30166076776476997, 'test': 0.36346006634345496}, 'wall_s': 188.3, 'cpu_s': 151.26, 'gpu_s': 36.67, 'wait_s': 466.68}
    [Time] wall=188.3s | cpu=151.3s | gpu=36.7s
    C:\Users\fbrev\Documents\Acadêmico\Simulações\Python\NoisyGL\predictor\Base_Predictor.py:144: UserWarning: Sparse CSR tensor support is in beta state. If you miss a functionality in the sparse tensor support, please submit a feature request to https://github.com/pytorch/pytorch/issues. (Triggered internally at ..\aten\src\ATen\SparseCsrTensorImpl.cpp:55.)
    self.adj_csr = self.adj.to_sparse_csr().to(self.device)
    [CPU] Loading amazon-ratings...
    DEBUG 3.1: Dataset init start
    DEBUG 3.2: prepare_data start amazon-ratings
    ----Data statistics------'
    Name: amazon-ratings
    #Nodes 24492
    #Edges 93050
    #Classes 5
    #Ave_degree 7.60
    ----Split statistics------'
    #Train samples 1224 (5.0 % of nodes)
    #Val samples 3673 (15.0 % of nodes)
    #Test samples 19595 (remaining)
    ----label noise information:------
    Instance dependent noise
    #Actual noise rate 0.50
    [cuda:1] Waiting for GPU slot...
    [cuda:1] Slot acquired (waited 1179.0s). Training...
    [PIGNN] Large dataset (24492 nodes). Using edge sampling for context loss.
    FINAL_RESULT: {'acc': {'train': 0.3161764705882353, 'valid': 0.3068336509665124, 'test': 0.36662413881092115}, 'wall_s': 190.74, 'cpu_s': 153.82, 'gpu_s': 36.54, 'wait_s': 1178.95}
    [Time] wall=190.7s | cpu=153.8s | gpu=36.5s
    C:\Users\fbrev\Documents\Acadêmico\Simulações\Python\NoisyGL\predictor\Base_Predictor.py:144: UserWarning: Sparse CSR tensor support is in beta state. If you miss a functionality in the sparse tensor support, please submit a feature request to https://github.com/pytorch/pytorch/issues. (Triggered internally at ..\aten\src\ATen\SparseCsrTensorImpl.cpp:55.)
    self.adj_csr = self.adj.to_sparse_csr().to(self.device)
    [CPU] Loading amazon-ratings...
    DEBUG 3.1: Dataset init start
    DEBUG 3.2: prepare_data start amazon-ratings
    ----Data statistics------'
    Name: amazon-ratings
    #Nodes 24492
    #Edges 93050
    #Classes 5
    #Ave_degree 7.60
    ----Split statistics------'
    #Train samples 1224 (5.0 % of nodes)
    #Val samples 3673 (15.0 % of nodes)
    #Test samples 19595 (remaining)
    ----label noise information:------
    Instance dependent noise
    #Actual noise rate 0.49
    [cuda:1] Waiting for GPU slot...
    [cuda:1] Slot acquired (waited 233.6s). Training...
    [PIGNN] Large dataset (24492 nodes). Using edge sampling for context loss.
    FINAL_RESULT: {'acc': {'train': 0.24754901960784315, 'valid': 0.2510209637898176, 'test': 0.3609594284256188}, 'wall_s': 189.97, 'cpu_s': 152.79, 'gpu_s': 36.78, 'wait_s': 233.59}
    [Time] wall=190.0s | cpu=152.8s | gpu=36.8s
    C:\Users\fbrev\Documents\Acadêmico\Simulações\Python\NoisyGL\predictor\Base_Predictor.py:144: UserWarning: Sparse CSR tensor support is in beta state. If you miss a functionality in the sparse tensor support, please submit a feature request to https://github.com/pytorch/pytorch/issues. (Triggered internally at ..\aten\src\ATen\SparseCsrTensorImpl.cpp:55.)
    self.adj_csr = self.adj.to_sparse_csr().to(self.device)
    [CPU] Loading amazon-ratings...
    DEBUG 3.1: Dataset init start
    DEBUG 3.2: prepare_data start amazon-ratings
    ----Data statistics------'
    Name: amazon-ratings
    #Nodes 24492
    #Edges 93050
    #Classes 5
    #Ave_degree 7.60
    ----Split statistics------'
    #Train samples 1224 (5.0 % of nodes)
    #Val samples 3673 (15.0 % of nodes)
    #Test samples 19595 (remaining)
    ----label noise information:------
    Instance dependent noise
    #Actual noise rate 0.50
    [cuda:1] Waiting for GPU slot...
    [cuda:1] Slot acquired (waited 237.4s). Training...
    [PIGNN] Large dataset (24492 nodes). Using edge sampling for context loss.
    FINAL_RESULT: {'acc': {'train': 0.238562091503268, 'valid': 0.2534712768853798, 'test': 0.365450369992345}, 'wall_s': 200.49, 'cpu_s': 163.69, 'gpu_s': 36.41, 'wait_s': 237.4}
    [Time] wall=200.5s | cpu=163.7s | gpu=36.4s
    C:\Users\fbrev\Documents\Acadêmico\Simulações\Python\NoisyGL\predictor\Base_Predictor.py:144: UserWarning: Sparse CSR tensor support is in beta state. If you miss a functionality in the sparse tensor support, please submit a feature request to https://github.com/pytorch/pytorch/issues. (Triggered internally at ..\aten\src\ATen\SparseCsrTensorImpl.cpp:55.)
    self.adj_csr = self.adj.to_sparse_csr().to(self.device)
    [CPU] Loading amazon-ratings...
    DEBUG 3.1: Dataset init start
    DEBUG 3.2: prepare_data start amazon-ratings
    ----Data statistics------'
    Name: amazon-ratings
    #Nodes 24492
    #Edges 93050
    #Classes 5
    #Ave_degree 7.60
    ----Split statistics------'
    #Train samples 1224 (5.0 % of nodes)
    #Val samples 3673 (15.0 % of nodes)
    #Test samples 19595 (remaining)
    ----label noise information:------
    Instance dependent noise
    #Actual noise rate 0.50
    [cuda:1] Waiting for GPU slot...
    [cuda:1] Slot acquired (waited 232.6s). Training...
    [PIGNN] Large dataset (24492 nodes). Using edge sampling for context loss.
    FINAL_RESULT: {'acc': {'train': 0.25245098039215685, 'valid': 0.24965967873672748, 'test': 0.36218423067108957}, 'wall_s': 198.62, 'cpu_s': 161.33, 'gpu_s': 36.87, 'wait_s': 232.58}
    [Time] wall=198.6s | cpu=161.3s | gpu=36.9s
    C:\Users\fbrev\Documents\Acadêmico\Simulações\Python\NoisyGL\predictor\Base_Predictor.py:144: UserWarning: Sparse CSR tensor support is in beta state. If you miss a functionality in the sparse tensor support, please submit a feature request to https://github.com/pytorch/pytorch/issues. (Triggered internally at ..\aten\src\ATen\SparseCsrTensorImpl.cpp:55.)
    self.adj_csr = self.adj.to_sparse_csr().to(self.device)
    [CPU] Loading amazon-ratings...
    DEBUG 3.1: Dataset init start
    DEBUG 3.2: prepare_data start amazon-ratings
    ----Data statistics------'
    Name: amazon-ratings
    #Nodes 24492
    #Edges 93050
    #Classes 5
    #Ave_degree 7.60
    ----Split statistics------'
    #Train samples 1224 (5.0 % of nodes)
    #Val samples 3673 (15.0 % of nodes)
    #Test samples 19595 (remaining)
    ----label noise information:------
    Instance dependent noise
    #Actual noise rate 0.50
    [cuda:1] Waiting for GPU slot...
    [cuda:1] Slot acquired (waited 709.3s). Training...
    [PIGNN] Large dataset (24492 nodes). Using edge sampling for context loss.
    FINAL_RESULT: {'acc': {'train': 0.2777777777777778, 'valid': 0.27988020691532806, 'test': 0.3590201582036234}, 'wall_s': 191.78, 'cpu_s': 152.11, 'gpu_s': 36.94, 'wait_s': 709.28}
    [Time] wall=191.8s | cpu=152.1s | gpu=36.9s
    C:\Users\fbrev\Documents\Acadêmico\Simulações\Python\NoisyGL\predictor\Base_Predictor.py:144: UserWarning: Sparse CSR tensor support is in beta state. If you miss a functionality in the sparse tensor support, please submit a feature request to https://github.com/pytorch/pytorch/issues. (Triggered internally at ..\aten\src\ATen\SparseCsrTensorImpl.cpp:55.)
    self.adj_csr = self.adj.to_sparse_csr().to(self.device)
    [CPU] Loading amazon-ratings...
    DEBUG 3.1: Dataset init start
    DEBUG 3.2: prepare_data start amazon-ratings
    ----Data statistics------'
    Name: amazon-ratings
    #Nodes 24492
    #Edges 93050
    #Classes 5
    #Ave_degree 7.60
    ----Split statistics------'
    #Train samples 1224 (5.0 % of nodes)
    #Val samples 3673 (15.0 % of nodes)
    #Test samples 19595 (remaining)
    ----label noise information:------
    Instance dependent noise
    #Actual noise rate 0.50
    [cuda:1] Waiting for GPU slot...
    [cuda:1] Slot acquired (waited 235.2s). Training...
    [PIGNN] Large dataset (24492 nodes). Using edge sampling for context loss.
    FINAL_RESULT: {'acc': {'train': 0.20833333333333334, 'valid': 0.24693710863054724, 'test': 0.2818065833120694}, 'wall_s': 188.73, 'cpu_s': 151.7, 'gpu_s': 36.65, 'wait_s': 235.19}
    [Time] wall=188.7s | cpu=151.7s | gpu=36.7s
    C:\Users\fbrev\Documents\Acadêmico\Simulações\Python\NoisyGL\predictor\Base_Predictor.py:144: UserWarning: Sparse CSR tensor support is in beta state. If you miss a functionality in the sparse tensor support, please submit a feature request to https://github.com/pytorch/pytorch/issues. (Triggered internally at ..\aten\src\ATen\SparseCsrTensorImpl.cpp:55.)
    self.adj_csr = self.adj.to_sparse_csr().to(self.device)

[FINAL] pignn_amazon-ratings_instance_0.5 | 0.3482 ± 0.0322
