[worker] START gcn_amazonpho_0.4 gpu=1
[HPO] Starting Phase 1 (Optuna) for gcn_amazonpho_instance_0.4...
[I 2026-05-01 23:45:44,642] A new study created in RDB with name: gcn_amazonpho_instance_0.4
    [CPU] Loading amazonpho...
    DEBUG 3.1: Dataset init start
    DEBUG 3.2: prepare_data start amazonpho
    ----Data statistics------'
    Name: amazonpho
    #Nodes 7650
    #Edges 119081
    #Classes 8
    #Ave_degree 31.13
    ----Split statistics------'
    #Train samples 160 (20 nodes per class)
    #Val samples 500 (specified)
    #Test samples 1000 (specified)
    ----label noise information:------
    Instance dependent noise
    #Actual noise rate 0.40
    [cuda:1] Waiting for GPU slot...
    [cuda:1] Slot acquired (waited 0.0s). Training...
    FINAL_RESULT: {'acc': {'train': 0.55625, 'valid': 0.52, 'test': 0.839}, 'wall_s': 8.17, 'cpu_s': 0.03, 'gpu_s': 7.96, 'wait_s': 0.0}
    [Time] wall=8.2s | cpu=0.0s | gpu=8.0s
    C:\Users\fbrev\anaconda3\envs\noisygl\Lib\site-packages\torch\nn\modules\module.py:1159: UserWarning: expandable_segments not supported on this platform (Triggered internally at ..\c10/cuda/CUDAAllocatorConfig.h:28.)
    return t.to(
    C:\Users\fbrev\Documents\Acadêmico\Simulações\Python\NoisyGL\predictor\Base_Predictor.py:144: UserWarning: Sparse CSR tensor support is in beta state. If you miss a functionality in the sparse tensor support, please submit a feature request to https://github.com/pytorch/pytorch/issues. (Triggered internally at ..\aten\src\ATen\SparseCsrTensorImpl.cpp:55.)
    self.adj_csr = self.adj.to_sparse_csr().to(self.device)
[I 2026-05-01 23:45:59,022] Trial 0 finished with value: 0.839 and parameters: {'lr': 0.01, 'weight_decay': 0.0001, 'n_hidden': 256, 'n_layer': 3, 'dropout': 0.7423310186926412}. Best is trial 0 with value: 0.839.
    [CPU] Loading amazonpho...
    DEBUG 3.1: Dataset init start
    DEBUG 3.2: prepare_data start amazonpho
    ----Data statistics------'
    Name: amazonpho
    #Nodes 7650
    #Edges 119081
    #Classes 8
    #Ave_degree 31.13
    ----Split statistics------'
    #Train samples 160 (20 nodes per class)
    #Val samples 500 (specified)
    #Test samples 1000 (specified)
    ----label noise information:------
    Instance dependent noise
    #Actual noise rate 0.40
    [cuda:1] Waiting for GPU slot...
    [cuda:1] Slot acquired (waited 0.0s). Training...
    FINAL_RESULT: {'acc': {'train': 0.63125, 'valid': 0.524, 'test': 0.831}, 'wall_s': 5.01, 'cpu_s': 0.03, 'gpu_s': 4.77, 'wait_s': 0.0}
    [Time] wall=5.0s | cpu=0.0s | gpu=4.8s
    C:\Users\fbrev\anaconda3\envs\noisygl\Lib\site-packages\torch\nn\modules\module.py:1159: UserWarning: expandable_segments not supported on this platform (Triggered internally at ..\c10/cuda/CUDAAllocatorConfig.h:28.)
    return t.to(
    C:\Users\fbrev\Documents\Acadêmico\Simulações\Python\NoisyGL\predictor\Base_Predictor.py:144: UserWarning: Sparse CSR tensor support is in beta state. If you miss a functionality in the sparse tensor support, please submit a feature request to https://github.com/pytorch/pytorch/issues. (Triggered internally at ..\aten\src\ATen\SparseCsrTensorImpl.cpp:55.)
    self.adj_csr = self.adj.to_sparse_csr().to(self.device)
[I 2026-05-01 23:46:10,548] Trial 1 finished with value: 0.831 and parameters: {'lr': 0.001, 'weight_decay': 0.01, 'n_hidden': 256, 'n_layer': 2, 'dropout': 0.771794424480742}. Best is trial 0 with value: 0.839.
    [CPU] Loading amazonpho...
    DEBUG 3.1: Dataset init start
    DEBUG 3.2: prepare_data start amazonpho
    ----Data statistics------'
    Name: amazonpho
    #Nodes 7650
    #Edges 119081
    #Classes 8
    #Ave_degree 31.13
    ----Split statistics------'
    #Train samples 160 (20 nodes per class)
    #Val samples 500 (specified)
    #Test samples 1000 (specified)
    ----label noise information:------
    Instance dependent noise
    #Actual noise rate 0.40
    [cuda:1] Waiting for GPU slot...
    [cuda:1] Slot acquired (waited 0.0s). Training...
    FINAL_RESULT: {'acc': {'train': 0.66875, 'valid': 0.518, 'test': 0.784}, 'wall_s': 2.28, 'cpu_s': 0.02, 'gpu_s': 2.08, 'wait_s': 0.0}
    [Time] wall=2.3s | cpu=0.0s | gpu=2.1s
    C:\Users\fbrev\anaconda3\envs\noisygl\Lib\site-packages\torch\nn\modules\module.py:1159: UserWarning: expandable_segments not supported on this platform (Triggered internally at ..\c10/cuda/CUDAAllocatorConfig.h:28.)
    return t.to(
    C:\Users\fbrev\Documents\Acadêmico\Simulações\Python\NoisyGL\predictor\Base_Predictor.py:144: UserWarning: Sparse CSR tensor support is in beta state. If you miss a functionality in the sparse tensor support, please submit a feature request to https://github.com/pytorch/pytorch/issues. (Triggered internally at ..\aten\src\ATen\SparseCsrTensorImpl.cpp:55.)
    self.adj_csr = self.adj.to_sparse_csr().to(self.device)
[I 2026-05-01 23:46:19,525] Trial 2 finished with value: 0.784 and parameters: {'lr': 0.001, 'weight_decay': 0.01, 'n_hidden': 32, 'n_layer': 2, 'dropout': 0.2321062485236241}. Best is trial 0 with value: 0.839.
    [CPU] Loading amazonpho...
    DEBUG 3.1: Dataset init start
    DEBUG 3.2: prepare_data start amazonpho
    ----Data statistics------'
    Name: amazonpho
    #Nodes 7650
    #Edges 119081
    #Classes 8
    #Ave_degree 31.13
    ----Split statistics------'
    #Train samples 160 (20 nodes per class)
    #Val samples 500 (specified)
    #Test samples 1000 (specified)
    ----label noise information:------
    Instance dependent noise
    #Actual noise rate 0.40
    [cuda:1] Waiting for GPU slot...
    [cuda:1] Slot acquired (waited 0.0s). Training...
    FINAL_RESULT: {'acc': {'train': 0.49375, 'valid': 0.456, 'test': 0.714}, 'wall_s': 8.21, 'cpu_s': 0.03, 'gpu_s': 7.97, 'wait_s': 0.0}
    [Time] wall=8.2s | cpu=0.0s | gpu=8.0s
    C:\Users\fbrev\anaconda3\envs\noisygl\Lib\site-packages\torch\nn\modules\module.py:1159: UserWarning: expandable_segments not supported on this platform (Triggered internally at ..\c10/cuda/CUDAAllocatorConfig.h:28.)
    return t.to(
    C:\Users\fbrev\Documents\Acadêmico\Simulações\Python\NoisyGL\predictor\Base_Predictor.py:144: UserWarning: Sparse CSR tensor support is in beta state. If you miss a functionality in the sparse tensor support, please submit a feature request to https://github.com/pytorch/pytorch/issues. (Triggered internally at ..\aten\src\ATen\SparseCsrTensorImpl.cpp:55.)
    self.adj_csr = self.adj.to_sparse_csr().to(self.device)
[I 2026-05-01 23:46:34,438] Trial 3 finished with value: 0.714 and parameters: {'lr': 0.01, 'weight_decay': 0.05, 'n_hidden': 256, 'n_layer': 3, 'dropout': 0.5786557322614658}. Best is trial 0 with value: 0.839.
    [CPU] Loading amazonpho...
    DEBUG 3.1: Dataset init start
    DEBUG 3.2: prepare_data start amazonpho
    ----Data statistics------'
    Name: amazonpho
    #Nodes 7650
    #Edges 119081
    #Classes 8
    #Ave_degree 31.13
    ----Split statistics------'
    #Train samples 160 (20 nodes per class)
    #Val samples 500 (specified)
    #Test samples 1000 (specified)
    ----label noise information:------
    Instance dependent noise
    #Actual noise rate 0.40
    [cuda:1] Waiting for GPU slot...
    [cuda:1] Slot acquired (waited 0.0s). Training...
    FINAL_RESULT: {'acc': {'train': 0.675, 'valid': 0.492, 'test': 0.741}, 'wall_s': 2.29, 'cpu_s': 0.03, 'gpu_s': 2.06, 'wait_s': 0.0}
    [Time] wall=2.3s | cpu=0.0s | gpu=2.1s
    C:\Users\fbrev\anaconda3\envs\noisygl\Lib\site-packages\torch\nn\modules\module.py:1159: UserWarning: expandable_segments not supported on this platform (Triggered internally at ..\c10/cuda/CUDAAllocatorConfig.h:28.)
    return t.to(
    C:\Users\fbrev\Documents\Acadêmico\Simulações\Python\NoisyGL\predictor\Base_Predictor.py:144: UserWarning: Sparse CSR tensor support is in beta state. If you miss a functionality in the sparse tensor support, please submit a feature request to https://github.com/pytorch/pytorch/issues. (Triggered internally at ..\aten\src\ATen\SparseCsrTensorImpl.cpp:55.)
    self.adj_csr = self.adj.to_sparse_csr().to(self.device)
[I 2026-05-01 23:46:42,902] Trial 4 finished with value: 0.741 and parameters: {'lr': 0.005, 'weight_decay': 0.0001, 'n_hidden': 32, 'n_layer': 2, 'dropout': 0.07508149509583628}. Best is trial 0 with value: 0.839.
    [CPU] Loading amazonpho...
    DEBUG 3.1: Dataset init start
    DEBUG 3.2: prepare_data start amazonpho
    ----Data statistics------'
    Name: amazonpho
    #Nodes 7650
    #Edges 119081
    #Classes 8
    #Ave_degree 31.13
    ----Split statistics------'
    #Train samples 160 (20 nodes per class)
    #Val samples 500 (specified)
    #Test samples 1000 (specified)
    ----label noise information:------
    Instance dependent noise
    #Actual noise rate 0.40
    [cuda:1] Waiting for GPU slot...
    [cuda:1] Slot acquired (waited 0.6s). Training...
    FINAL_RESULT: {'acc': {'train': 0.21875, 'valid': 0.342, 'test': 0.494}, 'wall_s': 3.6, 'cpu_s': 0.02, 'gpu_s': 3.41, 'wait_s': 0.61}
    [Time] wall=3.6s | cpu=0.0s | gpu=3.4s
    C:\Users\fbrev\anaconda3\envs\noisygl\Lib\site-packages\torch\nn\modules\module.py:1159: UserWarning: expandable_segments not supported on this platform (Triggered internally at ..\c10/cuda/CUDAAllocatorConfig.h:28.)
    return t.to(
    C:\Users\fbrev\Documents\Acadêmico\Simulações\Python\NoisyGL\predictor\Base_Predictor.py:144: UserWarning: Sparse CSR tensor support is in beta state. If you miss a functionality in the sparse tensor support, please submit a feature request to https://github.com/pytorch/pytorch/issues. (Triggered internally at ..\aten\src\ATen\SparseCsrTensorImpl.cpp:55.)
    self.adj_csr = self.adj.to_sparse_csr().to(self.device)
[I 2026-05-01 23:46:53,140] Trial 5 finished with value: 0.494 and parameters: {'lr': 0.05, 'weight_decay': 0.001, 'n_hidden': 64, 'n_layer': 3, 'dropout': 0.09930564498655947}. Best is trial 0 with value: 0.839.
    [CPU] Loading amazonpho...
    DEBUG 3.1: Dataset init start
    DEBUG 3.2: prepare_data start amazonpho
    ----Data statistics------'
    Name: amazonpho
    #Nodes 7650
    #Edges 119081
    #Classes 8
    #Ave_degree 31.13
    ----Split statistics------'
    #Train samples 160 (20 nodes per class)
    #Val samples 500 (specified)
    #Test samples 1000 (specified)
    ----label noise information:------
    Instance dependent noise
    #Actual noise rate 0.40
    [cuda:1] Waiting for GPU slot...
    [cuda:1] Slot acquired (waited 0.0s). Training...
    FINAL_RESULT: {'acc': {'train': 0.15625, 'valid': 0.244, 'test': 0.251}, 'wall_s': 2.21, 'cpu_s': 0.03, 'gpu_s': 1.99, 'wait_s': 0.0}
    [Time] wall=2.2s | cpu=0.0s | gpu=2.0s
    C:\Users\fbrev\anaconda3\envs\noisygl\Lib\site-packages\torch\nn\modules\module.py:1159: UserWarning: expandable_segments not supported on this platform (Triggered internally at ..\c10/cuda/CUDAAllocatorConfig.h:28.)
    return t.to(
    C:\Users\fbrev\Documents\Acadêmico\Simulações\Python\NoisyGL\predictor\Base_Predictor.py:144: UserWarning: Sparse CSR tensor support is in beta state. If you miss a functionality in the sparse tensor support, please submit a feature request to https://github.com/pytorch/pytorch/issues. (Triggered internally at ..\aten\src\ATen\SparseCsrTensorImpl.cpp:55.)
    self.adj_csr = self.adj.to_sparse_csr().to(self.device)
[I 2026-05-01 23:47:01,758] Trial 6 finished with value: 0.251 and parameters: {'lr': 0.1, 'weight_decay': 0.0, 'n_hidden': 32, 'n_layer': 2, 'dropout': 0.09373323115528631}. Best is trial 0 with value: 0.839.
    [CPU] Loading amazonpho...
    DEBUG 3.1: Dataset init start
    DEBUG 3.2: prepare_data start amazonpho
    ----Data statistics------'
    Name: amazonpho
    #Nodes 7650
    #Edges 119081
    #Classes 8
    #Ave_degree 31.13
    ----Split statistics------'
    #Train samples 160 (20 nodes per class)
    #Val samples 500 (specified)
    #Test samples 1000 (specified)
    ----label noise information:------
    Instance dependent noise
    #Actual noise rate 0.40
    [cuda:1] Waiting for GPU slot...
    [cuda:1] Slot acquired (waited 1.0s). Training...
    FINAL_RESULT: {'acc': {'train': 0.55625, 'valid': 0.52, 'test': 0.832}, 'wall_s': 4.82, 'cpu_s': 0.02, 'gpu_s': 4.61, 'wait_s': 0.97}
    [Time] wall=4.8s | cpu=0.0s | gpu=4.6s
    C:\Users\fbrev\anaconda3\envs\noisygl\Lib\site-packages\torch\nn\modules\module.py:1159: UserWarning: expandable_segments not supported on this platform (Triggered internally at ..\c10/cuda/CUDAAllocatorConfig.h:28.)
    return t.to(
    C:\Users\fbrev\Documents\Acadêmico\Simulações\Python\NoisyGL\predictor\Base_Predictor.py:144: UserWarning: Sparse CSR tensor support is in beta state. If you miss a functionality in the sparse tensor support, please submit a feature request to https://github.com/pytorch/pytorch/issues. (Triggered internally at ..\aten\src\ATen\SparseCsrTensorImpl.cpp:55.)
    self.adj_csr = self.adj.to_sparse_csr().to(self.device)
[I 2026-05-01 23:47:13,928] Trial 7 finished with value: 0.832 and parameters: {'lr': 0.01, 'weight_decay': 0.01, 'n_hidden': 256, 'n_layer': 2, 'dropout': 0.7119280001227948}. Best is trial 0 with value: 0.839.
    [CPU] Loading amazonpho...
    DEBUG 3.1: Dataset init start
    DEBUG 3.2: prepare_data start amazonpho
    ----Data statistics------'
    Name: amazonpho
    #Nodes 7650
    #Edges 119081
    #Classes 8
    #Ave_degree 31.13
    ----Split statistics------'
    #Train samples 160 (20 nodes per class)
    #Val samples 500 (specified)
    #Test samples 1000 (specified)
    ----label noise information:------
    Instance dependent noise
    #Actual noise rate 0.40
    [cuda:1] Waiting for GPU slot...
    [cuda:1] Slot acquired (waited 0.0s). Training...
    FINAL_RESULT: {'acc': {'train': 0.18125, 'valid': 0.332, 'test': 0.425}, 'wall_s': 3.64, 'cpu_s': 0.03, 'gpu_s': 3.42, 'wait_s': 0.0}
    [Time] wall=3.6s | cpu=0.0s | gpu=3.4s
    C:\Users\fbrev\anaconda3\envs\noisygl\Lib\site-packages\torch\nn\modules\module.py:1159: UserWarning: expandable_segments not supported on this platform (Triggered internally at ..\c10/cuda/CUDAAllocatorConfig.h:28.)
    return t.to(
    C:\Users\fbrev\Documents\Acadêmico\Simulações\Python\NoisyGL\predictor\Base_Predictor.py:144: UserWarning: Sparse CSR tensor support is in beta state. If you miss a functionality in the sparse tensor support, please submit a feature request to https://github.com/pytorch/pytorch/issues. (Triggered internally at ..\aten\src\ATen\SparseCsrTensorImpl.cpp:55.)
    self.adj_csr = self.adj.to_sparse_csr().to(self.device)
[I 2026-05-01 23:47:23,729] Trial 8 finished with value: 0.425 and parameters: {'lr': 0.1, 'weight_decay': 0.01, 'n_hidden': 64, 'n_layer': 3, 'dropout': 0.3548578032144484}. Best is trial 0 with value: 0.839.
    [CPU] Loading amazonpho...
    DEBUG 3.1: Dataset init start
    DEBUG 3.2: prepare_data start amazonpho
    ----Data statistics------'
    Name: amazonpho
    #Nodes 7650
    #Edges 119081
    #Classes 8
    #Ave_degree 31.13
    ----Split statistics------'
    #Train samples 160 (20 nodes per class)
    #Val samples 500 (specified)
    #Test samples 1000 (specified)
    ----label noise information:------
    Instance dependent noise
    #Actual noise rate 0.40
    [cuda:1] Waiting for GPU slot...
    [cuda:1] Slot acquired (waited 0.0s). Training...
    FINAL_RESULT: {'acc': {'train': 0.19375, 'valid': 0.256, 'test': 0.228}, 'wall_s': 8.18, 'cpu_s': 0.02, 'gpu_s': 7.96, 'wait_s': 0.0}
    [Time] wall=8.2s | cpu=0.0s | gpu=8.0s
    C:\Users\fbrev\anaconda3\envs\noisygl\Lib\site-packages\torch\nn\modules\module.py:1159: UserWarning: expandable_segments not supported on this platform (Triggered internally at ..\c10/cuda/CUDAAllocatorConfig.h:28.)
    return t.to(
    C:\Users\fbrev\Documents\Acadêmico\Simulações\Python\NoisyGL\predictor\Base_Predictor.py:144: UserWarning: Sparse CSR tensor support is in beta state. If you miss a functionality in the sparse tensor support, please submit a feature request to https://github.com/pytorch/pytorch/issues. (Triggered internally at ..\aten\src\ATen\SparseCsrTensorImpl.cpp:55.)
    self.adj_csr = self.adj.to_sparse_csr().to(self.device)
[I 2026-05-01 23:47:37,972] Trial 9 finished with value: 0.228 and parameters: {'lr': 0.05, 'weight_decay': 0.001, 'n_hidden': 256, 'n_layer': 3, 'dropout': 0.7809598318606613}. Best is trial 0 with value: 0.839.
    [CPU] Loading amazonpho...
    DEBUG 3.1: Dataset init start
    DEBUG 3.2: prepare_data start amazonpho
    ----Data statistics------'
    Name: amazonpho
    #Nodes 7650
    #Edges 119081
    #Classes 8
    #Ave_degree 31.13
    ----Split statistics------'
    #Train samples 160 (20 nodes per class)
    #Val samples 500 (specified)
    #Test samples 1000 (specified)
    ----label noise information:------
    Instance dependent noise
    #Actual noise rate 0.40
    [cuda:1] Waiting for GPU slot...
    [cuda:1] Slot acquired (waited 0.0s). Training...
    FINAL_RESULT: {'acc': {'train': 0.45625, 'valid': 0.458, 'test': 0.692}, 'wall_s': 2.94, 'cpu_s': 0.03, 'gpu_s': 2.72, 'wait_s': 0.0}
    [Time] wall=2.9s | cpu=0.0s | gpu=2.7s
    C:\Users\fbrev\anaconda3\envs\noisygl\Lib\site-packages\torch\nn\modules\module.py:1159: UserWarning: expandable_segments not supported on this platform (Triggered internally at ..\c10/cuda/CUDAAllocatorConfig.h:28.)
    return t.to(
    C:\Users\fbrev\Documents\Acadêmico\Simulações\Python\NoisyGL\predictor\Base_Predictor.py:144: UserWarning: Sparse CSR tensor support is in beta state. If you miss a functionality in the sparse tensor support, please submit a feature request to https://github.com/pytorch/pytorch/issues. (Triggered internally at ..\aten\src\ATen\SparseCsrTensorImpl.cpp:55.)
    self.adj_csr = self.adj.to_sparse_csr().to(self.device)
[I 2026-05-01 23:47:46,860] Trial 10 finished with value: 0.692 and parameters: {'lr': 0.01, 'weight_decay': 0.05, 'n_hidden': 32, 'n_layer': 3, 'dropout': 0.5806266532361771}. Best is trial 0 with value: 0.839.
    [CPU] Loading amazonpho...
    DEBUG 3.1: Dataset init start
    DEBUG 3.2: prepare_data start amazonpho
    ----Data statistics------'
    Name: amazonpho
    #Nodes 7650
    #Edges 119081
    #Classes 8
    #Ave_degree 31.13
    ----Split statistics------'
    #Train samples 160 (20 nodes per class)
    #Val samples 500 (specified)
    #Test samples 1000 (specified)
    ----label noise information:------
    Instance dependent noise
    #Actual noise rate 0.40
    [cuda:1] Waiting for GPU slot...
    [cuda:1] Slot acquired (waited 0.0s). Training...
    FINAL_RESULT: {'acc': {'train': 0.6125, 'valid': 0.516, 'test': 0.789}, 'wall_s': 3.27, 'cpu_s': 0.02, 'gpu_s': 3.08, 'wait_s': 0.0}
    [Time] wall=3.3s | cpu=0.0s | gpu=3.1s
    C:\Users\fbrev\anaconda3\envs\noisygl\Lib\site-packages\torch\nn\modules\module.py:1159: UserWarning: expandable_segments not supported on this platform (Triggered internally at ..\c10/cuda/CUDAAllocatorConfig.h:28.)
    return t.to(
    C:\Users\fbrev\Documents\Acadêmico\Simulações\Python\NoisyGL\predictor\Base_Predictor.py:144: UserWarning: Sparse CSR tensor support is in beta state. If you miss a functionality in the sparse tensor support, please submit a feature request to https://github.com/pytorch/pytorch/issues. (Triggered internally at ..\aten\src\ATen\SparseCsrTensorImpl.cpp:55.)
    self.adj_csr = self.adj.to_sparse_csr().to(self.device)
[I 2026-05-01 23:47:56,206] Trial 11 finished with value: 0.789 and parameters: {'lr': 0.005, 'weight_decay': 0.001, 'n_hidden': 128, 'n_layer': 2, 'dropout': 0.5379347171481054}. Best is trial 0 with value: 0.839.
    [CPU] Loading amazonpho...
    DEBUG 3.1: Dataset init start
    DEBUG 3.2: prepare_data start amazonpho
    ----Data statistics------'
    Name: amazonpho
    #Nodes 7650
    #Edges 119081
    #Classes 8
    #Ave_degree 31.13
    ----Split statistics------'
    #Train samples 160 (20 nodes per class)
    #Val samples 500 (specified)
    #Test samples 1000 (specified)
    ----label noise information:------
    Instance dependent noise
    #Actual noise rate 0.40
    [cuda:1] Waiting for GPU slot...
    [cuda:1] Slot acquired (waited 0.0s). Training...
    FINAL_RESULT: {'acc': {'train': 0.53125, 'valid': 0.512, 'test': 0.795}, 'wall_s': 8.17, 'cpu_s': 0.02, 'gpu_s': 7.97, 'wait_s': 0.0}
    [Time] wall=8.2s | cpu=0.0s | gpu=8.0s
    C:\Users\fbrev\anaconda3\envs\noisygl\Lib\site-packages\torch\nn\modules\module.py:1159: UserWarning: expandable_segments not supported on this platform (Triggered internally at ..\c10/cuda/CUDAAllocatorConfig.h:28.)
    return t.to(
    C:\Users\fbrev\Documents\Acadêmico\Simulações\Python\NoisyGL\predictor\Base_Predictor.py:144: UserWarning: Sparse CSR tensor support is in beta state. If you miss a functionality in the sparse tensor support, please submit a feature request to https://github.com/pytorch/pytorch/issues. (Triggered internally at ..\aten\src\ATen\SparseCsrTensorImpl.cpp:55.)
    self.adj_csr = self.adj.to_sparse_csr().to(self.device)
[I 2026-05-01 23:48:12,426] Trial 12 finished with value: 0.795 and parameters: {'lr': 0.01, 'weight_decay': 0.001, 'n_hidden': 256, 'n_layer': 3, 'dropout': 0.635511754149985}. Best is trial 0 with value: 0.839.
    [CPU] Loading amazonpho...
    DEBUG 3.1: Dataset init start
    DEBUG 3.2: prepare_data start amazonpho
    ----Data statistics------'
    Name: amazonpho
    #Nodes 7650
    #Edges 119081
    #Classes 8
    #Ave_degree 31.13
    ----Split statistics------'
    #Train samples 160 (20 nodes per class)
    #Val samples 500 (specified)
    #Test samples 1000 (specified)
    ----label noise information:------
    Instance dependent noise
    #Actual noise rate 0.40
    [cuda:1] Waiting for GPU slot...
    [cuda:1] Slot acquired (waited 0.0s). Training...
    FINAL_RESULT: {'acc': {'train': 0.21875, 'valid': 0.282, 'test': 0.338}, 'wall_s': 3.64, 'cpu_s': 0.02, 'gpu_s': 3.44, 'wait_s': 0.0}
    [Time] wall=3.6s | cpu=0.0s | gpu=3.4s
    C:\Users\fbrev\anaconda3\envs\noisygl\Lib\site-packages\torch\nn\modules\module.py:1159: UserWarning: expandable_segments not supported on this platform (Triggered internally at ..\c10/cuda/CUDAAllocatorConfig.h:28.)
    return t.to(
    C:\Users\fbrev\Documents\Acadêmico\Simulações\Python\NoisyGL\predictor\Base_Predictor.py:144: UserWarning: Sparse CSR tensor support is in beta state. If you miss a functionality in the sparse tensor support, please submit a feature request to https://github.com/pytorch/pytorch/issues. (Triggered internally at ..\aten\src\ATen\SparseCsrTensorImpl.cpp:55.)
    self.adj_csr = self.adj.to_sparse_csr().to(self.device)
[I 2026-05-01 23:48:22,086] Trial 13 finished with value: 0.338 and parameters: {'lr': 0.1, 'weight_decay': 0.001, 'n_hidden': 64, 'n_layer': 3, 'dropout': 0.207466653853938}. Best is trial 0 with value: 0.839.
    [CPU] Loading amazonpho...
    DEBUG 3.1: Dataset init start
    DEBUG 3.2: prepare_data start amazonpho
    ----Data statistics------'
    Name: amazonpho
    #Nodes 7650
    #Edges 119081
    #Classes 8
    #Ave_degree 31.13
    ----Split statistics------'
    #Train samples 160 (20 nodes per class)
    #Val samples 500 (specified)
    #Test samples 1000 (specified)
    ----label noise information:------
    Instance dependent noise
    #Actual noise rate 0.40
    [cuda:1] Waiting for GPU slot...
    [cuda:1] Slot acquired (waited 0.0s). Training...
    FINAL_RESULT: {'acc': {'train': 0.5625, 'valid': 0.516, 'test': 0.855}, 'wall_s': 8.31, 'cpu_s': 0.02, 'gpu_s': 8.1, 'wait_s': 0.0}
    [Time] wall=8.3s | cpu=0.0s | gpu=8.1s
    C:\Users\fbrev\anaconda3\envs\noisygl\Lib\site-packages\torch\nn\modules\module.py:1159: UserWarning: expandable_segments not supported on this platform (Triggered internally at ..\c10/cuda/CUDAAllocatorConfig.h:28.)
    return t.to(
    C:\Users\fbrev\Documents\Acadêmico\Simulações\Python\NoisyGL\predictor\Base_Predictor.py:144: UserWarning: Sparse CSR tensor support is in beta state. If you miss a functionality in the sparse tensor support, please submit a feature request to https://github.com/pytorch/pytorch/issues. (Triggered internally at ..\aten\src\ATen\SparseCsrTensorImpl.cpp:55.)
    self.adj_csr = self.adj.to_sparse_csr().to(self.device)
[I 2026-05-01 23:48:36,383] Trial 14 finished with value: 0.855 and parameters: {'lr': 0.01, 'weight_decay': 0.01, 'n_hidden': 256, 'n_layer': 3, 'dropout': 0.1828108166669182}. Best is trial 14 with value: 0.855.
    [CPU] Loading amazonpho...
    DEBUG 3.1: Dataset init start
    DEBUG 3.2: prepare_data start amazonpho
    ----Data statistics------'
    Name: amazonpho
    #Nodes 7650
    #Edges 119081
    #Classes 8
    #Ave_degree 31.13
    ----Split statistics------'
    #Train samples 160 (20 nodes per class)
    #Val samples 500 (specified)
    #Test samples 1000 (specified)
    ----label noise information:------
    Instance dependent noise
    #Actual noise rate 0.40
    [cuda:1] Waiting for GPU slot...
    [cuda:1] Slot acquired (waited 0.0s). Training...
    FINAL_RESULT: {'acc': {'train': 0.68125, 'valid': 0.486, 'test': 0.712}, 'wall_s': 2.31, 'cpu_s': 0.03, 'gpu_s': 2.07, 'wait_s': 0.0}
    [Time] wall=2.3s | cpu=0.0s | gpu=2.1s
    C:\Users\fbrev\anaconda3\envs\noisygl\Lib\site-packages\torch\nn\modules\module.py:1159: UserWarning: expandable_segments not supported on this platform (Triggered internally at ..\c10/cuda/CUDAAllocatorConfig.h:28.)
    return t.to(
    C:\Users\fbrev\Documents\Acadêmico\Simulações\Python\NoisyGL\predictor\Base_Predictor.py:144: UserWarning: Sparse CSR tensor support is in beta state. If you miss a functionality in the sparse tensor support, please submit a feature request to https://github.com/pytorch/pytorch/issues. (Triggered internally at ..\aten\src\ATen\SparseCsrTensorImpl.cpp:55.)
    self.adj_csr = self.adj.to_sparse_csr().to(self.device)
[I 2026-05-01 23:48:44,797] Trial 15 finished with value: 0.712 and parameters: {'lr': 0.01, 'weight_decay': 0.0, 'n_hidden': 32, 'n_layer': 2, 'dropout': 0.23409341233273315}. Best is trial 14 with value: 0.855.
    [CPU] Loading amazonpho...
    DEBUG 3.1: Dataset init start
    DEBUG 3.2: prepare_data start amazonpho
    ----Data statistics------'
    Name: amazonpho
    #Nodes 7650
    #Edges 119081
    #Classes 8
    #Ave_degree 31.13
    ----Split statistics------'
    #Train samples 160 (20 nodes per class)
    #Val samples 500 (specified)
    #Test samples 1000 (specified)
    ----label noise information:------
    Instance dependent noise
    #Actual noise rate 0.40
    [cuda:1] Waiting for GPU slot...
    [cuda:1] Slot acquired (waited 0.0s). Training...
    FINAL_RESULT: {'acc': {'train': 0.15, 'valid': 0.242, 'test': 0.255}, 'wall_s': 2.2, 'cpu_s': 0.02, 'gpu_s': 1.99, 'wait_s': 0.0}
    [Time] wall=2.2s | cpu=0.0s | gpu=2.0s
    C:\Users\fbrev\anaconda3\envs\noisygl\Lib\site-packages\torch\nn\modules\module.py:1159: UserWarning: expandable_segments not supported on this platform (Triggered internally at ..\c10/cuda/CUDAAllocatorConfig.h:28.)
    return t.to(
    C:\Users\fbrev\Documents\Acadêmico\Simulações\Python\NoisyGL\predictor\Base_Predictor.py:144: UserWarning: Sparse CSR tensor support is in beta state. If you miss a functionality in the sparse tensor support, please submit a feature request to https://github.com/pytorch/pytorch/issues. (Triggered internally at ..\aten\src\ATen\SparseCsrTensorImpl.cpp:55.)
    self.adj_csr = self.adj.to_sparse_csr().to(self.device)
[I 2026-05-01 23:48:53,612] Trial 16 finished with value: 0.255 and parameters: {'lr': 0.05, 'weight_decay': 0.0, 'n_hidden': 32, 'n_layer': 2, 'dropout': 0.45888662461078084}. Best is trial 14 with value: 0.855.
    [CPU] Loading amazonpho...
    DEBUG 3.1: Dataset init start
    DEBUG 3.2: prepare_data start amazonpho
    ----Data statistics------'
    Name: amazonpho
    #Nodes 7650
    #Edges 119081
    #Classes 8
    #Ave_degree 31.13
    ----Split statistics------'
    #Train samples 160 (20 nodes per class)
    #Val samples 500 (specified)
    #Test samples 1000 (specified)
    ----label noise information:------
    Instance dependent noise
    #Actual noise rate 0.40
    [cuda:1] Waiting for GPU slot...
    [cuda:1] Slot acquired (waited 0.0s). Training...
    FINAL_RESULT: {'acc': {'train': 0.55625, 'valid': 0.516, 'test': 0.806}, 'wall_s': 4.8, 'cpu_s': 0.02, 'gpu_s': 4.59, 'wait_s': 0.0}
    [Time] wall=4.8s | cpu=0.0s | gpu=4.6s
    C:\Users\fbrev\anaconda3\envs\noisygl\Lib\site-packages\torch\nn\modules\module.py:1159: UserWarning: expandable_segments not supported on this platform (Triggered internally at ..\c10/cuda/CUDAAllocatorConfig.h:28.)
    return t.to(
    C:\Users\fbrev\Documents\Acadêmico\Simulações\Python\NoisyGL\predictor\Base_Predictor.py:144: UserWarning: Sparse CSR tensor support is in beta state. If you miss a functionality in the sparse tensor support, please submit a feature request to https://github.com/pytorch/pytorch/issues. (Triggered internally at ..\aten\src\ATen\SparseCsrTensorImpl.cpp:55.)
    self.adj_csr = self.adj.to_sparse_csr().to(self.device)
[I 2026-05-01 23:49:05,077] Trial 17 finished with value: 0.806 and parameters: {'lr': 0.005, 'weight_decay': 0.05, 'n_hidden': 256, 'n_layer': 2, 'dropout': 0.7447268868193283}. Best is trial 14 with value: 0.855.
    [CPU] Loading amazonpho...
    DEBUG 3.1: Dataset init start
    DEBUG 3.2: prepare_data start amazonpho
    ----Data statistics------'
    Name: amazonpho
    #Nodes 7650
    #Edges 119081
    #Classes 8
    #Ave_degree 31.13
    ----Split statistics------'
    #Train samples 160 (20 nodes per class)
    #Val samples 500 (specified)
    #Test samples 1000 (specified)
    ----label noise information:------
    Instance dependent noise
    #Actual noise rate 0.40
    [cuda:1] Waiting for GPU slot...
    [cuda:1] Slot acquired (waited 0.0s). Training...
    FINAL_RESULT: {'acc': {'train': 0.66875, 'valid': 0.516, 'test': 0.802}, 'wall_s': 3.44, 'cpu_s': 0.03, 'gpu_s': 3.21, 'wait_s': 0.0}
    [Time] wall=3.4s | cpu=0.0s | gpu=3.2s
    C:\Users\fbrev\anaconda3\envs\noisygl\Lib\site-packages\torch\nn\modules\module.py:1159: UserWarning: expandable_segments not supported on this platform (Triggered internally at ..\c10/cuda/CUDAAllocatorConfig.h:28.)
    return t.to(
    C:\Users\fbrev\Documents\Acadêmico\Simulações\Python\NoisyGL\predictor\Base_Predictor.py:144: UserWarning: Sparse CSR tensor support is in beta state. If you miss a functionality in the sparse tensor support, please submit a feature request to https://github.com/pytorch/pytorch/issues. (Triggered internally at ..\aten\src\ATen\SparseCsrTensorImpl.cpp:55.)
    self.adj_csr = self.adj.to_sparse_csr().to(self.device)
[I 2026-05-01 23:49:15,386] Trial 18 finished with value: 0.802 and parameters: {'lr': 0.001, 'weight_decay': 0.001, 'n_hidden': 128, 'n_layer': 2, 'dropout': 0.22322682218893003}. Best is trial 14 with value: 0.855.
    [CPU] Loading amazonpho...
    DEBUG 3.1: Dataset init start
    DEBUG 3.2: prepare_data start amazonpho
    ----Data statistics------'
    Name: amazonpho
    #Nodes 7650
    #Edges 119081
    #Classes 8
    #Ave_degree 31.13
    ----Split statistics------'
    #Train samples 160 (20 nodes per class)
    #Val samples 500 (specified)
    #Test samples 1000 (specified)
    ----label noise information:------
    Instance dependent noise
    #Actual noise rate 0.40
    [cuda:1] Waiting for GPU slot...
    [cuda:1] Slot acquired (waited 0.0s). Training...
    FINAL_RESULT: {'acc': {'train': 0.16875, 'valid': 0.328, 'test': 0.446}, 'wall_s': 8.29, 'cpu_s': 0.02, 'gpu_s': 8.07, 'wait_s': 0.0}
    [Time] wall=8.3s | cpu=0.0s | gpu=8.1s
    C:\Users\fbrev\anaconda3\envs\noisygl\Lib\site-packages\torch\nn\modules\module.py:1159: UserWarning: expandable_segments not supported on this platform (Triggered internally at ..\c10/cuda/CUDAAllocatorConfig.h:28.)
    return t.to(
    C:\Users\fbrev\Documents\Acadêmico\Simulações\Python\NoisyGL\predictor\Base_Predictor.py:144: UserWarning: Sparse CSR tensor support is in beta state. If you miss a functionality in the sparse tensor support, please submit a feature request to https://github.com/pytorch/pytorch/issues. (Triggered internally at ..\aten\src\ATen\SparseCsrTensorImpl.cpp:55.)
    self.adj_csr = self.adj.to_sparse_csr().to(self.device)
[I 2026-05-01 23:49:30,224] Trial 19 finished with value: 0.446 and parameters: {'lr': 0.05, 'weight_decay': 0.001, 'n_hidden': 256, 'n_layer': 3, 'dropout': 0.17721069639697193}. Best is trial 14 with value: 0.855.
    [CPU] Loading amazonpho...
    DEBUG 3.1: Dataset init start
    DEBUG 3.2: prepare_data start amazonpho
    ----Data statistics------'
    Name: amazonpho
    #Nodes 7650
    #Edges 119081
    #Classes 8
    #Ave_degree 31.13
    ----Split statistics------'
    #Train samples 160 (20 nodes per class)
    #Val samples 500 (specified)
    #Test samples 1000 (specified)
    ----label noise information:------
    Instance dependent noise
    #Actual noise rate 0.40
    [cuda:1] Waiting for GPU slot...
    [cuda:1] Slot acquired (waited 0.0s). Training...
    FINAL_RESULT: {'acc': {'train': 0.60625, 'valid': 0.506, 'test': 0.73}, 'wall_s': 8.35, 'cpu_s': 0.03, 'gpu_s': 8.11, 'wait_s': 0.0}
    [Time] wall=8.3s | cpu=0.0s | gpu=8.1s
    C:\Users\fbrev\anaconda3\envs\noisygl\Lib\site-packages\torch\nn\modules\module.py:1159: UserWarning: expandable_segments not supported on this platform (Triggered internally at ..\c10/cuda/CUDAAllocatorConfig.h:28.)
    return t.to(
    C:\Users\fbrev\Documents\Acadêmico\Simulações\Python\NoisyGL\predictor\Base_Predictor.py:144: UserWarning: Sparse CSR tensor support is in beta state. If you miss a functionality in the sparse tensor support, please submit a feature request to https://github.com/pytorch/pytorch/issues. (Triggered internally at ..\aten\src\ATen\SparseCsrTensorImpl.cpp:55.)
    self.adj_csr = self.adj.to_sparse_csr().to(self.device)
[I 2026-05-01 23:49:44,955] Trial 20 finished with value: 0.73 and parameters: {'lr': 0.01, 'weight_decay': 0.0001, 'n_hidden': 256, 'n_layer': 3, 'dropout': 0.32401583866829575}. Best is trial 14 with value: 0.855.
    [CPU] Loading amazonpho...
    DEBUG 3.1: Dataset init start
    DEBUG 3.2: prepare_data start amazonpho
    ----Data statistics------'
    Name: amazonpho
    #Nodes 7650
    #Edges 119081
    #Classes 8
    #Ave_degree 31.13
    ----Split statistics------'
    #Train samples 160 (20 nodes per class)
    #Val samples 500 (specified)
    #Test samples 1000 (specified)
    ----label noise information:------
    Instance dependent noise
    #Actual noise rate 0.40
    [cuda:1] Waiting for GPU slot...
    [cuda:1] Slot acquired (waited 0.0s). Training...
    FINAL_RESULT: {'acc': {'train': 0.5875, 'valid': 0.512, 'test': 0.795}, 'wall_s': 8.29, 'cpu_s': 0.03, 'gpu_s': 8.05, 'wait_s': 0.0}
    [Time] wall=8.3s | cpu=0.0s | gpu=8.0s
    C:\Users\fbrev\anaconda3\envs\noisygl\Lib\site-packages\torch\nn\modules\module.py:1159: UserWarning: expandable_segments not supported on this platform (Triggered internally at ..\c10/cuda/CUDAAllocatorConfig.h:28.)
    return t.to(
    C:\Users\fbrev\Documents\Acadêmico\Simulações\Python\NoisyGL\predictor\Base_Predictor.py:144: UserWarning: Sparse CSR tensor support is in beta state. If you miss a functionality in the sparse tensor support, please submit a feature request to https://github.com/pytorch/pytorch/issues. (Triggered internally at ..\aten\src\ATen\SparseCsrTensorImpl.cpp:55.)
    self.adj_csr = self.adj.to_sparse_csr().to(self.device)
[I 2026-05-01 23:49:59,719] Trial 21 finished with value: 0.795 and parameters: {'lr': 0.01, 'weight_decay': 0.01, 'n_hidden': 256, 'n_layer': 3, 'dropout': 0.6507805860788314}. Best is trial 14 with value: 0.855.
    [CPU] Loading amazonpho...
    DEBUG 3.1: Dataset init start
    DEBUG 3.2: prepare_data start amazonpho
    ----Data statistics------'
    Name: amazonpho
    #Nodes 7650
    #Edges 119081
    #Classes 8
    #Ave_degree 31.13
    ----Split statistics------'
    #Train samples 160 (20 nodes per class)
    #Val samples 500 (specified)
    #Test samples 1000 (specified)
    ----label noise information:------
    Instance dependent noise
    #Actual noise rate 0.40
    [cuda:1] Waiting for GPU slot...
    [cuda:1] Slot acquired (waited 0.0s). Training...
    FINAL_RESULT: {'acc': {'train': 0.53125, 'valid': 0.512, 'test': 0.819}, 'wall_s': 8.43, 'cpu_s': 0.03, 'gpu_s': 8.21, 'wait_s': 0.0}
    [Time] wall=8.4s | cpu=0.0s | gpu=8.2s
    C:\Users\fbrev\anaconda3\envs\noisygl\Lib\site-packages\torch\nn\modules\module.py:1159: UserWarning: expandable_segments not supported on this platform (Triggered internally at ..\c10/cuda/CUDAAllocatorConfig.h:28.)
    return t.to(
    C:\Users\fbrev\Documents\Acadêmico\Simulações\Python\NoisyGL\predictor\Base_Predictor.py:144: UserWarning: Sparse CSR tensor support is in beta state. If you miss a functionality in the sparse tensor support, please submit a feature request to https://github.com/pytorch/pytorch/issues. (Triggered internally at ..\aten\src\ATen\SparseCsrTensorImpl.cpp:55.)
    self.adj_csr = self.adj.to_sparse_csr().to(self.device)
[I 2026-05-01 23:50:14,566] Trial 22 finished with value: 0.819 and parameters: {'lr': 0.01, 'weight_decay': 0.0001, 'n_hidden': 256, 'n_layer': 3, 'dropout': 0.6856778240884481}. Best is trial 14 with value: 0.855.
    [CPU] Loading amazonpho...
    DEBUG 3.1: Dataset init start
    DEBUG 3.2: prepare_data start amazonpho
    ----Data statistics------'
    Name: amazonpho
    #Nodes 7650
    #Edges 119081
    #Classes 8
    #Ave_degree 31.13
    ----Split statistics------'
    #Train samples 160 (20 nodes per class)
    #Val samples 500 (specified)
    #Test samples 1000 (specified)
    ----label noise information:------
    Instance dependent noise
    #Actual noise rate 0.40
    [cuda:1] Waiting for GPU slot...
    [cuda:1] Slot acquired (waited 0.0s). Training...
    FINAL_RESULT: {'acc': {'train': 0.63125, 'valid': 0.524, 'test': 0.855}, 'wall_s': 8.24, 'cpu_s': 0.03, 'gpu_s': 8.02, 'wait_s': 0.0}
    [Time] wall=8.2s | cpu=0.0s | gpu=8.0s
    C:\Users\fbrev\anaconda3\envs\noisygl\Lib\site-packages\torch\nn\modules\module.py:1159: UserWarning: expandable_segments not supported on this platform (Triggered internally at ..\c10/cuda/CUDAAllocatorConfig.h:28.)
    return t.to(
    C:\Users\fbrev\Documents\Acadêmico\Simulações\Python\NoisyGL\predictor\Base_Predictor.py:144: UserWarning: Sparse CSR tensor support is in beta state. If you miss a functionality in the sparse tensor support, please submit a feature request to https://github.com/pytorch/pytorch/issues. (Triggered internally at ..\aten\src\ATen\SparseCsrTensorImpl.cpp:55.)
    self.adj_csr = self.adj.to_sparse_csr().to(self.device)
[I 2026-05-01 23:50:29,337] Trial 23 finished with value: 0.855 and parameters: {'lr': 0.01, 'weight_decay': 0.01, 'n_hidden': 256, 'n_layer': 3, 'dropout': 0.4720315057401837}. Best is trial 14 with value: 0.855.
    [CPU] Loading amazonpho...
    DEBUG 3.1: Dataset init start
    DEBUG 3.2: prepare_data start amazonpho
    ----Data statistics------'
    Name: amazonpho
    #Nodes 7650
    #Edges 119081
    #Classes 8
    #Ave_degree 31.13
    ----Split statistics------'
    #Train samples 160 (20 nodes per class)
    #Val samples 500 (specified)
    #Test samples 1000 (specified)
    ----label noise information:------
    Instance dependent noise
    #Actual noise rate 0.40
    [cuda:1] Waiting for GPU slot...
    [cuda:1] Slot acquired (waited 0.0s). Training...
    FINAL_RESULT: {'acc': {'train': 0.59375, 'valid': 0.496, 'test': 0.788}, 'wall_s': 5.15, 'cpu_s': 0.03, 'gpu_s': 4.92, 'wait_s': 0.0}
    [Time] wall=5.2s | cpu=0.0s | gpu=4.9s
    C:\Users\fbrev\anaconda3\envs\noisygl\Lib\site-packages\torch\nn\modules\module.py:1159: UserWarning: expandable_segments not supported on this platform (Triggered internally at ..\c10/cuda/CUDAAllocatorConfig.h:28.)
    return t.to(
    C:\Users\fbrev\Documents\Acadêmico\Simulações\Python\NoisyGL\predictor\Base_Predictor.py:144: UserWarning: Sparse CSR tensor support is in beta state. If you miss a functionality in the sparse tensor support, please submit a feature request to https://github.com/pytorch/pytorch/issues. (Triggered internally at ..\aten\src\ATen\SparseCsrTensorImpl.cpp:55.)
    self.adj_csr = self.adj.to_sparse_csr().to(self.device)
[I 2026-05-01 23:50:40,767] Trial 24 finished with value: 0.788 and parameters: {'lr': 0.01, 'weight_decay': 0.0001, 'n_hidden': 128, 'n_layer': 3, 'dropout': 0.45065794881259225}. Best is trial 14 with value: 0.855.
    [CPU] Loading amazonpho...
    DEBUG 3.1: Dataset init start
    DEBUG 3.2: prepare_data start amazonpho
    ----Data statistics------'
    Name: amazonpho
    #Nodes 7650
    #Edges 119081
    #Classes 8
    #Ave_degree 31.13
    ----Split statistics------'
    #Train samples 160 (20 nodes per class)
    #Val samples 500 (specified)
    #Test samples 1000 (specified)
    ----label noise information:------
    Instance dependent noise
    #Actual noise rate 0.40
    [cuda:1] Waiting for GPU slot...
    [cuda:1] Slot acquired (waited 0.0s). Training...
    FINAL_RESULT: {'acc': {'train': 0.55, 'valid': 0.514, 'test': 0.849}, 'wall_s': 8.16, 'cpu_s': 0.03, 'gpu_s': 7.95, 'wait_s': 0.0}
    [Time] wall=8.2s | cpu=0.0s | gpu=7.9s
    C:\Users\fbrev\anaconda3\envs\noisygl\Lib\site-packages\torch\nn\modules\module.py:1159: UserWarning: expandable_segments not supported on this platform (Triggered internally at ..\c10/cuda/CUDAAllocatorConfig.h:28.)
    return t.to(
    C:\Users\fbrev\Documents\Acadêmico\Simulações\Python\NoisyGL\predictor\Base_Predictor.py:144: UserWarning: Sparse CSR tensor support is in beta state. If you miss a functionality in the sparse tensor support, please submit a feature request to https://github.com/pytorch/pytorch/issues. (Triggered internally at ..\aten\src\ATen\SparseCsrTensorImpl.cpp:55.)
    self.adj_csr = self.adj.to_sparse_csr().to(self.device)
[I 2026-05-01 23:50:55,357] Trial 25 finished with value: 0.849 and parameters: {'lr': 0.01, 'weight_decay': 0.01, 'n_hidden': 256, 'n_layer': 3, 'dropout': 0.30708008495541267}. Best is trial 14 with value: 0.855.
    [CPU] Loading amazonpho...
    DEBUG 3.1: Dataset init start
    DEBUG 3.2: prepare_data start amazonpho
    ----Data statistics------'
    Name: amazonpho
    #Nodes 7650
    #Edges 119081
    #Classes 8
    #Ave_degree 31.13
    ----Split statistics------'
    #Train samples 160 (20 nodes per class)
    #Val samples 500 (specified)
    #Test samples 1000 (specified)
    ----label noise information:------
    Instance dependent noise
    #Actual noise rate 0.40
    [cuda:1] Waiting for GPU slot...
    [cuda:1] Slot acquired (waited 74.8s). Training...
    FINAL_RESULT: {'acc': {'train': 0.5625, 'valid': 0.51, 'test': 0.846}, 'wall_s': 8.24, 'cpu_s': 0.03, 'gpu_s': 7.98, 'wait_s': 74.81}
    [Time] wall=8.2s | cpu=0.0s | gpu=8.0s
    C:\Users\fbrev\anaconda3\envs\noisygl\Lib\site-packages\torch\nn\modules\module.py:1159: UserWarning: expandable_segments not supported on this platform (Triggered internally at ..\c10/cuda/CUDAAllocatorConfig.h:28.)
    return t.to(
    C:\Users\fbrev\Documents\Acadêmico\Simulações\Python\NoisyGL\predictor\Base_Predictor.py:144: UserWarning: Sparse CSR tensor support is in beta state. If you miss a functionality in the sparse tensor support, please submit a feature request to https://github.com/pytorch/pytorch/issues. (Triggered internally at ..\aten\src\ATen\SparseCsrTensorImpl.cpp:55.)
    self.adj_csr = self.adj.to_sparse_csr().to(self.device)
[I 2026-05-01 23:52:24,942] Trial 26 finished with value: 0.846 and parameters: {'lr': 0.01, 'weight_decay': 0.01, 'n_hidden': 256, 'n_layer': 3, 'dropout': 0.2991192084658877}. Best is trial 14 with value: 0.855.
    [CPU] Loading amazonpho...
    DEBUG 3.1: Dataset init start
    DEBUG 3.2: prepare_data start amazonpho
    ----Data statistics------'
    Name: amazonpho
    #Nodes 7650
    #Edges 119081
    #Classes 8
    #Ave_degree 31.13
    ----Split statistics------'
    #Train samples 160 (20 nodes per class)
    #Val samples 500 (specified)
    #Test samples 1000 (specified)
    ----label noise information:------
    Instance dependent noise
    #Actual noise rate 0.40
    [cuda:1] Waiting for GPU slot...
    [cuda:1] Slot acquired (waited 68.3s). Training...
    FINAL_RESULT: {'acc': {'train': 0.425, 'valid': 0.52, 'test': 0.827}, 'wall_s': 8.32, 'cpu_s': 0.03, 'gpu_s': 8.09, 'wait_s': 68.29}
    [Time] wall=8.3s | cpu=0.0s | gpu=8.1s
    C:\Users\fbrev\anaconda3\envs\noisygl\Lib\site-packages\torch\nn\modules\module.py:1159: UserWarning: expandable_segments not supported on this platform (Triggered internally at ..\c10/cuda/CUDAAllocatorConfig.h:28.)
    return t.to(
    C:\Users\fbrev\Documents\Acadêmico\Simulações\Python\NoisyGL\predictor\Base_Predictor.py:144: UserWarning: Sparse CSR tensor support is in beta state. If you miss a functionality in the sparse tensor support, please submit a feature request to https://github.com/pytorch/pytorch/issues. (Triggered internally at ..\aten\src\ATen\SparseCsrTensorImpl.cpp:55.)
    self.adj_csr = self.adj.to_sparse_csr().to(self.device)
[I 2026-05-01 23:53:47,689] Trial 27 finished with value: 0.827 and parameters: {'lr': 0.01, 'weight_decay': 0.01, 'n_hidden': 256, 'n_layer': 3, 'dropout': 0.39444552175439707}. Best is trial 14 with value: 0.855.
    [CPU] Loading amazonpho...
    DEBUG 3.1: Dataset init start
    DEBUG 3.2: prepare_data start amazonpho
    ----Data statistics------'
    Name: amazonpho
    #Nodes 7650
    #Edges 119081
    #Classes 8
    #Ave_degree 31.13
    ----Split statistics------'
    #Train samples 160 (20 nodes per class)
    #Val samples 500 (specified)
    #Test samples 1000 (specified)
    ----label noise information:------
    Instance dependent noise
    #Actual noise rate 0.40
    [cuda:1] Waiting for GPU slot...
    [cuda:1] Slot acquired (waited 143.9s). Training...
    FINAL_RESULT: {'acc': {'train': 0.59375, 'valid': 0.522, 'test': 0.85}, 'wall_s': 8.54, 'cpu_s': 0.03, 'gpu_s': 8.23, 'wait_s': 143.93}
    [Time] wall=8.5s | cpu=0.0s | gpu=8.2s
    C:\Users\fbrev\anaconda3\envs\noisygl\Lib\site-packages\torch\nn\modules\module.py:1159: UserWarning: expandable_segments not supported on this platform (Triggered internally at ..\c10/cuda/CUDAAllocatorConfig.h:28.)
    return t.to(
    C:\Users\fbrev\Documents\Acadêmico\Simulações\Python\NoisyGL\predictor\Base_Predictor.py:144: UserWarning: Sparse CSR tensor support is in beta state. If you miss a functionality in the sparse tensor support, please submit a feature request to https://github.com/pytorch/pytorch/issues. (Triggered internally at ..\aten\src\ATen\SparseCsrTensorImpl.cpp:55.)
    self.adj_csr = self.adj.to_sparse_csr().to(self.device)
[I 2026-05-01 23:56:26,415] Trial 28 finished with value: 0.85 and parameters: {'lr': 0.01, 'weight_decay': 0.01, 'n_hidden': 256, 'n_layer': 3, 'dropout': 0.4545922295753885}. Best is trial 14 with value: 0.855.
    [CPU] Loading amazonpho...
    DEBUG 3.1: Dataset init start
    DEBUG 3.2: prepare_data start amazonpho
    ----Data statistics------'
    Name: amazonpho
    #Nodes 7650
    #Edges 119081
    #Classes 8
    #Ave_degree 31.13
    ----Split statistics------'
    #Train samples 160 (20 nodes per class)
    #Val samples 500 (specified)
    #Test samples 1000 (specified)
    ----label noise information:------
    Instance dependent noise
    #Actual noise rate 0.40
    [cuda:1] Waiting for GPU slot...
    [cuda:1] Slot acquired (waited 127.5s). Training...
    FINAL_RESULT: {'acc': {'train': 0.575, 'valid': 0.53, 'test': 0.848}, 'wall_s': 8.57, 'cpu_s': 0.02, 'gpu_s': 8.31, 'wait_s': 127.51}
    [Time] wall=8.6s | cpu=0.0s | gpu=8.3s
    C:\Users\fbrev\anaconda3\envs\noisygl\Lib\site-packages\torch\nn\modules\module.py:1159: UserWarning: expandable_segments not supported on this platform (Triggered internally at ..\c10/cuda/CUDAAllocatorConfig.h:28.)
    return t.to(
    C:\Users\fbrev\Documents\Acadêmico\Simulações\Python\NoisyGL\predictor\Base_Predictor.py:144: UserWarning: Sparse CSR tensor support is in beta state. If you miss a functionality in the sparse tensor support, please submit a feature request to https://github.com/pytorch/pytorch/issues. (Triggered internally at ..\aten\src\ATen\SparseCsrTensorImpl.cpp:55.)
    self.adj_csr = self.adj.to_sparse_csr().to(self.device)
[I 2026-05-01 23:58:49,236] Trial 29 finished with value: 0.848 and parameters: {'lr': 0.01, 'weight_decay': 0.01, 'n_hidden': 256, 'n_layer': 3, 'dropout': 0.004259546928910257}. Best is trial 14 with value: 0.855.
    [CPU] Loading amazonpho...
    DEBUG 3.1: Dataset init start
    DEBUG 3.2: prepare_data start amazonpho
    ----Data statistics------'
    Name: amazonpho
    #Nodes 7650
    #Edges 119081
    #Classes 8
    #Ave_degree 31.13
    ----Split statistics------'
    #Train samples 160 (20 nodes per class)
    #Val samples 500 (specified)
    #Test samples 1000 (specified)
    ----label noise information:------
    Instance dependent noise
    #Actual noise rate 0.40
    [cuda:1] Waiting for GPU slot...
    [cuda:1] Slot acquired (waited 69.5s). Training...
    FINAL_RESULT: {'acc': {'train': 0.575, 'valid': 0.514, 'test': 0.827}, 'wall_s': 3.91, 'cpu_s': 0.03, 'gpu_s': 3.66, 'wait_s': 69.46}
    [Time] wall=3.9s | cpu=0.0s | gpu=3.7s
    C:\Users\fbrev\anaconda3\envs\noisygl\Lib\site-packages\torch\nn\modules\module.py:1159: UserWarning: expandable_segments not supported on this platform (Triggered internally at ..\c10/cuda/CUDAAllocatorConfig.h:28.)
    return t.to(
    C:\Users\fbrev\Documents\Acadêmico\Simulações\Python\NoisyGL\predictor\Base_Predictor.py:144: UserWarning: Sparse CSR tensor support is in beta state. If you miss a functionality in the sparse tensor support, please submit a feature request to https://github.com/pytorch/pytorch/issues. (Triggered internally at ..\aten\src\ATen\SparseCsrTensorImpl.cpp:55.)
    self.adj_csr = self.adj.to_sparse_csr().to(self.device)
[I 2026-05-02 00:00:09,272] Trial 30 finished with value: 0.827 and parameters: {'lr': 0.01, 'weight_decay': 0.01, 'n_hidden': 64, 'n_layer': 3, 'dropout': 0.48741671646196083}. Best is trial 14 with value: 0.855.
    [CPU] Loading amazonpho...
    DEBUG 3.1: Dataset init start
    DEBUG 3.2: prepare_data start amazonpho
    ----Data statistics------'
    Name: amazonpho
    #Nodes 7650
    #Edges 119081
    #Classes 8
    #Ave_degree 31.13
    ----Split statistics------'
    #Train samples 160 (20 nodes per class)
    #Val samples 500 (specified)
    #Test samples 1000 (specified)
    ----label noise information:------
    Instance dependent noise
    #Actual noise rate 0.40
    [cuda:1] Waiting for GPU slot...
    [cuda:1] Slot acquired (waited 76.0s). Training...
    FINAL_RESULT: {'acc': {'train': 0.5875, 'valid': 0.522, 'test': 0.848}, 'wall_s': 8.16, 'cpu_s': 0.02, 'gpu_s': 7.92, 'wait_s': 75.99}
    [Time] wall=8.2s | cpu=0.0s | gpu=7.9s
    C:\Users\fbrev\anaconda3\envs\noisygl\Lib\site-packages\torch\nn\modules\module.py:1159: UserWarning: expandable_segments not supported on this platform (Triggered internally at ..\c10/cuda/CUDAAllocatorConfig.h:28.)
    return t.to(
    C:\Users\fbrev\Documents\Acadêmico\Simulações\Python\NoisyGL\predictor\Base_Predictor.py:144: UserWarning: Sparse CSR tensor support is in beta state. If you miss a functionality in the sparse tensor support, please submit a feature request to https://github.com/pytorch/pytorch/issues. (Triggered internally at ..\aten\src\ATen\SparseCsrTensorImpl.cpp:55.)
    self.adj_csr = self.adj.to_sparse_csr().to(self.device)
[I 2026-05-02 00:01:39,972] Trial 31 finished with value: 0.848 and parameters: {'lr': 0.01, 'weight_decay': 0.01, 'n_hidden': 256, 'n_layer': 3, 'dropout': 0.40291124654877203}. Best is trial 14 with value: 0.855.
    [CPU] Loading amazonpho...
    DEBUG 3.1: Dataset init start
    DEBUG 3.2: prepare_data start amazonpho
    ----Data statistics------'
    Name: amazonpho
    #Nodes 7650
    #Edges 119081
    #Classes 8
    #Ave_degree 31.13
    ----Split statistics------'
    #Train samples 160 (20 nodes per class)
    #Val samples 500 (specified)
    #Test samples 1000 (specified)
    ----label noise information:------
    Instance dependent noise
    #Actual noise rate 0.40
    [cuda:1] Waiting for GPU slot...
    [cuda:1] Slot acquired (waited 56.2s). Training...
    FINAL_RESULT: {'acc': {'train': 0.5375, 'valid': 0.508, 'test': 0.824}, 'wall_s': 7.47, 'cpu_s': 0.02, 'gpu_s': 7.29, 'wait_s': 56.15}
    [Time] wall=7.5s | cpu=0.0s | gpu=7.3s
    C:\Users\fbrev\anaconda3\envs\noisygl\Lib\site-packages\torch\nn\modules\module.py:1159: UserWarning: expandable_segments not supported on this platform (Triggered internally at ..\c10/cuda/CUDAAllocatorConfig.h:28.)
    return t.to(
    C:\Users\fbrev\Documents\Acadêmico\Simulações\Python\NoisyGL\predictor\Base_Predictor.py:144: UserWarning: Sparse CSR tensor support is in beta state. If you miss a functionality in the sparse tensor support, please submit a feature request to https://github.com/pytorch/pytorch/issues. (Triggered internally at ..\aten\src\ATen\SparseCsrTensorImpl.cpp:55.)
    self.adj_csr = self.adj.to_sparse_csr().to(self.device)
[I 2026-05-02 00:02:49,482] Trial 32 finished with value: 0.824 and parameters: {'lr': 0.01, 'weight_decay': 0.01, 'n_hidden': 256, 'n_layer': 3, 'dropout': 0.2835155341941211}. Best is trial 14 with value: 0.855.
    [CPU] Loading amazonpho...
    DEBUG 3.1: Dataset init start
    DEBUG 3.2: prepare_data start amazonpho
    ----Data statistics------'
    Name: amazonpho
    #Nodes 7650
    #Edges 119081
    #Classes 8
    #Ave_degree 31.13
    ----Split statistics------'
    #Train samples 160 (20 nodes per class)
    #Val samples 500 (specified)
    #Test samples 1000 (specified)
    ----label noise information:------
    Instance dependent noise
    #Actual noise rate 0.40
    [cuda:1] Waiting for GPU slot...
    [cuda:1] Slot acquired (waited 53.2s). Training...
    FINAL_RESULT: {'acc': {'train': 0.63125, 'valid': 0.52, 'test': 0.851}, 'wall_s': 7.45, 'cpu_s': 0.02, 'gpu_s': 7.28, 'wait_s': 53.18}
    [Time] wall=7.5s | cpu=0.0s | gpu=7.3s
    C:\Users\fbrev\anaconda3\envs\noisygl\Lib\site-packages\torch\nn\modules\module.py:1159: UserWarning: expandable_segments not supported on this platform (Triggered internally at ..\c10/cuda/CUDAAllocatorConfig.h:28.)
    return t.to(
    C:\Users\fbrev\Documents\Acadêmico\Simulações\Python\NoisyGL\predictor\Base_Predictor.py:144: UserWarning: Sparse CSR tensor support is in beta state. If you miss a functionality in the sparse tensor support, please submit a feature request to https://github.com/pytorch/pytorch/issues. (Triggered internally at ..\aten\src\ATen\SparseCsrTensorImpl.cpp:55.)
    self.adj_csr = self.adj.to_sparse_csr().to(self.device)
[I 2026-05-02 00:03:55,464] Trial 33 finished with value: 0.851 and parameters: {'lr': 0.001, 'weight_decay': 0.01, 'n_hidden': 256, 'n_layer': 3, 'dropout': 0.1490330864961273}. Best is trial 14 with value: 0.855.
    [CPU] Loading amazonpho...
    DEBUG 3.1: Dataset init start
    DEBUG 3.2: prepare_data start amazonpho
    ----Data statistics------'
    Name: amazonpho
    #Nodes 7650
    #Edges 119081
    #Classes 8
    #Ave_degree 31.13
    ----Split statistics------'
    #Train samples 160 (20 nodes per class)
    #Val samples 500 (specified)
    #Test samples 1000 (specified)
    ----label noise information:------
    Instance dependent noise
    #Actual noise rate 0.40
    [cuda:1] Waiting for GPU slot...
    [cuda:1] Slot acquired (waited 54.4s). Training...
    FINAL_RESULT: {'acc': {'train': 0.63125, 'valid': 0.518, 'test': 0.818}, 'wall_s': 7.4, 'cpu_s': 0.02, 'gpu_s': 7.24, 'wait_s': 54.36}
    [Time] wall=7.4s | cpu=0.0s | gpu=7.2s
    C:\Users\fbrev\anaconda3\envs\noisygl\Lib\site-packages\torch\nn\modules\module.py:1159: UserWarning: expandable_segments not supported on this platform (Triggered internally at ..\c10/cuda/CUDAAllocatorConfig.h:28.)
    return t.to(
    C:\Users\fbrev\Documents\Acadêmico\Simulações\Python\NoisyGL\predictor\Base_Predictor.py:144: UserWarning: Sparse CSR tensor support is in beta state. If you miss a functionality in the sparse tensor support, please submit a feature request to https://github.com/pytorch/pytorch/issues. (Triggered internally at ..\aten\src\ATen\SparseCsrTensorImpl.cpp:55.)
    self.adj_csr = self.adj.to_sparse_csr().to(self.device)
[I 2026-05-02 00:05:02,144] Trial 34 finished with value: 0.818 and parameters: {'lr': 0.001, 'weight_decay': 0.01, 'n_hidden': 256, 'n_layer': 3, 'dropout': 0.1587666640794739}. Best is trial 14 with value: 0.855.
    [CPU] Loading amazonpho...
    DEBUG 3.1: Dataset init start
    DEBUG 3.2: prepare_data start amazonpho
    ----Data statistics------'
    Name: amazonpho
    #Nodes 7650
    #Edges 119081
    #Classes 8
    #Ave_degree 31.13
    ----Split statistics------'
    #Train samples 160 (20 nodes per class)
    #Val samples 500 (specified)
    #Test samples 1000 (specified)
    ----label noise information:------
    Instance dependent noise
    #Actual noise rate 0.40
    [cuda:1] Waiting for GPU slot...
    [cuda:1] Slot acquired (waited 52.6s). Training...
    FINAL_RESULT: {'acc': {'train': 0.625, 'valid': 0.512, 'test': 0.822}, 'wall_s': 7.43, 'cpu_s': 0.02, 'gpu_s': 7.26, 'wait_s': 52.61}
    [Time] wall=7.4s | cpu=0.0s | gpu=7.3s
    C:\Users\fbrev\anaconda3\envs\noisygl\Lib\site-packages\torch\nn\modules\module.py:1159: UserWarning: expandable_segments not supported on this platform (Triggered internally at ..\c10/cuda/CUDAAllocatorConfig.h:28.)
    return t.to(
    C:\Users\fbrev\Documents\Acadêmico\Simulações\Python\NoisyGL\predictor\Base_Predictor.py:144: UserWarning: Sparse CSR tensor support is in beta state. If you miss a functionality in the sparse tensor support, please submit a feature request to https://github.com/pytorch/pytorch/issues. (Triggered internally at ..\aten\src\ATen\SparseCsrTensorImpl.cpp:55.)
    self.adj_csr = self.adj.to_sparse_csr().to(self.device)
[I 2026-05-02 00:06:07,212] Trial 35 finished with value: 0.822 and parameters: {'lr': 0.001, 'weight_decay': 0.01, 'n_hidden': 256, 'n_layer': 3, 'dropout': 0.5282289017331816}. Best is trial 14 with value: 0.855.
    [CPU] Loading amazonpho...
    DEBUG 3.1: Dataset init start
    DEBUG 3.2: prepare_data start amazonpho
    ----Data statistics------'
    Name: amazonpho
    #Nodes 7650
    #Edges 119081
    #Classes 8
    #Ave_degree 31.13
    ----Split statistics------'
    #Train samples 160 (20 nodes per class)
    #Val samples 500 (specified)
    #Test samples 1000 (specified)
    ----label noise information:------
    Instance dependent noise
    #Actual noise rate 0.40
    [cuda:1] Waiting for GPU slot...
    [cuda:1] Slot acquired (waited 55.6s). Training...
    FINAL_RESULT: {'acc': {'train': 0.63125, 'valid': 0.506, 'test': 0.83}, 'wall_s': 4.41, 'cpu_s': 0.02, 'gpu_s': 4.25, 'wait_s': 55.59}
    [Time] wall=4.4s | cpu=0.0s | gpu=4.3s
    C:\Users\fbrev\anaconda3\envs\noisygl\Lib\site-packages\torch\nn\modules\module.py:1159: UserWarning: expandable_segments not supported on this platform (Triggered internally at ..\c10/cuda/CUDAAllocatorConfig.h:28.)
    return t.to(
    C:\Users\fbrev\Documents\Acadêmico\Simulações\Python\NoisyGL\predictor\Base_Predictor.py:144: UserWarning: Sparse CSR tensor support is in beta state. If you miss a functionality in the sparse tensor support, please submit a feature request to https://github.com/pytorch/pytorch/issues. (Triggered internally at ..\aten\src\ATen\SparseCsrTensorImpl.cpp:55.)
    self.adj_csr = self.adj.to_sparse_csr().to(self.device)
[I 2026-05-02 00:07:12,172] Trial 36 finished with value: 0.83 and parameters: {'lr': 0.001, 'weight_decay': 0.01, 'n_hidden': 128, 'n_layer': 3, 'dropout': 0.02742426477125305}. Best is trial 14 with value: 0.855.
    [CPU] Loading amazonpho...
    DEBUG 3.1: Dataset init start
    DEBUG 3.2: prepare_data start amazonpho
    ----Data statistics------'
    Name: amazonpho
    #Nodes 7650
    #Edges 119081
    #Classes 8
    #Ave_degree 31.13
    ----Split statistics------'
    #Train samples 160 (20 nodes per class)
    #Val samples 500 (specified)
    #Test samples 1000 (specified)
    ----label noise information:------
    Instance dependent noise
    #Actual noise rate 0.40
    [cuda:1] Waiting for GPU slot...
    [cuda:1] Slot acquired (waited 54.5s). Training...
    FINAL_RESULT: {'acc': {'train': 0.6125, 'valid': 0.512, 'test': 0.843}, 'wall_s': 7.37, 'cpu_s': 0.02, 'gpu_s': 7.2, 'wait_s': 54.54}
    [Time] wall=7.4s | cpu=0.0s | gpu=7.2s
    C:\Users\fbrev\anaconda3\envs\noisygl\Lib\site-packages\torch\nn\modules\module.py:1159: UserWarning: expandable_segments not supported on this platform (Triggered internally at ..\c10/cuda/CUDAAllocatorConfig.h:28.)
    return t.to(
    C:\Users\fbrev\Documents\Acadêmico\Simulações\Python\NoisyGL\predictor\Base_Predictor.py:144: UserWarning: Sparse CSR tensor support is in beta state. If you miss a functionality in the sparse tensor support, please submit a feature request to https://github.com/pytorch/pytorch/issues. (Triggered internally at ..\aten\src\ATen\SparseCsrTensorImpl.cpp:55.)
    self.adj_csr = self.adj.to_sparse_csr().to(self.device)
[I 2026-05-02 00:08:19,140] Trial 37 finished with value: 0.843 and parameters: {'lr': 0.001, 'weight_decay': 0.01, 'n_hidden': 256, 'n_layer': 3, 'dropout': 0.1531841330019701}. Best is trial 14 with value: 0.855.
    [CPU] Loading amazonpho...
    DEBUG 3.1: Dataset init start
    DEBUG 3.2: prepare_data start amazonpho
    ----Data statistics------'
    Name: amazonpho
    #Nodes 7650
    #Edges 119081
    #Classes 8
    #Ave_degree 31.13
    ----Split statistics------'
    #Train samples 160 (20 nodes per class)
    #Val samples 500 (specified)
    #Test samples 1000 (specified)
    ----label noise information:------
    Instance dependent noise
    #Actual noise rate 0.40
    [cuda:1] Waiting for GPU slot...
    [cuda:1] Slot acquired (waited 53.3s). Training...
    FINAL_RESULT: {'acc': {'train': 0.55, 'valid': 0.496, 'test': 0.787}, 'wall_s': 7.6, 'cpu_s': 0.01, 'gpu_s': 7.44, 'wait_s': 53.27}
    [Time] wall=7.6s | cpu=0.0s | gpu=7.4s
    C:\Users\fbrev\anaconda3\envs\noisygl\Lib\site-packages\torch\nn\modules\module.py:1159: UserWarning: expandable_segments not supported on this platform (Triggered internally at ..\c10/cuda/CUDAAllocatorConfig.h:28.)
    return t.to(
    C:\Users\fbrev\Documents\Acadêmico\Simulações\Python\NoisyGL\predictor\Base_Predictor.py:144: UserWarning: Sparse CSR tensor support is in beta state. If you miss a functionality in the sparse tensor support, please submit a feature request to https://github.com/pytorch/pytorch/issues. (Triggered internally at ..\aten\src\ATen\SparseCsrTensorImpl.cpp:55.)
    self.adj_csr = self.adj.to_sparse_csr().to(self.device)
[I 2026-05-02 00:09:24,917] Trial 38 finished with value: 0.787 and parameters: {'lr': 0.001, 'weight_decay': 0.05, 'n_hidden': 256, 'n_layer': 3, 'dropout': 0.3854303531030751}. Best is trial 14 with value: 0.855.
    [CPU] Loading amazonpho...
    DEBUG 3.1: Dataset init start
    DEBUG 3.2: prepare_data start amazonpho
    ----Data statistics------'
    Name: amazonpho
    #Nodes 7650
    #Edges 119081
    #Classes 8
    #Ave_degree 31.13
    ----Split statistics------'
    #Train samples 160 (20 nodes per class)
    #Val samples 500 (specified)
    #Test samples 1000 (specified)
    ----label noise information:------
    Instance dependent noise
    #Actual noise rate 0.40
    [cuda:1] Waiting for GPU slot...
    [cuda:1] Slot acquired (waited 55.6s). Training...
    FINAL_RESULT: {'acc': {'train': 0.59375, 'valid': 0.504, 'test': 0.808}, 'wall_s': 2.86, 'cpu_s': 0.02, 'gpu_s': 2.68, 'wait_s': 55.63}
    [Time] wall=2.9s | cpu=0.0s | gpu=2.7s
    C:\Users\fbrev\anaconda3\envs\noisygl\Lib\site-packages\torch\nn\modules\module.py:1159: UserWarning: expandable_segments not supported on this platform (Triggered internally at ..\c10/cuda/CUDAAllocatorConfig.h:28.)
    return t.to(
    C:\Users\fbrev\Documents\Acadêmico\Simulações\Python\NoisyGL\predictor\Base_Predictor.py:144: UserWarning: Sparse CSR tensor support is in beta state. If you miss a functionality in the sparse tensor support, please submit a feature request to https://github.com/pytorch/pytorch/issues. (Triggered internally at ..\aten\src\ATen\SparseCsrTensorImpl.cpp:55.)
    self.adj_csr = self.adj.to_sparse_csr().to(self.device)
[I 2026-05-02 00:10:28,443] Trial 39 finished with value: 0.808 and parameters: {'lr': 0.005, 'weight_decay': 0.01, 'n_hidden': 64, 'n_layer': 3, 'dropout': 0.12356688267411653}. Best is trial 14 with value: 0.855.
    [CPU] Loading amazonpho...
    DEBUG 3.1: Dataset init start
    DEBUG 3.2: prepare_data start amazonpho
    ----Data statistics------'
    Name: amazonpho
    #Nodes 7650
    #Edges 119081
    #Classes 8
    #Ave_degree 31.13
    ----Split statistics------'
    #Train samples 160 (20 nodes per class)
    #Val samples 500 (specified)
    #Test samples 1000 (specified)
    ----label noise information:------
    Instance dependent noise
    #Actual noise rate 0.40
    [cuda:1] Waiting for GPU slot...
    [cuda:1] Slot acquired (waited 55.7s). Training...
    FINAL_RESULT: {'acc': {'train': 0.14375, 'valid': 0.242, 'test': 0.254}, 'wall_s': 7.56, 'cpu_s': 0.02, 'gpu_s': 7.39, 'wait_s': 55.73}
    [Time] wall=7.6s | cpu=0.0s | gpu=7.4s
    C:\Users\fbrev\anaconda3\envs\noisygl\Lib\site-packages\torch\nn\modules\module.py:1159: UserWarning: expandable_segments not supported on this platform (Triggered internally at ..\c10/cuda/CUDAAllocatorConfig.h:28.)
    return t.to(
    C:\Users\fbrev\Documents\Acadêmico\Simulações\Python\NoisyGL\predictor\Base_Predictor.py:144: UserWarning: Sparse CSR tensor support is in beta state. If you miss a functionality in the sparse tensor support, please submit a feature request to https://github.com/pytorch/pytorch/issues. (Triggered internally at ..\aten\src\ATen\SparseCsrTensorImpl.cpp:55.)
    self.adj_csr = self.adj.to_sparse_csr().to(self.device)
[I 2026-05-02 00:11:36,954] Trial 40 finished with value: 0.254 and parameters: {'lr': 0.1, 'weight_decay': 0.0, 'n_hidden': 256, 'n_layer': 3, 'dropout': 0.052217543394965926}. Best is trial 14 with value: 0.855.
    [CPU] Loading amazonpho...
    DEBUG 3.1: Dataset init start
    DEBUG 3.2: prepare_data start amazonpho
    ----Data statistics------'
    Name: amazonpho
    #Nodes 7650
    #Edges 119081
    #Classes 8
    #Ave_degree 31.13
    ----Split statistics------'
    #Train samples 160 (20 nodes per class)
    #Val samples 500 (specified)
    #Test samples 1000 (specified)
    ----label noise information:------
    Instance dependent noise
    #Actual noise rate 0.40
    [cuda:1] Waiting for GPU slot...
    [cuda:1] Slot acquired (waited 61.2s). Training...
    FINAL_RESULT: {'acc': {'train': 0.6, 'valid': 0.508, 'test': 0.808}, 'wall_s': 7.35, 'cpu_s': 0.02, 'gpu_s': 7.19, 'wait_s': 61.22}
    [Time] wall=7.3s | cpu=0.0s | gpu=7.2s
    C:\Users\fbrev\anaconda3\envs\noisygl\Lib\site-packages\torch\nn\modules\module.py:1159: UserWarning: expandable_segments not supported on this platform (Triggered internally at ..\c10/cuda/CUDAAllocatorConfig.h:28.)
    return t.to(
    C:\Users\fbrev\Documents\Acadêmico\Simulações\Python\NoisyGL\predictor\Base_Predictor.py:144: UserWarning: Sparse CSR tensor support is in beta state. If you miss a functionality in the sparse tensor support, please submit a feature request to https://github.com/pytorch/pytorch/issues. (Triggered internally at ..\aten\src\ATen\SparseCsrTensorImpl.cpp:55.)
    self.adj_csr = self.adj.to_sparse_csr().to(self.device)
[I 2026-05-02 00:12:50,740] Trial 41 finished with value: 0.808 and parameters: {'lr': 0.01, 'weight_decay': 0.01, 'n_hidden': 256, 'n_layer': 3, 'dropout': 0.25663178577125784}. Best is trial 14 with value: 0.855.
 [Optuna] Early stopping at trial 41.

[Retest] Phase 1 Finished. Validating Top 3 (10 runs each)...

  [Retest] Candidate 1/3 (Trial 14, HPO_acc=0.8550)
    [CPU] Loading amazonpho...
    DEBUG 3.1: Dataset init start
    DEBUG 3.2: prepare_data start amazonpho
    ----Data statistics------'
    Name: amazonpho
    #Nodes 7650
    #Edges 119081
    #Classes 8
    #Ave_degree 31.13
    ----Split statistics------'
    #Train samples 160 (20 nodes per class)
    #Val samples 500 (specified)
    #Test samples 1000 (specified)
    ----label noise information:------
    Instance dependent noise
    #Actual noise rate 0.40
    [cuda:1] Waiting for GPU slot...
    [cuda:1] Slot acquired (waited 55.9s). Training...
    FINAL_RESULT: {'acc': {'train': 0.54375, 'valid': 0.526, 'test': 0.84}, 'wall_s': 7.59, 'cpu_s': 0.02, 'gpu_s': 7.41, 'wait_s': 55.9}
    [Time] wall=7.6s | cpu=0.0s | gpu=7.4s
    C:\Users\fbrev\anaconda3\envs\noisygl\Lib\site-packages\torch\nn\modules\module.py:1159: UserWarning: expandable_segments not supported on this platform (Triggered internally at ..\c10/cuda/CUDAAllocatorConfig.h:28.)
    return t.to(
    C:\Users\fbrev\Documents\Acadêmico\Simulações\Python\NoisyGL\predictor\Base_Predictor.py:144: UserWarning: Sparse CSR tensor support is in beta state. If you miss a functionality in the sparse tensor support, please submit a feature request to https://github.com/pytorch/pytorch/issues. (Triggered internally at ..\aten\src\ATen\SparseCsrTensorImpl.cpp:55.)
    self.adj_csr = self.adj.to_sparse_csr().to(self.device)
    [CPU] Loading amazonpho...
    DEBUG 3.1: Dataset init start
    DEBUG 3.2: prepare_data start amazonpho
    ----Data statistics------'
    Name: amazonpho
    #Nodes 7650
    #Edges 119081
    #Classes 8
    #Ave_degree 31.13
    ----Split statistics------'
    #Train samples 160 (20 nodes per class)
    #Val samples 500 (specified)
    #Test samples 1000 (specified)
    ----label noise information:------
    Instance dependent noise
    #Actual noise rate 0.40
    [cuda:1] Waiting for GPU slot...
    [cuda:1] Slot acquired (waited 58.8s). Training...
    FINAL_RESULT: {'acc': {'train': 0.58125, 'valid': 0.554, 'test': 0.826}, 'wall_s': 7.53, 'cpu_s': 0.02, 'gpu_s': 7.33, 'wait_s': 58.83}
    [Time] wall=7.5s | cpu=0.0s | gpu=7.3s
    C:\Users\fbrev\anaconda3\envs\noisygl\Lib\site-packages\torch\nn\modules\module.py:1159: UserWarning: expandable_segments not supported on this platform (Triggered internally at ..\c10/cuda/CUDAAllocatorConfig.h:28.)
    return t.to(
    C:\Users\fbrev\Documents\Acadêmico\Simulações\Python\NoisyGL\predictor\Base_Predictor.py:144: UserWarning: Sparse CSR tensor support is in beta state. If you miss a functionality in the sparse tensor support, please submit a feature request to https://github.com/pytorch/pytorch/issues. (Triggered internally at ..\aten\src\ATen\SparseCsrTensorImpl.cpp:55.)
    self.adj_csr = self.adj.to_sparse_csr().to(self.device)
    [CPU] Loading amazonpho...
    DEBUG 3.1: Dataset init start
    DEBUG 3.2: prepare_data start amazonpho
    ----Data statistics------'
    Name: amazonpho
    #Nodes 7650
    #Edges 119081
    #Classes 8
    #Ave_degree 31.13
    ----Split statistics------'
    #Train samples 160 (20 nodes per class)
    #Val samples 500 (specified)
    #Test samples 1000 (specified)
    ----label noise information:------
    Instance dependent noise
    #Actual noise rate 0.40
    [cuda:1] Waiting for GPU slot...
    [cuda:1] Slot acquired (waited 54.6s). Training...
    FINAL_RESULT: {'acc': {'train': 0.5125, 'valid': 0.53, 'test': 0.859}, 'wall_s': 7.44, 'cpu_s': 0.02, 'gpu_s': 7.27, 'wait_s': 54.58}
    [Time] wall=7.4s | cpu=0.0s | gpu=7.3s
    C:\Users\fbrev\anaconda3\envs\noisygl\Lib\site-packages\torch\nn\modules\module.py:1159: UserWarning: expandable_segments not supported on this platform (Triggered internally at ..\c10/cuda/CUDAAllocatorConfig.h:28.)
    return t.to(
    C:\Users\fbrev\Documents\Acadêmico\Simulações\Python\NoisyGL\predictor\Base_Predictor.py:144: UserWarning: Sparse CSR tensor support is in beta state. If you miss a functionality in the sparse tensor support, please submit a feature request to https://github.com/pytorch/pytorch/issues. (Triggered internally at ..\aten\src\ATen\SparseCsrTensorImpl.cpp:55.)
    self.adj_csr = self.adj.to_sparse_csr().to(self.device)
    [CPU] Loading amazonpho...
    DEBUG 3.1: Dataset init start
    DEBUG 3.2: prepare_data start amazonpho
    ----Data statistics------'
    Name: amazonpho
    #Nodes 7650
    #Edges 119081
    #Classes 8
    #Ave_degree 31.13
    ----Split statistics------'
    #Train samples 160 (20 nodes per class)
    #Val samples 500 (specified)
    #Test samples 1000 (specified)
    ----label noise information:------
    Instance dependent noise
    #Actual noise rate 0.40
    [cuda:1] Waiting for GPU slot...
    [cuda:1] Slot acquired (waited 1.4s). Training...
    FINAL_RESULT: {'acc': {'train': 0.5, 'valid': 0.476, 'test': 0.68}, 'wall_s': 7.36, 'cpu_s': 0.02, 'gpu_s': 7.2, 'wait_s': 1.37}
    [Time] wall=7.4s | cpu=0.0s | gpu=7.2s
    C:\Users\fbrev\anaconda3\envs\noisygl\Lib\site-packages\torch\nn\modules\module.py:1159: UserWarning: expandable_segments not supported on this platform (Triggered internally at ..\c10/cuda/CUDAAllocatorConfig.h:28.)
    return t.to(
    C:\Users\fbrev\Documents\Acadêmico\Simulações\Python\NoisyGL\predictor\Base_Predictor.py:144: UserWarning: Sparse CSR tensor support is in beta state. If you miss a functionality in the sparse tensor support, please submit a feature request to https://github.com/pytorch/pytorch/issues. (Triggered internally at ..\aten\src\ATen\SparseCsrTensorImpl.cpp:55.)
    self.adj_csr = self.adj.to_sparse_csr().to(self.device)
    [CPU] Loading amazonpho...
    DEBUG 3.1: Dataset init start
    DEBUG 3.2: prepare_data start amazonpho
    ----Data statistics------'
    Name: amazonpho
    #Nodes 7650
    #Edges 119081
    #Classes 8
    #Ave_degree 31.13
    ----Split statistics------'
    #Train samples 160 (20 nodes per class)
    #Val samples 500 (specified)
    #Test samples 1000 (specified)
    ----label noise information:------
    Instance dependent noise
    #Actual noise rate 0.40
    [cuda:1] Waiting for GPU slot...
    [cuda:1] Slot acquired (waited 54.8s). Training...
    FINAL_RESULT: {'acc': {'train': 0.575, 'valid': 0.552, 'test': 0.835}, 'wall_s': 7.44, 'cpu_s': 0.02, 'gpu_s': 7.27, 'wait_s': 54.78}
    [Time] wall=7.4s | cpu=0.0s | gpu=7.3s
    C:\Users\fbrev\anaconda3\envs\noisygl\Lib\site-packages\torch\nn\modules\module.py:1159: UserWarning: expandable_segments not supported on this platform (Triggered internally at ..\c10/cuda/CUDAAllocatorConfig.h:28.)
    return t.to(
    C:\Users\fbrev\Documents\Acadêmico\Simulações\Python\NoisyGL\predictor\Base_Predictor.py:144: UserWarning: Sparse CSR tensor support is in beta state. If you miss a functionality in the sparse tensor support, please submit a feature request to https://github.com/pytorch/pytorch/issues. (Triggered internally at ..\aten\src\ATen\SparseCsrTensorImpl.cpp:55.)
    self.adj_csr = self.adj.to_sparse_csr().to(self.device)
    [CPU] Loading amazonpho...
    DEBUG 3.1: Dataset init start
    DEBUG 3.2: prepare_data start amazonpho
    ----Data statistics------'
    Name: amazonpho
    #Nodes 7650
    #Edges 119081
    #Classes 8
    #Ave_degree 31.13
    ----Split statistics------'
    #Train samples 160 (20 nodes per class)
    #Val samples 500 (specified)
    #Test samples 1000 (specified)
    ----label noise information:------
    Instance dependent noise
    #Actual noise rate 0.41
    [cuda:1] Waiting for GPU slot...
    [cuda:1] Slot acquired (waited 53.6s). Training...
    FINAL_RESULT: {'acc': {'train': 0.58125, 'valid': 0.446, 'test': 0.699}, 'wall_s': 7.52, 'cpu_s': 0.02, 'gpu_s': 7.35, 'wait_s': 53.57}
    [Time] wall=7.5s | cpu=0.0s | gpu=7.4s
    C:\Users\fbrev\anaconda3\envs\noisygl\Lib\site-packages\torch\nn\modules\module.py:1159: UserWarning: expandable_segments not supported on this platform (Triggered internally at ..\c10/cuda/CUDAAllocatorConfig.h:28.)
    return t.to(
    C:\Users\fbrev\Documents\Acadêmico\Simulações\Python\NoisyGL\predictor\Base_Predictor.py:144: UserWarning: Sparse CSR tensor support is in beta state. If you miss a functionality in the sparse tensor support, please submit a feature request to https://github.com/pytorch/pytorch/issues. (Triggered internally at ..\aten\src\ATen\SparseCsrTensorImpl.cpp:55.)
    self.adj_csr = self.adj.to_sparse_csr().to(self.device)
    [CPU] Loading amazonpho...
    DEBUG 3.1: Dataset init start
    DEBUG 3.2: prepare_data start amazonpho
    ----Data statistics------'
    Name: amazonpho
    #Nodes 7650
    #Edges 119081
    #Classes 8
    #Ave_degree 31.13
    ----Split statistics------'
    #Train samples 160 (20 nodes per class)
    #Val samples 500 (specified)
    #Test samples 1000 (specified)
    ----label noise information:------
    Instance dependent noise
    #Actual noise rate 0.40
    [cuda:1] Waiting for GPU slot...
    [cuda:1] Slot acquired (waited 56.1s). Training...
    FINAL_RESULT: {'acc': {'train': 0.575, 'valid': 0.518, 'test': 0.87}, 'wall_s': 7.44, 'cpu_s': 0.02, 'gpu_s': 7.28, 'wait_s': 56.08}
    [Time] wall=7.4s | cpu=0.0s | gpu=7.3s
    C:\Users\fbrev\anaconda3\envs\noisygl\Lib\site-packages\torch\nn\modules\module.py:1159: UserWarning: expandable_segments not supported on this platform (Triggered internally at ..\c10/cuda/CUDAAllocatorConfig.h:28.)
    return t.to(
    C:\Users\fbrev\Documents\Acadêmico\Simulações\Python\NoisyGL\predictor\Base_Predictor.py:144: UserWarning: Sparse CSR tensor support is in beta state. If you miss a functionality in the sparse tensor support, please submit a feature request to https://github.com/pytorch/pytorch/issues. (Triggered internally at ..\aten\src\ATen\SparseCsrTensorImpl.cpp:55.)
    self.adj_csr = self.adj.to_sparse_csr().to(self.device)
    [CPU] Loading amazonpho...
    DEBUG 3.1: Dataset init start
    DEBUG 3.2: prepare_data start amazonpho
    ----Data statistics------'
    Name: amazonpho
    #Nodes 7650
    #Edges 119081
    #Classes 8
    #Ave_degree 31.13
    ----Split statistics------'
    #Train samples 160 (20 nodes per class)
    #Val samples 500 (specified)
    #Test samples 1000 (specified)
    ----label noise information:------
    Instance dependent noise
    #Actual noise rate 0.40
    [cuda:1] Waiting for GPU slot...
    [cuda:1] Slot acquired (waited 53.5s). Training...
    FINAL_RESULT: {'acc': {'train': 0.625, 'valid': 0.456, 'test': 0.807}, 'wall_s': 7.5, 'cpu_s': 0.02, 'gpu_s': 7.32, 'wait_s': 53.51}
    [Time] wall=7.5s | cpu=0.0s | gpu=7.3s
    C:\Users\fbrev\anaconda3\envs\noisygl\Lib\site-packages\torch\nn\modules\module.py:1159: UserWarning: expandable_segments not supported on this platform (Triggered internally at ..\c10/cuda/CUDAAllocatorConfig.h:28.)
    return t.to(
    C:\Users\fbrev\Documents\Acadêmico\Simulações\Python\NoisyGL\predictor\Base_Predictor.py:144: UserWarning: Sparse CSR tensor support is in beta state. If you miss a functionality in the sparse tensor support, please submit a feature request to https://github.com/pytorch/pytorch/issues. (Triggered internally at ..\aten\src\ATen\SparseCsrTensorImpl.cpp:55.)
    self.adj_csr = self.adj.to_sparse_csr().to(self.device)
    [CPU] Loading amazonpho...
    DEBUG 3.1: Dataset init start
    DEBUG 3.2: prepare_data start amazonpho
    ----Data statistics------'
    Name: amazonpho
    #Nodes 7650
    #Edges 119081
    #Classes 8
    #Ave_degree 31.13
    ----Split statistics------'
    #Train samples 160 (20 nodes per class)
    #Val samples 500 (specified)
    #Test samples 1000 (specified)
    ----label noise information:------
    Instance dependent noise
    #Actual noise rate 0.40
    [cuda:1] Waiting for GPU slot...
    [cuda:1] Slot acquired (waited 55.0s). Training...
    FINAL_RESULT: {'acc': {'train': 0.5875, 'valid': 0.522, 'test': 0.785}, 'wall_s': 7.64, 'cpu_s': 0.02, 'gpu_s': 7.46, 'wait_s': 54.96}
    [Time] wall=7.6s | cpu=0.0s | gpu=7.5s
    C:\Users\fbrev\anaconda3\envs\noisygl\Lib\site-packages\torch\nn\modules\module.py:1159: UserWarning: expandable_segments not supported on this platform (Triggered internally at ..\c10/cuda/CUDAAllocatorConfig.h:28.)
    return t.to(
    C:\Users\fbrev\Documents\Acadêmico\Simulações\Python\NoisyGL\predictor\Base_Predictor.py:144: UserWarning: Sparse CSR tensor support is in beta state. If you miss a functionality in the sparse tensor support, please submit a feature request to https://github.com/pytorch/pytorch/issues. (Triggered internally at ..\aten\src\ATen\SparseCsrTensorImpl.cpp:55.)
    self.adj_csr = self.adj.to_sparse_csr().to(self.device)
    [CPU] Loading amazonpho...
    DEBUG 3.1: Dataset init start
    DEBUG 3.2: prepare_data start amazonpho
    ----Data statistics------'
    Name: amazonpho
    #Nodes 7650
    #Edges 119081
    #Classes 8
    #Ave_degree 31.13
    ----Split statistics------'
    #Train samples 160 (20 nodes per class)
    #Val samples 500 (specified)
    #Test samples 1000 (specified)
    ----label noise information:------
    Instance dependent noise
    #Actual noise rate 0.41
    [cuda:1] Waiting for GPU slot...
    [cuda:1] Slot acquired (waited 53.9s). Training...
    FINAL_RESULT: {'acc': {'train': 0.48125, 'valid': 0.508, 'test': 0.801}, 'wall_s': 7.47, 'cpu_s': 0.02, 'gpu_s': 7.28, 'wait_s': 53.86}
    [Time] wall=7.5s | cpu=0.0s | gpu=7.3s
    C:\Users\fbrev\anaconda3\envs\noisygl\Lib\site-packages\torch\nn\modules\module.py:1159: UserWarning: expandable_segments not supported on this platform (Triggered internally at ..\c10/cuda/CUDAAllocatorConfig.h:28.)
    return t.to(
    C:\Users\fbrev\Documents\Acadêmico\Simulações\Python\NoisyGL\predictor\Base_Predictor.py:144: UserWarning: Sparse CSR tensor support is in beta state. If you miss a functionality in the sparse tensor support, please submit a feature request to https://github.com/pytorch/pytorch/issues. (Triggered internally at ..\aten\src\ATen\SparseCsrTensorImpl.cpp:55.)
    self.adj_csr = self.adj.to_sparse_csr().to(self.device)
  [Retest] Candidate 1 Avg: 0.8002

  [Retest] Candidate 2/3 (Trial 23, HPO_acc=0.8550)
    [CPU] Loading amazonpho...
    DEBUG 3.1: Dataset init start
    DEBUG 3.2: prepare_data start amazonpho
    ----Data statistics------'
    Name: amazonpho
    #Nodes 7650
    #Edges 119081
    #Classes 8
    #Ave_degree 31.13
    ----Split statistics------'
    #Train samples 160 (20 nodes per class)
    #Val samples 500 (specified)
    #Test samples 1000 (specified)
    ----label noise information:------
    Instance dependent noise
    #Actual noise rate 0.40
    [cuda:1] Waiting for GPU slot...
    [cuda:1] Slot acquired (waited 52.6s). Training...
    FINAL_RESULT: {'acc': {'train': 0.50625, 'valid': 0.558, 'test': 0.828}, 'wall_s': 7.49, 'cpu_s': 0.02, 'gpu_s': 7.32, 'wait_s': 52.6}
    [Time] wall=7.5s | cpu=0.0s | gpu=7.3s
    C:\Users\fbrev\anaconda3\envs\noisygl\Lib\site-packages\torch\nn\modules\module.py:1159: UserWarning: expandable_segments not supported on this platform (Triggered internally at ..\c10/cuda/CUDAAllocatorConfig.h:28.)
    return t.to(
    C:\Users\fbrev\Documents\Acadêmico\Simulações\Python\NoisyGL\predictor\Base_Predictor.py:144: UserWarning: Sparse CSR tensor support is in beta state. If you miss a functionality in the sparse tensor support, please submit a feature request to https://github.com/pytorch/pytorch/issues. (Triggered internally at ..\aten\src\ATen\SparseCsrTensorImpl.cpp:55.)
    self.adj_csr = self.adj.to_sparse_csr().to(self.device)
    [CPU] Loading amazonpho...
    DEBUG 3.1: Dataset init start
    DEBUG 3.2: prepare_data start amazonpho
    ----Data statistics------'
    Name: amazonpho
    #Nodes 7650
    #Edges 119081
    #Classes 8
    #Ave_degree 31.13
    ----Split statistics------'
    #Train samples 160 (20 nodes per class)
    #Val samples 500 (specified)
    #Test samples 1000 (specified)
    ----label noise information:------
    Instance dependent noise
    #Actual noise rate 0.40
    [cuda:1] Waiting for GPU slot...
    [cuda:1] Slot acquired (waited 56.1s). Training...
    FINAL_RESULT: {'acc': {'train': 0.575, 'valid': 0.552, 'test': 0.833}, 'wall_s': 7.64, 'cpu_s': 0.02, 'gpu_s': 7.45, 'wait_s': 56.08}
    [Time] wall=7.6s | cpu=0.0s | gpu=7.4s
    C:\Users\fbrev\anaconda3\envs\noisygl\Lib\site-packages\torch\nn\modules\module.py:1159: UserWarning: expandable_segments not supported on this platform (Triggered internally at ..\c10/cuda/CUDAAllocatorConfig.h:28.)
    return t.to(
    C:\Users\fbrev\Documents\Acadêmico\Simulações\Python\NoisyGL\predictor\Base_Predictor.py:144: UserWarning: Sparse CSR tensor support is in beta state. If you miss a functionality in the sparse tensor support, please submit a feature request to https://github.com/pytorch/pytorch/issues. (Triggered internally at ..\aten\src\ATen\SparseCsrTensorImpl.cpp:55.)
    self.adj_csr = self.adj.to_sparse_csr().to(self.device)
    [CPU] Loading amazonpho...
    DEBUG 3.1: Dataset init start
    DEBUG 3.2: prepare_data start amazonpho
    ----Data statistics------'
    Name: amazonpho
    #Nodes 7650
    #Edges 119081
    #Classes 8
    #Ave_degree 31.13
    ----Split statistics------'
    #Train samples 160 (20 nodes per class)
    #Val samples 500 (specified)
    #Test samples 1000 (specified)
    ----label noise information:------
    Instance dependent noise
    #Actual noise rate 0.40
    [cuda:1] Waiting for GPU slot...
    [cuda:1] Slot acquired (waited 53.8s). Training...
    FINAL_RESULT: {'acc': {'train': 0.5375, 'valid': 0.528, 'test': 0.812}, 'wall_s': 7.52, 'cpu_s': 0.02, 'gpu_s': 7.35, 'wait_s': 53.83}
    [Time] wall=7.5s | cpu=0.0s | gpu=7.3s
    C:\Users\fbrev\anaconda3\envs\noisygl\Lib\site-packages\torch\nn\modules\module.py:1159: UserWarning: expandable_segments not supported on this platform (Triggered internally at ..\c10/cuda/CUDAAllocatorConfig.h:28.)
    return t.to(
    C:\Users\fbrev\Documents\Acadêmico\Simulações\Python\NoisyGL\predictor\Base_Predictor.py:144: UserWarning: Sparse CSR tensor support is in beta state. If you miss a functionality in the sparse tensor support, please submit a feature request to https://github.com/pytorch/pytorch/issues. (Triggered internally at ..\aten\src\ATen\SparseCsrTensorImpl.cpp:55.)
    self.adj_csr = self.adj.to_sparse_csr().to(self.device)
    [CPU] Loading amazonpho...
    DEBUG 3.1: Dataset init start
    DEBUG 3.2: prepare_data start amazonpho
    ----Data statistics------'
    Name: amazonpho
    #Nodes 7650
    #Edges 119081
    #Classes 8
    #Ave_degree 31.13
    ----Split statistics------'
    #Train samples 160 (20 nodes per class)
    #Val samples 500 (specified)
    #Test samples 1000 (specified)
    ----label noise information:------
    Instance dependent noise
    #Actual noise rate 0.40
    [cuda:1] Waiting for GPU slot...
    [cuda:1] Slot acquired (waited 54.9s). Training...
    FINAL_RESULT: {'acc': {'train': 0.5625, 'valid': 0.466, 'test': 0.677}, 'wall_s': 7.51, 'cpu_s': 0.02, 'gpu_s': 7.35, 'wait_s': 54.87}
    [Time] wall=7.5s | cpu=0.0s | gpu=7.3s
    C:\Users\fbrev\anaconda3\envs\noisygl\Lib\site-packages\torch\nn\modules\module.py:1159: UserWarning: expandable_segments not supported on this platform (Triggered internally at ..\c10/cuda/CUDAAllocatorConfig.h:28.)
    return t.to(
    C:\Users\fbrev\Documents\Acadêmico\Simulações\Python\NoisyGL\predictor\Base_Predictor.py:144: UserWarning: Sparse CSR tensor support is in beta state. If you miss a functionality in the sparse tensor support, please submit a feature request to https://github.com/pytorch/pytorch/issues. (Triggered internally at ..\aten\src\ATen\SparseCsrTensorImpl.cpp:55.)
    self.adj_csr = self.adj.to_sparse_csr().to(self.device)
    [CPU] Loading amazonpho...
    DEBUG 3.1: Dataset init start
    DEBUG 3.2: prepare_data start amazonpho
    ----Data statistics------'
    Name: amazonpho
    #Nodes 7650
    #Edges 119081
    #Classes 8
    #Ave_degree 31.13
    ----Split statistics------'
    #Train samples 160 (20 nodes per class)
    #Val samples 500 (specified)
    #Test samples 1000 (specified)
    ----label noise information:------
    Instance dependent noise
    #Actual noise rate 0.40
    [cuda:1] Waiting for GPU slot...
    [cuda:1] Slot acquired (waited 53.8s). Training...
    FINAL_RESULT: {'acc': {'train': 0.6125, 'valid': 0.538, 'test': 0.816}, 'wall_s': 7.52, 'cpu_s': 0.02, 'gpu_s': 7.34, 'wait_s': 53.83}
    [Time] wall=7.5s | cpu=0.0s | gpu=7.3s
    C:\Users\fbrev\anaconda3\envs\noisygl\Lib\site-packages\torch\nn\modules\module.py:1159: UserWarning: expandable_segments not supported on this platform (Triggered internally at ..\c10/cuda/CUDAAllocatorConfig.h:28.)
    return t.to(
    C:\Users\fbrev\Documents\Acadêmico\Simulações\Python\NoisyGL\predictor\Base_Predictor.py:144: UserWarning: Sparse CSR tensor support is in beta state. If you miss a functionality in the sparse tensor support, please submit a feature request to https://github.com/pytorch/pytorch/issues. (Triggered internally at ..\aten\src\ATen\SparseCsrTensorImpl.cpp:55.)
    self.adj_csr = self.adj.to_sparse_csr().to(self.device)
    [CPU] Loading amazonpho...
    DEBUG 3.1: Dataset init start
    DEBUG 3.2: prepare_data start amazonpho
    ----Data statistics------'
    Name: amazonpho
    #Nodes 7650
    #Edges 119081
    #Classes 8
    #Ave_degree 31.13
    ----Split statistics------'
    #Train samples 160 (20 nodes per class)
    #Val samples 500 (specified)
    #Test samples 1000 (specified)
    ----label noise information:------
    Instance dependent noise
    #Actual noise rate 0.41
    [cuda:1] Waiting for GPU slot...
    [cuda:1] Slot acquired (waited 56.9s). Training...
    FINAL_RESULT: {'acc': {'train': 0.58125, 'valid': 0.428, 'test': 0.719}, 'wall_s': 7.78, 'cpu_s': 0.02, 'gpu_s': 7.61, 'wait_s': 56.86}
    [Time] wall=7.8s | cpu=0.0s | gpu=7.6s
    C:\Users\fbrev\anaconda3\envs\noisygl\Lib\site-packages\torch\nn\modules\module.py:1159: UserWarning: expandable_segments not supported on this platform (Triggered internally at ..\c10/cuda/CUDAAllocatorConfig.h:28.)
    return t.to(
    C:\Users\fbrev\Documents\Acadêmico\Simulações\Python\NoisyGL\predictor\Base_Predictor.py:144: UserWarning: Sparse CSR tensor support is in beta state. If you miss a functionality in the sparse tensor support, please submit a feature request to https://github.com/pytorch/pytorch/issues. (Triggered internally at ..\aten\src\ATen\SparseCsrTensorImpl.cpp:55.)
    self.adj_csr = self.adj.to_sparse_csr().to(self.device)
    [CPU] Loading amazonpho...
    DEBUG 3.1: Dataset init start
    DEBUG 3.2: prepare_data start amazonpho
    ----Data statistics------'
    Name: amazonpho
    #Nodes 7650
    #Edges 119081
    #Classes 8
    #Ave_degree 31.13
    ----Split statistics------'
    #Train samples 160 (20 nodes per class)
    #Val samples 500 (specified)
    #Test samples 1000 (specified)
    ----label noise information:------
    Instance dependent noise
    #Actual noise rate 0.40
    [cuda:1] Waiting for GPU slot...
    [cuda:1] Slot acquired (waited 56.9s). Training...
    FINAL_RESULT: {'acc': {'train': 0.525, 'valid': 0.526, 'test': 0.861}, 'wall_s': 7.6, 'cpu_s': 0.02, 'gpu_s': 7.42, 'wait_s': 56.85}
    [Time] wall=7.6s | cpu=0.0s | gpu=7.4s
    C:\Users\fbrev\anaconda3\envs\noisygl\Lib\site-packages\torch\nn\modules\module.py:1159: UserWarning: expandable_segments not supported on this platform (Triggered internally at ..\c10/cuda/CUDAAllocatorConfig.h:28.)
    return t.to(
    C:\Users\fbrev\Documents\Acadêmico\Simulações\Python\NoisyGL\predictor\Base_Predictor.py:144: UserWarning: Sparse CSR tensor support is in beta state. If you miss a functionality in the sparse tensor support, please submit a feature request to https://github.com/pytorch/pytorch/issues. (Triggered internally at ..\aten\src\ATen\SparseCsrTensorImpl.cpp:55.)
    self.adj_csr = self.adj.to_sparse_csr().to(self.device)
    [CPU] Loading amazonpho...
    DEBUG 3.1: Dataset init start
    DEBUG 3.2: prepare_data start amazonpho
    ----Data statistics------'
    Name: amazonpho
    #Nodes 7650
    #Edges 119081
    #Classes 8
    #Ave_degree 31.13
    ----Split statistics------'
    #Train samples 160 (20 nodes per class)
    #Val samples 500 (specified)
    #Test samples 1000 (specified)
    ----label noise information:------
    Instance dependent noise
    #Actual noise rate 0.40
    [cuda:1] Waiting for GPU slot...
    [cuda:1] Slot acquired (waited 55.4s). Training...
    FINAL_RESULT: {'acc': {'train': 0.63125, 'valid': 0.464, 'test': 0.806}, 'wall_s': 7.58, 'cpu_s': 0.02, 'gpu_s': 7.4, 'wait_s': 55.42}
    [Time] wall=7.6s | cpu=0.0s | gpu=7.4s
    C:\Users\fbrev\anaconda3\envs\noisygl\Lib\site-packages\torch\nn\modules\module.py:1159: UserWarning: expandable_segments not supported on this platform (Triggered internally at ..\c10/cuda/CUDAAllocatorConfig.h:28.)
    return t.to(
    C:\Users\fbrev\Documents\Acadêmico\Simulações\Python\NoisyGL\predictor\Base_Predictor.py:144: UserWarning: Sparse CSR tensor support is in beta state. If you miss a functionality in the sparse tensor support, please submit a feature request to https://github.com/pytorch/pytorch/issues. (Triggered internally at ..\aten\src\ATen\SparseCsrTensorImpl.cpp:55.)
    self.adj_csr = self.adj.to_sparse_csr().to(self.device)
    [CPU] Loading amazonpho...
    DEBUG 3.1: Dataset init start
    DEBUG 3.2: prepare_data start amazonpho
    ----Data statistics------'
    Name: amazonpho
    #Nodes 7650
    #Edges 119081
    #Classes 8
    #Ave_degree 31.13
    ----Split statistics------'
    #Train samples 160 (20 nodes per class)
    #Val samples 500 (specified)
    #Test samples 1000 (specified)
    ----label noise information:------
    Instance dependent noise
    #Actual noise rate 0.40
    [cuda:1] Waiting for GPU slot...
    [cuda:1] Slot acquired (waited 54.0s). Training...
    FINAL_RESULT: {'acc': {'train': 0.53125, 'valid': 0.53, 'test': 0.78}, 'wall_s': 7.48, 'cpu_s': 0.02, 'gpu_s': 7.3, 'wait_s': 53.97}
    [Time] wall=7.5s | cpu=0.0s | gpu=7.3s
    C:\Users\fbrev\anaconda3\envs\noisygl\Lib\site-packages\torch\nn\modules\module.py:1159: UserWarning: expandable_segments not supported on this platform (Triggered internally at ..\c10/cuda/CUDAAllocatorConfig.h:28.)
    return t.to(
    C:\Users\fbrev\Documents\Acadêmico\Simulações\Python\NoisyGL\predictor\Base_Predictor.py:144: UserWarning: Sparse CSR tensor support is in beta state. If you miss a functionality in the sparse tensor support, please submit a feature request to https://github.com/pytorch/pytorch/issues. (Triggered internally at ..\aten\src\ATen\SparseCsrTensorImpl.cpp:55.)
    self.adj_csr = self.adj.to_sparse_csr().to(self.device)
    [CPU] Loading amazonpho...
    DEBUG 3.1: Dataset init start
    DEBUG 3.2: prepare_data start amazonpho
    ----Data statistics------'
    Name: amazonpho
    #Nodes 7650
    #Edges 119081
    #Classes 8
    #Ave_degree 31.13
    ----Split statistics------'
    #Train samples 160 (20 nodes per class)
    #Val samples 500 (specified)
    #Test samples 1000 (specified)
    ----label noise information:------
    Instance dependent noise
    #Actual noise rate 0.41
    [cuda:1] Waiting for GPU slot...
    [cuda:1] Slot acquired (waited 55.6s). Training...
    FINAL_RESULT: {'acc': {'train': 0.58125, 'valid': 0.502, 'test': 0.744}, 'wall_s': 7.75, 'cpu_s': 0.02, 'gpu_s': 7.56, 'wait_s': 55.65}
    [Time] wall=7.7s | cpu=0.0s | gpu=7.6s
    C:\Users\fbrev\anaconda3\envs\noisygl\Lib\site-packages\torch\nn\modules\module.py:1159: UserWarning: expandable_segments not supported on this platform (Triggered internally at ..\c10/cuda/CUDAAllocatorConfig.h:28.)
    return t.to(
    C:\Users\fbrev\Documents\Acadêmico\Simulações\Python\NoisyGL\predictor\Base_Predictor.py:144: UserWarning: Sparse CSR tensor support is in beta state. If you miss a functionality in the sparse tensor support, please submit a feature request to https://github.com/pytorch/pytorch/issues. (Triggered internally at ..\aten\src\ATen\SparseCsrTensorImpl.cpp:55.)
    self.adj_csr = self.adj.to_sparse_csr().to(self.device)
  [Retest] Candidate 2 Avg: 0.7876

  [Retest] Candidate 3/3 (Trial 33, HPO_acc=0.8510)
    [CPU] Loading amazonpho...
    DEBUG 3.1: Dataset init start
    DEBUG 3.2: prepare_data start amazonpho
    ----Data statistics------'
    Name: amazonpho
    #Nodes 7650
    #Edges 119081
    #Classes 8
    #Ave_degree 31.13
    ----Split statistics------'
    #Train samples 160 (20 nodes per class)
    #Val samples 500 (specified)
    #Test samples 1000 (specified)
    ----label noise information:------
    Instance dependent noise
    #Actual noise rate 0.40
    [cuda:1] Waiting for GPU slot...
    [cuda:1] Slot acquired (waited 62.9s). Training...
    FINAL_RESULT: {'acc': {'train': 0.5625, 'valid': 0.532, 'test': 0.845}, 'wall_s': 7.68, 'cpu_s': 0.02, 'gpu_s': 7.47, 'wait_s': 62.85}
    [Time] wall=7.7s | cpu=0.0s | gpu=7.5s
    C:\Users\fbrev\anaconda3\envs\noisygl\Lib\site-packages\torch\nn\modules\module.py:1159: UserWarning: expandable_segments not supported on this platform (Triggered internally at ..\c10/cuda/CUDAAllocatorConfig.h:28.)
    return t.to(
    C:\Users\fbrev\Documents\Acadêmico\Simulações\Python\NoisyGL\predictor\Base_Predictor.py:144: UserWarning: Sparse CSR tensor support is in beta state. If you miss a functionality in the sparse tensor support, please submit a feature request to https://github.com/pytorch/pytorch/issues. (Triggered internally at ..\aten\src\ATen\SparseCsrTensorImpl.cpp:55.)
    self.adj_csr = self.adj.to_sparse_csr().to(self.device)
    [CPU] Loading amazonpho...
    DEBUG 3.1: Dataset init start
    DEBUG 3.2: prepare_data start amazonpho
    ----Data statistics------'
    Name: amazonpho
    #Nodes 7650
    #Edges 119081
    #Classes 8
    #Ave_degree 31.13
    ----Split statistics------'
    #Train samples 160 (20 nodes per class)
    #Val samples 500 (specified)
    #Test samples 1000 (specified)
    ----label noise information:------
    Instance dependent noise
    #Actual noise rate 0.40
    [cuda:1] Waiting for GPU slot...
    [cuda:1] Slot acquired (waited 56.8s). Training...
    FINAL_RESULT: {'acc': {'train': 0.55625, 'valid': 0.542, 'test': 0.798}, 'wall_s': 7.78, 'cpu_s': 0.02, 'gpu_s': 7.59, 'wait_s': 56.78}
    [Time] wall=7.8s | cpu=0.0s | gpu=7.6s
    C:\Users\fbrev\anaconda3\envs\noisygl\Lib\site-packages\torch\nn\modules\module.py:1159: UserWarning: expandable_segments not supported on this platform (Triggered internally at ..\c10/cuda/CUDAAllocatorConfig.h:28.)
    return t.to(
    C:\Users\fbrev\Documents\Acadêmico\Simulações\Python\NoisyGL\predictor\Base_Predictor.py:144: UserWarning: Sparse CSR tensor support is in beta state. If you miss a functionality in the sparse tensor support, please submit a feature request to https://github.com/pytorch/pytorch/issues. (Triggered internally at ..\aten\src\ATen\SparseCsrTensorImpl.cpp:55.)
    self.adj_csr = self.adj.to_sparse_csr().to(self.device)
    [CPU] Loading amazonpho...
    DEBUG 3.1: Dataset init start
    DEBUG 3.2: prepare_data start amazonpho
    ----Data statistics------'
    Name: amazonpho
    #Nodes 7650
    #Edges 119081
    #Classes 8
    #Ave_degree 31.13
    ----Split statistics------'
    #Train samples 160 (20 nodes per class)
    #Val samples 500 (specified)
    #Test samples 1000 (specified)
    ----label noise information:------
    Instance dependent noise
    #Actual noise rate 0.40
    [cuda:1] Waiting for GPU slot...
    [cuda:1] Slot acquired (waited 54.6s). Training...
    FINAL_RESULT: {'acc': {'train': 0.63125, 'valid': 0.518, 'test': 0.811}, 'wall_s': 7.48, 'cpu_s': 0.02, 'gpu_s': 7.31, 'wait_s': 54.63}
    [Time] wall=7.5s | cpu=0.0s | gpu=7.3s
    C:\Users\fbrev\anaconda3\envs\noisygl\Lib\site-packages\torch\nn\modules\module.py:1159: UserWarning: expandable_segments not supported on this platform (Triggered internally at ..\c10/cuda/CUDAAllocatorConfig.h:28.)
    return t.to(
    C:\Users\fbrev\Documents\Acadêmico\Simulações\Python\NoisyGL\predictor\Base_Predictor.py:144: UserWarning: Sparse CSR tensor support is in beta state. If you miss a functionality in the sparse tensor support, please submit a feature request to https://github.com/pytorch/pytorch/issues. (Triggered internally at ..\aten\src\ATen\SparseCsrTensorImpl.cpp:55.)
    self.adj_csr = self.adj.to_sparse_csr().to(self.device)
    [CPU] Loading amazonpho...
    DEBUG 3.1: Dataset init start
    DEBUG 3.2: prepare_data start amazonpho
    ----Data statistics------'
    Name: amazonpho
    #Nodes 7650
    #Edges 119081
    #Classes 8
    #Ave_degree 31.13
    ----Split statistics------'
    #Train samples 160 (20 nodes per class)
    #Val samples 500 (specified)
    #Test samples 1000 (specified)
    ----label noise information:------
    Instance dependent noise
    #Actual noise rate 0.40
    [cuda:1] Waiting for GPU slot...
    [cuda:1] Slot acquired (waited 1.6s). Training...
    FINAL_RESULT: {'acc': {'train': 0.55, 'valid': 0.466, 'test': 0.737}, 'wall_s': 7.53, 'cpu_s': 0.02, 'gpu_s': 7.37, 'wait_s': 1.62}
    [Time] wall=7.5s | cpu=0.0s | gpu=7.4s
    C:\Users\fbrev\anaconda3\envs\noisygl\Lib\site-packages\torch\nn\modules\module.py:1159: UserWarning: expandable_segments not supported on this platform (Triggered internally at ..\c10/cuda/CUDAAllocatorConfig.h:28.)
    return t.to(
    C:\Users\fbrev\Documents\Acadêmico\Simulações\Python\NoisyGL\predictor\Base_Predictor.py:144: UserWarning: Sparse CSR tensor support is in beta state. If you miss a functionality in the sparse tensor support, please submit a feature request to https://github.com/pytorch/pytorch/issues. (Triggered internally at ..\aten\src\ATen\SparseCsrTensorImpl.cpp:55.)
    self.adj_csr = self.adj.to_sparse_csr().to(self.device)
    [CPU] Loading amazonpho...
    DEBUG 3.1: Dataset init start
    DEBUG 3.2: prepare_data start amazonpho
    ----Data statistics------'
    Name: amazonpho
    #Nodes 7650
    #Edges 119081
    #Classes 8
    #Ave_degree 31.13
    ----Split statistics------'
    #Train samples 160 (20 nodes per class)
    #Val samples 500 (specified)
    #Test samples 1000 (specified)
    ----label noise information:------
    Instance dependent noise
    #Actual noise rate 0.40
    [cuda:1] Waiting for GPU slot...
    [cuda:1] Slot acquired (waited 59.5s). Training...
    FINAL_RESULT: {'acc': {'train': 0.59375, 'valid': 0.552, 'test': 0.836}, 'wall_s': 7.84, 'cpu_s': 0.02, 'gpu_s': 7.65, 'wait_s': 59.54}
    [Time] wall=7.8s | cpu=0.0s | gpu=7.7s
    C:\Users\fbrev\anaconda3\envs\noisygl\Lib\site-packages\torch\nn\modules\module.py:1159: UserWarning: expandable_segments not supported on this platform (Triggered internally at ..\c10/cuda/CUDAAllocatorConfig.h:28.)
    return t.to(
    C:\Users\fbrev\Documents\Acadêmico\Simulações\Python\NoisyGL\predictor\Base_Predictor.py:144: UserWarning: Sparse CSR tensor support is in beta state. If you miss a functionality in the sparse tensor support, please submit a feature request to https://github.com/pytorch/pytorch/issues. (Triggered internally at ..\aten\src\ATen\SparseCsrTensorImpl.cpp:55.)
    self.adj_csr = self.adj.to_sparse_csr().to(self.device)
    [CPU] Loading amazonpho...
    DEBUG 3.1: Dataset init start
    DEBUG 3.2: prepare_data start amazonpho
    ----Data statistics------'
    Name: amazonpho
    #Nodes 7650
    #Edges 119081
    #Classes 8
    #Ave_degree 31.13
    ----Split statistics------'
    #Train samples 160 (20 nodes per class)
    #Val samples 500 (specified)
    #Test samples 1000 (specified)
    ----label noise information:------
    Instance dependent noise
    #Actual noise rate 0.41
    [cuda:1] Waiting for GPU slot...
    [cuda:1] Slot acquired (waited 58.4s). Training...
    FINAL_RESULT: {'acc': {'train': 0.65, 'valid': 0.414, 'test': 0.65}, 'wall_s': 7.76, 'cpu_s': 0.02, 'gpu_s': 7.57, 'wait_s': 58.38}
    [Time] wall=7.8s | cpu=0.0s | gpu=7.6s
    C:\Users\fbrev\anaconda3\envs\noisygl\Lib\site-packages\torch\nn\modules\module.py:1159: UserWarning: expandable_segments not supported on this platform (Triggered internally at ..\c10/cuda/CUDAAllocatorConfig.h:28.)
    return t.to(
    C:\Users\fbrev\Documents\Acadêmico\Simulações\Python\NoisyGL\predictor\Base_Predictor.py:144: UserWarning: Sparse CSR tensor support is in beta state. If you miss a functionality in the sparse tensor support, please submit a feature request to https://github.com/pytorch/pytorch/issues. (Triggered internally at ..\aten\src\ATen\SparseCsrTensorImpl.cpp:55.)
    self.adj_csr = self.adj.to_sparse_csr().to(self.device)
    [CPU] Loading amazonpho...
    DEBUG 3.1: Dataset init start
    DEBUG 3.2: prepare_data start amazonpho
    ----Data statistics------'
    Name: amazonpho
    #Nodes 7650
    #Edges 119081
    #Classes 8
    #Ave_degree 31.13
    ----Split statistics------'
    #Train samples 160 (20 nodes per class)
    #Val samples 500 (specified)
    #Test samples 1000 (specified)
    ----label noise information:------
    Instance dependent noise
    #Actual noise rate 0.40
    [cuda:1] Waiting for GPU slot...
    [cuda:1] Slot acquired (waited 59.3s). Training...
    FINAL_RESULT: {'acc': {'train': 0.55, 'valid': 0.528, 'test': 0.869}, 'wall_s': 7.82, 'cpu_s': 0.02, 'gpu_s': 7.61, 'wait_s': 59.28}
    [Time] wall=7.8s | cpu=0.0s | gpu=7.6s
    C:\Users\fbrev\anaconda3\envs\noisygl\Lib\site-packages\torch\nn\modules\module.py:1159: UserWarning: expandable_segments not supported on this platform (Triggered internally at ..\c10/cuda/CUDAAllocatorConfig.h:28.)
    return t.to(
    C:\Users\fbrev\Documents\Acadêmico\Simulações\Python\NoisyGL\predictor\Base_Predictor.py:144: UserWarning: Sparse CSR tensor support is in beta state. If you miss a functionality in the sparse tensor support, please submit a feature request to https://github.com/pytorch/pytorch/issues. (Triggered internally at ..\aten\src\ATen\SparseCsrTensorImpl.cpp:55.)
    self.adj_csr = self.adj.to_sparse_csr().to(self.device)
    [CPU] Loading amazonpho...
    DEBUG 3.1: Dataset init start
    DEBUG 3.2: prepare_data start amazonpho
    ----Data statistics------'
    Name: amazonpho
    #Nodes 7650
    #Edges 119081
    #Classes 8
    #Ave_degree 31.13
    ----Split statistics------'
    #Train samples 160 (20 nodes per class)
    #Val samples 500 (specified)
    #Test samples 1000 (specified)
    ----label noise information:------
    Instance dependent noise
    #Actual noise rate 0.40
    [cuda:1] Waiting for GPU slot...
    [cuda:1] Slot acquired (waited 59.1s). Training...
    FINAL_RESULT: {'acc': {'train': 0.6, 'valid': 0.456, 'test': 0.796}, 'wall_s': 7.85, 'cpu_s': 0.02, 'gpu_s': 7.65, 'wait_s': 59.1}
    [Time] wall=7.9s | cpu=0.0s | gpu=7.7s
    C:\Users\fbrev\anaconda3\envs\noisygl\Lib\site-packages\torch\nn\modules\module.py:1159: UserWarning: expandable_segments not supported on this platform (Triggered internally at ..\c10/cuda/CUDAAllocatorConfig.h:28.)
    return t.to(
    C:\Users\fbrev\Documents\Acadêmico\Simulações\Python\NoisyGL\predictor\Base_Predictor.py:144: UserWarning: Sparse CSR tensor support is in beta state. If you miss a functionality in the sparse tensor support, please submit a feature request to https://github.com/pytorch/pytorch/issues. (Triggered internally at ..\aten\src\ATen\SparseCsrTensorImpl.cpp:55.)
    self.adj_csr = self.adj.to_sparse_csr().to(self.device)
    [CPU] Loading amazonpho...
    DEBUG 3.1: Dataset init start
    DEBUG 3.2: prepare_data start amazonpho
    ----Data statistics------'
    Name: amazonpho
    #Nodes 7650
    #Edges 119081
    #Classes 8
    #Ave_degree 31.13
    ----Split statistics------'
    #Train samples 160 (20 nodes per class)
    #Val samples 500 (specified)
    #Test samples 1000 (specified)
    ----label noise information:------
    Instance dependent noise
    #Actual noise rate 0.40
    [cuda:1] Waiting for GPU slot...
    [cuda:1] Slot acquired (waited 58.6s). Training...
    FINAL_RESULT: {'acc': {'train': 0.55625, 'valid': 0.552, 'test': 0.812}, 'wall_s': 7.72, 'cpu_s': 0.02, 'gpu_s': 7.52, 'wait_s': 58.61}
    [Time] wall=7.7s | cpu=0.0s | gpu=7.5s
    C:\Users\fbrev\anaconda3\envs\noisygl\Lib\site-packages\torch\nn\modules\module.py:1159: UserWarning: expandable_segments not supported on this platform (Triggered internally at ..\c10/cuda/CUDAAllocatorConfig.h:28.)
    return t.to(
    C:\Users\fbrev\Documents\Acadêmico\Simulações\Python\NoisyGL\predictor\Base_Predictor.py:144: UserWarning: Sparse CSR tensor support is in beta state. If you miss a functionality in the sparse tensor support, please submit a feature request to https://github.com/pytorch/pytorch/issues. (Triggered internally at ..\aten\src\ATen\SparseCsrTensorImpl.cpp:55.)
    self.adj_csr = self.adj.to_sparse_csr().to(self.device)
    [CPU] Loading amazonpho...
    DEBUG 3.1: Dataset init start
    DEBUG 3.2: prepare_data start amazonpho
    ----Data statistics------'
    Name: amazonpho
    #Nodes 7650
    #Edges 119081
    #Classes 8
    #Ave_degree 31.13
    ----Split statistics------'
    #Train samples 160 (20 nodes per class)
    #Val samples 500 (specified)
    #Test samples 1000 (specified)
    ----label noise information:------
    Instance dependent noise
    #Actual noise rate 0.41
    [cuda:1] Waiting for GPU slot...
    [cuda:1] Slot acquired (waited 63.3s). Training...
    FINAL_RESULT: {'acc': {'train': 0.5875, 'valid': 0.49, 'test': 0.75}, 'wall_s': 7.67, 'cpu_s': 0.02, 'gpu_s': 7.48, 'wait_s': 63.33}
    [Time] wall=7.7s | cpu=0.0s | gpu=7.5s
    C:\Users\fbrev\anaconda3\envs\noisygl\Lib\site-packages\torch\nn\modules\module.py:1159: UserWarning: expandable_segments not supported on this platform (Triggered internally at ..\c10/cuda/CUDAAllocatorConfig.h:28.)
    return t.to(
    C:\Users\fbrev\Documents\Acadêmico\Simulações\Python\NoisyGL\predictor\Base_Predictor.py:144: UserWarning: Sparse CSR tensor support is in beta state. If you miss a functionality in the sparse tensor support, please submit a feature request to https://github.com/pytorch/pytorch/issues. (Triggered internally at ..\aten\src\ATen\SparseCsrTensorImpl.cpp:55.)
    self.adj_csr = self.adj.to_sparse_csr().to(self.device)
  [Retest] Candidate 3 Avg: 0.7904

[Phase 2] Starting final evaluation with 10 seeds (3000-3009)...
    [CPU] Loading amazonpho...
    DEBUG 3.1: Dataset init start
    DEBUG 3.2: prepare_data start amazonpho
    ----Data statistics------'
    Name: amazonpho
    #Nodes 7650
    #Edges 119081
    #Classes 8
    #Ave_degree 31.13
    ----Split statistics------'
    #Train samples 160 (20 nodes per class)
    #Val samples 500 (specified)
    #Test samples 1000 (specified)
    ----label noise information:------
    Instance dependent noise
    #Actual noise rate 0.40
    [cuda:1] Waiting for GPU slot...
    [cuda:1] Slot acquired (waited 58.2s). Training...
    FINAL_RESULT: {'acc': {'train': 0.53125, 'valid': 0.54, 'test': 0.841}, 'wall_s': 7.64, 'cpu_s': 0.02, 'gpu_s': 7.47, 'wait_s': 58.24}
    [Time] wall=7.6s | cpu=0.0s | gpu=7.5s
    C:\Users\fbrev\anaconda3\envs\noisygl\Lib\site-packages\torch\nn\modules\module.py:1159: UserWarning: expandable_segments not supported on this platform (Triggered internally at ..\c10/cuda/CUDAAllocatorConfig.h:28.)
    return t.to(
    C:\Users\fbrev\Documents\Acadêmico\Simulações\Python\NoisyGL\predictor\Base_Predictor.py:144: UserWarning: Sparse CSR tensor support is in beta state. If you miss a functionality in the sparse tensor support, please submit a feature request to https://github.com/pytorch/pytorch/issues. (Triggered internally at ..\aten\src\ATen\SparseCsrTensorImpl.cpp:55.)
    self.adj_csr = self.adj.to_sparse_csr().to(self.device)
    [CPU] Loading amazonpho...
    DEBUG 3.1: Dataset init start
    DEBUG 3.2: prepare_data start amazonpho
    ----Data statistics------'
    Name: amazonpho
    #Nodes 7650
    #Edges 119081
    #Classes 8
    #Ave_degree 31.13
    ----Split statistics------'
    #Train samples 160 (20 nodes per class)
    #Val samples 500 (specified)
    #Test samples 1000 (specified)
    ----label noise information:------
    Instance dependent noise
    #Actual noise rate 0.41
    [cuda:1] Waiting for GPU slot...
    [cuda:1] Slot acquired (waited 57.7s). Training...
    FINAL_RESULT: {'acc': {'train': 0.5125, 'valid': 0.508, 'test': 0.73}, 'wall_s': 7.76, 'cpu_s': 0.02, 'gpu_s': 7.55, 'wait_s': 57.73}
    [Time] wall=7.8s | cpu=0.0s | gpu=7.6s
    C:\Users\fbrev\anaconda3\envs\noisygl\Lib\site-packages\torch\nn\modules\module.py:1159: UserWarning: expandable_segments not supported on this platform (Triggered internally at ..\c10/cuda/CUDAAllocatorConfig.h:28.)
    return t.to(
    C:\Users\fbrev\Documents\Acadêmico\Simulações\Python\NoisyGL\predictor\Base_Predictor.py:144: UserWarning: Sparse CSR tensor support is in beta state. If you miss a functionality in the sparse tensor support, please submit a feature request to https://github.com/pytorch/pytorch/issues. (Triggered internally at ..\aten\src\ATen\SparseCsrTensorImpl.cpp:55.)
    self.adj_csr = self.adj.to_sparse_csr().to(self.device)
    [CPU] Loading amazonpho...
    DEBUG 3.1: Dataset init start
    DEBUG 3.2: prepare_data start amazonpho
    ----Data statistics------'
    Name: amazonpho
    #Nodes 7650
    #Edges 119081
    #Classes 8
    #Ave_degree 31.13
    ----Split statistics------'
    #Train samples 160 (20 nodes per class)
    #Val samples 500 (specified)
    #Test samples 1000 (specified)
    ----label noise information:------
    Instance dependent noise
    #Actual noise rate 0.40
    [cuda:1] Waiting for GPU slot...
    [cuda:1] Slot acquired (waited 56.9s). Training...
    FINAL_RESULT: {'acc': {'train': 0.60625, 'valid': 0.462, 'test': 0.77}, 'wall_s': 7.78, 'cpu_s': 0.02, 'gpu_s': 7.57, 'wait_s': 56.88}
    [Time] wall=7.8s | cpu=0.0s | gpu=7.6s
    C:\Users\fbrev\anaconda3\envs\noisygl\Lib\site-packages\torch\nn\modules\module.py:1159: UserWarning: expandable_segments not supported on this platform (Triggered internally at ..\c10/cuda/CUDAAllocatorConfig.h:28.)
    return t.to(
    C:\Users\fbrev\Documents\Acadêmico\Simulações\Python\NoisyGL\predictor\Base_Predictor.py:144: UserWarning: Sparse CSR tensor support is in beta state. If you miss a functionality in the sparse tensor support, please submit a feature request to https://github.com/pytorch/pytorch/issues. (Triggered internally at ..\aten\src\ATen\SparseCsrTensorImpl.cpp:55.)
    self.adj_csr = self.adj.to_sparse_csr().to(self.device)
    [CPU] Loading amazonpho...
    DEBUG 3.1: Dataset init start
    DEBUG 3.2: prepare_data start amazonpho
    ----Data statistics------'
    Name: amazonpho
    #Nodes 7650
    #Edges 119081
    #Classes 8
    #Ave_degree 31.13
    ----Split statistics------'
    #Train samples 160 (20 nodes per class)
    #Val samples 500 (specified)
    #Test samples 1000 (specified)
    ----label noise information:------
    Instance dependent noise
    #Actual noise rate 0.41
    [cuda:1] Waiting for GPU slot...
    [cuda:1] Slot acquired (waited 59.0s). Training...
    FINAL_RESULT: {'acc': {'train': 0.6, 'valid': 0.504, 'test': 0.8}, 'wall_s': 7.89, 'cpu_s': 0.02, 'gpu_s': 7.69, 'wait_s': 58.98}
    [Time] wall=7.9s | cpu=0.0s | gpu=7.7s
    C:\Users\fbrev\anaconda3\envs\noisygl\Lib\site-packages\torch\nn\modules\module.py:1159: UserWarning: expandable_segments not supported on this platform (Triggered internally at ..\c10/cuda/CUDAAllocatorConfig.h:28.)
    return t.to(
    C:\Users\fbrev\Documents\Acadêmico\Simulações\Python\NoisyGL\predictor\Base_Predictor.py:144: UserWarning: Sparse CSR tensor support is in beta state. If you miss a functionality in the sparse tensor support, please submit a feature request to https://github.com/pytorch/pytorch/issues. (Triggered internally at ..\aten\src\ATen\SparseCsrTensorImpl.cpp:55.)
    self.adj_csr = self.adj.to_sparse_csr().to(self.device)
    [CPU] Loading amazonpho...
    DEBUG 3.1: Dataset init start
    DEBUG 3.2: prepare_data start amazonpho
    ----Data statistics------'
    Name: amazonpho
    #Nodes 7650
    #Edges 119081
    #Classes 8
    #Ave_degree 31.13
    ----Split statistics------'
    #Train samples 160 (20 nodes per class)
    #Val samples 500 (specified)
    #Test samples 1000 (specified)
    ----label noise information:------
    Instance dependent noise
    #Actual noise rate 0.40
    [cuda:1] Waiting for GPU slot...
    [cuda:1] Slot acquired (waited 59.3s). Training...
    FINAL_RESULT: {'acc': {'train': 0.5125, 'valid': 0.458, 'test': 0.699}, 'wall_s': 7.79, 'cpu_s': 0.02, 'gpu_s': 7.58, 'wait_s': 59.29}
    [Time] wall=7.8s | cpu=0.0s | gpu=7.6s
    C:\Users\fbrev\anaconda3\envs\noisygl\Lib\site-packages\torch\nn\modules\module.py:1159: UserWarning: expandable_segments not supported on this platform (Triggered internally at ..\c10/cuda/CUDAAllocatorConfig.h:28.)
    return t.to(
    C:\Users\fbrev\Documents\Acadêmico\Simulações\Python\NoisyGL\predictor\Base_Predictor.py:144: UserWarning: Sparse CSR tensor support is in beta state. If you miss a functionality in the sparse tensor support, please submit a feature request to https://github.com/pytorch/pytorch/issues. (Triggered internally at ..\aten\src\ATen\SparseCsrTensorImpl.cpp:55.)
    self.adj_csr = self.adj.to_sparse_csr().to(self.device)
    [CPU] Loading amazonpho...
    DEBUG 3.1: Dataset init start
    DEBUG 3.2: prepare_data start amazonpho
    ----Data statistics------'
    Name: amazonpho
    #Nodes 7650
    #Edges 119081
    #Classes 8
    #Ave_degree 31.13
    ----Split statistics------'
    #Train samples 160 (20 nodes per class)
    #Val samples 500 (specified)
    #Test samples 1000 (specified)
    ----label noise information:------
    Instance dependent noise
    #Actual noise rate 0.40
    [cuda:1] Waiting for GPU slot...
    [cuda:1] Slot acquired (waited 58.3s). Training...
    FINAL_RESULT: {'acc': {'train': 0.4625, 'valid': 0.452, 'test': 0.702}, 'wall_s': 7.76, 'cpu_s': 0.02, 'gpu_s': 7.57, 'wait_s': 58.34}
    [Time] wall=7.8s | cpu=0.0s | gpu=7.6s
    C:\Users\fbrev\anaconda3\envs\noisygl\Lib\site-packages\torch\nn\modules\module.py:1159: UserWarning: expandable_segments not supported on this platform (Triggered internally at ..\c10/cuda/CUDAAllocatorConfig.h:28.)
    return t.to(
    C:\Users\fbrev\Documents\Acadêmico\Simulações\Python\NoisyGL\predictor\Base_Predictor.py:144: UserWarning: Sparse CSR tensor support is in beta state. If you miss a functionality in the sparse tensor support, please submit a feature request to https://github.com/pytorch/pytorch/issues. (Triggered internally at ..\aten\src\ATen\SparseCsrTensorImpl.cpp:55.)
    self.adj_csr = self.adj.to_sparse_csr().to(self.device)
    [CPU] Loading amazonpho...
    DEBUG 3.1: Dataset init start
    DEBUG 3.2: prepare_data start amazonpho
    ----Data statistics------'
    Name: amazonpho
    #Nodes 7650
    #Edges 119081
    #Classes 8
    #Ave_degree 31.13
    ----Split statistics------'
    #Train samples 160 (20 nodes per class)
    #Val samples 500 (specified)
    #Test samples 1000 (specified)
    ----label noise information:------
    Instance dependent noise
    #Actual noise rate 0.41
    [cuda:1] Waiting for GPU slot...
    [cuda:1] Slot acquired (waited 58.8s). Training...
    FINAL_RESULT: {'acc': {'train': 0.66875, 'valid': 0.518, 'test': 0.833}, 'wall_s': 7.78, 'cpu_s': 0.02, 'gpu_s': 7.59, 'wait_s': 58.79}
    [Time] wall=7.8s | cpu=0.0s | gpu=7.6s
    C:\Users\fbrev\anaconda3\envs\noisygl\Lib\site-packages\torch\nn\modules\module.py:1159: UserWarning: expandable_segments not supported on this platform (Triggered internally at ..\c10/cuda/CUDAAllocatorConfig.h:28.)
    return t.to(
    C:\Users\fbrev\Documents\Acadêmico\Simulações\Python\NoisyGL\predictor\Base_Predictor.py:144: UserWarning: Sparse CSR tensor support is in beta state. If you miss a functionality in the sparse tensor support, please submit a feature request to https://github.com/pytorch/pytorch/issues. (Triggered internally at ..\aten\src\ATen\SparseCsrTensorImpl.cpp:55.)
    self.adj_csr = self.adj.to_sparse_csr().to(self.device)
    [CPU] Loading amazonpho...
    DEBUG 3.1: Dataset init start
    DEBUG 3.2: prepare_data start amazonpho
    ----Data statistics------'
    Name: amazonpho
    #Nodes 7650
    #Edges 119081
    #Classes 8
    #Ave_degree 31.13
    ----Split statistics------'
    #Train samples 160 (20 nodes per class)
    #Val samples 500 (specified)
    #Test samples 1000 (specified)
    ----label noise information:------
    Instance dependent noise
    #Actual noise rate 0.40
    [cuda:1] Waiting for GPU slot...
    [cuda:1] Slot acquired (waited 59.6s). Training...
    FINAL_RESULT: {'acc': {'train': 0.66875, 'valid': 0.538, 'test': 0.871}, 'wall_s': 7.64, 'cpu_s': 0.02, 'gpu_s': 7.43, 'wait_s': 59.56}
    [Time] wall=7.6s | cpu=0.0s | gpu=7.4s
    C:\Users\fbrev\anaconda3\envs\noisygl\Lib\site-packages\torch\nn\modules\module.py:1159: UserWarning: expandable_segments not supported on this platform (Triggered internally at ..\c10/cuda/CUDAAllocatorConfig.h:28.)
    return t.to(
    C:\Users\fbrev\Documents\Acadêmico\Simulações\Python\NoisyGL\predictor\Base_Predictor.py:144: UserWarning: Sparse CSR tensor support is in beta state. If you miss a functionality in the sparse tensor support, please submit a feature request to https://github.com/pytorch/pytorch/issues. (Triggered internally at ..\aten\src\ATen\SparseCsrTensorImpl.cpp:55.)
    self.adj_csr = self.adj.to_sparse_csr().to(self.device)
    [CPU] Loading amazonpho...
    DEBUG 3.1: Dataset init start
    DEBUG 3.2: prepare_data start amazonpho
    ----Data statistics------'
    Name: amazonpho
    #Nodes 7650
    #Edges 119081
    #Classes 8
    #Ave_degree 31.13
    ----Split statistics------'
    #Train samples 160 (20 nodes per class)
    #Val samples 500 (specified)
    #Test samples 1000 (specified)
    ----label noise information:------
    Instance dependent noise
    #Actual noise rate 0.40
    [cuda:1] Waiting for GPU slot...
    [cuda:1] Slot acquired (waited 58.0s). Training...
    FINAL_RESULT: {'acc': {'train': 0.625, 'valid': 0.474, 'test': 0.757}, 'wall_s': 7.85, 'cpu_s': 0.02, 'gpu_s': 7.68, 'wait_s': 58.0}
    [Time] wall=7.9s | cpu=0.0s | gpu=7.7s
    C:\Users\fbrev\anaconda3\envs\noisygl\Lib\site-packages\torch\nn\modules\module.py:1159: UserWarning: expandable_segments not supported on this platform (Triggered internally at ..\c10/cuda/CUDAAllocatorConfig.h:28.)
    return t.to(
    C:\Users\fbrev\Documents\Acadêmico\Simulações\Python\NoisyGL\predictor\Base_Predictor.py:144: UserWarning: Sparse CSR tensor support is in beta state. If you miss a functionality in the sparse tensor support, please submit a feature request to https://github.com/pytorch/pytorch/issues. (Triggered internally at ..\aten\src\ATen\SparseCsrTensorImpl.cpp:55.)
    self.adj_csr = self.adj.to_sparse_csr().to(self.device)
    [CPU] Loading amazonpho...
    DEBUG 3.1: Dataset init start
    DEBUG 3.2: prepare_data start amazonpho
    ----Data statistics------'
    Name: amazonpho
    #Nodes 7650
    #Edges 119081
    #Classes 8
    #Ave_degree 31.13
    ----Split statistics------'
    #Train samples 160 (20 nodes per class)
    #Val samples 500 (specified)
    #Test samples 1000 (specified)
    ----label noise information:------
    Instance dependent noise
    #Actual noise rate 0.41
    [cuda:1] Waiting for GPU slot...
    [cuda:1] Slot acquired (waited 59.3s). Training...
    FINAL_RESULT: {'acc': {'train': 0.59375, 'valid': 0.538, 'test': 0.851}, 'wall_s': 7.88, 'cpu_s': 0.02, 'gpu_s': 7.67, 'wait_s': 59.32}
    [Time] wall=7.9s | cpu=0.0s | gpu=7.7s
    C:\Users\fbrev\anaconda3\envs\noisygl\Lib\site-packages\torch\nn\modules\module.py:1159: UserWarning: expandable_segments not supported on this platform (Triggered internally at ..\c10/cuda/CUDAAllocatorConfig.h:28.)
    return t.to(
    C:\Users\fbrev\Documents\Acadêmico\Simulações\Python\NoisyGL\predictor\Base_Predictor.py:144: UserWarning: Sparse CSR tensor support is in beta state. If you miss a functionality in the sparse tensor support, please submit a feature request to https://github.com/pytorch/pytorch/issues. (Triggered internally at ..\aten\src\ATen\SparseCsrTensorImpl.cpp:55.)
    self.adj_csr = self.adj.to_sparse_csr().to(self.device)

[FINAL] gcn_amazonpho_instance_0.4 | 0.7854 ± 0.0598
