[worker] START lnpcc_amazon-ratings_0.5 gpu=0
[HPO] Starting Phase 1 (Optuna) for lnpcc_amazon-ratings_instance_0.5...
[I 2026-04-27 13:20:15,354] Using an existing study with name 'lnpcc_amazon-ratings_instance_0.5' instead of creating a new one.
    [CPU] Loading amazon-ratings...
    DEBUG 3.1: Dataset init start
    DEBUG 3.2: prepare_data start amazon-ratings
    ----Data statistics------'
    Name: amazon-ratings
    #Nodes 24492
    #Edges 93050
    #Classes 5
    #Ave_degree 7.60
    ----Split statistics------'
    #Train samples 1224 (5.0 % of nodes)
    #Val samples 3673 (15.0 % of nodes)
    #Test samples 19595 (remaining)
    ----label noise information:------
    Instance dependent noise
    #Actual noise rate 0.50
    [cuda:0] LNPCC waiting for GPU slot...
    [cuda:0] Slot acquired (waited 188.3s). Starting GCN...
    FINAL_RESULT: {'acc': {'train': 0.2957516339869281, 'valid': 0.2627280152463926, 'test': 0.3815769328910436}, 'wall_s': 69.26, 'cpu_s': 65.97, 'gpu_s': 3.21, 'wait_s': 188.31}
    [Time] wall=69.3s | cpu=66.0s | gpu=3.2s
    C:\Users\fbrev\Documents\Acadêmico\Simulações\Python\NoisyGL\predictor\Base_Predictor.py:144: UserWarning: Sparse CSR tensor support is in beta state. If you miss a functionality in the sparse tensor support, please submit a feature request to https://github.com/pytorch/pytorch/issues. (Triggered internally at ..\aten\src\ATen\SparseCsrTensorImpl.cpp:55.)
    self.adj_csr = self.adj.to_sparse_csr().to(self.device)
[I 2026-04-27 13:24:41,420] Trial 73 finished with value: 0.3815769328910436 and parameters: {'lr': 0.005, 'weight_decay': 0.001, 'n_hidden': 32, 'n_layer': 3, 'dropout': 0.7626349527455278, 'knn_mode': 's', 'k': 20, 'dexp': 8.509956947251808, 'p_grd': 0.8553586094863823, 'unc_rem': 0.27989078651800825, 'unc_rel': 0.7065208513594172}. Best is trial 63 with value: 0.38764991069150295.
    [CPU] Loading amazon-ratings...
    DEBUG 3.1: Dataset init start
    DEBUG 3.2: prepare_data start amazon-ratings
    ----Data statistics------'
    Name: amazon-ratings
    #Nodes 24492
    #Edges 93050
    #Classes 5
    #Ave_degree 7.60
    ----Split statistics------'
    #Train samples 1224 (5.0 % of nodes)
    #Val samples 3673 (15.0 % of nodes)
    #Test samples 19595 (remaining)
    ----label noise information:------
    Instance dependent noise
    #Actual noise rate 0.50
    [cuda:0] LNPCC waiting for GPU slot...
    [cuda:0] Slot acquired (waited 179.6s). Starting GCN...
    FINAL_RESULT: {'acc': {'train': 0.3302828618968386, 'valid': 0.25946093111897633, 'test': 0.38872161265628985}, 'wall_s': 72.85, 'cpu_s': 69.16, 'gpu_s': 3.64, 'wait_s': 179.63}
    [Time] wall=72.9s | cpu=69.2s | gpu=3.6s
    C:\Users\fbrev\Documents\Acadêmico\Simulações\Python\NoisyGL\predictor\Base_Predictor.py:144: UserWarning: Sparse CSR tensor support is in beta state. If you miss a functionality in the sparse tensor support, please submit a feature request to https://github.com/pytorch/pytorch/issues. (Triggered internally at ..\aten\src\ATen\SparseCsrTensorImpl.cpp:55.)
    self.adj_csr = self.adj.to_sparse_csr().to(self.device)
[I 2026-04-27 13:29:00,829] Trial 74 finished with value: 0.38872161265628985 and parameters: {'lr': 0.005, 'weight_decay': 0.001, 'n_hidden': 32, 'n_layer': 3, 'dropout': 0.672516815680141, 'knn_mode': 's', 'k': 22, 'dexp': 8.886149293422047, 'p_grd': 0.716354053552754, 'unc_rem': 0.04658498598117465, 'unc_rel': 0.6098214496210577}. Best is trial 74 with value: 0.38872161265628985.
    [CPU] Loading amazon-ratings...
    DEBUG 3.1: Dataset init start
    DEBUG 3.2: prepare_data start amazon-ratings
    ----Data statistics------'
    Name: amazon-ratings
    #Nodes 24492
    #Edges 93050
    #Classes 5
    #Ave_degree 7.60
    ----Split statistics------'
    #Train samples 1224 (5.0 % of nodes)
    #Val samples 3673 (15.0 % of nodes)
    #Test samples 19595 (remaining)
    ----label noise information:------
    Instance dependent noise
    #Actual noise rate 0.50
    [cuda:0] LNPCC waiting for GPU slot...
    [cuda:0] Slot acquired (waited 969.3s). Starting GCN...
    FINAL_RESULT: {'acc': {'train': 0.3132209405501331, 'valid': 0.2583719030765042, 'test': 0.38611890788466446}, 'wall_s': 78.24, 'cpu_s': 74.54, 'gpu_s': 3.64, 'wait_s': 969.27}
    [Time] wall=78.2s | cpu=74.5s | gpu=3.6s
    C:\Users\fbrev\Documents\Acadêmico\Simulações\Python\NoisyGL\predictor\Base_Predictor.py:144: UserWarning: Sparse CSR tensor support is in beta state. If you miss a functionality in the sparse tensor support, please submit a feature request to https://github.com/pytorch/pytorch/issues. (Triggered internally at ..\aten\src\ATen\SparseCsrTensorImpl.cpp:55.)
    self.adj_csr = self.adj.to_sparse_csr().to(self.device)
[I 2026-04-27 13:46:36,445] Trial 75 finished with value: 0.38611890788466446 and parameters: {'lr': 0.005, 'weight_decay': 0.001, 'n_hidden': 32, 'n_layer': 3, 'dropout': 0.6734327776741463, 'knn_mode': 's', 'k': 22, 'dexp': 8.945288126127846, 'p_grd': 0.7224741502971724, 'unc_rem': 0.02898750389138761, 'unc_rel': 0.6145933132076365}. Best is trial 74 with value: 0.38872161265628985.
    [CPU] Loading amazon-ratings...
    DEBUG 3.1: Dataset init start
    DEBUG 3.2: prepare_data start amazon-ratings
    ----Data statistics------'
    Name: amazon-ratings
    #Nodes 24492
    #Edges 93050
    #Classes 5
    #Ave_degree 7.60
    ----Split statistics------'
    #Train samples 1224 (5.0 % of nodes)
    #Val samples 3673 (15.0 % of nodes)
    #Test samples 19595 (remaining)
    ----label noise information:------
    Instance dependent noise
    #Actual noise rate 0.50
    [cuda:0] LNPCC waiting for GPU slot...
    [cuda:0] Slot acquired (waited 691.1s). Starting GCN...
    FINAL_RESULT: {'acc': {'train': 0.31409727947238253, 'valid': 0.2630002722570106, 'test': 0.3840265373819852}, 'wall_s': 71.81, 'cpu_s': 68.52, 'gpu_s': 3.25, 'wait_s': 691.13}
    [Time] wall=71.8s | cpu=68.5s | gpu=3.2s
    C:\Users\fbrev\Documents\Acadêmico\Simulações\Python\NoisyGL\predictor\Base_Predictor.py:144: UserWarning: Sparse CSR tensor support is in beta state. If you miss a functionality in the sparse tensor support, please submit a feature request to https://github.com/pytorch/pytorch/issues. (Triggered internally at ..\aten\src\ATen\SparseCsrTensorImpl.cpp:55.)
    self.adj_csr = self.adj.to_sparse_csr().to(self.device)
[I 2026-04-27 13:59:26,236] Trial 76 finished with value: 0.3840265373819852 and parameters: {'lr': 0.005, 'weight_decay': 0.001, 'n_hidden': 32, 'n_layer': 3, 'dropout': 0.6794372991065805, 'knn_mode': 's', 'k': 19, 'dexp': 9.2423070872911, 'p_grd': 0.7921430456613142, 'unc_rem': 0.05635999988789844, 'unc_rel': 0.7780743230700885}. Best is trial 74 with value: 0.38872161265628985.
    [CPU] Loading amazon-ratings...
    DEBUG 3.1: Dataset init start
    DEBUG 3.2: prepare_data start amazon-ratings
    ----Data statistics------'
    Name: amazon-ratings
    #Nodes 24492
    #Edges 93050
    #Classes 5
    #Ave_degree 7.60
    ----Split statistics------'
    #Train samples 1224 (5.0 % of nodes)
    #Val samples 3673 (15.0 % of nodes)
    #Test samples 19595 (remaining)
    ----label noise information:------
    Instance dependent noise
    #Actual noise rate 0.50
    [cuda:0] LNPCC waiting for GPU slot...
    [cuda:0] Slot acquired (waited 667.8s). Starting GCN...
    FINAL_RESULT: {'acc': {'train': 0.2549019607843137, 'valid': 0.25864416008712227, 'test': 0.35070170961980096}, 'wall_s': 66.75, 'cpu_s': 63.6, 'gpu_s': 3.1, 'wait_s': 667.81}
    [Time] wall=66.7s | cpu=63.6s | gpu=3.1s
    C:\Users\fbrev\Documents\Acadêmico\Simulações\Python\NoisyGL\predictor\Base_Predictor.py:144: UserWarning: Sparse CSR tensor support is in beta state. If you miss a functionality in the sparse tensor support, please submit a feature request to https://github.com/pytorch/pytorch/issues. (Triggered internally at ..\aten\src\ATen\SparseCsrTensorImpl.cpp:55.)
    self.adj_csr = self.adj.to_sparse_csr().to(self.device)
[I 2026-04-27 14:11:47,419] Trial 77 finished with value: 0.35070170961980096 and parameters: {'lr': 0.1, 'weight_decay': 0.001, 'n_hidden': 32, 'n_layer': 3, 'dropout': 0.6182705722114819, 'knn_mode': 's', 'k': 25, 'dexp': 8.365092566102957, 'p_grd': 0.70027005336245, 'unc_rem': 0.17522238833321846, 'unc_rel': 0.6635403336524867}. Best is trial 74 with value: 0.38872161265628985.
    [CPU] Loading amazon-ratings...
    DEBUG 3.1: Dataset init start
    DEBUG 3.2: prepare_data start amazon-ratings
    ----Data statistics------'
    Name: amazon-ratings
    #Nodes 24492
    #Edges 93050
    #Classes 5
    #Ave_degree 7.60
    ----Split statistics------'
    #Train samples 1224 (5.0 % of nodes)
    #Val samples 3673 (15.0 % of nodes)
    #Test samples 19595 (remaining)
    ----label noise information:------
    Instance dependent noise
    #Actual noise rate 0.50
    [cuda:0] LNPCC waiting for GPU slot...
    [cuda:0] Slot acquired (waited 193.4s). Starting GCN...
    FINAL_RESULT: {'acc': {'train': 0.27295081967213114, 'valid': 0.2605499591614484, 'test': 0.3740750191375351}, 'wall_s': 57.28, 'cpu_s': 51.85, 'gpu_s': 5.37, 'wait_s': 193.41}
    [Time] wall=57.3s | cpu=51.9s | gpu=5.4s
    C:\Users\fbrev\Documents\Acadêmico\Simulações\Python\NoisyGL\predictor\Base_Predictor.py:144: UserWarning: Sparse CSR tensor support is in beta state. If you miss a functionality in the sparse tensor support, please submit a feature request to https://github.com/pytorch/pytorch/issues. (Triggered internally at ..\aten\src\ATen\SparseCsrTensorImpl.cpp:55.)
    self.adj_csr = self.adj.to_sparse_csr().to(self.device)
[I 2026-04-27 14:16:04,208] Trial 78 finished with value: 0.3740750191375351 and parameters: {'lr': 0.005, 'weight_decay': 0.001, 'n_hidden': 128, 'n_layer': 3, 'dropout': 0.7449591697236339, 'knn_mode': 's', 'k': 16, 'dexp': 9.58247489126675, 'p_grd': 0.5169372788573025, 'unc_rem': 0.1157977172806092, 'unc_rel': 0.5334455097875943}. Best is trial 74 with value: 0.38872161265628985.
    [CPU] Loading amazon-ratings...
    DEBUG 3.1: Dataset init start
    DEBUG 3.2: prepare_data start amazon-ratings
    ----Data statistics------'
    Name: amazon-ratings
    #Nodes 24492
    #Edges 93050
    #Classes 5
    #Ave_degree 7.60
    ----Split statistics------'
    #Train samples 1224 (5.0 % of nodes)
    #Val samples 3673 (15.0 % of nodes)
    #Test samples 19595 (remaining)
    ----label noise information:------
    Instance dependent noise
    #Actual noise rate 0.50
    [cuda:0] LNPCC waiting for GPU slot...
    [cuda:0] Slot acquired (waited 172.4s). Starting GCN...
    FINAL_RESULT: {'acc': {'train': 0.30718954248366015, 'valid': 0.2638170432888647, 'test': 0.38453687165093137}, 'wall_s': 68.25, 'cpu_s': 64.94, 'gpu_s': 3.27, 'wait_s': 172.37}
    [Time] wall=68.3s | cpu=64.9s | gpu=3.3s
    C:\Users\fbrev\Documents\Acadêmico\Simulações\Python\NoisyGL\predictor\Base_Predictor.py:144: UserWarning: Sparse CSR tensor support is in beta state. If you miss a functionality in the sparse tensor support, please submit a feature request to https://github.com/pytorch/pytorch/issues. (Triggered internally at ..\aten\src\ATen\SparseCsrTensorImpl.cpp:55.)
    self.adj_csr = self.adj.to_sparse_csr().to(self.device)
[I 2026-04-27 14:20:11,328] Trial 79 finished with value: 0.38453687165093137 and parameters: {'lr': 0.005, 'weight_decay': 0.001, 'n_hidden': 32, 'n_layer': 3, 'dropout': 0.7240542717251767, 'knn_mode': 's', 'k': 21, 'dexp': 7.9715972605991015, 'p_grd': 0.761226747252022, 'unc_rem': 0.37952935226386, 'unc_rel': 0.6344575775186992}. Best is trial 74 with value: 0.38872161265628985.
    [CPU] Loading amazon-ratings...
    DEBUG 3.1: Dataset init start
    DEBUG 3.2: prepare_data start amazon-ratings
    ----Data statistics------'
    Name: amazon-ratings
    #Nodes 24492
    #Edges 93050
    #Classes 5
    #Ave_degree 7.60
    ----Split statistics------'
    #Train samples 1224 (5.0 % of nodes)
    #Val samples 3673 (15.0 % of nodes)
    #Test samples 19595 (remaining)
    ----label noise information:------
    Instance dependent noise
    #Actual noise rate 0.50
    [cuda:0] LNPCC waiting for GPU slot...
    [cuda:0] Slot acquired (waited 669.9s). Starting GCN...
    FINAL_RESULT: {'acc': {'train': 0.2992641046606705, 'valid': 0.2627280152463926, 'test': 0.385251339627456}, 'wall_s': 58.13, 'cpu_s': 55.1, 'gpu_s': 2.98, 'wait_s': 669.87}
    [Time] wall=58.1s | cpu=55.1s | gpu=3.0s
    C:\Users\fbrev\Documents\Acadêmico\Simulações\Python\NoisyGL\predictor\Base_Predictor.py:144: UserWarning: Sparse CSR tensor support is in beta state. If you miss a functionality in the sparse tensor support, please submit a feature request to https://github.com/pytorch/pytorch/issues. (Triggered internally at ..\aten\src\ATen\SparseCsrTensorImpl.cpp:55.)
    self.adj_csr = self.adj.to_sparse_csr().to(self.device)
[I 2026-04-27 14:32:25,527] Trial 80 finished with value: 0.385251339627456 and parameters: {'lr': 0.005, 'weight_decay': 0.001, 'n_hidden': 32, 'n_layer': 3, 'dropout': 0.7915482671183014, 'knn_mode': 's', 'k': 18, 'dexp': 8.81915487894676, 'p_grd': 0.8850396067750849, 'unc_rem': 0.15663963032515796, 'unc_rel': 0.8780048823365401}. Best is trial 74 with value: 0.38872161265628985.
    [CPU] Loading amazon-ratings...
    DEBUG 3.1: Dataset init start
    DEBUG 3.2: prepare_data start amazon-ratings
    ----Data statistics------'
    Name: amazon-ratings
    #Nodes 24492
    #Edges 93050
    #Classes 5
    #Ave_degree 7.60
    ----Split statistics------'
    #Train samples 1224 (5.0 % of nodes)
    #Val samples 3673 (15.0 % of nodes)
    #Test samples 19595 (remaining)
    ----label noise information:------
    Instance dependent noise
    #Actual noise rate 0.50
    [cuda:0] LNPCC waiting for GPU slot...
    [cuda:0] Slot acquired (waited 173.4s). Starting GCN...
    FINAL_RESULT: {'acc': {'train': 0.29098360655737704, 'valid': 0.26218350122515655, 'test': 0.38545547333503444}, 'wall_s': 67.65, 'cpu_s': 65.31, 'gpu_s': 2.28, 'wait_s': 173.44}
    [Time] wall=67.6s | cpu=65.3s | gpu=2.3s
    C:\Users\fbrev\Documents\Acadêmico\Simulações\Python\NoisyGL\predictor\Base_Predictor.py:144: UserWarning: Sparse CSR tensor support is in beta state. If you miss a functionality in the sparse tensor support, please submit a feature request to https://github.com/pytorch/pytorch/issues. (Triggered internally at ..\aten\src\ATen\SparseCsrTensorImpl.cpp:55.)
    self.adj_csr = self.adj.to_sparse_csr().to(self.device)
[I 2026-04-27 14:36:33,470] Trial 81 finished with value: 0.38545547333503444 and parameters: {'lr': 0.005, 'weight_decay': 0.001, 'n_hidden': 32, 'n_layer': 3, 'dropout': 0.7705860447805422, 'knn_mode': 's', 'k': 26, 'dexp': 7.249197605218961, 'p_grd': 0.8424629346022003, 'unc_rem': 0.08183214528312605, 'unc_rel': 0.5650129510551142}. Best is trial 74 with value: 0.38872161265628985.
    [CPU] Loading amazon-ratings...
    DEBUG 3.1: Dataset init start
    DEBUG 3.2: prepare_data start amazon-ratings
    ----Data statistics------'
    Name: amazon-ratings
    #Nodes 24492
    #Edges 93050
    #Classes 5
    #Ave_degree 7.60
    ----Split statistics------'
    #Train samples 1224 (5.0 % of nodes)
    #Val samples 3673 (15.0 % of nodes)
    #Test samples 19595 (remaining)
    ----label noise information:------
    Instance dependent noise
    #Actual noise rate 0.50
    [cuda:0] LNPCC waiting for GPU slot...
    [cuda:0] Slot acquired (waited 179.3s). Starting GCN...
    FINAL_RESULT: {'acc': {'train': 0.24019607843137256, 'valid': 0.2417642254288048, 'test': 0.36881857616738967}, 'wall_s': 55.56, 'cpu_s': 52.24, 'gpu_s': 3.28, 'wait_s': 179.35}
    [Time] wall=55.6s | cpu=52.2s | gpu=3.3s
    C:\Users\fbrev\Documents\Acadêmico\Simulações\Python\NoisyGL\predictor\Base_Predictor.py:144: UserWarning: Sparse CSR tensor support is in beta state. If you miss a functionality in the sparse tensor support, please submit a feature request to https://github.com/pytorch/pytorch/issues. (Triggered internally at ..\aten\src\ATen\SparseCsrTensorImpl.cpp:55.)
    self.adj_csr = self.adj.to_sparse_csr().to(self.device)
[I 2026-04-27 14:40:34,222] Trial 82 finished with value: 0.36881857616738967 and parameters: {'lr': 0.01, 'weight_decay': 0.01, 'n_hidden': 32, 'n_layer': 3, 'dropout': 0.6609518788339246, 'knn_mode': 's', 'k': 31, 'dexp': 8.889795466457148, 'p_grd': 0.8088039956313267, 'unc_rem': 0.32329035438813014, 'unc_rel': 0.48129715984284566}. Best is trial 74 with value: 0.38872161265628985.
    [CPU] Loading amazon-ratings...
    DEBUG 3.1: Dataset init start
    DEBUG 3.2: prepare_data start amazon-ratings
    ----Data statistics------'
    Name: amazon-ratings
    #Nodes 24492
    #Edges 93050
    #Classes 5
    #Ave_degree 7.60
    ----Split statistics------'
    #Train samples 1224 (5.0 % of nodes)
    #Val samples 3673 (15.0 % of nodes)
    #Test samples 19595 (remaining)
    ----label noise information:------
    Instance dependent noise
    #Actual noise rate 0.50
    [cuda:0] LNPCC waiting for GPU slot...
    [cuda:0] Slot acquired (waited 611.6s). Starting GCN...
    FINAL_RESULT: {'acc': {'train': 0.32107843137254904, 'valid': 0.25946093111897633, 'test': 0.3869864761418729}, 'wall_s': 138.13, 'cpu_s': 134.99, 'gpu_s': 3.09, 'wait_s': 611.59}
    [Time] wall=138.1s | cpu=135.0s | gpu=3.1s
    C:\Users\fbrev\Documents\Acadêmico\Simulações\Python\NoisyGL\predictor\Base_Predictor.py:144: UserWarning: Sparse CSR tensor support is in beta state. If you miss a functionality in the sparse tensor support, please submit a feature request to https://github.com/pytorch/pytorch/issues. (Triggered internally at ..\aten\src\ATen\SparseCsrTensorImpl.cpp:55.)
    self.adj_csr = self.adj.to_sparse_csr().to(self.device)
[I 2026-04-27 14:53:10,580] Trial 83 finished with value: 0.3869864761418729 and parameters: {'lr': 0.005, 'weight_decay': 0.001, 'n_hidden': 32, 'n_layer': 3, 'dropout': 0.5388717507647949, 'knn_mode': 's', 'k': 23, 'dexp': 8.435703721720346, 'p_grd': 0.9733410004730967, 'unc_rem': 0.21124901488634956, 'unc_rel': 0.5856182883227029}. Best is trial 74 with value: 0.38872161265628985.
    [CPU] Loading amazon-ratings...
    DEBUG 3.1: Dataset init start
    DEBUG 3.2: prepare_data start amazon-ratings
    ----Data statistics------'
    Name: amazon-ratings
    #Nodes 24492
    #Edges 93050
    #Classes 5
    #Ave_degree 7.60
    ----Split statistics------'
    #Train samples 1224 (5.0 % of nodes)
    #Val samples 3673 (15.0 % of nodes)
    #Test samples 19595 (remaining)
    ----label noise information:------
    Instance dependent noise
    #Actual noise rate 0.50
    [cuda:0] LNPCC waiting for GPU slot...
    [cuda:0] Slot acquired (waited 108.6s). Starting GCN...
    FINAL_RESULT: {'acc': {'train': 0.3047385620915033, 'valid': 0.26000544514021234, 'test': 0.3859658076039806}, 'wall_s': 134.91, 'cpu_s': 131.9, 'gpu_s': 2.97, 'wait_s': 108.63}
    [Time] wall=134.9s | cpu=131.9s | gpu=3.0s
    C:\Users\fbrev\Documents\Acadêmico\Simulações\Python\NoisyGL\predictor\Base_Predictor.py:144: UserWarning: Sparse CSR tensor support is in beta state. If you miss a functionality in the sparse tensor support, please submit a feature request to https://github.com/pytorch/pytorch/issues. (Triggered internally at ..\aten\src\ATen\SparseCsrTensorImpl.cpp:55.)
    self.adj_csr = self.adj.to_sparse_csr().to(self.device)
[I 2026-04-27 14:57:20,571] Trial 84 finished with value: 0.3859658076039806 and parameters: {'lr': 0.005, 'weight_decay': 0.001, 'n_hidden': 32, 'n_layer': 3, 'dropout': 0.5427028697285247, 'knn_mode': 's', 'k': 22, 'dexp': 9.27547973368471, 'p_grd': 0.977999462340904, 'unc_rem': 0.2710668496068848, 'unc_rel': 0.4441774239356827}. Best is trial 74 with value: 0.38872161265628985.
    [CPU] Loading amazon-ratings...
    DEBUG 3.1: Dataset init start
    DEBUG 3.2: prepare_data start amazon-ratings
    ----Data statistics------'
    Name: amazon-ratings
    #Nodes 24492
    #Edges 93050
    #Classes 5
    #Ave_degree 7.60
    ----Split statistics------'
    #Train samples 1224 (5.0 % of nodes)
    #Val samples 3673 (15.0 % of nodes)
    #Test samples 19595 (remaining)
    ----label noise information:------
    Instance dependent noise
    #Actual noise rate 0.50
    [cuda:0] LNPCC waiting for GPU slot...
    [cuda:0] Slot acquired (waited 174.3s). Starting GCN...
    FINAL_RESULT: {'acc': {'train': 0.3205233033524121, 'valid': 0.2613667301933025, 'test': 0.385251339627456}, 'wall_s': 69.41, 'cpu_s': 66.0, 'gpu_s': 3.36, 'wait_s': 174.31}
    [Time] wall=69.4s | cpu=66.0s | gpu=3.4s
    C:\Users\fbrev\Documents\Acadêmico\Simulações\Python\NoisyGL\predictor\Base_Predictor.py:144: UserWarning: Sparse CSR tensor support is in beta state. If you miss a functionality in the sparse tensor support, please submit a feature request to https://github.com/pytorch/pytorch/issues. (Triggered internally at ..\aten\src\ATen\SparseCsrTensorImpl.cpp:55.)
    self.adj_csr = self.adj.to_sparse_csr().to(self.device)
[I 2026-04-27 15:01:30,451] Trial 85 finished with value: 0.385251339627456 and parameters: {'lr': 0.005, 'weight_decay': 0.001, 'n_hidden': 32, 'n_layer': 3, 'dropout': 0.564869012076339, 'knn_mode': 's', 'k': 19, 'dexp': 8.255889323073832, 'p_grd': 0.8638669852533952, 'unc_rem': 0.19826494433972916, 'unc_rel': 0.5942765285305599}. Best is trial 74 with value: 0.38872161265628985.
    [CPU] Loading amazon-ratings...
    DEBUG 3.1: Dataset init start
    DEBUG 3.2: prepare_data start amazon-ratings
    ----Data statistics------'
    Name: amazon-ratings
    #Nodes 24492
    #Edges 93050
    #Classes 5
    #Ave_degree 7.60
    ----Split statistics------'
    #Train samples 1224 (5.0 % of nodes)
    #Val samples 3673 (15.0 % of nodes)
    #Test samples 19595 (remaining)
    ----label noise information:------
    Instance dependent noise
    #Actual noise rate 0.50
    [cuda:0] LNPCC waiting for GPU slot...
    [cuda:0] Slot acquired (waited 686.8s). Starting GCN...
    FINAL_RESULT: {'acc': {'train': 0.3001644736842105, 'valid': 0.2591886741083583, 'test': 0.3862720081653483}, 'wall_s': 48.44, 'cpu_s': 45.29, 'gpu_s': 3.1, 'wait_s': 686.84}
    [Time] wall=48.4s | cpu=45.3s | gpu=3.1s
    C:\Users\fbrev\Documents\Acadêmico\Simulações\Python\NoisyGL\predictor\Base_Predictor.py:144: UserWarning: Sparse CSR tensor support is in beta state. If you miss a functionality in the sparse tensor support, please submit a feature request to https://github.com/pytorch/pytorch/issues. (Triggered internally at ..\aten\src\ATen\SparseCsrTensorImpl.cpp:55.)
    self.adj_csr = self.adj.to_sparse_csr().to(self.device)
[I 2026-04-27 15:13:51,895] Trial 86 finished with value: 0.3862720081653483 and parameters: {'lr': 0.005, 'weight_decay': 0.001, 'n_hidden': 32, 'n_layer': 3, 'dropout': 0.6024856535780884, 'knn_mode': 's', 'k': 28, 'dexp': 9.647207089659451, 'p_grd': 0.4170304128876329, 'unc_rem': 0.13215266929963776, 'unc_rel': 0.6834136222853562}. Best is trial 74 with value: 0.38872161265628985.
    [CPU] Loading amazon-ratings...
    DEBUG 3.1: Dataset init start
    DEBUG 3.2: prepare_data start amazon-ratings
    ----Data statistics------'
    Name: amazon-ratings
    #Nodes 24492
    #Edges 93050
    #Classes 5
    #Ave_degree 7.60
    ----Split statistics------'
    #Train samples 1224 (5.0 % of nodes)
    #Val samples 3673 (15.0 % of nodes)
    #Test samples 19595 (remaining)
    ----label noise information:------
    Instance dependent noise
    #Actual noise rate 0.50
    [cuda:0] LNPCC waiting for GPU slot...
    [cuda:0] Slot acquired (waited 390.8s). Starting GCN...
    FINAL_RESULT: {'acc': {'train': 0.24199743918053776, 'valid': 0.23985842635447863, 'test': 0.3677979076294973}, 'wall_s': 116.92, 'cpu_s': 113.92, 'gpu_s': 2.95, 'wait_s': 390.82}
    [Time] wall=116.9s | cpu=113.9s | gpu=3.0s
    C:\Users\fbrev\Documents\Acadêmico\Simulações\Python\NoisyGL\predictor\Base_Predictor.py:144: UserWarning: Sparse CSR tensor support is in beta state. If you miss a functionality in the sparse tensor support, please submit a feature request to https://github.com/pytorch/pytorch/issues. (Triggered internally at ..\aten\src\ATen\SparseCsrTensorImpl.cpp:55.)
    self.adj_csr = self.adj.to_sparse_csr().to(self.device)
[I 2026-04-27 15:22:25,802] Trial 87 finished with value: 0.3677979076294973 and parameters: {'lr': 0.005, 'weight_decay': 0.05, 'n_hidden': 32, 'n_layer': 3, 'dropout': 0.6960790790885727, 'knn_mode': 's', 'k': 23, 'dexp': 7.914083095313595, 'p_grd': 0.9633108644592854, 'unc_rem': 0.00375657780422739, 'unc_rel': 0.5234826499114796}. Best is trial 74 with value: 0.38872161265628985.
    [CPU] Loading amazon-ratings...
    DEBUG 3.1: Dataset init start
    DEBUG 3.2: prepare_data start amazon-ratings
    ----Data statistics------'
    Name: amazon-ratings
    #Nodes 24492
    #Edges 93050
    #Classes 5
    #Ave_degree 7.60
    ----Split statistics------'
    #Train samples 1224 (5.0 % of nodes)
    #Val samples 3673 (15.0 % of nodes)
    #Test samples 19595 (remaining)
    ----label noise information:------
    Instance dependent noise
    #Actual noise rate 0.50
    [cuda:0] LNPCC waiting for GPU slot...
    [cuda:0] Slot acquired (waited 193.0s). Starting GCN...
    FINAL_RESULT: {'acc': {'train': 0.4439901880621423, 'valid': 0.2502041927579635, 'test': 0.3596835927532534}, 'wall_s': 63.26, 'cpu_s': 54.04, 'gpu_s': 9.18, 'wait_s': 192.96}
    [Time] wall=63.3s | cpu=54.0s | gpu=9.2s
    C:\Users\fbrev\Documents\Acadêmico\Simulações\Python\NoisyGL\predictor\Base_Predictor.py:144: UserWarning: Sparse CSR tensor support is in beta state. If you miss a functionality in the sparse tensor support, please submit a feature request to https://github.com/pytorch/pytorch/issues. (Triggered internally at ..\aten\src\ATen\SparseCsrTensorImpl.cpp:55.)
    self.adj_csr = self.adj.to_sparse_csr().to(self.device)
[I 2026-04-27 15:26:48,794] Trial 88 finished with value: 0.3596835927532534 and parameters: {'lr': 0.05, 'weight_decay': 0.001, 'n_hidden': 256, 'n_layer': 3, 'dropout': 0.5206283919897482, 'knn_mode': 's', 'k': 25, 'dexp': 8.547412862842735, 'p_grd': 0.5938802679873646, 'unc_rem': 0.2194336835628169, 'unc_rel': 0.5690793456239281}. Best is trial 74 with value: 0.38872161265628985.
    [CPU] Loading amazon-ratings...
    DEBUG 3.1: Dataset init start
    DEBUG 3.2: prepare_data start amazon-ratings
    ----Data statistics------'
    Name: amazon-ratings
    #Nodes 24492
    #Edges 93050
    #Classes 5
    #Ave_degree 7.60
    ----Split statistics------'
    #Train samples 1224 (5.0 % of nodes)
    #Val samples 3673 (15.0 % of nodes)
    #Test samples 19595 (remaining)
    ----label noise information:------
    Instance dependent noise
    #Actual noise rate 0.50
    [cuda:0] LNPCC waiting for GPU slot...
    [cuda:0] Slot acquired (waited 178.9s). Starting GCN...
    FINAL_RESULT: {'acc': {'train': 0.2581699346405229, 'valid': 0.2608222161720664, 'test': 0.34901760653227865}, 'wall_s': 67.03, 'cpu_s': 63.52, 'gpu_s': 3.46, 'wait_s': 178.94}
    [Time] wall=67.0s | cpu=63.5s | gpu=3.5s
    C:\Users\fbrev\Documents\Acadêmico\Simulações\Python\NoisyGL\predictor\Base_Predictor.py:144: UserWarning: Sparse CSR tensor support is in beta state. If you miss a functionality in the sparse tensor support, please submit a feature request to https://github.com/pytorch/pytorch/issues. (Triggered internally at ..\aten\src\ATen\SparseCsrTensorImpl.cpp:55.)
    self.adj_csr = self.adj.to_sparse_csr().to(self.device)
[I 2026-04-27 15:31:01,349] Trial 89 finished with value: 0.34901760653227865 and parameters: {'lr': 0.1, 'weight_decay': 0.001, 'n_hidden': 32, 'n_layer': 3, 'dropout': 0.6362895855903759, 'knn_mode': 's', 'k': 21, 'dexp': 9.376783940051393, 'p_grd': 0.6419465530332792, 'unc_rem': 0.16498838302862873, 'unc_rel': 0.7291195342310726}. Best is trial 74 with value: 0.38872161265628985.
    [CPU] Loading amazon-ratings...
    DEBUG 3.1: Dataset init start
    DEBUG 3.2: prepare_data start amazon-ratings
    ----Data statistics------'
    Name: amazon-ratings
    #Nodes 24492
    #Edges 93050
    #Classes 5
    #Ave_degree 7.60
    ----Split statistics------'
    #Train samples 1224 (5.0 % of nodes)
    #Val samples 3673 (15.0 % of nodes)
    #Test samples 19595 (remaining)
    ----label noise information:------
    Instance dependent noise
    #Actual noise rate 0.50
    [cuda:0] LNPCC waiting for GPU slot...
    [cuda:0] Slot acquired (waited 691.6s). Starting GCN...
    FINAL_RESULT: {'acc': {'train': 0.3006535947712418, 'valid': 0.26245575823577455, 'test': 0.38443480479714215}, 'wall_s': 72.95, 'cpu_s': 69.75, 'gpu_s': 3.15, 'wait_s': 691.57}
    [Time] wall=72.9s | cpu=69.7s | gpu=3.2s
    C:\Users\fbrev\Documents\Acadêmico\Simulações\Python\NoisyGL\predictor\Base_Predictor.py:144: UserWarning: Sparse CSR tensor support is in beta state. If you miss a functionality in the sparse tensor support, please submit a feature request to https://github.com/pytorch/pytorch/issues. (Triggered internally at ..\aten\src\ATen\SparseCsrTensorImpl.cpp:55.)
    self.adj_csr = self.adj.to_sparse_csr().to(self.device)
[I 2026-04-27 15:43:52,222] Trial 90 finished with value: 0.38443480479714215 and parameters: {'lr': 0.005, 'weight_decay': 0.001, 'n_hidden': 32, 'n_layer': 3, 'dropout': 0.609469277534861, 'knn_mode': 's', 'k': 20, 'dexp': 9.089521277119273, 'p_grd': 0.7390760654279097, 'unc_rem': 0.3095695885773018, 'unc_rel': 0.4861384311886394}. Best is trial 74 with value: 0.38872161265628985.
    [CPU] Loading amazon-ratings...
    DEBUG 3.1: Dataset init start
    DEBUG 3.2: prepare_data start amazon-ratings
    ----Data statistics------'
    Name: amazon-ratings
    #Nodes 24492
    #Edges 93050
    #Classes 5
    #Ave_degree 7.60
    ----Split statistics------'
    #Train samples 1224 (5.0 % of nodes)
    #Val samples 3673 (15.0 % of nodes)
    #Test samples 19595 (remaining)
    ----label noise information:------
    Instance dependent noise
    #Actual noise rate 0.50
    [cuda:0] LNPCC waiting for GPU slot...
    [cuda:0] Slot acquired (waited 173.6s). Starting GCN...
    FINAL_RESULT: {'acc': {'train': 0.3137254901960784, 'valid': 0.25973318812959434, 'test': 0.3863230415922429}, 'wall_s': 74.82, 'cpu_s': 71.27, 'gpu_s': 3.5, 'wait_s': 173.6}
    [Time] wall=74.8s | cpu=71.3s | gpu=3.5s
    C:\Users\fbrev\Documents\Acadêmico\Simulações\Python\NoisyGL\predictor\Base_Predictor.py:144: UserWarning: Sparse CSR tensor support is in beta state. If you miss a functionality in the sparse tensor support, please submit a feature request to https://github.com/pytorch/pytorch/issues. (Triggered internally at ..\aten\src\ATen\SparseCsrTensorImpl.cpp:55.)
    self.adj_csr = self.adj.to_sparse_csr().to(self.device)
[I 2026-04-27 15:48:06,906] Trial 91 finished with value: 0.3863230415922429 and parameters: {'lr': 0.005, 'weight_decay': 0.001, 'n_hidden': 32, 'n_layer': 3, 'dropout': 0.5830196248293723, 'knn_mode': 's', 'k': 29, 'dexp': 8.250564664737684, 'p_grd': 0.8877329500293337, 'unc_rem': 0.2835955937574422, 'unc_rel': 0.6148087628762989}. Best is trial 74 with value: 0.38872161265628985.
    [CPU] Loading amazon-ratings...
    DEBUG 3.1: Dataset init start
    DEBUG 3.2: prepare_data start amazon-ratings
    ----Data statistics------'
    Name: amazon-ratings
    #Nodes 24492
    #Edges 93050
    #Classes 5
    #Ave_degree 7.60
    ----Split statistics------'
    #Train samples 1224 (5.0 % of nodes)
    #Val samples 3673 (15.0 % of nodes)
    #Test samples 19595 (remaining)
    ----label noise information:------
    Instance dependent noise
    #Actual noise rate 0.50
    [cuda:0] LNPCC waiting for GPU slot...
    [cuda:0] Slot acquired (waited 193.6s). Starting GCN...
    FINAL_RESULT: {'acc': {'train': 0.2107843137254902, 'valid': 0.23904165532262456, 'test': 0.36279663179382493}, 'wall_s': 67.04, 'cpu_s': 63.79, 'gpu_s': 3.2, 'wait_s': 193.61}
    [Time] wall=67.0s | cpu=63.8s | gpu=3.2s
    C:\Users\fbrev\Documents\Acadêmico\Simulações\Python\NoisyGL\predictor\Base_Predictor.py:144: UserWarning: Sparse CSR tensor support is in beta state. If you miss a functionality in the sparse tensor support, please submit a feature request to https://github.com/pytorch/pytorch/issues. (Triggered internally at ..\aten\src\ATen\SparseCsrTensorImpl.cpp:55.)
    self.adj_csr = self.adj.to_sparse_csr().to(self.device)
[I 2026-04-27 15:52:33,942] Trial 92 finished with value: 0.36279663179382493 and parameters: {'lr': 0.005, 'weight_decay': 0.01, 'n_hidden': 32, 'n_layer': 3, 'dropout': 0.43368083811907804, 'knn_mode': 's', 'k': 26, 'dexp': 8.71684839596357, 'p_grd': 0.686270856888196, 'unc_rem': 0.2579007307559125, 'unc_rel': 0.54246949192479}. Best is trial 74 with value: 0.38872161265628985.
    [CPU] Loading amazon-ratings...
    DEBUG 3.1: Dataset init start
    DEBUG 3.2: prepare_data start amazon-ratings
    ----Data statistics------'
    Name: amazon-ratings
    #Nodes 24492
    #Edges 93050
    #Classes 5
    #Ave_degree 7.60
    ----Split statistics------'
    #Train samples 1224 (5.0 % of nodes)
    #Val samples 3673 (15.0 % of nodes)
    #Test samples 19595 (remaining)
    ----label noise information:------
    Instance dependent noise
    #Actual noise rate 0.50
    [cuda:0] LNPCC waiting for GPU slot...
    [cuda:0] Slot acquired (waited 661.4s). Starting GCN...
    FINAL_RESULT: {'acc': {'train': 0.41421568627450983, 'valid': 0.2591886741083583, 'test': 0.34299566215871397}, 'wall_s': 92.52, 'cpu_s': 89.14, 'gpu_s': 3.33, 'wait_s': 661.42}
    [Time] wall=92.5s | cpu=89.1s | gpu=3.3s
    C:\Users\fbrev\Documents\Acadêmico\Simulações\Python\NoisyGL\predictor\Base_Predictor.py:144: UserWarning: Sparse CSR tensor support is in beta state. If you miss a functionality in the sparse tensor support, please submit a feature request to https://github.com/pytorch/pytorch/issues. (Triggered internally at ..\aten\src\ATen\SparseCsrTensorImpl.cpp:55.)
    self.adj_csr = self.adj.to_sparse_csr().to(self.device)
[I 2026-04-27 16:05:14,466] Trial 93 finished with value: 0.34299566215871397 and parameters: {'lr': 0.005, 'weight_decay': 0.0, 'n_hidden': 32, 'n_layer': 3, 'dropout': 0.49779339896351293, 'knn_mode': 's', 'k': 24, 'dexp': 8.46469791522605, 'p_grd': 0.9276495910170388, 'unc_rem': 0.24452855940897272, 'unc_rel': 0.64744528214679}. Best is trial 74 with value: 0.38872161265628985.
    [CPU] Loading amazon-ratings...
    DEBUG 3.1: Dataset init start
    DEBUG 3.2: prepare_data start amazon-ratings
    ----Data statistics------'
    Name: amazon-ratings
    #Nodes 24492
    #Edges 93050
    #Classes 5
    #Ave_degree 7.60
    ----Split statistics------'
    #Train samples 1224 (5.0 % of nodes)
    #Val samples 3673 (15.0 % of nodes)
    #Test samples 19595 (remaining)
    ----label noise information:------
    Instance dependent noise
    #Actual noise rate 0.50
    [cuda:0] LNPCC waiting for GPU slot...
    [cuda:0] Slot acquired (waited 179.4s). Starting GCN...
    FINAL_RESULT: {'acc': {'train': 0.3243464052287582, 'valid': 0.26245575823577455, 'test': 0.38581270732329676}, 'wall_s': 75.98, 'cpu_s': 72.71, 'gpu_s': 3.23, 'wait_s': 179.44}
    [Time] wall=76.0s | cpu=72.7s | gpu=3.2s
    C:\Users\fbrev\Documents\Acadêmico\Simulações\Python\NoisyGL\predictor\Base_Predictor.py:144: UserWarning: Sparse CSR tensor support is in beta state. If you miss a functionality in the sparse tensor support, please submit a feature request to https://github.com/pytorch/pytorch/issues. (Triggered internally at ..\aten\src\ATen\SparseCsrTensorImpl.cpp:55.)
    self.adj_csr = self.adj.to_sparse_csr().to(self.device)
[I 2026-04-27 16:09:36,397] Trial 94 finished with value: 0.38581270732329676 and parameters: {'lr': 0.005, 'weight_decay': 0.001, 'n_hidden': 32, 'n_layer': 3, 'dropout': 0.689685709945172, 'knn_mode': 's', 'k': 23, 'dexp': 8.642373247838496, 'p_grd': 0.8253751413357999, 'unc_rem': 0.21933340950393967, 'unc_rel': 0.5861084765077254}. Best is trial 74 with value: 0.38872161265628985.
    [CPU] Loading amazon-ratings...
    DEBUG 3.1: Dataset init start
    DEBUG 3.2: prepare_data start amazon-ratings
    ----Data statistics------'
    Name: amazon-ratings
    #Nodes 24492
    #Edges 93050
    #Classes 5
    #Ave_degree 7.60
    ----Split statistics------'
    #Train samples 1224 (5.0 % of nodes)
    #Val samples 3673 (15.0 % of nodes)
    #Test samples 19595 (remaining)
    ----label noise information:------
    Instance dependent noise
    #Actual noise rate 0.50
    [cuda:0] LNPCC waiting for GPU slot...
    [cuda:0] Slot acquired (waited 683.2s). Starting GCN...
    FINAL_RESULT: {'acc': {'train': 0.2559280457890433, 'valid': 0.24149196841818676, 'test': 0.3689206430211789}, 'wall_s': 104.92, 'cpu_s': 101.7, 'gpu_s': 3.18, 'wait_s': 683.2}
    [Time] wall=104.9s | cpu=101.7s | gpu=3.2s
    C:\Users\fbrev\Documents\Acadêmico\Simulações\Python\NoisyGL\predictor\Base_Predictor.py:144: UserWarning: Sparse CSR tensor support is in beta state. If you miss a functionality in the sparse tensor support, please submit a feature request to https://github.com/pytorch/pytorch/issues. (Triggered internally at ..\aten\src\ATen\SparseCsrTensorImpl.cpp:55.)
    self.adj_csr = self.adj.to_sparse_csr().to(self.device)
[I 2026-04-27 16:22:51,256] Trial 95 finished with value: 0.3689206430211789 and parameters: {'lr': 0.005, 'weight_decay': 0.05, 'n_hidden': 32, 'n_layer': 3, 'dropout': 0.6508574503854712, 'knn_mode': 's', 'k': 24, 'dexp': 3.1600607987408256, 'p_grd': 0.9123437794464588, 'unc_rem': 0.18695514204481628, 'unc_rel': 0.45310704458977047}. Best is trial 74 with value: 0.38872161265628985.
    [CPU] Loading amazon-ratings...
    DEBUG 3.1: Dataset init start
    DEBUG 3.2: prepare_data start amazon-ratings
    ----Data statistics------'
    Name: amazon-ratings
    #Nodes 24492
    #Edges 93050
    #Classes 5
    #Ave_degree 7.60
    ----Split statistics------'
    #Train samples 1224 (5.0 % of nodes)
    #Val samples 3673 (15.0 % of nodes)
    #Test samples 19595 (remaining)
    ----label noise information:------
    Instance dependent noise
    #Actual noise rate 0.50
    [cuda:0] LNPCC waiting for GPU slot...
    [cuda:0] Slot acquired (waited 456.6s). Starting GCN...
    FINAL_RESULT: {'acc': {'train': 0.31781045751633985, 'valid': 0.25973318812959434, 'test': 0.38770094411839756}, 'wall_s': 73.18, 'cpu_s': 69.95, 'gpu_s': 3.16, 'wait_s': 456.63}
    [Time] wall=73.2s | cpu=70.0s | gpu=3.2s
    C:\Users\fbrev\Documents\Acadêmico\Simulações\Python\NoisyGL\predictor\Base_Predictor.py:144: UserWarning: Sparse CSR tensor support is in beta state. If you miss a functionality in the sparse tensor support, please submit a feature request to https://github.com/pytorch/pytorch/issues. (Triggered internally at ..\aten\src\ATen\SparseCsrTensorImpl.cpp:55.)
    self.adj_csr = self.adj.to_sparse_csr().to(self.device)
[I 2026-04-27 16:31:48,097] Trial 96 finished with value: 0.38770094411839756 and parameters: {'lr': 0.005, 'weight_decay': 0.001, 'n_hidden': 32, 'n_layer': 3, 'dropout': 0.48038826675473284, 'knn_mode': 's', 'k': 22, 'dexp': 8.977516289522848, 'p_grd': 0.7989530928350232, 'unc_rem': 0.2359751933770464, 'unc_rel': 0.35151334884241653}. Best is trial 74 with value: 0.38872161265628985.
    [CPU] Loading amazon-ratings...
    DEBUG 3.1: Dataset init start
    DEBUG 3.2: prepare_data start amazon-ratings
    ----Data statistics------'
    Name: amazon-ratings
    #Nodes 24492
    #Edges 93050
    #Classes 5
    #Ave_degree 7.60
    ----Split statistics------'
    #Train samples 1224 (5.0 % of nodes)
    #Val samples 3673 (15.0 % of nodes)
    #Test samples 19595 (remaining)
    ----label noise information:------
    Instance dependent noise
    #Actual noise rate 0.50
    [cuda:0] LNPCC waiting for GPU slot...
    [cuda:0] Slot acquired (waited 183.0s). Starting GCN...
    FINAL_RESULT: {'acc': {'train': 0.3109656301145663, 'valid': 0.2635447862782467, 'test': 0.3847410053585098}, 'wall_s': 69.96, 'cpu_s': 66.63, 'gpu_s': 3.28, 'wait_s': 182.99}
    [Time] wall=70.0s | cpu=66.6s | gpu=3.3s
    C:\Users\fbrev\Documents\Acadêmico\Simulações\Python\NoisyGL\predictor\Base_Predictor.py:144: UserWarning: Sparse CSR tensor support is in beta state. If you miss a functionality in the sparse tensor support, please submit a feature request to https://github.com/pytorch/pytorch/issues. (Triggered internally at ..\aten\src\ATen\SparseCsrTensorImpl.cpp:55.)
    self.adj_csr = self.adj.to_sparse_csr().to(self.device)
[I 2026-04-27 16:36:07,643] Trial 97 finished with value: 0.3847410053585098 and parameters: {'lr': 0.005, 'weight_decay': 0.001, 'n_hidden': 32, 'n_layer': 3, 'dropout': 0.7209659151724583, 'knn_mode': 's', 'k': 22, 'dexp': 8.921604964815732, 'p_grd': 0.7842492008384016, 'unc_rem': 0.09891465682813554, 'unc_rel': 0.548369308573196}. Best is trial 74 with value: 0.38872161265628985.
    [CPU] Loading amazon-ratings...
    DEBUG 3.1: Dataset init start
    DEBUG 3.2: prepare_data start amazon-ratings
    ----Data statistics------'
    Name: amazon-ratings
    #Nodes 24492
    #Edges 93050
    #Classes 5
    #Ave_degree 7.60
    ----Split statistics------'
    #Train samples 1224 (5.0 % of nodes)
    #Val samples 3673 (15.0 % of nodes)
    #Test samples 19595 (remaining)
    ----label noise information:------
    Instance dependent noise
    #Actual noise rate 0.50
    [cuda:0] LNPCC waiting for GPU slot...
    [cuda:0] Slot acquired (waited 192.4s). Starting GCN...
    FINAL_RESULT: {'acc': {'train': 0.39950980392156865, 'valid': 0.26000544514021234, 'test': 0.3421791273284001}, 'wall_s': 78.38, 'cpu_s': 72.65, 'gpu_s': 5.68, 'wait_s': 192.37}
    [Time] wall=78.4s | cpu=72.7s | gpu=5.7s
    C:\Users\fbrev\Documents\Acadêmico\Simulações\Python\NoisyGL\predictor\Base_Predictor.py:144: UserWarning: Sparse CSR tensor support is in beta state. If you miss a functionality in the sparse tensor support, please submit a feature request to https://github.com/pytorch/pytorch/issues. (Triggered internally at ..\aten\src\ATen\SparseCsrTensorImpl.cpp:55.)
    self.adj_csr = self.adj.to_sparse_csr().to(self.device)
[I 2026-04-27 16:40:45,191] Trial 98 finished with value: 0.3421791273284001 and parameters: {'lr': 0.005, 'weight_decay': 0.001, 'n_hidden': 128, 'n_layer': 3, 'dropout': 0.5507508192738567, 'knn_mode': 's', 'k': 21, 'dexp': 9.799310377421707, 'p_grd': 0.8076841140965869, 'unc_rem': 0.15002911759496074, 'unc_rel': 0.36927394155086785}. Best is trial 74 with value: 0.38872161265628985.
    [CPU] Loading amazon-ratings...
    DEBUG 3.1: Dataset init start
    DEBUG 3.2: prepare_data start amazon-ratings
    ----Data statistics------'
    Name: amazon-ratings
    #Nodes 24492
    #Edges 93050
    #Classes 5
    #Ave_degree 7.60
    ----Split statistics------'
    #Train samples 1224 (5.0 % of nodes)
    #Val samples 3673 (15.0 % of nodes)
    #Test samples 19595 (remaining)
    ----label noise information:------
    Instance dependent noise
    #Actual noise rate 0.50
    [cuda:0] LNPCC waiting for GPU slot...
    [cuda:0] Slot acquired (waited 442.7s). Starting GCN...
    FINAL_RESULT: {'acc': {'train': 0.3145424836601307, 'valid': 0.2605499591614484, 'test': 0.3894871140597091}, 'wall_s': 72.91, 'cpu_s': 69.37, 'gpu_s': 3.5, 'wait_s': 442.72}
    [Time] wall=72.9s | cpu=69.4s | gpu=3.5s
    C:\Users\fbrev\Documents\Acadêmico\Simulações\Python\NoisyGL\predictor\Base_Predictor.py:144: UserWarning: Sparse CSR tensor support is in beta state. If you miss a functionality in the sparse tensor support, please submit a feature request to https://github.com/pytorch/pytorch/issues. (Triggered internally at ..\aten\src\ATen\SparseCsrTensorImpl.cpp:55.)
    self.adj_csr = self.adj.to_sparse_csr().to(self.device)
[I 2026-04-27 16:49:27,921] Trial 99 finished with value: 0.3894871140597091 and parameters: {'lr': 0.005, 'weight_decay': 0.001, 'n_hidden': 32, 'n_layer': 3, 'dropout': 0.44777897102516206, 'knn_mode': 's', 'k': 19, 'dexp': 9.261207697740575, 'p_grd': 0.7501046426444284, 'unc_rem': 0.3728511544432928, 'unc_rel': 0.5274063760478868}. Best is trial 99 with value: 0.3894871140597091.
    [CPU] Loading amazon-ratings...
    DEBUG 3.1: Dataset init start
    DEBUG 3.2: prepare_data start amazon-ratings
    ----Data statistics------'
    Name: amazon-ratings
    #Nodes 24492
    #Edges 93050
    #Classes 5
    #Ave_degree 7.60
    ----Split statistics------'
    #Train samples 1224 (5.0 % of nodes)
    #Val samples 3673 (15.0 % of nodes)
    #Test samples 19595 (remaining)
    ----label noise information:------
    Instance dependent noise
    #Actual noise rate 0.50
    [cuda:0] LNPCC waiting for GPU slot...
    [cuda:0] Slot acquired (waited 202.0s). Starting GCN...
    FINAL_RESULT: {'acc': {'train': 0.30637254901960786, 'valid': 0.2583719030765042, 'test': 0.385914774177086}, 'wall_s': 52.67, 'cpu_s': 49.5, 'gpu_s': 3.12, 'wait_s': 201.98}
    [Time] wall=52.7s | cpu=49.5s | gpu=3.1s
    C:\Users\fbrev\Documents\Acadêmico\Simulações\Python\NoisyGL\predictor\Base_Predictor.py:144: UserWarning: Sparse CSR tensor support is in beta state. If you miss a functionality in the sparse tensor support, please submit a feature request to https://github.com/pytorch/pytorch/issues. (Triggered internally at ..\aten\src\ATen\SparseCsrTensorImpl.cpp:55.)
    self.adj_csr = self.adj.to_sparse_csr().to(self.device)
[I 2026-04-27 16:53:49,355] Trial 100 finished with value: 0.385914774177086 and parameters: {'lr': 0.005, 'weight_decay': 0.001, 'n_hidden': 32, 'n_layer': 3, 'dropout': 0.4319695125776572, 'knn_mode': 's', 'k': 17, 'dexp': 9.170019148454674, 'p_grd': 0.7588027115469552, 'unc_rem': 0.36056766824188413, 'unc_rel': 0.42650950712571756}. Best is trial 99 with value: 0.3894871140597091.
    [CPU] Loading amazon-ratings...
    DEBUG 3.1: Dataset init start
    DEBUG 3.2: prepare_data start amazon-ratings
    ----Data statistics------'
    Name: amazon-ratings
    #Nodes 24492
    #Edges 93050
    #Classes 5
    #Ave_degree 7.60
    ----Split statistics------'
    #Train samples 1224 (5.0 % of nodes)
    #Val samples 3673 (15.0 % of nodes)
    #Test samples 19595 (remaining)
    ----label noise information:------
    Instance dependent noise
    #Actual noise rate 0.50
    [cuda:0] LNPCC waiting for GPU slot...
    [cuda:0] Slot acquired (waited 1209.8s). Starting GCN...
    FINAL_RESULT: {'acc': {'train': 0.3137254901960784, 'valid': 0.25973318812959434, 'test': 0.388568512375606}, 'wall_s': 63.92, 'cpu_s': 60.78, 'gpu_s': 3.09, 'wait_s': 1209.83}
    [Time] wall=63.9s | cpu=60.8s | gpu=3.1s
    C:\Users\fbrev\Documents\Acadêmico\Simulações\Python\NoisyGL\predictor\Base_Predictor.py:144: UserWarning: Sparse CSR tensor support is in beta state. If you miss a functionality in the sparse tensor support, please submit a feature request to https://github.com/pytorch/pytorch/issues. (Triggered internally at ..\aten\src\ATen\SparseCsrTensorImpl.cpp:55.)
    self.adj_csr = self.adj.to_sparse_csr().to(self.device)
[I 2026-04-27 17:15:09,677] Trial 101 finished with value: 0.388568512375606 and parameters: {'lr': 0.005, 'weight_decay': 0.001, 'n_hidden': 32, 'n_layer': 3, 'dropout': 0.48329803774166685, 'knn_mode': 's', 'k': 17, 'dexp': 9.444652881022352, 'p_grd': 0.8450169434816119, 'unc_rem': 0.433006238996765, 'unc_rel': 0.34646956349808544}. Best is trial 99 with value: 0.3894871140597091.
    [CPU] Loading amazon-ratings...
    DEBUG 3.1: Dataset init start
    DEBUG 3.2: prepare_data start amazon-ratings
    ----Data statistics------'
    Name: amazon-ratings
    #Nodes 24492
    #Edges 93050
    #Classes 5
    #Ave_degree 7.60
    ----Split statistics------'
    #Train samples 1224 (5.0 % of nodes)
    #Val samples 3673 (15.0 % of nodes)
    #Test samples 19595 (remaining)
    ----label noise information:------
    Instance dependent noise
    #Actual noise rate 0.50
    [cuda:0] LNPCC waiting for GPU slot...
    [cuda:0] Slot acquired (waited 190.7s). Starting GCN...
    FINAL_RESULT: {'acc': {'train': 0.3202614379084967, 'valid': 0.26490607133133676, 'test': 0.38703750956876753}, 'wall_s': 58.96, 'cpu_s': 55.77, 'gpu_s': 3.14, 'wait_s': 190.75}
    [Time] wall=59.0s | cpu=55.8s | gpu=3.1s
    C:\Users\fbrev\Documents\Acadêmico\Simulações\Python\NoisyGL\predictor\Base_Predictor.py:144: UserWarning: Sparse CSR tensor support is in beta state. If you miss a functionality in the sparse tensor support, please submit a feature request to https://github.com/pytorch/pytorch/issues. (Triggered internally at ..\aten\src\ATen\SparseCsrTensorImpl.cpp:55.)
    self.adj_csr = self.adj.to_sparse_csr().to(self.device)
[I 2026-04-27 17:19:25,977] Trial 102 finished with value: 0.38703750956876753 and parameters: {'lr': 0.005, 'weight_decay': 0.001, 'n_hidden': 32, 'n_layer': 3, 'dropout': 0.7363637013769513, 'knn_mode': 's', 'k': 15, 'dexp': 9.980652112425892, 'p_grd': 0.6699481802696534, 'unc_rem': 0.3281346525887287, 'unc_rel': 0.3490594071251208}. Best is trial 99 with value: 0.3894871140597091.
    [CPU] Loading amazon-ratings...
    DEBUG 3.1: Dataset init start
    DEBUG 3.2: prepare_data start amazon-ratings
    ----Data statistics------'
    Name: amazon-ratings
    #Nodes 24492
    #Edges 93050
    #Classes 5
    #Ave_degree 7.60
    ----Split statistics------'
    #Train samples 1224 (5.0 % of nodes)
    #Val samples 3673 (15.0 % of nodes)
    #Test samples 19595 (remaining)
    ----label noise information:------
    Instance dependent noise
    #Actual noise rate 0.50
    [cuda:0] LNPCC waiting for GPU slot...
    [cuda:0] Slot acquired (waited 187.6s). Starting GCN...
    FINAL_RESULT: {'acc': {'train': 0.3145424836601307, 'valid': 0.2605499591614484, 'test': 0.3875478438377137}, 'wall_s': 62.52, 'cpu_s': 59.16, 'gpu_s': 3.31, 'wait_s': 187.6}
    [Time] wall=62.5s | cpu=59.2s | gpu=3.3s
    C:\Users\fbrev\Documents\Acadêmico\Simulações\Python\NoisyGL\predictor\Base_Predictor.py:144: UserWarning: Sparse CSR tensor support is in beta state. If you miss a functionality in the sparse tensor support, please submit a feature request to https://github.com/pytorch/pytorch/issues. (Triggered internally at ..\aten\src\ATen\SparseCsrTensorImpl.cpp:55.)
    self.adj_csr = self.adj.to_sparse_csr().to(self.device)
[I 2026-04-27 17:23:43,203] Trial 103 finished with value: 0.3875478438377137 and parameters: {'lr': 0.005, 'weight_decay': 0.001, 'n_hidden': 32, 'n_layer': 3, 'dropout': 0.4824719822861317, 'knn_mode': 's', 'k': 19, 'dexp': 9.481922190008044, 'p_grd': 0.8453556428719085, 'unc_rem': 0.3865913739649761, 'unc_rel': 0.5150636269587958}. Best is trial 99 with value: 0.3894871140597091.
    [CPU] Loading amazon-ratings...
    DEBUG 3.1: Dataset init start
    DEBUG 3.2: prepare_data start amazon-ratings
    ----Data statistics------'
    Name: amazon-ratings
    #Nodes 24492
    #Edges 93050
    #Classes 5
    #Ave_degree 7.60
    ----Split statistics------'
    #Train samples 1224 (5.0 % of nodes)
    #Val samples 3673 (15.0 % of nodes)
    #Test samples 19595 (remaining)
    ----label noise information:------
    Instance dependent noise
    #Actual noise rate 0.50
    [cuda:0] LNPCC waiting for GPU slot...
    [cuda:0] Slot acquired (waited 176.1s). Starting GCN...
    FINAL_RESULT: {'acc': {'train': 0.315359477124183, 'valid': 0.25973318812959434, 'test': 0.3878030109721868}, 'wall_s': 67.83, 'cpu_s': 64.71, 'gpu_s': 3.08, 'wait_s': 176.06}
    [Time] wall=67.8s | cpu=64.7s | gpu=3.1s
    C:\Users\fbrev\Documents\Acadêmico\Simulações\Python\NoisyGL\predictor\Base_Predictor.py:144: UserWarning: Sparse CSR tensor support is in beta state. If you miss a functionality in the sparse tensor support, please submit a feature request to https://github.com/pytorch/pytorch/issues. (Triggered internally at ..\aten\src\ATen\SparseCsrTensorImpl.cpp:55.)
    self.adj_csr = self.adj.to_sparse_csr().to(self.device)
[I 2026-04-27 17:27:53,569] Trial 104 finished with value: 0.3878030109721868 and parameters: {'lr': 0.005, 'weight_decay': 0.001, 'n_hidden': 32, 'n_layer': 3, 'dropout': 0.48267889693076926, 'knn_mode': 's', 'k': 17, 'dexp': 9.40106876460943, 'p_grd': 0.8407540644750505, 'unc_rem': 0.38528097793942717, 'unc_rel': 0.3900224700698374}. Best is trial 99 with value: 0.3894871140597091.
    [CPU] Loading amazon-ratings...
    DEBUG 3.1: Dataset init start
    DEBUG 3.2: prepare_data start amazon-ratings
    ----Data statistics------'
    Name: amazon-ratings
    #Nodes 24492
    #Edges 93050
    #Classes 5
    #Ave_degree 7.60
    ----Split statistics------'
    #Train samples 1224 (5.0 % of nodes)
    #Val samples 3673 (15.0 % of nodes)
    #Test samples 19595 (remaining)
    ----label noise information:------
    Instance dependent noise
    #Actual noise rate 0.50
    [cuda:0] LNPCC waiting for GPU slot...
    [cuda:0] Slot acquired (waited 430.3s). Starting GCN...
    FINAL_RESULT: {'acc': {'train': 0.30310457516339867, 'valid': 0.2610944731826845, 'test': 0.3866292421536106}, 'wall_s': 65.35, 'cpu_s': 62.13, 'gpu_s': 3.17, 'wait_s': 430.31}
    [Time] wall=65.3s | cpu=62.1s | gpu=3.2s
    C:\Users\fbrev\Documents\Acadêmico\Simulações\Python\NoisyGL\predictor\Base_Predictor.py:144: UserWarning: Sparse CSR tensor support is in beta state. If you miss a functionality in the sparse tensor support, please submit a feature request to https://github.com/pytorch/pytorch/issues. (Triggered internally at ..\aten\src\ATen\SparseCsrTensorImpl.cpp:55.)
    self.adj_csr = self.adj.to_sparse_csr().to(self.device)
[I 2026-04-27 17:36:16,005] Trial 105 finished with value: 0.3866292421536106 and parameters: {'lr': 0.005, 'weight_decay': 0.001, 'n_hidden': 32, 'n_layer': 3, 'dropout': 0.5111489285095795, 'knn_mode': 's', 'k': 17, 'dexp': 9.42020458904467, 'p_grd': 0.8756923527337103, 'unc_rem': 0.5571533540422747, 'unc_rel': 0.35104111501327245}. Best is trial 99 with value: 0.3894871140597091.
    [CPU] Loading amazon-ratings...
    DEBUG 3.1: Dataset init start
    DEBUG 3.2: prepare_data start amazon-ratings
    ----Data statistics------'
    Name: amazon-ratings
    #Nodes 24492
    #Edges 93050
    #Classes 5
    #Ave_degree 7.60
    ----Split statistics------'
    #Train samples 1224 (5.0 % of nodes)
    #Val samples 3673 (15.0 % of nodes)
    #Test samples 19595 (remaining)
    ----label noise information:------
    Instance dependent noise
    #Actual noise rate 0.50
    [cuda:0] LNPCC waiting for GPU slot...
    [cuda:0] Slot acquired (waited 171.9s). Starting GCN...
    FINAL_RESULT: {'acc': {'train': 0.31209150326797386, 'valid': 0.2591886741083583, 'test': 0.38759887726460834}, 'wall_s': 66.94, 'cpu_s': 63.59, 'gpu_s': 3.29, 'wait_s': 171.85}
    [Time] wall=66.9s | cpu=63.6s | gpu=3.3s
    C:\Users\fbrev\Documents\Acadêmico\Simulações\Python\NoisyGL\predictor\Base_Predictor.py:144: UserWarning: Sparse CSR tensor support is in beta state. If you miss a functionality in the sparse tensor support, please submit a feature request to https://github.com/pytorch/pytorch/issues. (Triggered internally at ..\aten\src\ATen\SparseCsrTensorImpl.cpp:55.)
    self.adj_csr = self.adj.to_sparse_csr().to(self.device)
[I 2026-04-27 17:40:21,699] Trial 106 finished with value: 0.38759887726460834 and parameters: {'lr': 0.005, 'weight_decay': 0.001, 'n_hidden': 32, 'n_layer': 3, 'dropout': 0.44085316682939985, 'knn_mode': 's', 'k': 14, 'dexp': 9.734505282633304, 'p_grd': 0.8281323209809892, 'unc_rem': 0.41928593200187275, 'unc_rel': 0.38757828115155923}. Best is trial 99 with value: 0.3894871140597091.
    [CPU] Loading amazon-ratings...
    DEBUG 3.1: Dataset init start
    DEBUG 3.2: prepare_data start amazon-ratings
    ----Data statistics------'
    Name: amazon-ratings
    #Nodes 24492
    #Edges 93050
    #Classes 5
    #Ave_degree 7.60
    ----Split statistics------'
    #Train samples 1224 (5.0 % of nodes)
    #Val samples 3673 (15.0 % of nodes)
    #Test samples 19595 (remaining)
    ----label noise information:------
    Instance dependent noise
    #Actual noise rate 0.50
    [cuda:0] LNPCC waiting for GPU slot...
    [cuda:0] Slot acquired (waited 190.3s). Starting GCN...
    FINAL_RESULT: {'acc': {'train': 0.30800653594771243, 'valid': 0.25973318812959434, 'test': 0.38576167389640215}, 'wall_s': 57.23, 'cpu_s': 54.11, 'gpu_s': 3.07, 'wait_s': 190.35}
    [Time] wall=57.2s | cpu=54.1s | gpu=3.1s
    C:\Users\fbrev\Documents\Acadêmico\Simulações\Python\NoisyGL\predictor\Base_Predictor.py:144: UserWarning: Sparse CSR tensor support is in beta state. If you miss a functionality in the sparse tensor support, please submit a feature request to https://github.com/pytorch/pytorch/issues. (Triggered internally at ..\aten\src\ATen\SparseCsrTensorImpl.cpp:55.)
    self.adj_csr = self.adj.to_sparse_csr().to(self.device)
[I 2026-04-27 17:44:36,079] Trial 107 finished with value: 0.38576167389640215 and parameters: {'lr': 0.005, 'weight_decay': 0.001, 'n_hidden': 32, 'n_layer': 3, 'dropout': 0.4823948331780088, 'knn_mode': 's', 'k': 11, 'dexp': 9.70579978488027, 'p_grd': 0.7258638517376244, 'unc_rem': 0.4354990783877451, 'unc_rel': 0.38698814439718754}. Best is trial 99 with value: 0.3894871140597091.
    [CPU] Loading amazon-ratings...
    DEBUG 3.1: Dataset init start
    DEBUG 3.2: prepare_data start amazon-ratings
    ----Data statistics------'
    Name: amazon-ratings
    #Nodes 24492
    #Edges 93050
    #Classes 5
    #Ave_degree 7.60
    ----Split statistics------'
    #Train samples 1224 (5.0 % of nodes)
    #Val samples 3673 (15.0 % of nodes)
    #Test samples 19595 (remaining)
    ----label noise information:------
    Instance dependent noise
    #Actual noise rate 0.50
    [cuda:0] LNPCC waiting for GPU slot...
    [cuda:0] Slot acquired (waited 181.7s). Starting GCN...
    FINAL_RESULT: {'acc': {'train': 0.3145424836601307, 'valid': 0.25755513204465014, 'test': 0.3866292421536106}, 'wall_s': 64.99, 'cpu_s': 61.72, 'gpu_s': 3.23, 'wait_s': 181.68}
    [Time] wall=65.0s | cpu=61.7s | gpu=3.2s
    C:\Users\fbrev\Documents\Acadêmico\Simulações\Python\NoisyGL\predictor\Base_Predictor.py:144: UserWarning: Sparse CSR tensor support is in beta state. If you miss a functionality in the sparse tensor support, please submit a feature request to https://github.com/pytorch/pytorch/issues. (Triggered internally at ..\aten\src\ATen\SparseCsrTensorImpl.cpp:55.)
    self.adj_csr = self.adj.to_sparse_csr().to(self.device)
[I 2026-04-27 17:48:49,536] Trial 108 finished with value: 0.3866292421536106 and parameters: {'lr': 0.01, 'weight_decay': 0.001, 'n_hidden': 32, 'n_layer': 3, 'dropout': 0.4411885187638126, 'knn_mode': 's', 'k': 13, 'dexp': 9.536490862989032, 'p_grd': 0.7633579881904057, 'unc_rem': 0.3901400458932131, 'unc_rel': 0.39722120633905145}. Best is trial 99 with value: 0.3894871140597091.
    [CPU] Loading amazon-ratings...
    DEBUG 3.1: Dataset init start
    DEBUG 3.2: prepare_data start amazon-ratings
    ----Data statistics------'
    Name: amazon-ratings
    #Nodes 24492
    #Edges 93050
    #Classes 5
    #Ave_degree 7.60
    ----Split statistics------'
    #Train samples 1224 (5.0 % of nodes)
    #Val samples 3673 (15.0 % of nodes)
    #Test samples 19595 (remaining)
    ----label noise information:------
    Instance dependent noise
    #Actual noise rate 0.50
    [cuda:0] LNPCC waiting for GPU slot...
    [cuda:0] Slot acquired (waited 414.5s). Starting GCN...
    FINAL_RESULT: {'acc': {'train': 0.42320261437908496, 'valid': 0.255649332970324, 'test': 0.3561112528706303}, 'wall_s': 75.75, 'cpu_s': 72.62, 'gpu_s': 3.07, 'wait_s': 414.54}
    [Time] wall=75.7s | cpu=72.6s | gpu=3.1s
    C:\Users\fbrev\Documents\Acadêmico\Simulações\Python\NoisyGL\predictor\Base_Predictor.py:144: UserWarning: Sparse CSR tensor support is in beta state. If you miss a functionality in the sparse tensor support, please submit a feature request to https://github.com/pytorch/pytorch/issues. (Triggered internally at ..\aten\src\ATen\SparseCsrTensorImpl.cpp:55.)
    self.adj_csr = self.adj.to_sparse_csr().to(self.device)
[I 2026-04-27 17:57:06,272] Trial 109 finished with value: 0.3561112528706303 and parameters: {'lr': 0.05, 'weight_decay': 0.001, 'n_hidden': 32, 'n_layer': 3, 'dropout': 0.44883442555001857, 'knn_mode': 's', 'k': 14, 'dexp': 9.811812279772932, 'p_grd': 0.8090858864715065, 'unc_rem': 0.41328735422131113, 'unc_rel': 0.5250056566744634}. Best is trial 99 with value: 0.3894871140597091.
    [CPU] Loading amazon-ratings...
    DEBUG 3.1: Dataset init start
    DEBUG 3.2: prepare_data start amazon-ratings
    ----Data statistics------'
    Name: amazon-ratings
    #Nodes 24492
    #Edges 93050
    #Classes 5
    #Ave_degree 7.60
    ----Split statistics------'
    #Train samples 1224 (5.0 % of nodes)
    #Val samples 3673 (15.0 % of nodes)
    #Test samples 19595 (remaining)
    ----label noise information:------
    Instance dependent noise
    #Actual noise rate 0.50
    [cuda:0] LNPCC waiting for GPU slot...
    [cuda:0] Slot acquired (waited 175.4s). Starting GCN...
    FINAL_RESULT: {'acc': {'train': 0.3161764705882353, 'valid': 0.2591886741083583, 'test': 0.3878540443990814}, 'wall_s': 61.33, 'cpu_s': 58.34, 'gpu_s': 2.95, 'wait_s': 175.39}
    [Time] wall=61.3s | cpu=58.3s | gpu=2.9s
    C:\Users\fbrev\Documents\Acadêmico\Simulações\Python\NoisyGL\predictor\Base_Predictor.py:144: UserWarning: Sparse CSR tensor support is in beta state. If you miss a functionality in the sparse tensor support, please submit a feature request to https://github.com/pytorch/pytorch/issues. (Triggered internally at ..\aten\src\ATen\SparseCsrTensorImpl.cpp:55.)
    self.adj_csr = self.adj.to_sparse_csr().to(self.device)
[I 2026-04-27 18:01:09,659] Trial 110 finished with value: 0.3878540443990814 and parameters: {'lr': 0.005, 'weight_decay': 0.001, 'n_hidden': 32, 'n_layer': 3, 'dropout': 0.4859129348823738, 'knn_mode': 's', 'k': 15, 'dexp': 9.30940293553027, 'p_grd': 0.8454993559670498, 'unc_rem': 0.48142247930425236, 'unc_rel': 0.29964182779511794}. Best is trial 99 with value: 0.3894871140597091.
    [CPU] Loading amazon-ratings...
    DEBUG 3.1: Dataset init start
    DEBUG 3.2: prepare_data start amazon-ratings
    ----Data statistics------'
    Name: amazon-ratings
    #Nodes 24492
    #Edges 93050
    #Classes 5
    #Ave_degree 7.60
    ----Split statistics------'
    #Train samples 1224 (5.0 % of nodes)
    #Val samples 3673 (15.0 % of nodes)
    #Test samples 19595 (remaining)
    ----label noise information:------
    Instance dependent noise
    #Actual noise rate 0.50
    [cuda:0] LNPCC waiting for GPU slot...
    [cuda:0] Slot acquired (waited 641.4s). Starting GCN...
    FINAL_RESULT: {'acc': {'train': 0.2704248366013072, 'valid': 0.2605499591614484, 'test': 0.35856085736157184}, 'wall_s': 81.54, 'cpu_s': 72.57, 'gpu_s': 8.93, 'wait_s': 641.4}
    [Time] wall=81.5s | cpu=72.6s | gpu=8.9s
    C:\Users\fbrev\Documents\Acadêmico\Simulações\Python\NoisyGL\predictor\Base_Predictor.py:144: UserWarning: Sparse CSR tensor support is in beta state. If you miss a functionality in the sparse tensor support, please submit a feature request to https://github.com/pytorch/pytorch/issues. (Triggered internally at ..\aten\src\ATen\SparseCsrTensorImpl.cpp:55.)
    self.adj_csr = self.adj.to_sparse_csr().to(self.device)
[I 2026-04-27 18:13:18,896] Trial 111 finished with value: 0.35856085736157184 and parameters: {'lr': 0.1, 'weight_decay': 0.001, 'n_hidden': 256, 'n_layer': 3, 'dropout': 0.5182793614197335, 'knn_mode': 's', 'k': 14, 'dexp': 9.272721546122703, 'p_grd': 0.8520093465004227, 'unc_rem': 0.4839444460995116, 'unc_rel': 0.30019070883492216}. Best is trial 99 with value: 0.3894871140597091.
    [CPU] Loading amazon-ratings...
    DEBUG 3.1: Dataset init start
    DEBUG 3.2: prepare_data start amazon-ratings
    ----Data statistics------'
    Name: amazon-ratings
    #Nodes 24492
    #Edges 93050
    #Classes 5
    #Ave_degree 7.60
    ----Split statistics------'
    #Train samples 1224 (5.0 % of nodes)
    #Val samples 3673 (15.0 % of nodes)
    #Test samples 19595 (remaining)
    ----label noise information:------
    Instance dependent noise
    #Actual noise rate 0.50
    [cuda:0] LNPCC waiting for GPU slot...
    [cuda:0] Slot acquired (waited 176.9s). Starting GCN...
    FINAL_RESULT: {'acc': {'train': 0.3137254901960784, 'valid': 0.26000544514021234, 'test': 0.38739474355702985}, 'wall_s': 61.98, 'cpu_s': 58.74, 'gpu_s': 3.19, 'wait_s': 176.9}
    [Time] wall=62.0s | cpu=58.7s | gpu=3.2s
    C:\Users\fbrev\Documents\Acadêmico\Simulações\Python\NoisyGL\predictor\Base_Predictor.py:144: UserWarning: Sparse CSR tensor support is in beta state. If you miss a functionality in the sparse tensor support, please submit a feature request to https://github.com/pytorch/pytorch/issues. (Triggered internally at ..\aten\src\ATen\SparseCsrTensorImpl.cpp:55.)
    self.adj_csr = self.adj.to_sparse_csr().to(self.device)
[I 2026-04-27 18:17:23,745] Trial 112 finished with value: 0.38739474355702985 and parameters: {'lr': 0.005, 'weight_decay': 0.001, 'n_hidden': 32, 'n_layer': 3, 'dropout': 0.489219545025105, 'knn_mode': 's', 'k': 15, 'dexp': 9.98370678842996, 'p_grd': 0.7824105717317574, 'unc_rem': 0.5329514526855573, 'unc_rel': 0.26894970352482467}. Best is trial 99 with value: 0.3894871140597091.
    [CPU] Loading amazon-ratings...
    DEBUG 3.1: Dataset init start
    DEBUG 3.2: prepare_data start amazon-ratings
    ----Data statistics------'
    Name: amazon-ratings
    #Nodes 24492
    #Edges 93050
    #Classes 5
    #Ave_degree 7.60
    ----Split statistics------'
    #Train samples 1224 (5.0 % of nodes)
    #Val samples 3673 (15.0 % of nodes)
    #Test samples 19595 (remaining)
    ----label noise information:------
    Instance dependent noise
    #Actual noise rate 0.50
    [cuda:0] LNPCC waiting for GPU slot...
    [cuda:0] Slot acquired (waited 173.8s). Starting GCN...
    FINAL_RESULT: {'acc': {'train': 0.3047385620915033, 'valid': 0.25973318812959434, 'test': 0.3862209747384537}, 'wall_s': 65.63, 'cpu_s': 62.33, 'gpu_s': 3.25, 'wait_s': 173.76}
    [Time] wall=65.6s | cpu=62.3s | gpu=3.2s
    C:\Users\fbrev\Documents\Acadêmico\Simulações\Python\NoisyGL\predictor\Base_Predictor.py:144: UserWarning: Sparse CSR tensor support is in beta state. If you miss a functionality in the sparse tensor support, please submit a feature request to https://github.com/pytorch/pytorch/issues. (Triggered internally at ..\aten\src\ATen\SparseCsrTensorImpl.cpp:55.)
    self.adj_csr = self.adj.to_sparse_csr().to(self.device)
[I 2026-04-27 18:21:29,446] Trial 113 finished with value: 0.3862209747384537 and parameters: {'lr': 0.005, 'weight_decay': 0.001, 'n_hidden': 32, 'n_layer': 3, 'dropout': 0.4901981107776026, 'knn_mode': 's', 'k': 15, 'dexp': 9.976785910333504, 'p_grd': 0.7764464956376784, 'unc_rem': 0.5254163126577649, 'unc_rel': 0.22780055963982804}. Best is trial 99 with value: 0.3894871140597091.
    [CPU] Loading amazon-ratings...
    DEBUG 3.1: Dataset init start
    DEBUG 3.2: prepare_data start amazon-ratings
    ----Data statistics------'
    Name: amazon-ratings
    #Nodes 24492
    #Edges 93050
    #Classes 5
    #Ave_degree 7.60
    ----Split statistics------'
    #Train samples 1224 (5.0 % of nodes)
    #Val samples 3673 (15.0 % of nodes)
    #Test samples 19595 (remaining)
    ----label noise information:------
    Instance dependent noise
    #Actual noise rate 0.50
    [cuda:0] LNPCC waiting for GPU slot...
    [cuda:0] Slot acquired (waited 437.7s). Starting GCN...
    FINAL_RESULT: {'acc': {'train': 0.31699346405228757, 'valid': 0.2602777021508304, 'test': 0.3871906098494514}, 'wall_s': 61.05, 'cpu_s': 58.22, 'gpu_s': 2.78, 'wait_s': 437.7}
    [Time] wall=61.1s | cpu=58.2s | gpu=2.8s
    C:\Users\fbrev\Documents\Acadêmico\Simulações\Python\NoisyGL\predictor\Base_Predictor.py:144: UserWarning: Sparse CSR tensor support is in beta state. If you miss a functionality in the sparse tensor support, please submit a feature request to https://github.com/pytorch/pytorch/issues. (Triggered internally at ..\aten\src\ATen\SparseCsrTensorImpl.cpp:55.)
    self.adj_csr = self.adj.to_sparse_csr().to(self.device)
[I 2026-04-27 18:29:54,849] Trial 114 finished with value: 0.3871906098494514 and parameters: {'lr': 0.005, 'weight_decay': 0.001, 'n_hidden': 32, 'n_layer': 3, 'dropout': 0.4582142099992412, 'knn_mode': 's', 'k': 8, 'dexp': 9.407636556044457, 'p_grd': 0.8023070312572936, 'unc_rem': 0.4666651327228174, 'unc_rel': 0.3258969877847243}. Best is trial 99 with value: 0.3894871140597091.
    [CPU] Loading amazon-ratings...
    DEBUG 3.1: Dataset init start
    DEBUG 3.2: prepare_data start amazon-ratings
    ----Data statistics------'
    Name: amazon-ratings
    #Nodes 24492
    #Edges 93050
    #Classes 5
    #Ave_degree 7.60
    ----Split statistics------'
    #Train samples 1224 (5.0 % of nodes)
    #Val samples 3673 (15.0 % of nodes)
    #Test samples 19595 (remaining)
    ----label noise information:------
    Instance dependent noise
    #Actual noise rate 0.50
    [cuda:0] LNPCC waiting for GPU slot...
    [cuda:0] Slot acquired (waited 442.6s). Starting GCN...
    FINAL_RESULT: {'acc': {'train': 0.3022875816993464, 'valid': 0.2608222161720664, 'test': 0.38581270732329676}, 'wall_s': 57.35, 'cpu_s': 54.04, 'gpu_s': 3.26, 'wait_s': 442.63}
    [Time] wall=57.3s | cpu=54.0s | gpu=3.3s
    C:\Users\fbrev\Documents\Acadêmico\Simulações\Python\NoisyGL\predictor\Base_Predictor.py:144: UserWarning: Sparse CSR tensor support is in beta state. If you miss a functionality in the sparse tensor support, please submit a feature request to https://github.com/pytorch/pytorch/issues. (Triggered internally at ..\aten\src\ATen\SparseCsrTensorImpl.cpp:55.)
    self.adj_csr = self.adj.to_sparse_csr().to(self.device)
[I 2026-04-27 18:38:21,321] Trial 115 finished with value: 0.38581270732329676 and parameters: {'lr': 0.005, 'weight_decay': 0.001, 'n_hidden': 32, 'n_layer': 3, 'dropout': 0.5053523718714346, 'knn_mode': 's', 'k': 17, 'dexp': 9.620711833079588, 'p_grd': 0.7413060023102799, 'unc_rem': 0.43795791929710076, 'unc_rel': 0.27439976726566195}. Best is trial 99 with value: 0.3894871140597091.
    [CPU] Loading amazon-ratings...
    DEBUG 3.1: Dataset init start
    DEBUG 3.2: prepare_data start amazon-ratings
    ----Data statistics------'
    Name: amazon-ratings
    #Nodes 24492
    #Edges 93050
    #Classes 5
    #Ave_degree 7.60
    ----Split statistics------'
    #Train samples 1224 (5.0 % of nodes)
    #Val samples 3673 (15.0 % of nodes)
    #Test samples 19595 (remaining)
    ----label noise information:------
    Instance dependent noise
    #Actual noise rate 0.50
    [cuda:0] LNPCC waiting for GPU slot...
    [cuda:0] Slot acquired (waited 430.4s). Starting GCN...
    FINAL_RESULT: {'acc': {'train': 0.30800653594771243, 'valid': 0.25891641709774027, 'test': 0.3868844092880837}, 'wall_s': 69.6, 'cpu_s': 66.41, 'gpu_s': 3.15, 'wait_s': 430.42}
    [Time] wall=69.6s | cpu=66.4s | gpu=3.1s
    C:\Users\fbrev\Documents\Acadêmico\Simulações\Python\NoisyGL\predictor\Base_Predictor.py:144: UserWarning: Sparse CSR tensor support is in beta state. If you miss a functionality in the sparse tensor support, please submit a feature request to https://github.com/pytorch/pytorch/issues. (Triggered internally at ..\aten\src\ATen\SparseCsrTensorImpl.cpp:55.)
    self.adj_csr = self.adj.to_sparse_csr().to(self.device)
[I 2026-04-27 18:46:47,846] Trial 116 finished with value: 0.3868844092880837 and parameters: {'lr': 0.005, 'weight_decay': 0.001, 'n_hidden': 32, 'n_layer': 3, 'dropout': 0.4810784693298419, 'knn_mode': 's', 'k': 12, 'dexp': 8.924480187195218, 'p_grd': 0.8236011627467011, 'unc_rem': 0.553040383499791, 'unc_rel': 0.30847172049511407}. Best is trial 99 with value: 0.3894871140597091.
    [CPU] Loading amazon-ratings...
    DEBUG 3.1: Dataset init start
    DEBUG 3.2: prepare_data start amazon-ratings
    ----Data statistics------'
    Name: amazon-ratings
    #Nodes 24492
    #Edges 93050
    #Classes 5
    #Ave_degree 7.60
    ----Split statistics------'
    #Train samples 1224 (5.0 % of nodes)
    #Val samples 3673 (15.0 % of nodes)
    #Test samples 19595 (remaining)
    ----label noise information:------
    Instance dependent noise
    #Actual noise rate 0.50
    [cuda:0] LNPCC waiting for GPU slot...
    [cuda:0] Slot acquired (waited 404.3s). Starting GCN...
    FINAL_RESULT: {'acc': {'train': 0.3104575163398693, 'valid': 0.25755513204465014, 'test': 0.3846899719316152}, 'wall_s': 60.09, 'cpu_s': 56.77, 'gpu_s': 3.28, 'wait_s': 404.34}
    [Time] wall=60.1s | cpu=56.8s | gpu=3.3s
    C:\Users\fbrev\Documents\Acadêmico\Simulações\Python\NoisyGL\predictor\Base_Predictor.py:144: UserWarning: Sparse CSR tensor support is in beta state. If you miss a functionality in the sparse tensor support, please submit a feature request to https://github.com/pytorch/pytorch/issues. (Triggered internally at ..\aten\src\ATen\SparseCsrTensorImpl.cpp:55.)
    self.adj_csr = self.adj.to_sparse_csr().to(self.device)
[I 2026-04-27 18:54:38,474] Trial 117 finished with value: 0.3846899719316152 and parameters: {'lr': 0.005, 'weight_decay': 0.001, 'n_hidden': 32, 'n_layer': 3, 'dropout': 0.4165371364853974, 'knn_mode': 's', 'k': 18, 'dexp': 9.182238296638948, 'p_grd': 0.7049400158873909, 'unc_rem': 0.37636944002178163, 'unc_rel': 0.20972876127205226}. Best is trial 99 with value: 0.3894871140597091.
    [CPU] Loading amazon-ratings...
    DEBUG 3.1: Dataset init start
    DEBUG 3.2: prepare_data start amazon-ratings
    ----Data statistics------'
    Name: amazon-ratings
    #Nodes 24492
    #Edges 93050
    #Classes 5
    #Ave_degree 7.60
    ----Split statistics------'
    #Train samples 1224 (5.0 % of nodes)
    #Val samples 3673 (15.0 % of nodes)
    #Test samples 19595 (remaining)
    ----label noise information:------
    Instance dependent noise
    #Actual noise rate 0.50
    [cuda:0] LNPCC waiting for GPU slot...
    [cuda:0] Slot acquired (waited 173.8s). Starting GCN...
    FINAL_RESULT: {'acc': {'train': 0.3137254901960784, 'valid': 0.25891641709774027, 'test': 0.38770094411839756}, 'wall_s': 64.91, 'cpu_s': 61.62, 'gpu_s': 3.25, 'wait_s': 173.76}
    [Time] wall=64.9s | cpu=61.6s | gpu=3.2s
    C:\Users\fbrev\Documents\Acadêmico\Simulações\Python\NoisyGL\predictor\Base_Predictor.py:144: UserWarning: Sparse CSR tensor support is in beta state. If you miss a functionality in the sparse tensor support, please submit a feature request to https://github.com/pytorch/pytorch/issues. (Triggered internally at ..\aten\src\ATen\SparseCsrTensorImpl.cpp:55.)
    self.adj_csr = self.adj.to_sparse_csr().to(self.device)
[I 2026-04-27 18:58:43,821] Trial 118 finished with value: 0.38770094411839756 and parameters: {'lr': 0.005, 'weight_decay': 0.001, 'n_hidden': 32, 'n_layer': 3, 'dropout': 0.4527282383319986, 'knn_mode': 's', 'k': 16, 'dexp': 9.762661110523585, 'p_grd': 0.8400784282652084, 'unc_rem': 0.6257950821847111, 'unc_rel': 0.2658359171677557}. Best is trial 99 with value: 0.3894871140597091.
    [CPU] Loading amazon-ratings...
    DEBUG 3.1: Dataset init start
    DEBUG 3.2: prepare_data start amazon-ratings
    ----Data statistics------'
    Name: amazon-ratings
    #Nodes 24492
    #Edges 93050
    #Classes 5
    #Ave_degree 7.60
    ----Split statistics------'
    #Train samples 1224 (5.0 % of nodes)
    #Val samples 3673 (15.0 % of nodes)
    #Test samples 19595 (remaining)
    ----label noise information:------
    Instance dependent noise
    #Actual noise rate 0.50
    [cuda:0] LNPCC waiting for GPU slot...
    [cuda:0] Slot acquired (waited 416.0s). Starting GCN...
    FINAL_RESULT: {'acc': {'train': 0.4027777777777778, 'valid': 0.25973318812959434, 'test': 0.33120694054605765}, 'wall_s': 66.43, 'cpu_s': 60.72, 'gpu_s': 5.67, 'wait_s': 415.96}
    [Time] wall=66.4s | cpu=60.7s | gpu=5.7s
    C:\Users\fbrev\Documents\Acadêmico\Simulações\Python\NoisyGL\predictor\Base_Predictor.py:144: UserWarning: Sparse CSR tensor support is in beta state. If you miss a functionality in the sparse tensor support, please submit a feature request to https://github.com/pytorch/pytorch/issues. (Triggered internally at ..\aten\src\ATen\SparseCsrTensorImpl.cpp:55.)
    self.adj_csr = self.adj.to_sparse_csr().to(self.device)
[I 2026-04-27 19:06:52,456] Trial 119 finished with value: 0.33120694054605765 and parameters: {'lr': 0.005, 'weight_decay': 0.001, 'n_hidden': 128, 'n_layer': 3, 'dropout': 0.38655402623997276, 'knn_mode': 's', 'k': 16, 'dexp': 9.402875137621065, 'p_grd': 0.8382681247451936, 'unc_rem': 0.4581839325654332, 'unc_rel': 0.3620664965922179}. Best is trial 99 with value: 0.3894871140597091.
    [CPU] Loading amazon-ratings...
    DEBUG 3.1: Dataset init start
    DEBUG 3.2: prepare_data start amazon-ratings
    ----Data statistics------'
    Name: amazon-ratings
    #Nodes 24492
    #Edges 93050
    #Classes 5
    #Ave_degree 7.60
    ----Split statistics------'
    #Train samples 1224 (5.0 % of nodes)
    #Val samples 3673 (15.0 % of nodes)
    #Test samples 19595 (remaining)
    ----label noise information:------
    Instance dependent noise
    #Actual noise rate 0.50
    [cuda:0] LNPCC waiting for GPU slot...
    [cuda:0] Slot acquired (waited 170.7s). Starting GCN...
    FINAL_RESULT: {'acc': {'train': 0.309640522875817, 'valid': 0.25891641709774027, 'test': 0.38744577698392446}, 'wall_s': 68.79, 'cpu_s': 65.39, 'gpu_s': 3.35, 'wait_s': 170.74}
    [Time] wall=68.8s | cpu=65.4s | gpu=3.4s
    C:\Users\fbrev\Documents\Acadêmico\Simulações\Python\NoisyGL\predictor\Base_Predictor.py:144: UserWarning: Sparse CSR tensor support is in beta state. If you miss a functionality in the sparse tensor support, please submit a feature request to https://github.com/pytorch/pytorch/issues. (Triggered internally at ..\aten\src\ATen\SparseCsrTensorImpl.cpp:55.)
    self.adj_csr = self.adj.to_sparse_csr().to(self.device)
[I 2026-04-27 19:10:58,528] Trial 120 finished with value: 0.38744577698392446 and parameters: {'lr': 0.005, 'weight_decay': 0.001, 'n_hidden': 32, 'n_layer': 3, 'dropout': 0.45121213855360576, 'knn_mode': 's', 'k': 19, 'dexp': 9.684204867860714, 'p_grd': 0.8878614537880236, 'unc_rem': 0.4264320996455468, 'unc_rel': 0.42220855003492785}. Best is trial 99 with value: 0.3894871140597091.
    [CPU] Loading amazon-ratings...
    DEBUG 3.1: Dataset init start
    DEBUG 3.2: prepare_data start amazon-ratings
    ----Data statistics------'
    Name: amazon-ratings
    #Nodes 24492
    #Edges 93050
    #Classes 5
    #Ave_degree 7.60
    ----Split statistics------'
    #Train samples 1224 (5.0 % of nodes)
    #Val samples 3673 (15.0 % of nodes)
    #Test samples 19595 (remaining)
    ----label noise information:------
    Instance dependent noise
    #Actual noise rate 0.50
    [cuda:0] LNPCC waiting for GPU slot...
    [cuda:0] Slot acquired (waited 212.9s). Starting GCN...
    FINAL_RESULT: {'acc': {'train': 0.3903281519861831, 'valid': 0.25456030492785187, 'test': 0.37596325593263585}, 'wall_s': 28.93, 'cpu_s': 25.65, 'gpu_s': 3.23, 'wait_s': 212.86}
    [Time] wall=28.9s | cpu=25.7s | gpu=3.2s
    C:\Users\fbrev\Documents\Acadêmico\Simulações\Python\NoisyGL\predictor\Base_Predictor.py:144: UserWarning: Sparse CSR tensor support is in beta state. If you miss a functionality in the sparse tensor support, please submit a feature request to https://github.com/pytorch/pytorch/issues. (Triggered internally at ..\aten\src\ATen\SparseCsrTensorImpl.cpp:55.)
    self.adj_csr = self.adj.to_sparse_csr().to(self.device)
[I 2026-04-27 19:15:06,708] Trial 121 finished with value: 0.37596325593263585 and parameters: {'lr': 0.005, 'weight_decay': 0.001, 'n_hidden': 32, 'n_layer': 3, 'dropout': 0.06249475693850581, 'knn_mode': 's', 'k': 20, 'dexp': 8.804765150065847, 'p_grd': 0.025372584551408672, 'unc_rem': 0.5948768639423808, 'unc_rel': 0.3844340809300961}. Best is trial 99 with value: 0.3894871140597091.
    [CPU] Loading amazon-ratings...
    DEBUG 3.1: Dataset init start
    DEBUG 3.2: prepare_data start amazon-ratings
    ----Data statistics------'
    Name: amazon-ratings
    #Nodes 24492
    #Edges 93050
    #Classes 5
    #Ave_degree 7.60
    ----Split statistics------'
    #Train samples 1224 (5.0 % of nodes)
    #Val samples 3673 (15.0 % of nodes)
    #Test samples 19595 (remaining)
    ----label noise information:------
    Instance dependent noise
    #Actual noise rate 0.50
    [cuda:0] LNPCC waiting for GPU slot...
    [cuda:0] Slot acquired (waited 414.6s). Starting GCN...
    FINAL_RESULT: {'acc': {'train': 0.49673202614379086, 'valid': 0.2602777021508304, 'test': 0.3316152079612146}, 'wall_s': 68.36, 'cpu_s': 65.21, 'gpu_s': 3.09, 'wait_s': 414.56}
    [Time] wall=68.4s | cpu=65.2s | gpu=3.1s
    C:\Users\fbrev\Documents\Acadêmico\Simulações\Python\NoisyGL\predictor\Base_Predictor.py:144: UserWarning: Sparse CSR tensor support is in beta state. If you miss a functionality in the sparse tensor support, please submit a feature request to https://github.com/pytorch/pytorch/issues. (Triggered internally at ..\aten\src\ATen\SparseCsrTensorImpl.cpp:55.)
    self.adj_csr = self.adj.to_sparse_csr().to(self.device)
[I 2026-04-27 19:23:16,153] Trial 122 finished with value: 0.3316152079612146 and parameters: {'lr': 0.005, 'weight_decay': 0.0, 'n_hidden': 32, 'n_layer': 3, 'dropout': 0.5227536900516909, 'knn_mode': 's', 'k': 18, 'dexp': 9.084113178358823, 'p_grd': 0.8701114835009339, 'unc_rem': 0.39743692020155397, 'unc_rel': 0.4762435977113232}. Best is trial 99 with value: 0.3894871140597091.

[Retest] Phase 1 Finished. Validating Top 3 (10 runs each)...

  [Retest] Candidate 1/3 (Trial 99, HPO_acc=0.3895)
    [CPU] Loading amazon-ratings...
    DEBUG 3.1: Dataset init start
    DEBUG 3.2: prepare_data start amazon-ratings
    ----Data statistics------'
    Name: amazon-ratings
    #Nodes 24492
    #Edges 93050
    #Classes 5
    #Ave_degree 7.60
    ----Split statistics------'
    #Train samples 1224 (5.0 % of nodes)
    #Val samples 3673 (15.0 % of nodes)
    #Test samples 19595 (remaining)
    ----label noise information:------
    Instance dependent noise
    #Actual noise rate 0.50
    [cuda:0] LNPCC waiting for GPU slot...
    [cuda:0] Slot acquired (waited 429.2s). Starting GCN...
    FINAL_RESULT: {'acc': {'train': 0.30310457516339867, 'valid': 0.26926218350122516, 'test': 0.3497320745088033}, 'wall_s': 62.5, 'cpu_s': 59.18, 'gpu_s': 3.26, 'wait_s': 429.15}
    [Time] wall=62.5s | cpu=59.2s | gpu=3.3s
    C:\Users\fbrev\Documents\Acadêmico\Simulações\Python\NoisyGL\predictor\Base_Predictor.py:144: UserWarning: Sparse CSR tensor support is in beta state. If you miss a functionality in the sparse tensor support, please submit a feature request to https://github.com/pytorch/pytorch/issues. (Triggered internally at ..\aten\src\ATen\SparseCsrTensorImpl.cpp:55.)
    self.adj_csr = self.adj.to_sparse_csr().to(self.device)
    [CPU] Loading amazon-ratings...
    DEBUG 3.1: Dataset init start
    DEBUG 3.2: prepare_data start amazon-ratings
    ----Data statistics------'
    Name: amazon-ratings
    #Nodes 24492
    #Edges 93050
    #Classes 5
    #Ave_degree 7.60
    ----Split statistics------'
    #Train samples 1224 (5.0 % of nodes)
    #Val samples 3673 (15.0 % of nodes)
    #Test samples 19595 (remaining)
    ----label noise information:------
    Instance dependent noise
    #Actual noise rate 0.50
    [cuda:0] LNPCC waiting for GPU slot...
    [cuda:0] Slot acquired (waited 1336.5s). Starting GCN...
    FINAL_RESULT: {'acc': {'train': 0.2916666666666667, 'valid': 0.30029948271167983, 'test': 0.3655014034192396}, 'wall_s': 73.55, 'cpu_s': 70.3, 'gpu_s': 3.21, 'wait_s': 1336.53}
    [Time] wall=73.5s | cpu=70.3s | gpu=3.2s
    C:\Users\fbrev\Documents\Acadêmico\Simulações\Python\NoisyGL\predictor\Base_Predictor.py:144: UserWarning: Sparse CSR tensor support is in beta state. If you miss a functionality in the sparse tensor support, please submit a feature request to https://github.com/pytorch/pytorch/issues. (Triggered internally at ..\aten\src\ATen\SparseCsrTensorImpl.cpp:55.)
    self.adj_csr = self.adj.to_sparse_csr().to(self.device)
    [CPU] Loading amazon-ratings...
    DEBUG 3.1: Dataset init start
    DEBUG 3.2: prepare_data start amazon-ratings
    ----Data statistics------'
    Name: amazon-ratings
    #Nodes 24492
    #Edges 93050
    #Classes 5
    #Ave_degree 7.60
    ----Split statistics------'
    #Train samples 1224 (5.0 % of nodes)
    #Val samples 3673 (15.0 % of nodes)
    #Test samples 19595 (remaining)
    ----label noise information:------
    Instance dependent noise
    #Actual noise rate 0.50
    [cuda:0] LNPCC waiting for GPU slot...
    [cuda:0] Slot acquired (waited 816.2s). Starting GCN...
    FINAL_RESULT: {'acc': {'train': 0.21160130718954248, 'valid': 0.27007895453307923, 'test': 0.3690227098749681}, 'wall_s': 55.62, 'cpu_s': 52.29, 'gpu_s': 3.28, 'wait_s': 816.16}
    [Time] wall=55.6s | cpu=52.3s | gpu=3.3s
    C:\Users\fbrev\Documents\Acadêmico\Simulações\Python\NoisyGL\predictor\Base_Predictor.py:144: UserWarning: Sparse CSR tensor support is in beta state. If you miss a functionality in the sparse tensor support, please submit a feature request to https://github.com/pytorch/pytorch/issues. (Triggered internally at ..\aten\src\ATen\SparseCsrTensorImpl.cpp:55.)
    self.adj_csr = self.adj.to_sparse_csr().to(self.device)
    [CPU] Loading amazon-ratings...
    DEBUG 3.1: Dataset init start
    DEBUG 3.2: prepare_data start amazon-ratings
    ----Data statistics------'
    Name: amazon-ratings
    #Nodes 24492
    #Edges 93050
    #Classes 5
    #Ave_degree 7.60
    ----Split statistics------'
    #Train samples 1224 (5.0 % of nodes)
    #Val samples 3673 (15.0 % of nodes)
    #Test samples 19595 (remaining)
    ----label noise information:------
    Instance dependent noise
    #Actual noise rate 0.50
    [cuda:0] LNPCC waiting for GPU slot...
    [cuda:0] Slot acquired (waited 678.8s). Starting GCN...
    FINAL_RESULT: {'acc': {'train': 0.33605887162714637, 'valid': 0.26953444051184317, 'test': 0.2923705026792549}, 'wall_s': 62.28, 'cpu_s': 58.95, 'gpu_s': 3.28, 'wait_s': 678.76}
    [Time] wall=62.3s | cpu=58.9s | gpu=3.3s
    C:\Users\fbrev\Documents\Acadêmico\Simulações\Python\NoisyGL\predictor\Base_Predictor.py:144: UserWarning: Sparse CSR tensor support is in beta state. If you miss a functionality in the sparse tensor support, please submit a feature request to https://github.com/pytorch/pytorch/issues. (Triggered internally at ..\aten\src\ATen\SparseCsrTensorImpl.cpp:55.)
    self.adj_csr = self.adj.to_sparse_csr().to(self.device)
    [CPU] Loading amazon-ratings...
    DEBUG 3.1: Dataset init start
    DEBUG 3.2: prepare_data start amazon-ratings
    ----Data statistics------'
    Name: amazon-ratings
    #Nodes 24492
    #Edges 93050
    #Classes 5
    #Ave_degree 7.60
    ----Split statistics------'
    #Train samples 1224 (5.0 % of nodes)
    #Val samples 3673 (15.0 % of nodes)
    #Test samples 19595 (remaining)
    ----label noise information:------
    Instance dependent noise
    #Actual noise rate 0.50
    [cuda:0] LNPCC waiting for GPU slot...
    [cuda:0] Slot acquired (waited 591.0s). Starting GCN...
    FINAL_RESULT: {'acc': {'train': 0.22712418300653595, 'valid': 0.25428804791723386, 'test': 0.1031895891809135}, 'wall_s': 67.23, 'cpu_s': 63.41, 'gpu_s': 3.77, 'wait_s': 590.96}
    [Time] wall=67.2s | cpu=63.4s | gpu=3.8s
    C:\Users\fbrev\Documents\Acadêmico\Simulações\Python\NoisyGL\predictor\Base_Predictor.py:144: UserWarning: Sparse CSR tensor support is in beta state. If you miss a functionality in the sparse tensor support, please submit a feature request to https://github.com/pytorch/pytorch/issues. (Triggered internally at ..\aten\src\ATen\SparseCsrTensorImpl.cpp:55.)
    self.adj_csr = self.adj.to_sparse_csr().to(self.device)
    [CPU] Loading amazon-ratings...
    DEBUG 3.1: Dataset init start
    DEBUG 3.2: prepare_data start amazon-ratings
    ----Data statistics------'
    Name: amazon-ratings
    #Nodes 24492
    #Edges 93050
    #Classes 5
    #Ave_degree 7.60
    ----Split statistics------'
    #Train samples 1224 (5.0 % of nodes)
    #Val samples 3673 (15.0 % of nodes)
    #Test samples 19595 (remaining)
    ----label noise information:------
    Instance dependent noise
    #Actual noise rate 0.50
    [cuda:0] LNPCC waiting for GPU slot...
    [cuda:0] Slot acquired (waited 1283.9s). Starting GCN...
    FINAL_RESULT: {'acc': {'train': 0.3545751633986928, 'valid': 0.3092839640620746, 'test': 0.33498341413625926}, 'wall_s': 92.72, 'cpu_s': 89.44, 'gpu_s': 3.22, 'wait_s': 1283.94}
    [Time] wall=92.7s | cpu=89.4s | gpu=3.2s
    C:\Users\fbrev\Documents\Acadêmico\Simulações\Python\NoisyGL\predictor\Base_Predictor.py:144: UserWarning: Sparse CSR tensor support is in beta state. If you miss a functionality in the sparse tensor support, please submit a feature request to https://github.com/pytorch/pytorch/issues. (Triggered internally at ..\aten\src\ATen\SparseCsrTensorImpl.cpp:55.)
    self.adj_csr = self.adj.to_sparse_csr().to(self.device)
    [CPU] Loading amazon-ratings...
    DEBUG 3.1: Dataset init start
    DEBUG 3.2: prepare_data start amazon-ratings
    ----Data statistics------'
    Name: amazon-ratings
    #Nodes 24492
    #Edges 93050
    #Classes 5
    #Ave_degree 7.60
    ----Split statistics------'
    #Train samples 1224 (5.0 % of nodes)
    #Val samples 3673 (15.0 % of nodes)
    #Test samples 19595 (remaining)
    ----label noise information:------
    Instance dependent noise
    #Actual noise rate 0.50
    [cuda:0] LNPCC waiting for GPU slot...
    [cuda:0] Slot acquired (waited 121.8s). Starting GCN...
    FINAL_RESULT: {'acc': {'train': 0.36764705882352944, 'valid': 0.25646610400217806, 'test': 0.3404950242408778}, 'wall_s': 68.62, 'cpu_s': 65.32, 'gpu_s': 3.25, 'wait_s': 121.75}
    [Time] wall=68.6s | cpu=65.3s | gpu=3.3s
    C:\Users\fbrev\Documents\Acadêmico\Simulações\Python\NoisyGL\predictor\Base_Predictor.py:144: UserWarning: Sparse CSR tensor support is in beta state. If you miss a functionality in the sparse tensor support, please submit a feature request to https://github.com/pytorch/pytorch/issues. (Triggered internally at ..\aten\src\ATen\SparseCsrTensorImpl.cpp:55.)
    self.adj_csr = self.adj.to_sparse_csr().to(self.device)
    [CPU] Loading amazon-ratings...
    DEBUG 3.1: Dataset init start
    DEBUG 3.2: prepare_data start amazon-ratings
    ----Data statistics------'
    Name: amazon-ratings
    #Nodes 24492
    #Edges 93050
    #Classes 5
    #Ave_degree 7.60
    ----Split statistics------'
    #Train samples 1224 (5.0 % of nodes)
    #Val samples 3673 (15.0 % of nodes)
    #Test samples 19595 (remaining)
    ----label noise information:------
    Instance dependent noise
    #Actual noise rate 0.50
    [cuda:0] LNPCC waiting for GPU slot...
    [cuda:0] Slot acquired (waited 130.4s). Starting GCN...
    FINAL_RESULT: {'acc': {'train': 0.31479967293540473, 'valid': 0.28532534712768853, 'test': 0.3310538402653738}, 'wall_s': 69.06, 'cpu_s': 65.87, 'gpu_s': 3.14, 'wait_s': 130.38}
    [Time] wall=69.1s | cpu=65.9s | gpu=3.1s
    C:\Users\fbrev\Documents\Acadêmico\Simulações\Python\NoisyGL\predictor\Base_Predictor.py:144: UserWarning: Sparse CSR tensor support is in beta state. If you miss a functionality in the sparse tensor support, please submit a feature request to https://github.com/pytorch/pytorch/issues. (Triggered internally at ..\aten\src\ATen\SparseCsrTensorImpl.cpp:55.)
    self.adj_csr = self.adj.to_sparse_csr().to(self.device)
    [CPU] Loading amazon-ratings...
    DEBUG 3.1: Dataset init start
    DEBUG 3.2: prepare_data start amazon-ratings
    ----Data statistics------'
    Name: amazon-ratings
    #Nodes 24492
    #Edges 93050
    #Classes 5
    #Ave_degree 7.60
    ----Split statistics------'
    #Train samples 1224 (5.0 % of nodes)
    #Val samples 3673 (15.0 % of nodes)
    #Test samples 19595 (remaining)
    ----label noise information:------
    Instance dependent noise
    #Actual noise rate 0.50
    [cuda:0] LNPCC waiting for GPU slot...
    [cuda:0] Slot acquired (waited 181.5s). Starting GCN...
    FINAL_RESULT: {'acc': {'train': 0.40032679738562094, 'valid': 0.27225701061802343, 'test': 0.34559836693033935}, 'wall_s': 65.09, 'cpu_s': 62.1, 'gpu_s': 2.94, 'wait_s': 181.51}
    [Time] wall=65.1s | cpu=62.1s | gpu=2.9s
    C:\Users\fbrev\Documents\Acadêmico\Simulações\Python\NoisyGL\predictor\Base_Predictor.py:144: UserWarning: Sparse CSR tensor support is in beta state. If you miss a functionality in the sparse tensor support, please submit a feature request to https://github.com/pytorch/pytorch/issues. (Triggered internally at ..\aten\src\ATen\SparseCsrTensorImpl.cpp:55.)
    self.adj_csr = self.adj.to_sparse_csr().to(self.device)
    [CPU] Loading amazon-ratings...
    DEBUG 3.1: Dataset init start
    DEBUG 3.2: prepare_data start amazon-ratings
    ----Data statistics------'
    Name: amazon-ratings
    #Nodes 24492
    #Edges 93050
    #Classes 5
    #Ave_degree 7.60
    ----Split statistics------'
    #Train samples 1224 (5.0 % of nodes)
    #Val samples 3673 (15.0 % of nodes)
    #Test samples 19595 (remaining)
    ----label noise information:------
    Instance dependent noise
    #Actual noise rate 0.50
    [cuda:0] LNPCC waiting for GPU slot...
    [cuda:0] Slot acquired (waited 374.3s). Starting GCN...
    FINAL_RESULT: {'acc': {'train': 0.2908496732026144, 'valid': 0.2777021508303839, 'test': 0.3710130135238581}, 'wall_s': 61.79, 'cpu_s': 58.7, 'gpu_s': 3.05, 'wait_s': 374.3}
    [Time] wall=61.8s | cpu=58.7s | gpu=3.0s
    C:\Users\fbrev\Documents\Acadêmico\Simulações\Python\NoisyGL\predictor\Base_Predictor.py:144: UserWarning: Sparse CSR tensor support is in beta state. If you miss a functionality in the sparse tensor support, please submit a feature request to https://github.com/pytorch/pytorch/issues. (Triggered internally at ..\aten\src\ATen\SparseCsrTensorImpl.cpp:55.)
    self.adj_csr = self.adj.to_sparse_csr().to(self.device)
  [Retest] Candidate 1 Avg: 0.3203

  [Retest] Candidate 2/3 (Trial 74, HPO_acc=0.3887)
    [CPU] Loading amazon-ratings...
    DEBUG 3.1: Dataset init start
    DEBUG 3.2: prepare_data start amazon-ratings
    ----Data statistics------'
    Name: amazon-ratings
    #Nodes 24492
    #Edges 93050
    #Classes 5
    #Ave_degree 7.60
    ----Split statistics------'
    #Train samples 1224 (5.0 % of nodes)
    #Val samples 3673 (15.0 % of nodes)
    #Test samples 19595 (remaining)
    ----label noise information:------
    Instance dependent noise
    #Actual noise rate 0.50
    [cuda:0] LNPCC waiting for GPU slot...
    [cuda:0] Slot acquired (waited 132.5s). Starting GCN...
    FINAL_RESULT: {'acc': {'train': 0.300418410041841, 'valid': 0.27225701061802343, 'test': 0.35672365399336564}, 'wall_s': 64.91, 'cpu_s': 61.39, 'gpu_s': 3.47, 'wait_s': 132.55}
    [Time] wall=64.9s | cpu=61.4s | gpu=3.5s
    C:\Users\fbrev\Documents\Acadêmico\Simulações\Python\NoisyGL\predictor\Base_Predictor.py:144: UserWarning: Sparse CSR tensor support is in beta state. If you miss a functionality in the sparse tensor support, please submit a feature request to https://github.com/pytorch/pytorch/issues. (Triggered internally at ..\aten\src\ATen\SparseCsrTensorImpl.cpp:55.)
    self.adj_csr = self.adj.to_sparse_csr().to(self.device)
    [CPU] Loading amazon-ratings...
    DEBUG 3.1: Dataset init start
    DEBUG 3.2: prepare_data start amazon-ratings
    ----Data statistics------'
    Name: amazon-ratings
    #Nodes 24492
    #Edges 93050
    #Classes 5
    #Ave_degree 7.60
    ----Split statistics------'
    #Train samples 1224 (5.0 % of nodes)
    #Val samples 3673 (15.0 % of nodes)
    #Test samples 19595 (remaining)
    ----label noise information:------
    Instance dependent noise
    #Actual noise rate 0.50
    [cuda:0] LNPCC waiting for GPU slot...
    [cuda:0] Slot acquired (waited 380.8s). Starting GCN...
    [CPU] Loading amazon-ratings...
    DEBUG 3.1: Dataset init start
    DEBUG 3.2: prepare_data start amazon-ratings
    ----Data statistics------'
    Name: amazon-ratings
    #Nodes 24492
    #Edges 93050
    #Classes 5
    #Ave_degree 7.60
    ----Split statistics------'
    #Train samples 1224 (5.0 % of nodes)
    #Val samples 3673 (15.0 % of nodes)
    #Test samples 19595 (remaining)
    ----label noise information:------
    Instance dependent noise
    #Actual noise rate 0.50
    [cuda:0] LNPCC waiting for GPU slot...
    [cuda:0] Slot acquired (waited 182.8s). Starting GCN...
    FINAL_RESULT: {'acc': {'train': 0.2139261744966443, 'valid': 0.267628641437517, 'test': 0.3725440163306966}, 'wall_s': 54.19, 'cpu_s': 50.94, 'gpu_s': 3.21, 'wait_s': 182.76}
    [Time] wall=54.2s | cpu=50.9s | gpu=3.2s
    C:\Users\fbrev\Documents\Acadêmico\Simulações\Python\NoisyGL\predictor\Base_Predictor.py:144: UserWarning: Sparse CSR tensor support is in beta state. If you miss a functionality in the sparse tensor support, please submit a feature request to https://github.com/pytorch/pytorch/issues. (Triggered internally at ..\aten\src\ATen\SparseCsrTensorImpl.cpp:55.)
    self.adj_csr = self.adj.to_sparse_csr().to(self.device)
    [CPU] Loading amazon-ratings...
    DEBUG 3.1: Dataset init start
    DEBUG 3.2: prepare_data start amazon-ratings
    ----Data statistics------'
    Name: amazon-ratings
    #Nodes 24492
    #Edges 93050
    #Classes 5
    #Ave_degree 7.60
    ----Split statistics------'
    #Train samples 1224 (5.0 % of nodes)
    #Val samples 3673 (15.0 % of nodes)
    #Test samples 19595 (remaining)
    ----label noise information:------
    Instance dependent noise
    #Actual noise rate 0.50
    [cuda:0] LNPCC waiting for GPU slot...
    [cuda:0] Slot acquired (waited 132.7s). Starting GCN...
    FINAL_RESULT: {'acc': {'train': 0.326890756302521, 'valid': 0.2687176694799891, 'test': 0.27838734371013013}, 'wall_s': 58.09, 'cpu_s': 54.89, 'gpu_s': 3.16, 'wait_s': 132.69}
    [Time] wall=58.1s | cpu=54.9s | gpu=3.2s
    C:\Users\fbrev\Documents\Acadêmico\Simulações\Python\NoisyGL\predictor\Base_Predictor.py:144: UserWarning: Sparse CSR tensor support is in beta state. If you miss a functionality in the sparse tensor support, please submit a feature request to https://github.com/pytorch/pytorch/issues. (Triggered internally at ..\aten\src\ATen\SparseCsrTensorImpl.cpp:55.)
    self.adj_csr = self.adj.to_sparse_csr().to(self.device)
    [CPU] Loading amazon-ratings...
    DEBUG 3.1: Dataset init start
    DEBUG 3.2: prepare_data start amazon-ratings
    ----Data statistics------'
    Name: amazon-ratings
    #Nodes 24492
    #Edges 93050
    #Classes 5
    #Ave_degree 7.60
    ----Split statistics------'
    #Train samples 1224 (5.0 % of nodes)
    #Val samples 3673 (15.0 % of nodes)
    #Test samples 19595 (remaining)
    ----label noise information:------
    Instance dependent noise
    #Actual noise rate 0.50
    [cuda:0] LNPCC waiting for GPU slot...
    [cuda:0] Slot acquired (waited 1099.4s). Starting GCN...
    FINAL_RESULT: {'acc': {'train': 0.24224643755238895, 'valid': 0.25646610400217806, 'test': 0.12018372033682062}, 'wall_s': 58.58, 'cpu_s': 54.85, 'gpu_s': 3.69, 'wait_s': 1099.36}
    [Time] wall=58.6s | cpu=54.8s | gpu=3.7s
    C:\Users\fbrev\Documents\Acadêmico\Simulações\Python\NoisyGL\predictor\Base_Predictor.py:144: UserWarning: Sparse CSR tensor support is in beta state. If you miss a functionality in the sparse tensor support, please submit a feature request to https://github.com/pytorch/pytorch/issues. (Triggered internally at ..\aten\src\ATen\SparseCsrTensorImpl.cpp:55.)
    self.adj_csr = self.adj.to_sparse_csr().to(self.device)
    [CPU] Loading amazon-ratings...
    DEBUG 3.1: Dataset init start
    DEBUG 3.2: prepare_data start amazon-ratings
    ----Data statistics------'
    Name: amazon-ratings
    #Nodes 24492
    #Edges 93050
    #Classes 5
    #Ave_degree 7.60
    ----Split statistics------'
    #Train samples 1224 (5.0 % of nodes)
    #Val samples 3673 (15.0 % of nodes)
    #Test samples 19595 (remaining)
    ----label noise information:------
    Instance dependent noise
    #Actual noise rate 0.50
    [cuda:0] LNPCC waiting for GPU slot...
    [cuda:0] Slot acquired (waited 136.7s). Starting GCN...
    FINAL_RESULT: {'acc': {'train': 0.3763621123218776, 'valid': 0.3087394500408385, 'test': 0.35090584332737945}, 'wall_s': 64.64, 'cpu_s': 61.32, 'gpu_s': 3.28, 'wait_s': 136.72}
    [Time] wall=64.6s | cpu=61.3s | gpu=3.3s
    C:\Users\fbrev\Documents\Acadêmico\Simulações\Python\NoisyGL\predictor\Base_Predictor.py:144: UserWarning: Sparse CSR tensor support is in beta state. If you miss a functionality in the sparse tensor support, please submit a feature request to https://github.com/pytorch/pytorch/issues. (Triggered internally at ..\aten\src\ATen\SparseCsrTensorImpl.cpp:55.)
    self.adj_csr = self.adj.to_sparse_csr().to(self.device)
    [CPU] Loading amazon-ratings...
    DEBUG 3.1: Dataset init start
    DEBUG 3.2: prepare_data start amazon-ratings
    ----Data statistics------'
    Name: amazon-ratings
    #Nodes 24492
    #Edges 93050
    #Classes 5
    #Ave_degree 7.60
    ----Split statistics------'
    #Train samples 1224 (5.0 % of nodes)
    #Val samples 3673 (15.0 % of nodes)
    #Test samples 19595 (remaining)
    ----label noise information:------
    Instance dependent noise
    #Actual noise rate 0.50
    [cuda:0] LNPCC waiting for GPU slot...
    [cuda:0] Slot acquired (waited 518.1s). Starting GCN...
    FINAL_RESULT: {'acc': {'train': 0.399163179916318, 'valid': 0.25510481894908793, 'test': 0.3441183975503955}, 'wall_s': 74.74, 'cpu_s': 71.6, 'gpu_s': 3.09, 'wait_s': 518.15}
    [Time] wall=74.7s | cpu=71.6s | gpu=3.1s
    C:\Users\fbrev\Documents\Acadêmico\Simulações\Python\NoisyGL\predictor\Base_Predictor.py:144: UserWarning: Sparse CSR tensor support is in beta state. If you miss a functionality in the sparse tensor support, please submit a feature request to https://github.com/pytorch/pytorch/issues. (Triggered internally at ..\aten\src\ATen\SparseCsrTensorImpl.cpp:55.)
    self.adj_csr = self.adj.to_sparse_csr().to(self.device)
    [CPU] Loading amazon-ratings...
    DEBUG 3.1: Dataset init start
    DEBUG 3.2: prepare_data start amazon-ratings
    ----Data statistics------'
    Name: amazon-ratings
    #Nodes 24492
    #Edges 93050
    #Classes 5
    #Ave_degree 7.60
    ----Split statistics------'
    #Train samples 1224 (5.0 % of nodes)
    #Val samples 3673 (15.0 % of nodes)
    #Test samples 19595 (remaining)
    ----label noise information:------
    Instance dependent noise
    #Actual noise rate 0.50
    [cuda:0] LNPCC waiting for GPU slot...
    [cuda:0] Slot acquired (waited 183.4s). Starting GCN...
    FINAL_RESULT: {'acc': {'train': 0.30666666666666664, 'valid': 0.2858698611489246, 'test': 0.3197244194947691}, 'wall_s': 71.99, 'cpu_s': 68.49, 'gpu_s': 3.45, 'wait_s': 183.41}
    [Time] wall=72.0s | cpu=68.5s | gpu=3.4s
    C:\Users\fbrev\Documents\Acadêmico\Simulações\Python\NoisyGL\predictor\Base_Predictor.py:144: UserWarning: Sparse CSR tensor support is in beta state. If you miss a functionality in the sparse tensor support, please submit a feature request to https://github.com/pytorch/pytorch/issues. (Triggered internally at ..\aten\src\ATen\SparseCsrTensorImpl.cpp:55.)
    self.adj_csr = self.adj.to_sparse_csr().to(self.device)
    [CPU] Loading amazon-ratings...
    DEBUG 3.1: Dataset init start
    DEBUG 3.2: prepare_data start amazon-ratings
    ----Data statistics------'
    Name: amazon-ratings
    #Nodes 24492
    #Edges 93050
    #Classes 5
    #Ave_degree 7.60
    ----Split statistics------'
    #Train samples 1224 (5.0 % of nodes)
    #Val samples 3673 (15.0 % of nodes)
    #Test samples 19595 (remaining)
    ----label noise information:------
    Instance dependent noise
    #Actual noise rate 0.50
    [cuda:0] LNPCC waiting for GPU slot...
    [cuda:0] Slot acquired (waited 129.4s). Starting GCN...
    FINAL_RESULT: {'acc': {'train': 0.4122073578595318, 'valid': 0.27280152463925944, 'test': 0.34462873181934167}, 'wall_s': 71.43, 'cpu_s': 67.96, 'gpu_s': 3.42, 'wait_s': 129.35}
    [Time] wall=71.4s | cpu=68.0s | gpu=3.4s
    C:\Users\fbrev\Documents\Acadêmico\Simulações\Python\NoisyGL\predictor\Base_Predictor.py:144: UserWarning: Sparse CSR tensor support is in beta state. If you miss a functionality in the sparse tensor support, please submit a feature request to https://github.com/pytorch/pytorch/issues. (Triggered internally at ..\aten\src\ATen\SparseCsrTensorImpl.cpp:55.)
    self.adj_csr = self.adj.to_sparse_csr().to(self.device)
    [CPU] Loading amazon-ratings...
    DEBUG 3.1: Dataset init start
    DEBUG 3.2: prepare_data start amazon-ratings
    ----Data statistics------'
    Name: amazon-ratings
    #Nodes 24492
    #Edges 93050
    #Classes 5
    #Ave_degree 7.60
    ----Split statistics------'
    #Train samples 1224 (5.0 % of nodes)
    #Val samples 3673 (15.0 % of nodes)
    #Test samples 19595 (remaining)
    ----label noise information:------
    Instance dependent noise
    #Actual noise rate 0.50
    [cuda:0] LNPCC waiting for GPU slot...
    [cuda:0] Slot acquired (waited 195.5s). Starting GCN...
    FINAL_RESULT: {'acc': {'train': 0.2916321458160729, 'valid': 0.278518921862238, 'test': 0.3720847154886451}, 'wall_s': 60.28, 'cpu_s': 56.97, 'gpu_s': 3.26, 'wait_s': 195.51}
    [Time] wall=60.3s | cpu=57.0s | gpu=3.3s
    C:\Users\fbrev\Documents\Acadêmico\Simulações\Python\NoisyGL\predictor\Base_Predictor.py:144: UserWarning: Sparse CSR tensor support is in beta state. If you miss a functionality in the sparse tensor support, please submit a feature request to https://github.com/pytorch/pytorch/issues. (Triggered internally at ..\aten\src\ATen\SparseCsrTensorImpl.cpp:55.)
    self.adj_csr = self.adj.to_sparse_csr().to(self.device)
  [Retest] Candidate 2 Avg: 0.3177

  [Retest] Candidate 3/3 (Trial 101, HPO_acc=0.3886)
    [CPU] Loading amazon-ratings...
    DEBUG 3.1: Dataset init start
    DEBUG 3.2: prepare_data start amazon-ratings
    ----Data statistics------'
    Name: amazon-ratings
    #Nodes 24492
    #Edges 93050
    #Classes 5
    #Ave_degree 7.60
    ----Split statistics------'
    #Train samples 1224 (5.0 % of nodes)
    #Val samples 3673 (15.0 % of nodes)
    #Test samples 19595 (remaining)
    ----label noise information:------
    Instance dependent noise
    #Actual noise rate 0.50
    [cuda:0] LNPCC waiting for GPU slot...
    [cuda:0] Slot acquired (waited 186.1s). Starting GCN...
    FINAL_RESULT: {'acc': {'train': 0.29330065359477125, 'valid': 0.26953444051184317, 'test': 0.34580250063791784}, 'wall_s': 65.95, 'cpu_s': 62.71, 'gpu_s': 3.2, 'wait_s': 186.09}
    [Time] wall=66.0s | cpu=62.7s | gpu=3.2s
    C:\Users\fbrev\Documents\Acadêmico\Simulações\Python\NoisyGL\predictor\Base_Predictor.py:144: UserWarning: Sparse CSR tensor support is in beta state. If you miss a functionality in the sparse tensor support, please submit a feature request to https://github.com/pytorch/pytorch/issues. (Triggered internally at ..\aten\src\ATen\SparseCsrTensorImpl.cpp:55.)
    self.adj_csr = self.adj.to_sparse_csr().to(self.device)
    [CPU] Loading amazon-ratings...
    DEBUG 3.1: Dataset init start
    DEBUG 3.2: prepare_data start amazon-ratings
    ----Data statistics------'
    Name: amazon-ratings
    #Nodes 24492
    #Edges 93050
    #Classes 5
    #Ave_degree 7.60
    ----Split statistics------'
    #Train samples 1224 (5.0 % of nodes)
    #Val samples 3673 (15.0 % of nodes)
    #Test samples 19595 (remaining)
    ----label noise information:------
    Instance dependent noise
    #Actual noise rate 0.50
    [cuda:0] LNPCC waiting for GPU slot...
    [cuda:0] Slot acquired (waited 405.1s). Starting GCN...
    FINAL_RESULT: {'acc': {'train': 0.30637254901960786, 'valid': 0.29975496869044377, 'test': 0.37800459300842054}, 'wall_s': 68.78, 'cpu_s': 65.52, 'gpu_s': 3.22, 'wait_s': 405.15}
    [Time] wall=68.8s | cpu=65.5s | gpu=3.2s
    C:\Users\fbrev\Documents\Acadêmico\Simulações\Python\NoisyGL\predictor\Base_Predictor.py:144: UserWarning: Sparse CSR tensor support is in beta state. If you miss a functionality in the sparse tensor support, please submit a feature request to https://github.com/pytorch/pytorch/issues. (Triggered internally at ..\aten\src\ATen\SparseCsrTensorImpl.cpp:55.)
    self.adj_csr = self.adj.to_sparse_csr().to(self.device)
    [CPU] Loading amazon-ratings...
    DEBUG 3.1: Dataset init start
    DEBUG 3.2: prepare_data start amazon-ratings
    ----Data statistics------'
    Name: amazon-ratings
    #Nodes 24492
    #Edges 93050
    #Classes 5
    #Ave_degree 7.60
    ----Split statistics------'
    #Train samples 1224 (5.0 % of nodes)
    #Val samples 3673 (15.0 % of nodes)
    #Test samples 19595 (remaining)
    ----label noise information:------
    Instance dependent noise
    #Actual noise rate 0.50
    [cuda:0] LNPCC waiting for GPU slot...
    [cuda:0] Slot acquired (waited 603.5s). Starting GCN...
    FINAL_RESULT: {'acc': {'train': 0.20261437908496732, 'valid': 0.2708957255649333, 'test': 0.36958407757080886}, 'wall_s': 76.71, 'cpu_s': 73.46, 'gpu_s': 3.22, 'wait_s': 603.53}
    [Time] wall=76.7s | cpu=73.5s | gpu=3.2s
    C:\Users\fbrev\Documents\Acadêmico\Simulações\Python\NoisyGL\predictor\Base_Predictor.py:144: UserWarning: Sparse CSR tensor support is in beta state. If you miss a functionality in the sparse tensor support, please submit a feature request to https://github.com/pytorch/pytorch/issues. (Triggered internally at ..\aten\src\ATen\SparseCsrTensorImpl.cpp:55.)
    self.adj_csr = self.adj.to_sparse_csr().to(self.device)
    [CPU] Loading amazon-ratings...
    DEBUG 3.1: Dataset init start
    DEBUG 3.2: prepare_data start amazon-ratings
    ----Data statistics------'
    Name: amazon-ratings
    #Nodes 24492
    #Edges 93050
    #Classes 5
    #Ave_degree 7.60
    ----Split statistics------'
    #Train samples 1224 (5.0 % of nodes)
    #Val samples 3673 (15.0 % of nodes)
    #Test samples 19595 (remaining)
    ----label noise information:------
    Instance dependent noise
    #Actual noise rate 0.50
    [cuda:0] LNPCC waiting for GPU slot...
    [cuda:0] Slot acquired (waited 385.9s). Starting GCN...
    FINAL_RESULT: {'acc': {'train': 0.33905228758169936, 'valid': 0.2708957255649333, 'test': 0.29665731053840266}, 'wall_s': 69.13, 'cpu_s': 65.94, 'gpu_s': 3.15, 'wait_s': 385.87}
    [Time] wall=69.1s | cpu=65.9s | gpu=3.2s
    C:\Users\fbrev\Documents\Acadêmico\Simulações\Python\NoisyGL\predictor\Base_Predictor.py:144: UserWarning: Sparse CSR tensor support is in beta state. If you miss a functionality in the sparse tensor support, please submit a feature request to https://github.com/pytorch/pytorch/issues. (Triggered internally at ..\aten\src\ATen\SparseCsrTensorImpl.cpp:55.)
    self.adj_csr = self.adj.to_sparse_csr().to(self.device)
    [CPU] Loading amazon-ratings...
    DEBUG 3.1: Dataset init start
    DEBUG 3.2: prepare_data start amazon-ratings
    ----Data statistics------'
    Name: amazon-ratings
    #Nodes 24492
    #Edges 93050
    #Classes 5
    #Ave_degree 7.60
    ----Split statistics------'
    #Train samples 1224 (5.0 % of nodes)
    #Val samples 3673 (15.0 % of nodes)
    #Test samples 19595 (remaining)
    ----label noise information:------
    Instance dependent noise
    #Actual noise rate 0.50
    [cuda:0] LNPCC waiting for GPU slot...
    [cuda:0] Slot acquired (waited 830.7s). Starting GCN...
    FINAL_RESULT: {'acc': {'train': 0.4215686274509804, 'valid': 0.2523822488429077, 'test': 0.21316662413881093}, 'wall_s': 66.89, 'cpu_s': 63.75, 'gpu_s': 3.09, 'wait_s': 830.72}
    [Time] wall=66.9s | cpu=63.8s | gpu=3.1s
    C:\Users\fbrev\Documents\Acadêmico\Simulações\Python\NoisyGL\predictor\Base_Predictor.py:144: UserWarning: Sparse CSR tensor support is in beta state. If you miss a functionality in the sparse tensor support, please submit a feature request to https://github.com/pytorch/pytorch/issues. (Triggered internally at ..\aten\src\ATen\SparseCsrTensorImpl.cpp:55.)
    self.adj_csr = self.adj.to_sparse_csr().to(self.device)
    [CPU] Loading amazon-ratings...
    DEBUG 3.1: Dataset init start
    DEBUG 3.2: prepare_data start amazon-ratings
    ----Data statistics------'
    Name: amazon-ratings
    #Nodes 24492
    #Edges 93050
    #Classes 5
    #Ave_degree 7.60
    ----Split statistics------'
    #Train samples 1224 (5.0 % of nodes)
    #Val samples 3673 (15.0 % of nodes)
    #Test samples 19595 (remaining)
    ----label noise information:------
    Instance dependent noise
    #Actual noise rate 0.50
    [cuda:0] LNPCC waiting for GPU slot...
    [cuda:0] Slot acquired (waited 612.9s). Starting GCN...
    FINAL_RESULT: {'acc': {'train': 0.3464052287581699, 'valid': 0.3087394500408385, 'test': 0.3338096453176831}, 'wall_s': 98.4, 'cpu_s': 95.3, 'gpu_s': 3.05, 'wait_s': 612.92}
    [Time] wall=98.4s | cpu=95.3s | gpu=3.0s
    C:\Users\fbrev\Documents\Acadêmico\Simulações\Python\NoisyGL\predictor\Base_Predictor.py:144: UserWarning: Sparse CSR tensor support is in beta state. If you miss a functionality in the sparse tensor support, please submit a feature request to https://github.com/pytorch/pytorch/issues. (Triggered internally at ..\aten\src\ATen\SparseCsrTensorImpl.cpp:55.)
    self.adj_csr = self.adj.to_sparse_csr().to(self.device)
    [CPU] Loading amazon-ratings...
    DEBUG 3.1: Dataset init start
    DEBUG 3.2: prepare_data start amazon-ratings
    ----Data statistics------'
    Name: amazon-ratings
    #Nodes 24492
    #Edges 93050
    #Classes 5
    #Ave_degree 7.60
    ----Split statistics------'
    #Train samples 1224 (5.0 % of nodes)
    #Val samples 3673 (15.0 % of nodes)
    #Test samples 19595 (remaining)
    ----label noise information:------
    Instance dependent noise
    #Actual noise rate 0.50
    [cuda:0] LNPCC waiting for GPU slot...
    [cuda:0] Slot acquired (waited 137.8s). Starting GCN...
    FINAL_RESULT: {'acc': {'train': 0.3741830065359477, 'valid': 0.25673836101279607, 'test': 0.3440673641235009}, 'wall_s': 65.26, 'cpu_s': 61.51, 'gpu_s': 3.7, 'wait_s': 137.77}
    [Time] wall=65.3s | cpu=61.5s | gpu=3.7s
    C:\Users\fbrev\Documents\Acadêmico\Simulações\Python\NoisyGL\predictor\Base_Predictor.py:144: UserWarning: Sparse CSR tensor support is in beta state. If you miss a functionality in the sparse tensor support, please submit a feature request to https://github.com/pytorch/pytorch/issues. (Triggered internally at ..\aten\src\ATen\SparseCsrTensorImpl.cpp:55.)
    self.adj_csr = self.adj.to_sparse_csr().to(self.device)
    [CPU] Loading amazon-ratings...
    DEBUG 3.1: Dataset init start
    DEBUG 3.2: prepare_data start amazon-ratings
    ----Data statistics------'
    Name: amazon-ratings
    #Nodes 24492
    #Edges 93050
    #Classes 5
    #Ave_degree 7.60
    ----Split statistics------'
    #Train samples 1224 (5.0 % of nodes)
    #Val samples 3673 (15.0 % of nodes)
    #Test samples 19595 (remaining)
    ----label noise information:------
    Instance dependent noise
    #Actual noise rate 0.50
    [cuda:0] LNPCC waiting for GPU slot...
    [cuda:0] Slot acquired (waited 863.7s). Starting GCN...
    FINAL_RESULT: {'acc': {'train': 0.3022875816993464, 'valid': 0.2858698611489246, 'test': 0.34085225822914006}, 'wall_s': 80.43, 'cpu_s': 77.3, 'gpu_s': 3.08, 'wait_s': 863.66}
    [Time] wall=80.4s | cpu=77.3s | gpu=3.1s
    C:\Users\fbrev\Documents\Acadêmico\Simulações\Python\NoisyGL\predictor\Base_Predictor.py:144: UserWarning: Sparse CSR tensor support is in beta state. If you miss a functionality in the sparse tensor support, please submit a feature request to https://github.com/pytorch/pytorch/issues. (Triggered internally at ..\aten\src\ATen\SparseCsrTensorImpl.cpp:55.)
    self.adj_csr = self.adj.to_sparse_csr().to(self.device)
    [CPU] Loading amazon-ratings...
    DEBUG 3.1: Dataset init start
    DEBUG 3.2: prepare_data start amazon-ratings
    ----Data statistics------'
    Name: amazon-ratings
    #Nodes 24492
    #Edges 93050
    #Classes 5
    #Ave_degree 7.60
    ----Split statistics------'
    #Train samples 1224 (5.0 % of nodes)
    #Val samples 3673 (15.0 % of nodes)
    #Test samples 19595 (remaining)
    ----label noise information:------
    Instance dependent noise
    #Actual noise rate 0.50
    [cuda:0] LNPCC waiting for GPU slot...
    [cuda:0] Slot acquired (waited 384.4s). Starting GCN...
    FINAL_RESULT: {'acc': {'train': 0.4019607843137255, 'valid': 0.27252926762864144, 'test': 0.3424853278897678}, 'wall_s': 66.3, 'cpu_s': 63.2, 'gpu_s': 3.06, 'wait_s': 384.35}
    [Time] wall=66.3s | cpu=63.2s | gpu=3.1s
    C:\Users\fbrev\Documents\Acadêmico\Simulações\Python\NoisyGL\predictor\Base_Predictor.py:144: UserWarning: Sparse CSR tensor support is in beta state. If you miss a functionality in the sparse tensor support, please submit a feature request to https://github.com/pytorch/pytorch/issues. (Triggered internally at ..\aten\src\ATen\SparseCsrTensorImpl.cpp:55.)
    self.adj_csr = self.adj.to_sparse_csr().to(self.device)
    [CPU] Loading amazon-ratings...
    DEBUG 3.1: Dataset init start
    DEBUG 3.2: prepare_data start amazon-ratings
    ----Data statistics------'
    Name: amazon-ratings
    #Nodes 24492
    #Edges 93050
    #Classes 5
    #Ave_degree 7.60
    ----Split statistics------'
    #Train samples 1224 (5.0 % of nodes)
    #Val samples 3673 (15.0 % of nodes)
    #Test samples 19595 (remaining)
    ----label noise information:------
    Instance dependent noise
    #Actual noise rate 0.50
    [cuda:0] LNPCC waiting for GPU slot...
    [cuda:0] Slot acquired (waited 180.5s). Starting GCN...
    FINAL_RESULT: {'acc': {'train': 0.29248366013071897, 'valid': 0.2779744078410019, 'test': 0.3706047461087012}, 'wall_s': 72.02, 'cpu_s': 68.83, 'gpu_s': 3.14, 'wait_s': 180.48}
    [Time] wall=72.0s | cpu=68.8s | gpu=3.1s
    C:\Users\fbrev\Documents\Acadêmico\Simulações\Python\NoisyGL\predictor\Base_Predictor.py:144: UserWarning: Sparse CSR tensor support is in beta state. If you miss a functionality in the sparse tensor support, please submit a feature request to https://github.com/pytorch/pytorch/issues. (Triggered internally at ..\aten\src\ATen\SparseCsrTensorImpl.cpp:55.)
    self.adj_csr = self.adj.to_sparse_csr().to(self.device)
  [Retest] Candidate 3 Avg: 0.3335

[Phase 2] Starting final evaluation with 10 seeds (3000-3009)...
    [CPU] Loading amazon-ratings...
    DEBUG 3.1: Dataset init start
    DEBUG 3.2: prepare_data start amazon-ratings
    ----Data statistics------'
    Name: amazon-ratings
    #Nodes 24492
    #Edges 93050
    #Classes 5
    #Ave_degree 7.60
    ----Split statistics------'
    #Train samples 1224 (5.0 % of nodes)
    #Val samples 3673 (15.0 % of nodes)
    #Test samples 19595 (remaining)
    ----label noise information:------
    Instance dependent noise
    #Actual noise rate 0.50
    [cuda:0] LNPCC waiting for GPU slot...
    [cuda:0] Slot acquired (waited 182.7s). Starting GCN...
    FINAL_RESULT: {'acc': {'train': 0.3137254901960784, 'valid': 0.25973318812959434, 'test': 0.388568512375606}, 'wall_s': 59.51, 'cpu_s': 56.4, 'gpu_s': 3.06, 'wait_s': 182.73}
    [Time] wall=59.5s | cpu=56.4s | gpu=3.1s
    C:\Users\fbrev\Documents\Acadêmico\Simulações\Python\NoisyGL\predictor\Base_Predictor.py:144: UserWarning: Sparse CSR tensor support is in beta state. If you miss a functionality in the sparse tensor support, please submit a feature request to https://github.com/pytorch/pytorch/issues. (Triggered internally at ..\aten\src\ATen\SparseCsrTensorImpl.cpp:55.)
    self.adj_csr = self.adj.to_sparse_csr().to(self.device)
    [CPU] Loading amazon-ratings...
    DEBUG 3.1: Dataset init start
    DEBUG 3.2: prepare_data start amazon-ratings
    ----Data statistics------'
    Name: amazon-ratings
    #Nodes 24492
    #Edges 93050
    #Classes 5
    #Ave_degree 7.60
    ----Split statistics------'
    #Train samples 1224 (5.0 % of nodes)
    #Val samples 3673 (15.0 % of nodes)
    #Test samples 19595 (remaining)
    ----label noise information:------
    Instance dependent noise
    #Actual noise rate 0.50
    [cuda:0] LNPCC waiting for GPU slot...
    [cuda:0] Slot acquired (waited 122.1s). Starting GCN...
    FINAL_RESULT: {'acc': {'train': 0.3104575163398693, 'valid': 0.25973318812959434, 'test': 0.3595815258994641}, 'wall_s': 67.1, 'cpu_s': 64.22, 'gpu_s': 2.83, 'wait_s': 122.11}
    [Time] wall=67.1s | cpu=64.2s | gpu=2.8s
    C:\Users\fbrev\Documents\Acadêmico\Simulações\Python\NoisyGL\predictor\Base_Predictor.py:144: UserWarning: Sparse CSR tensor support is in beta state. If you miss a functionality in the sparse tensor support, please submit a feature request to https://github.com/pytorch/pytorch/issues. (Triggered internally at ..\aten\src\ATen\SparseCsrTensorImpl.cpp:55.)
    self.adj_csr = self.adj.to_sparse_csr().to(self.device)
    [CPU] Loading amazon-ratings...
    DEBUG 3.1: Dataset init start
    DEBUG 3.2: prepare_data start amazon-ratings
    ----Data statistics------'
    Name: amazon-ratings
    #Nodes 24492
    #Edges 93050
    #Classes 5
    #Ave_degree 7.60
    ----Split statistics------'
    #Train samples 1224 (5.0 % of nodes)
    #Val samples 3673 (15.0 % of nodes)
    #Test samples 19595 (remaining)
    ----label noise information:------
    Instance dependent noise
    #Actual noise rate 0.50
    [cuda:0] LNPCC waiting for GPU slot...
    [cuda:0] Slot acquired (waited 170.1s). Starting GCN...
    FINAL_RESULT: {'acc': {'train': 0.39133986928104575, 'valid': 0.24911516471549142, 'test': 0.31681551416177595}, 'wall_s': 69.11, 'cpu_s': 65.79, 'gpu_s': 3.26, 'wait_s': 170.14}
    [Time] wall=69.1s | cpu=65.8s | gpu=3.3s
    C:\Users\fbrev\Documents\Acadêmico\Simulações\Python\NoisyGL\predictor\Base_Predictor.py:144: UserWarning: Sparse CSR tensor support is in beta state. If you miss a functionality in the sparse tensor support, please submit a feature request to https://github.com/pytorch/pytorch/issues. (Triggered internally at ..\aten\src\ATen\SparseCsrTensorImpl.cpp:55.)
    self.adj_csr = self.adj.to_sparse_csr().to(self.device)
    [CPU] Loading amazon-ratings...
    DEBUG 3.1: Dataset init start
    DEBUG 3.2: prepare_data start amazon-ratings
    ----Data statistics------'
    Name: amazon-ratings
    #Nodes 24492
    #Edges 93050
    #Classes 5
    #Ave_degree 7.60
    ----Split statistics------'
    #Train samples 1224 (5.0 % of nodes)
    #Val samples 3673 (15.0 % of nodes)
    #Test samples 19595 (remaining)
    ----label noise information:------
    Instance dependent noise
    #Actual noise rate 0.50
    [cuda:0] LNPCC waiting for GPU slot...
    [cuda:0] Slot acquired (waited 299.4s). Starting GCN...
    FINAL_RESULT: {'acc': {'train': 0.3758169934640523, 'valid': 0.30520010890280425, 'test': 0.3561622862975249}, 'wall_s': 67.18, 'cpu_s': 64.86, 'gpu_s': 2.28, 'wait_s': 299.44}
    [Time] wall=67.2s | cpu=64.9s | gpu=2.3s
    C:\Users\fbrev\Documents\Acadêmico\Simulações\Python\NoisyGL\predictor\Base_Predictor.py:144: UserWarning: Sparse CSR tensor support is in beta state. If you miss a functionality in the sparse tensor support, please submit a feature request to https://github.com/pytorch/pytorch/issues. (Triggered internally at ..\aten\src\ATen\SparseCsrTensorImpl.cpp:55.)
    self.adj_csr = self.adj.to_sparse_csr().to(self.device)
    [CPU] Loading amazon-ratings...
    DEBUG 3.1: Dataset init start
    DEBUG 3.2: prepare_data start amazon-ratings
    ----Data statistics------'
    Name: amazon-ratings
    #Nodes 24492
    #Edges 93050
    #Classes 5
    #Ave_degree 7.60
    ----Split statistics------'
    #Train samples 1224 (5.0 % of nodes)
    #Val samples 3673 (15.0 % of nodes)
    #Test samples 19595 (remaining)
    ----label noise information:------
    Instance dependent noise
    #Actual noise rate 0.50
    [cuda:0] LNPCC waiting for GPU slot...
    [cuda:0] Slot acquired (waited 1248.6s). Starting GCN...
    FINAL_RESULT: {'acc': {'train': 0.3300653594771242, 'valid': 0.3106452491151647, 'test': 0.3723398826231181}, 'wall_s': 48.09, 'cpu_s': 45.45, 'gpu_s': 2.61, 'wait_s': 1248.64}
    [Time] wall=48.1s | cpu=45.5s | gpu=2.6s
    C:\Users\fbrev\Documents\Acadêmico\Simulações\Python\NoisyGL\predictor\Base_Predictor.py:144: UserWarning: Sparse CSR tensor support is in beta state. If you miss a functionality in the sparse tensor support, please submit a feature request to https://github.com/pytorch/pytorch/issues. (Triggered internally at ..\aten\src\ATen\SparseCsrTensorImpl.cpp:55.)
    self.adj_csr = self.adj.to_sparse_csr().to(self.device)
    [CPU] Loading amazon-ratings...
    DEBUG 3.1: Dataset init start
    DEBUG 3.2: prepare_data start amazon-ratings
    ----Data statistics------'
    Name: amazon-ratings
    #Nodes 24492
    #Edges 93050
    #Classes 5
    #Ave_degree 7.60
    ----Split statistics------'
    #Train samples 1224 (5.0 % of nodes)
    #Val samples 3673 (15.0 % of nodes)
    #Test samples 19595 (remaining)
    ----label noise information:------
    Instance dependent noise
    #Actual noise rate 0.49
    [cuda:0] LNPCC waiting for GPU slot...
    [cuda:0] Slot acquired (waited 1214.1s). Starting GCN...
    FINAL_RESULT: {'acc': {'train': 0.28431372549019607, 'valid': 0.2744350667029676, 'test': 0.3756060219443736}, 'wall_s': 51.77, 'cpu_s': 49.33, 'gpu_s': 2.41, 'wait_s': 1214.14}
    [Time] wall=51.8s | cpu=49.3s | gpu=2.4s
    C:\Users\fbrev\Documents\Acadêmico\Simulações\Python\NoisyGL\predictor\Base_Predictor.py:144: UserWarning: Sparse CSR tensor support is in beta state. If you miss a functionality in the sparse tensor support, please submit a feature request to https://github.com/pytorch/pytorch/issues. (Triggered internally at ..\aten\src\ATen\SparseCsrTensorImpl.cpp:55.)
    self.adj_csr = self.adj.to_sparse_csr().to(self.device)
    [CPU] Loading amazon-ratings...
    DEBUG 3.1: Dataset init start
    DEBUG 3.2: prepare_data start amazon-ratings
    ----Data statistics------'
    Name: amazon-ratings
    #Nodes 24492
    #Edges 93050
    #Classes 5
    #Ave_degree 7.60
    ----Split statistics------'
    #Train samples 1224 (5.0 % of nodes)
    #Val samples 3673 (15.0 % of nodes)
    #Test samples 19595 (remaining)
    ----label noise information:------
    Instance dependent noise
    #Actual noise rate 0.50
    [cuda:0] LNPCC waiting for GPU slot...
    [cuda:0] Slot acquired (waited 101.2s). Starting GCN...
    FINAL_RESULT: {'acc': {'train': 0.3088235294117647, 'valid': 0.25673836101279607, 'test': 0.33467721357489155}, 'wall_s': 52.06, 'cpu_s': 49.72, 'gpu_s': 2.31, 'wait_s': 101.2}
    [Time] wall=52.1s | cpu=49.7s | gpu=2.3s
    C:\Users\fbrev\Documents\Acadêmico\Simulações\Python\NoisyGL\predictor\Base_Predictor.py:144: UserWarning: Sparse CSR tensor support is in beta state. If you miss a functionality in the sparse tensor support, please submit a feature request to https://github.com/pytorch/pytorch/issues. (Triggered internally at ..\aten\src\ATen\SparseCsrTensorImpl.cpp:55.)
    self.adj_csr = self.adj.to_sparse_csr().to(self.device)
    [CPU] Loading amazon-ratings...
    DEBUG 3.1: Dataset init start
    DEBUG 3.2: prepare_data start amazon-ratings
    ----Data statistics------'
    Name: amazon-ratings
    #Nodes 24492
    #Edges 93050
    #Classes 5
    #Ave_degree 7.60
    ----Split statistics------'
    #Train samples 1224 (5.0 % of nodes)
    #Val samples 3673 (15.0 % of nodes)
    #Test samples 19595 (remaining)
    ----label noise information:------
    Instance dependent noise
    #Actual noise rate 0.50
    [cuda:0] LNPCC waiting for GPU slot...
    [cuda:0] Slot acquired (waited 968.3s). Starting GCN...
    FINAL_RESULT: {'acc': {'train': 0.33442354865085855, 'valid': 0.2534712768853798, 'test': 0.3262566981372799}, 'wall_s': 50.9, 'cpu_s': 48.63, 'gpu_s': 2.23, 'wait_s': 968.27}
    [Time] wall=50.9s | cpu=48.6s | gpu=2.2s
    C:\Users\fbrev\Documents\Acadêmico\Simulações\Python\NoisyGL\predictor\Base_Predictor.py:144: UserWarning: Sparse CSR tensor support is in beta state. If you miss a functionality in the sparse tensor support, please submit a feature request to https://github.com/pytorch/pytorch/issues. (Triggered internally at ..\aten\src\ATen\SparseCsrTensorImpl.cpp:55.)
    self.adj_csr = self.adj.to_sparse_csr().to(self.device)
    [CPU] Loading amazon-ratings...
    DEBUG 3.1: Dataset init start
    DEBUG 3.2: prepare_data start amazon-ratings
    ----Data statistics------'
    Name: amazon-ratings
    #Nodes 24492
    #Edges 93050
    #Classes 5
    #Ave_degree 7.60
    ----Split statistics------'
    #Train samples 1224 (5.0 % of nodes)
    #Val samples 3673 (15.0 % of nodes)
    #Test samples 19595 (remaining)
    ----label noise information:------
    Instance dependent noise
    #Actual noise rate 0.50
    [cuda:0] LNPCC waiting for GPU slot...
    [cuda:0] Slot acquired (waited 447.7s). Starting GCN...
    FINAL_RESULT: {'acc': {'train': 0.2949346405228758, 'valid': 0.28178600598965425, 'test': 0.35850982393467723}, 'wall_s': 51.29, 'cpu_s': 48.91, 'gpu_s': 2.34, 'wait_s': 447.72}
    [Time] wall=51.3s | cpu=48.9s | gpu=2.3s
    C:\Users\fbrev\Documents\Acadêmico\Simulações\Python\NoisyGL\predictor\Base_Predictor.py:144: UserWarning: Sparse CSR tensor support is in beta state. If you miss a functionality in the sparse tensor support, please submit a feature request to https://github.com/pytorch/pytorch/issues. (Triggered internally at ..\aten\src\ATen\SparseCsrTensorImpl.cpp:55.)
    self.adj_csr = self.adj.to_sparse_csr().to(self.device)
    [CPU] Loading amazon-ratings...
    DEBUG 3.1: Dataset init start
    DEBUG 3.2: prepare_data start amazon-ratings
    ----Data statistics------'
    Name: amazon-ratings
    #Nodes 24492
    #Edges 93050
    #Classes 5
    #Ave_degree 7.60
    ----Split statistics------'
    #Train samples 1224 (5.0 % of nodes)
    #Val samples 3673 (15.0 % of nodes)
    #Test samples 19595 (remaining)
    ----label noise information:------
    Instance dependent noise
    #Actual noise rate 0.50
    [cuda:0] LNPCC waiting for GPU slot...
    [cuda:0] Slot acquired (waited 444.7s). Starting GCN...
    FINAL_RESULT: {'acc': {'train': 0.30335241210139, 'valid': 0.2932208004356112, 'test': 0.36989027813217656}, 'wall_s': 49.88, 'cpu_s': 47.52, 'gpu_s': 2.33, 'wait_s': 444.69}
    [Time] wall=49.9s | cpu=47.5s | gpu=2.3s
    C:\Users\fbrev\Documents\Acadêmico\Simulações\Python\NoisyGL\predictor\Base_Predictor.py:144: UserWarning: Sparse CSR tensor support is in beta state. If you miss a functionality in the sparse tensor support, please submit a feature request to https://github.com/pytorch/pytorch/issues. (Triggered internally at ..\aten\src\ATen\SparseCsrTensorImpl.cpp:55.)
    self.adj_csr = self.adj.to_sparse_csr().to(self.device)

[FINAL] lnpcc_amazon-ratings_instance_0.5 | 0.3558 ± 0.0219
