[worker] START nrgnn_amazon-ratings_0.4 gpu=1
[HPO] Starting Phase 1 (Optuna) for nrgnn_amazon-ratings_instance_0.4...
[I 2026-04-27 13:20:18,060] Using an existing study with name 'nrgnn_amazon-ratings_instance_0.4' instead of creating a new one.
    [CPU] Loading amazon-ratings...
    DEBUG 3.1: Dataset init start
    DEBUG 3.2: prepare_data start amazon-ratings
    ----Data statistics------'
    Name: amazon-ratings
    #Nodes 24492
    #Edges 93050
    #Classes 5
    #Ave_degree 7.60
    ----Split statistics------'
    #Train samples 1224 (5.0 % of nodes)
    #Val samples 3673 (15.0 % of nodes)
    #Test samples 19595 (remaining)
    ----label noise information:------
    Instance dependent noise
    #Actual noise rate 0.40
    [cuda:1] Waiting for GPU slot...
    [cuda:1] Slot acquired (waited 256.4s). Training...
    [NRGNN] Large dataset detected (24492 nodes). Using sampled similarity search.
    FINAL_RESULT: {'acc': {'train': 0.20915032679738563, 'valid': 0.26245575823577455, 'test': 0.3699923449859658}, 'wall_s': 251.58, 'cpu_s': 14.11, 'gpu_s': 237.22, 'wait_s': 256.37}
    [Time] wall=251.6s | cpu=14.1s | gpu=237.2s
    C:\Users\fbrev\Documents\Acadêmico\Simulações\Python\NoisyGL\predictor\Base_Predictor.py:144: UserWarning: Sparse CSR tensor support is in beta state. If you miss a functionality in the sparse tensor support, please submit a feature request to https://github.com/pytorch/pytorch/issues. (Triggered internally at ..\aten\src\ATen\SparseCsrTensorImpl.cpp:55.)
    self.adj_csr = self.adj.to_sparse_csr().to(self.device)
[I 2026-04-27 13:28:52,329] Trial 35 finished with value: 0.3699923449859658 and parameters: {'lr': 0.01, 'weight_decay': 0.01, 'n_hidden': 32, 'n_layer': 3, 'dropout': 0.7776808444657739, 'p_cutoff': 0.9058014376686683, 'edge_threshold': 0.24777170105369492}. Best is trial 35 with value: 0.3699923449859658.
    [CPU] Loading amazon-ratings...
    DEBUG 3.1: Dataset init start
    DEBUG 3.2: prepare_data start amazon-ratings
    ----Data statistics------'
    Name: amazon-ratings
    #Nodes 24492
    #Edges 93050
    #Classes 5
    #Ave_degree 7.60
    ----Split statistics------'
    #Train samples 1224 (5.0 % of nodes)
    #Val samples 3673 (15.0 % of nodes)
    #Test samples 19595 (remaining)
    ----label noise information:------
    Instance dependent noise
    #Actual noise rate 0.40
    [cuda:1] Waiting for GPU slot...
    [cuda:1] Slot acquired (waited 274.9s). Training...
[I 2026-04-27 13:33:43,976] Trial 36 finished with value: 0.0 and parameters: {'lr': 0.01, 'weight_decay': 0.01, 'n_hidden': 32, 'n_layer': 3, 'dropout': 0.09523847941675845, 'p_cutoff': 0.9083073125786418, 'edge_threshold': 0.12332638504244314}. Best is trial 35 with value: 0.3699923449859658.
    [CPU] Loading amazon-ratings...
    DEBUG 3.1: Dataset init start
    DEBUG 3.2: prepare_data start amazon-ratings
    ----Data statistics------'
    Name: amazon-ratings
    #Nodes 24492
    #Edges 93050
    #Classes 5
    #Ave_degree 7.60
    ----Split statistics------'
    #Train samples 1224 (5.0 % of nodes)
    #Val samples 3673 (15.0 % of nodes)
    #Test samples 19595 (remaining)
    ----label noise information:------
    Instance dependent noise
    #Actual noise rate 0.40
    [cuda:1] Waiting for GPU slot...
    [cuda:1] Slot acquired (waited 269.5s). Training...
    [NRGNN] Large dataset detected (24492 nodes). Using sampled similarity search.
    FINAL_RESULT: {'acc': {'train': 0.2679738562091503, 'valid': 0.26218350122515655, 'test': 0.3690227098749681}, 'wall_s': 254.2, 'cpu_s': 13.66, 'gpu_s': 240.28, 'wait_s': 269.45}
    [Time] wall=254.2s | cpu=13.7s | gpu=240.3s
    C:\Users\fbrev\Documents\Acadêmico\Simulações\Python\NoisyGL\predictor\Base_Predictor.py:144: UserWarning: Sparse CSR tensor support is in beta state. If you miss a functionality in the sparse tensor support, please submit a feature request to https://github.com/pytorch/pytorch/issues. (Triggered internally at ..\aten\src\ATen\SparseCsrTensorImpl.cpp:55.)
    self.adj_csr = self.adj.to_sparse_csr().to(self.device)
[I 2026-04-27 13:42:35,465] Trial 37 finished with value: 0.3690227098749681 and parameters: {'lr': 0.01, 'weight_decay': 0.05, 'n_hidden': 32, 'n_layer': 3, 'dropout': 0.7721100850042353, 'p_cutoff': 0.8141610109315833, 'edge_threshold': 0.3076506833480176}. Best is trial 35 with value: 0.3699923449859658.
    [CPU] Loading amazon-ratings...
    DEBUG 3.1: Dataset init start
    DEBUG 3.2: prepare_data start amazon-ratings
    ----Data statistics------'
    Name: amazon-ratings
    #Nodes 24492
    #Edges 93050
    #Classes 5
    #Ave_degree 7.60
    ----Split statistics------'
    #Train samples 1224 (5.0 % of nodes)
    #Val samples 3673 (15.0 % of nodes)
    #Test samples 19595 (remaining)
    ----label noise information:------
    Instance dependent noise
    #Actual noise rate 0.40
    [cuda:1] Waiting for GPU slot...
    [cuda:1] Slot acquired (waited 246.9s). Training...
    [NRGNN] Large dataset detected (24492 nodes). Using sampled similarity search.
    FINAL_RESULT: {'acc': {'train': 0.4166666666666667, 'valid': 0.28314729104274433, 'test': 0.3534064812452156}, 'wall_s': 256.03, 'cpu_s': 14.36, 'gpu_s': 241.38, 'wait_s': 246.92}
    [Time] wall=256.0s | cpu=14.4s | gpu=241.4s
    C:\Users\fbrev\Documents\Acadêmico\Simulações\Python\NoisyGL\predictor\Base_Predictor.py:144: UserWarning: Sparse CSR tensor support is in beta state. If you miss a functionality in the sparse tensor support, please submit a feature request to https://github.com/pytorch/pytorch/issues. (Triggered internally at ..\aten\src\ATen\SparseCsrTensorImpl.cpp:55.)
    self.adj_csr = self.adj.to_sparse_csr().to(self.device)
[I 2026-04-27 13:51:05,313] Trial 38 finished with value: 0.3534064812452156 and parameters: {'lr': 0.01, 'weight_decay': 0.0, 'n_hidden': 32, 'n_layer': 3, 'dropout': 0.7960357152076689, 'p_cutoff': 0.7895169873589313, 'edge_threshold': 0.3690215532226681}. Best is trial 35 with value: 0.3699923449859658.
    [CPU] Loading amazon-ratings...
    DEBUG 3.1: Dataset init start
    DEBUG 3.2: prepare_data start amazon-ratings
    ----Data statistics------'
    Name: amazon-ratings
    #Nodes 24492
    #Edges 93050
    #Classes 5
    #Ave_degree 7.60
    ----Split statistics------'
    #Train samples 1224 (5.0 % of nodes)
    #Val samples 3673 (15.0 % of nodes)
    #Test samples 19595 (remaining)
    ----label noise information:------
    Instance dependent noise
    #Actual noise rate 0.40
    [cuda:1] Waiting for GPU slot...
    [cuda:1] Slot acquired (waited 246.7s). Training...
    [NRGNN] Large dataset detected (24492 nodes). Using sampled similarity search.
    FINAL_RESULT: {'acc': {'train': 0.2107843137254902, 'valid': 0.2630002722570106, 'test': 0.3705537126818066}, 'wall_s': 248.97, 'cpu_s': 13.5, 'gpu_s': 235.2, 'wait_s': 246.7}
    [Time] wall=249.0s | cpu=13.5s | gpu=235.2s
    C:\Users\fbrev\Documents\Acadêmico\Simulações\Python\NoisyGL\predictor\Base_Predictor.py:144: UserWarning: Sparse CSR tensor support is in beta state. If you miss a functionality in the sparse tensor support, please submit a feature request to https://github.com/pytorch/pytorch/issues. (Triggered internally at ..\aten\src\ATen\SparseCsrTensorImpl.cpp:55.)
    self.adj_csr = self.adj.to_sparse_csr().to(self.device)
[I 2026-04-27 13:59:27,994] Trial 39 finished with value: 0.3705537126818066 and parameters: {'lr': 0.01, 'weight_decay': 0.01, 'n_hidden': 32, 'n_layer': 3, 'dropout': 0.7821423933089904, 'p_cutoff': 0.6575495802447839, 'edge_threshold': 0.3011474027774497}. Best is trial 39 with value: 0.3705537126818066.
    [CPU] Loading amazon-ratings...
    DEBUG 3.1: Dataset init start
    DEBUG 3.2: prepare_data start amazon-ratings
    ----Data statistics------'
    Name: amazon-ratings
    #Nodes 24492
    #Edges 93050
    #Classes 5
    #Ave_degree 7.60
    ----Split statistics------'
    #Train samples 1224 (5.0 % of nodes)
    #Val samples 3673 (15.0 % of nodes)
    #Test samples 19595 (remaining)
    ----label noise information:------
    Instance dependent noise
    #Actual noise rate 0.40
    [cuda:1] Waiting for GPU slot...
    [cuda:1] Slot acquired (waited 241.5s). Training...
    [NRGNN] Large dataset detected (24492 nodes). Using sampled similarity search.
    FINAL_RESULT: {'acc': {'train': 0.28104575163398693, 'valid': 0.26218350122515655, 'test': 0.36851237560602196}, 'wall_s': 241.61, 'cpu_s': 13.42, 'gpu_s': 227.93, 'wait_s': 241.52}
    [Time] wall=241.6s | cpu=13.4s | gpu=227.9s
    C:\Users\fbrev\Documents\Acadêmico\Simulações\Python\NoisyGL\predictor\Base_Predictor.py:144: UserWarning: Sparse CSR tensor support is in beta state. If you miss a functionality in the sparse tensor support, please submit a feature request to https://github.com/pytorch/pytorch/issues. (Triggered internally at ..\aten\src\ATen\SparseCsrTensorImpl.cpp:55.)
    self.adj_csr = self.adj.to_sparse_csr().to(self.device)
[I 2026-04-27 14:07:37,834] Trial 40 finished with value: 0.36851237560602196 and parameters: {'lr': 0.01, 'weight_decay': 0.01, 'n_hidden': 32, 'n_layer': 3, 'dropout': 0.7996084239088028, 'p_cutoff': 0.6446988875485211, 'edge_threshold': 0.31123808370456396}. Best is trial 39 with value: 0.3705537126818066.
    [CPU] Loading amazon-ratings...
    DEBUG 3.1: Dataset init start
    DEBUG 3.2: prepare_data start amazon-ratings
    ----Data statistics------'
    Name: amazon-ratings
    #Nodes 24492
    #Edges 93050
    #Classes 5
    #Ave_degree 7.60
    ----Split statistics------'
    #Train samples 1224 (5.0 % of nodes)
    #Val samples 3673 (15.0 % of nodes)
    #Test samples 19595 (remaining)
    ----label noise information:------
    Instance dependent noise
    #Actual noise rate 0.40
    [cuda:1] Waiting for GPU slot...
    [cuda:1] Slot acquired (waited 260.6s). Training...
    [NRGNN] Large dataset detected (24492 nodes). Using sampled similarity search.
    FINAL_RESULT: {'acc': {'train': 0.23202614379084968, 'valid': 0.2632725292676286, 'test': 0.3693289104363358}, 'wall_s': 244.34, 'cpu_s': 13.23, 'gpu_s': 230.84, 'wait_s': 260.64}
    [Time] wall=244.3s | cpu=13.2s | gpu=230.8s
    C:\Users\fbrev\Documents\Acadêmico\Simulações\Python\NoisyGL\predictor\Base_Predictor.py:144: UserWarning: Sparse CSR tensor support is in beta state. If you miss a functionality in the sparse tensor support, please submit a feature request to https://github.com/pytorch/pytorch/issues. (Triggered internally at ..\aten\src\ATen\SparseCsrTensorImpl.cpp:55.)
    self.adj_csr = self.adj.to_sparse_csr().to(self.device)
[I 2026-04-27 14:16:09,367] Trial 41 finished with value: 0.3693289104363358 and parameters: {'lr': 0.01, 'weight_decay': 0.01, 'n_hidden': 32, 'n_layer': 3, 'dropout': 0.687285204010803, 'p_cutoff': 0.6838456972512932, 'edge_threshold': 0.36307967733663216}. Best is trial 39 with value: 0.3705537126818066.
    [CPU] Loading amazon-ratings...
    DEBUG 3.1: Dataset init start
    DEBUG 3.2: prepare_data start amazon-ratings
    ----Data statistics------'
    Name: amazon-ratings
    #Nodes 24492
    #Edges 93050
    #Classes 5
    #Ave_degree 7.60
    ----Split statistics------'
    #Train samples 1224 (5.0 % of nodes)
    #Val samples 3673 (15.0 % of nodes)
    #Test samples 19595 (remaining)
    ----label noise information:------
    Instance dependent noise
    #Actual noise rate 0.40
    [cuda:1] Waiting for GPU slot...
    [cuda:1] Slot acquired (waited 490.8s). Training...
    [NRGNN] Large dataset detected (24492 nodes). Using sampled similarity search.
    FINAL_RESULT: {'acc': {'train': 0.27532679738562094, 'valid': 0.26245575823577455, 'test': 0.3684103087522327}, 'wall_s': 237.48, 'cpu_s': 12.82, 'gpu_s': 224.43, 'wait_s': 490.77}
    [Time] wall=237.5s | cpu=12.8s | gpu=224.4s
    C:\Users\fbrev\Documents\Acadêmico\Simulações\Python\NoisyGL\predictor\Base_Predictor.py:144: UserWarning: Sparse CSR tensor support is in beta state. If you miss a functionality in the sparse tensor support, please submit a feature request to https://github.com/pytorch/pytorch/issues. (Triggered internally at ..\aten\src\ATen\SparseCsrTensorImpl.cpp:55.)
    self.adj_csr = self.adj.to_sparse_csr().to(self.device)
[I 2026-04-27 14:28:24,271] Trial 42 finished with value: 0.3684103087522327 and parameters: {'lr': 0.01, 'weight_decay': 0.01, 'n_hidden': 32, 'n_layer': 3, 'dropout': 0.6910861816862828, 'p_cutoff': 0.6857128843586063, 'edge_threshold': 0.36865973947176883}. Best is trial 39 with value: 0.3705537126818066.
    [CPU] Loading amazon-ratings...
    DEBUG 3.1: Dataset init start
    DEBUG 3.2: prepare_data start amazon-ratings
    ----Data statistics------'
    Name: amazon-ratings
    #Nodes 24492
    #Edges 93050
    #Classes 5
    #Ave_degree 7.60
    ----Split statistics------'
    #Train samples 1224 (5.0 % of nodes)
    #Val samples 3673 (15.0 % of nodes)
    #Test samples 19595 (remaining)
    ----label noise information:------
    Instance dependent noise
    #Actual noise rate 0.40
    [cuda:1] Waiting for GPU slot...
    [cuda:1] Slot acquired (waited 244.4s). Training...
    [NRGNN] Large dataset detected (24492 nodes). Using sampled similarity search.
    FINAL_RESULT: {'acc': {'train': 0.28104575163398693, 'valid': 0.26218350122515655, 'test': 0.36851237560602196}, 'wall_s': 240.83, 'cpu_s': 12.98, 'gpu_s': 227.64, 'wait_s': 244.44}
    [Time] wall=240.8s | cpu=13.0s | gpu=227.6s
    C:\Users\fbrev\Documents\Acadêmico\Simulações\Python\NoisyGL\predictor\Base_Predictor.py:144: UserWarning: Sparse CSR tensor support is in beta state. If you miss a functionality in the sparse tensor support, please submit a feature request to https://github.com/pytorch/pytorch/issues. (Triggered internally at ..\aten\src\ATen\SparseCsrTensorImpl.cpp:55.)
    self.adj_csr = self.adj.to_sparse_csr().to(self.device)
[I 2026-04-27 14:36:35,600] Trial 43 finished with value: 0.36851237560602196 and parameters: {'lr': 0.01, 'weight_decay': 0.01, 'n_hidden': 32, 'n_layer': 3, 'dropout': 0.7569410715261022, 'p_cutoff': 0.8397004173319862, 'edge_threshold': 0.3208956805662872}. Best is trial 39 with value: 0.3705537126818066.
    [CPU] Loading amazon-ratings...
    DEBUG 3.1: Dataset init start
    DEBUG 3.2: prepare_data start amazon-ratings
    ----Data statistics------'
    Name: amazon-ratings
    #Nodes 24492
    #Edges 93050
    #Classes 5
    #Ave_degree 7.60
    ----Split statistics------'
    #Train samples 1224 (5.0 % of nodes)
    #Val samples 3673 (15.0 % of nodes)
    #Test samples 19595 (remaining)
    ----label noise information:------
    Instance dependent noise
    #Actual noise rate 0.40
    [cuda:1] Waiting for GPU slot...
    [cuda:1] Slot acquired (waited 235.4s). Training...
    [NRGNN] Large dataset detected (24492 nodes). Using sampled similarity search.
    FINAL_RESULT: {'acc': {'train': 0.28022875816993464, 'valid': 0.26218350122515655, 'test': 0.36851237560602196}, 'wall_s': 248.54, 'cpu_s': 13.63, 'gpu_s': 234.68, 'wait_s': 235.36}
    [Time] wall=248.5s | cpu=13.6s | gpu=234.7s
    C:\Users\fbrev\Documents\Acadêmico\Simulações\Python\NoisyGL\predictor\Base_Predictor.py:144: UserWarning: Sparse CSR tensor support is in beta state. If you miss a functionality in the sparse tensor support, please submit a feature request to https://github.com/pytorch/pytorch/issues. (Triggered internally at ..\aten\src\ATen\SparseCsrTensorImpl.cpp:55.)
    self.adj_csr = self.adj.to_sparse_csr().to(self.device)
[I 2026-04-27 14:44:45,582] Trial 44 finished with value: 0.36851237560602196 and parameters: {'lr': 0.01, 'weight_decay': 0.01, 'n_hidden': 32, 'n_layer': 3, 'dropout': 0.7545873015784765, 'p_cutoff': 0.6659625274679916, 'edge_threshold': 0.3639642135663107}. Best is trial 39 with value: 0.3705537126818066.
    [CPU] Loading amazon-ratings...
    DEBUG 3.1: Dataset init start
    DEBUG 3.2: prepare_data start amazon-ratings
    ----Data statistics------'
    Name: amazon-ratings
    #Nodes 24492
    #Edges 93050
    #Classes 5
    #Ave_degree 7.60
    ----Split statistics------'
    #Train samples 1224 (5.0 % of nodes)
    #Val samples 3673 (15.0 % of nodes)
    #Test samples 19595 (remaining)
    ----label noise information:------
    Instance dependent noise
    #Actual noise rate 0.40
    [cuda:1] Waiting for GPU slot...
    [cuda:1] Slot acquired (waited 251.0s). Training...
    [NRGNN] Large dataset detected (24492 nodes). Using sampled similarity search.
    FINAL_RESULT: {'acc': {'train': 0.27941176470588236, 'valid': 0.26218350122515655, 'test': 0.36851237560602196}, 'wall_s': 249.68, 'cpu_s': 13.13, 'gpu_s': 236.31, 'wait_s': 251.01}
    [Time] wall=249.7s | cpu=13.1s | gpu=236.3s
    C:\Users\fbrev\Documents\Acadêmico\Simulações\Python\NoisyGL\predictor\Base_Predictor.py:144: UserWarning: Sparse CSR tensor support is in beta state. If you miss a functionality in the sparse tensor support, please submit a feature request to https://github.com/pytorch/pytorch/issues. (Triggered internally at ..\aten\src\ATen\SparseCsrTensorImpl.cpp:55.)
    self.adj_csr = self.adj.to_sparse_csr().to(self.device)
[I 2026-04-27 14:53:12,987] Trial 45 finished with value: 0.36851237560602196 and parameters: {'lr': 0.01, 'weight_decay': 0.01, 'n_hidden': 32, 'n_layer': 3, 'dropout': 0.6200315249789112, 'p_cutoff': 0.7208727180472732, 'edge_threshold': 0.4321293243632992}. Best is trial 39 with value: 0.3705537126818066.
    [CPU] Loading amazon-ratings...
    DEBUG 3.1: Dataset init start
    DEBUG 3.2: prepare_data start amazon-ratings
    ----Data statistics------'
    Name: amazon-ratings
    #Nodes 24492
    #Edges 93050
    #Classes 5
    #Ave_degree 7.60
    ----Split statistics------'
    #Train samples 1224 (5.0 % of nodes)
    #Val samples 3673 (15.0 % of nodes)
    #Test samples 19595 (remaining)
    ----label noise information:------
    Instance dependent noise
    #Actual noise rate 0.40
    [cuda:1] Waiting for GPU slot...
    [cuda:1] Slot acquired (waited 2.0s). Training...
    [NRGNN] Large dataset detected (24492 nodes). Using sampled similarity search.
    FINAL_RESULT: {'acc': {'train': 0.37254901960784315, 'valid': 0.2806969779471821, 'test': 0.3609083949987242}, 'wall_s': 245.94, 'cpu_s': 12.93, 'gpu_s': 232.79, 'wait_s': 2.03}
    [Time] wall=245.9s | cpu=12.9s | gpu=232.8s
    C:\Users\fbrev\Documents\Acadêmico\Simulações\Python\NoisyGL\predictor\Base_Predictor.py:144: UserWarning: Sparse CSR tensor support is in beta state. If you miss a functionality in the sparse tensor support, please submit a feature request to https://github.com/pytorch/pytorch/issues. (Triggered internally at ..\aten\src\ATen\SparseCsrTensorImpl.cpp:55.)
    self.adj_csr = self.adj.to_sparse_csr().to(self.device)
[I 2026-04-27 14:57:27,607] Trial 46 finished with value: 0.3609083949987242 and parameters: {'lr': 0.01, 'weight_decay': 0.0001, 'n_hidden': 32, 'n_layer': 3, 'dropout': 0.6535298225577262, 'p_cutoff': 0.5587338636539877, 'edge_threshold': 0.2926290964630723}. Best is trial 39 with value: 0.3705537126818066.
    [CPU] Loading amazon-ratings...
    DEBUG 3.1: Dataset init start
    DEBUG 3.2: prepare_data start amazon-ratings
    ----Data statistics------'
    Name: amazon-ratings
    #Nodes 24492
    #Edges 93050
    #Classes 5
    #Ave_degree 7.60
    ----Split statistics------'
    #Train samples 1224 (5.0 % of nodes)
    #Val samples 3673 (15.0 % of nodes)
    #Test samples 19595 (remaining)
    ----label noise information:------
    Instance dependent noise
    #Actual noise rate 0.40
    [cuda:1] Waiting for GPU slot...
    [cuda:1] Slot acquired (waited 244.4s). Training...
    [NRGNN] Large dataset detected (24492 nodes). Using sampled similarity search.
    FINAL_RESULT: {'acc': {'train': 0.16584967320261437, 'valid': 0.2627280152463926, 'test': 0.3686144424598112}, 'wall_s': 243.24, 'cpu_s': 12.91, 'gpu_s': 230.1, 'wait_s': 244.39}
    [Time] wall=243.2s | cpu=12.9s | gpu=230.1s
    C:\Users\fbrev\Documents\Acadêmico\Simulações\Python\NoisyGL\predictor\Base_Predictor.py:144: UserWarning: Sparse CSR tensor support is in beta state. If you miss a functionality in the sparse tensor support, please submit a feature request to https://github.com/pytorch/pytorch/issues. (Triggered internally at ..\aten\src\ATen\SparseCsrTensorImpl.cpp:55.)
    self.adj_csr = self.adj.to_sparse_csr().to(self.device)
[I 2026-04-27 15:05:41,829] Trial 47 finished with value: 0.3686144424598112 and parameters: {'lr': 0.01, 'weight_decay': 0.01, 'n_hidden': 64, 'n_layer': 3, 'dropout': 0.7145315540845741, 'p_cutoff': 0.7892447454198838, 'edge_threshold': 0.2663947821854588}. Best is trial 39 with value: 0.3705537126818066.
    [CPU] Loading amazon-ratings...
    DEBUG 3.1: Dataset init start
    DEBUG 3.2: prepare_data start amazon-ratings
    ----Data statistics------'
    Name: amazon-ratings
    #Nodes 24492
    #Edges 93050
    #Classes 5
    #Ave_degree 7.60
    ----Split statistics------'
    #Train samples 1224 (5.0 % of nodes)
    #Val samples 3673 (15.0 % of nodes)
    #Test samples 19595 (remaining)
    ----label noise information:------
    Instance dependent noise
    #Actual noise rate 0.40
    [cuda:1] Waiting for GPU slot...
    [cuda:1] Slot acquired (waited 2.5s). Training...
    [NRGNN] Large dataset detected (24492 nodes). Using sampled similarity search.
    FINAL_RESULT: {'acc': {'train': 0.20915032679738563, 'valid': 0.26245575823577455, 'test': 0.370502679254912}, 'wall_s': 244.17, 'cpu_s': 12.18, 'gpu_s': 231.77, 'wait_s': 2.45}
    [Time] wall=244.2s | cpu=12.2s | gpu=231.8s
    C:\Users\fbrev\Documents\Acadêmico\Simulações\Python\NoisyGL\predictor\Base_Predictor.py:144: UserWarning: Sparse CSR tensor support is in beta state. If you miss a functionality in the sparse tensor support, please submit a feature request to https://github.com/pytorch/pytorch/issues. (Triggered internally at ..\aten\src\ATen\SparseCsrTensorImpl.cpp:55.)
    self.adj_csr = self.adj.to_sparse_csr().to(self.device)
[I 2026-04-27 15:09:54,746] Trial 48 finished with value: 0.370502679254912 and parameters: {'lr': 0.01, 'weight_decay': 0.01, 'n_hidden': 32, 'n_layer': 3, 'dropout': 0.7792907043682202, 'p_cutoff': 0.8710396442693722, 'edge_threshold': 0.39325167791675847}. Best is trial 39 with value: 0.3705537126818066.
    [CPU] Loading amazon-ratings...
    DEBUG 3.1: Dataset init start
    DEBUG 3.2: prepare_data start amazon-ratings
    ----Data statistics------'
    Name: amazon-ratings
    #Nodes 24492
    #Edges 93050
    #Classes 5
    #Ave_degree 7.60
    ----Split statistics------'
    #Train samples 1224 (5.0 % of nodes)
    #Val samples 3673 (15.0 % of nodes)
    #Test samples 19595 (remaining)
    ----label noise information:------
    Instance dependent noise
    #Actual noise rate 0.40
    [cuda:1] Waiting for GPU slot...
    [cuda:1] Slot acquired (waited 242.1s). Training...
    [NRGNN] Large dataset detected (24492 nodes). Using sampled similarity search.
    FINAL_RESULT: {'acc': {'train': 0.3553921568627451, 'valid': 0.2858698611489246, 'test': 0.3655524368461342}, 'wall_s': 249.77, 'cpu_s': 13.85, 'gpu_s': 235.68, 'wait_s': 242.05}
    [Time] wall=249.8s | cpu=13.9s | gpu=235.7s
    C:\Users\fbrev\Documents\Acadêmico\Simulações\Python\NoisyGL\predictor\Base_Predictor.py:144: UserWarning: Sparse CSR tensor support is in beta state. If you miss a functionality in the sparse tensor support, please submit a feature request to https://github.com/pytorch/pytorch/issues. (Triggered internally at ..\aten\src\ATen\SparseCsrTensorImpl.cpp:55.)
    self.adj_csr = self.adj.to_sparse_csr().to(self.device)
[I 2026-04-27 15:18:13,223] Trial 49 finished with value: 0.3655524368461342 and parameters: {'lr': 0.01, 'weight_decay': 0.001, 'n_hidden': 32, 'n_layer': 3, 'dropout': 0.7538058575543857, 'p_cutoff': 0.8702141802085575, 'edge_threshold': 0.3406930927570466}. Best is trial 39 with value: 0.3705537126818066.
    [CPU] Loading amazon-ratings...
    DEBUG 3.1: Dataset init start
    DEBUG 3.2: prepare_data start amazon-ratings
    ----Data statistics------'
    Name: amazon-ratings
    #Nodes 24492
    #Edges 93050
    #Classes 5
    #Ave_degree 7.60
    ----Split statistics------'
    #Train samples 1224 (5.0 % of nodes)
    #Val samples 3673 (15.0 % of nodes)
    #Test samples 19595 (remaining)
    ----label noise information:------
    Instance dependent noise
    #Actual noise rate 0.40
    [cuda:1] Waiting for GPU slot...
    [cuda:1] Slot acquired (waited 778.9s). Training...
    [NRGNN] Large dataset detected (24492 nodes). Using sampled similarity search.
    FINAL_RESULT: {'acc': {'train': 0.3790849673202614, 'valid': 0.28478083310645247, 'test': 0.370757846389385}, 'wall_s': 254.25, 'cpu_s': 14.75, 'gpu_s': 239.25, 'wait_s': 778.9}
    [Time] wall=254.3s | cpu=14.8s | gpu=239.2s
    C:\Users\fbrev\Documents\Acadêmico\Simulações\Python\NoisyGL\predictor\Base_Predictor.py:144: UserWarning: Sparse CSR tensor support is in beta state. If you miss a functionality in the sparse tensor support, please submit a feature request to https://github.com/pytorch/pytorch/issues. (Triggered internally at ..\aten\src\ATen\SparseCsrTensorImpl.cpp:55.)
    self.adj_csr = self.adj.to_sparse_csr().to(self.device)
[I 2026-04-27 15:35:32,932] Trial 50 finished with value: 0.370757846389385 and parameters: {'lr': 0.01, 'weight_decay': 0.0001, 'n_hidden': 32, 'n_layer': 3, 'dropout': 0.6963859346731647, 'p_cutoff': 0.912461969183035, 'edge_threshold': 0.25198581527133}. Best is trial 50 with value: 0.370757846389385.
    [CPU] Loading amazon-ratings...
    DEBUG 3.1: Dataset init start
    DEBUG 3.2: prepare_data start amazon-ratings
    ----Data statistics------'
    Name: amazon-ratings
    #Nodes 24492
    #Edges 93050
    #Classes 5
    #Ave_degree 7.60
    ----Split statistics------'
    #Train samples 1224 (5.0 % of nodes)
    #Val samples 3673 (15.0 % of nodes)
    #Test samples 19595 (remaining)
    ----label noise information:------
    Instance dependent noise
    #Actual noise rate 0.40
    [cuda:1] Waiting for GPU slot...
    [cuda:1] Slot acquired (waited 259.9s). Training...
    [NRGNN] Large dataset detected (24492 nodes). Using sampled similarity search.
    FINAL_RESULT: {'acc': {'train': 0.3831699346405229, 'valid': 0.27933569289409205, 'test': 0.35544781832100025}, 'wall_s': 253.84, 'cpu_s': 12.86, 'gpu_s': 240.74, 'wait_s': 259.92}
    [Time] wall=253.8s | cpu=12.9s | gpu=240.7s
    C:\Users\fbrev\Documents\Acadêmico\Simulações\Python\NoisyGL\predictor\Base_Predictor.py:144: UserWarning: Sparse CSR tensor support is in beta state. If you miss a functionality in the sparse tensor support, please submit a feature request to https://github.com/pytorch/pytorch/issues. (Triggered internally at ..\aten\src\ATen\SparseCsrTensorImpl.cpp:55.)
    self.adj_csr = self.adj.to_sparse_csr().to(self.device)
[I 2026-04-27 15:44:13,439] Trial 51 finished with value: 0.35544781832100025 and parameters: {'lr': 0.005, 'weight_decay': 0.0001, 'n_hidden': 32, 'n_layer': 3, 'dropout': 0.7154976403236608, 'p_cutoff': 0.9189726013482671, 'edge_threshold': 0.2544537378037726}. Best is trial 50 with value: 0.370757846389385.
    [CPU] Loading amazon-ratings...
    DEBUG 3.1: Dataset init start
    DEBUG 3.2: prepare_data start amazon-ratings
    ----Data statistics------'
    Name: amazon-ratings
    #Nodes 24492
    #Edges 93050
    #Classes 5
    #Ave_degree 7.60
    ----Split statistics------'
    #Train samples 1224 (5.0 % of nodes)
    #Val samples 3673 (15.0 % of nodes)
    #Test samples 19595 (remaining)
    ----label noise information:------
    Instance dependent noise
    #Actual noise rate 0.40
    [cuda:1] Waiting for GPU slot...
    [cuda:1] Slot acquired (waited 1025.2s). Training...
    [NRGNN] Large dataset detected (24492 nodes). Using sampled similarity search.
    FINAL_RESULT: {'acc': {'train': 0.4076797385620915, 'valid': 0.28423631908521646, 'test': 0.36024496044909415}, 'wall_s': 253.98, 'cpu_s': 13.78, 'gpu_s': 239.93, 'wait_s': 1025.19}
    [Time] wall=254.0s | cpu=13.8s | gpu=239.9s
    C:\Users\fbrev\Documents\Acadêmico\Simulações\Python\NoisyGL\predictor\Base_Predictor.py:144: UserWarning: Sparse CSR tensor support is in beta state. If you miss a functionality in the sparse tensor support, please submit a feature request to https://github.com/pytorch/pytorch/issues. (Triggered internally at ..\aten\src\ATen\SparseCsrTensorImpl.cpp:55.)
    self.adj_csr = self.adj.to_sparse_csr().to(self.device)
[I 2026-04-27 16:05:39,415] Trial 52 finished with value: 0.36024496044909415 and parameters: {'lr': 0.01, 'weight_decay': 0.0001, 'n_hidden': 32, 'n_layer': 3, 'dropout': 0.6389300525175027, 'p_cutoff': 0.8618802446413604, 'edge_threshold': 0.20189345296504893}. Best is trial 50 with value: 0.370757846389385.
    [CPU] Loading amazon-ratings...
    DEBUG 3.1: Dataset init start
    DEBUG 3.2: prepare_data start amazon-ratings
    ----Data statistics------'
    Name: amazon-ratings
    #Nodes 24492
    #Edges 93050
    #Classes 5
    #Ave_degree 7.60
    ----Split statistics------'
    #Train samples 1224 (5.0 % of nodes)
    #Val samples 3673 (15.0 % of nodes)
    #Test samples 19595 (remaining)
    ----label noise information:------
    Instance dependent noise
    #Actual noise rate 0.40
    [cuda:1] Waiting for GPU slot...
    [cuda:1] Slot acquired (waited 257.4s). Training...
    [NRGNN] Large dataset detected (24492 nodes). Using sampled similarity search.
    FINAL_RESULT: {'acc': {'train': 0.3741830065359477, 'valid': 0.2812414919684182, 'test': 0.37626945649400356}, 'wall_s': 256.8, 'cpu_s': 13.85, 'gpu_s': 242.66, 'wait_s': 257.35}
    [Time] wall=256.8s | cpu=13.8s | gpu=242.7s
    C:\Users\fbrev\Documents\Acadêmico\Simulações\Python\NoisyGL\predictor\Base_Predictor.py:144: UserWarning: Sparse CSR tensor support is in beta state. If you miss a functionality in the sparse tensor support, please submit a feature request to https://github.com/pytorch/pytorch/issues. (Triggered internally at ..\aten\src\ATen\SparseCsrTensorImpl.cpp:55.)
    self.adj_csr = self.adj.to_sparse_csr().to(self.device)
[I 2026-04-27 16:14:20,596] Trial 53 finished with value: 0.37626945649400356 and parameters: {'lr': 0.01, 'weight_decay': 0.0001, 'n_hidden': 32, 'n_layer': 3, 'dropout': 0.780358812213061, 'p_cutoff': 0.8260330268711044, 'edge_threshold': 0.32131965915230476}. Best is trial 53 with value: 0.37626945649400356.
    [CPU] Loading amazon-ratings...
    DEBUG 3.1: Dataset init start
    DEBUG 3.2: prepare_data start amazon-ratings
    ----Data statistics------'
    Name: amazon-ratings
    #Nodes 24492
    #Edges 93050
    #Classes 5
    #Ave_degree 7.60
    ----Split statistics------'
    #Train samples 1224 (5.0 % of nodes)
    #Val samples 3673 (15.0 % of nodes)
    #Test samples 19595 (remaining)
    ----label noise information:------
    Instance dependent noise
    #Actual noise rate 0.40
    [cuda:1] Waiting for GPU slot...
    [cuda:1] Slot acquired (waited 265.0s). Training...
    [NRGNN] Large dataset detected (24492 nodes). Using sampled similarity search.
    FINAL_RESULT: {'acc': {'train': 0.35049019607843135, 'valid': 0.2809692349578002, 'test': 0.36534830313855576}, 'wall_s': 273.09, 'cpu_s': 14.86, 'gpu_s': 257.95, 'wait_s': 264.97}
    [Time] wall=273.1s | cpu=14.9s | gpu=258.0s
    C:\Users\fbrev\Documents\Acadêmico\Simulações\Python\NoisyGL\predictor\Base_Predictor.py:144: UserWarning: Sparse CSR tensor support is in beta state. If you miss a functionality in the sparse tensor support, please submit a feature request to https://github.com/pytorch/pytorch/issues. (Triggered internally at ..\aten\src\ATen\SparseCsrTensorImpl.cpp:55.)
    self.adj_csr = self.adj.to_sparse_csr().to(self.device)
[I 2026-04-27 16:23:25,525] Trial 54 finished with value: 0.36534830313855576 and parameters: {'lr': 0.01, 'weight_decay': 0.0001, 'n_hidden': 32, 'n_layer': 3, 'dropout': 0.6872482945321843, 'p_cutoff': 0.7554989940021019, 'edge_threshold': 0.29390925942324964}. Best is trial 53 with value: 0.37626945649400356.
    [CPU] Loading amazon-ratings...
    DEBUG 3.1: Dataset init start
    DEBUG 3.2: prepare_data start amazon-ratings
    ----Data statistics------'
    Name: amazon-ratings
    #Nodes 24492
    #Edges 93050
    #Classes 5
    #Ave_degree 7.60
    ----Split statistics------'
    #Train samples 1224 (5.0 % of nodes)
    #Val samples 3673 (15.0 % of nodes)
    #Test samples 19595 (remaining)
    ----label noise information:------
    Instance dependent noise
    #Actual noise rate 0.40
    [cuda:1] Waiting for GPU slot...
    [cuda:1] Slot acquired (waited 538.4s). Training...
    [NRGNN] Large dataset detected (24492 nodes). Using sampled similarity search.
    FINAL_RESULT: {'acc': {'train': 0.3464052287581699, 'valid': 0.27389055268173157, 'test': 0.3612656289869865}, 'wall_s': 255.73, 'cpu_s': 13.29, 'gpu_s': 242.17, 'wait_s': 538.41}
    [Time] wall=255.7s | cpu=13.3s | gpu=242.2s
    C:\Users\fbrev\Documents\Acadêmico\Simulações\Python\NoisyGL\predictor\Base_Predictor.py:144: UserWarning: Sparse CSR tensor support is in beta state. If you miss a functionality in the sparse tensor support, please submit a feature request to https://github.com/pytorch/pytorch/issues. (Triggered internally at ..\aten\src\ATen\SparseCsrTensorImpl.cpp:55.)
    self.adj_csr = self.adj.to_sparse_csr().to(self.device)
[I 2026-04-27 16:36:47,665] Trial 55 finished with value: 0.3612656289869865 and parameters: {'lr': 0.001, 'weight_decay': 0.0001, 'n_hidden': 32, 'n_layer': 3, 'dropout': 0.7259400267525606, 'p_cutoff': 0.942125042413387, 'edge_threshold': 0.3294502863399138}. Best is trial 53 with value: 0.37626945649400356.
    [CPU] Loading amazon-ratings...
    DEBUG 3.1: Dataset init start
    DEBUG 3.2: prepare_data start amazon-ratings
    ----Data statistics------'
    Name: amazon-ratings
    #Nodes 24492
    #Edges 93050
    #Classes 5
    #Ave_degree 7.60
    ----Split statistics------'
    #Train samples 1224 (5.0 % of nodes)
    #Val samples 3673 (15.0 % of nodes)
    #Test samples 19595 (remaining)
    ----label noise information:------
    Instance dependent noise
    #Actual noise rate 0.40
    [cuda:1] Waiting for GPU slot...
    [cuda:1] Slot acquired (waited 268.5s). Training...
    [NRGNN] Large dataset detected (24492 nodes). Using sampled similarity search.
    FINAL_RESULT: {'acc': {'train': 0.3897058823529412, 'valid': 0.278518921862238, 'test': 0.36055116101046186}, 'wall_s': 255.04, 'cpu_s': 14.18, 'gpu_s': 240.61, 'wait_s': 268.53}
    [Time] wall=255.0s | cpu=14.2s | gpu=240.6s
    C:\Users\fbrev\Documents\Acadêmico\Simulações\Python\NoisyGL\predictor\Base_Predictor.py:144: UserWarning: Sparse CSR tensor support is in beta state. If you miss a functionality in the sparse tensor support, please submit a feature request to https://github.com/pytorch/pytorch/issues. (Triggered internally at ..\aten\src\ATen\SparseCsrTensorImpl.cpp:55.)
    self.adj_csr = self.adj.to_sparse_csr().to(self.device)
[I 2026-04-27 16:45:38,651] Trial 56 finished with value: 0.36055116101046186 and parameters: {'lr': 0.01, 'weight_decay': 0.0001, 'n_hidden': 32, 'n_layer': 3, 'dropout': 0.779437256473811, 'p_cutoff': 0.9054738551122802, 'edge_threshold': 0.2531891436276312}. Best is trial 53 with value: 0.37626945649400356.
    [CPU] Loading amazon-ratings...
    DEBUG 3.1: Dataset init start
    DEBUG 3.2: prepare_data start amazon-ratings
    ----Data statistics------'
    Name: amazon-ratings
    #Nodes 24492
    #Edges 93050
    #Classes 5
    #Ave_degree 7.60
    ----Split statistics------'
    #Train samples 1224 (5.0 % of nodes)
    #Val samples 3673 (15.0 % of nodes)
    #Test samples 19595 (remaining)
    ----label noise information:------
    Instance dependent noise
    #Actual noise rate 0.40
    [cuda:1] Waiting for GPU slot...
    [cuda:1] Slot acquired (waited 266.5s). Training...
    [NRGNN] Large dataset detected (24492 nodes). Using sampled similarity search.
    FINAL_RESULT: {'acc': {'train': 0.39869281045751637, 'valid': 0.27525183773482165, 'test': 0.35228374585353406}, 'wall_s': 258.5, 'cpu_s': 14.03, 'gpu_s': 244.2, 'wait_s': 266.51}
    [Time] wall=258.5s | cpu=14.0s | gpu=244.2s
    C:\Users\fbrev\Documents\Acadêmico\Simulações\Python\NoisyGL\predictor\Base_Predictor.py:144: UserWarning: Sparse CSR tensor support is in beta state. If you miss a functionality in the sparse tensor support, please submit a feature request to https://github.com/pytorch/pytorch/issues. (Triggered internally at ..\aten\src\ATen\SparseCsrTensorImpl.cpp:55.)
    self.adj_csr = self.adj.to_sparse_csr().to(self.device)
[I 2026-04-27 16:54:30,528] Trial 57 finished with value: 0.35228374585353406 and parameters: {'lr': 0.01, 'weight_decay': 0.0001, 'n_hidden': 32, 'n_layer': 3, 'dropout': 0.677261882900116, 'p_cutoff': 0.8392158846531168, 'edge_threshold': 0.3680493857653013}. Best is trial 53 with value: 0.37626945649400356.
    [CPU] Loading amazon-ratings...
    DEBUG 3.1: Dataset init start
    DEBUG 3.2: prepare_data start amazon-ratings
    ----Data statistics------'
    Name: amazon-ratings
    #Nodes 24492
    #Edges 93050
    #Classes 5
    #Ave_degree 7.60
    ----Split statistics------'
    #Train samples 1224 (5.0 % of nodes)
    #Val samples 3673 (15.0 % of nodes)
    #Test samples 19595 (remaining)
    ----label noise information:------
    Instance dependent noise
    #Actual noise rate 0.40
    [cuda:1] Waiting for GPU slot...
    [cuda:1] Slot acquired (waited 264.3s). Training...
    [NRGNN] Large dataset detected (24492 nodes). Using sampled similarity search.
    FINAL_RESULT: {'acc': {'train': 0.3472222222222222, 'valid': 0.28423631908521646, 'test': 0.3767797907629497}, 'wall_s': 254.44, 'cpu_s': 12.19, 'gpu_s': 242.01, 'wait_s': 264.26}
    [Time] wall=254.4s | cpu=12.2s | gpu=242.0s
    C:\Users\fbrev\Documents\Acadêmico\Simulações\Python\NoisyGL\predictor\Base_Predictor.py:144: UserWarning: Sparse CSR tensor support is in beta state. If you miss a functionality in the sparse tensor support, please submit a feature request to https://github.com/pytorch/pytorch/issues. (Triggered internally at ..\aten\src\ATen\SparseCsrTensorImpl.cpp:55.)
    self.adj_csr = self.adj.to_sparse_csr().to(self.device)
[I 2026-04-27 17:03:16,089] Trial 58 finished with value: 0.3767797907629497 and parameters: {'lr': 0.01, 'weight_decay': 0.0001, 'n_hidden': 32, 'n_layer': 3, 'dropout': 0.7254706964937477, 'p_cutoff': 0.46351473994539694, 'edge_threshold': 0.35343510842206255}. Best is trial 58 with value: 0.3767797907629497.
    [CPU] Loading amazon-ratings...
    DEBUG 3.1: Dataset init start
    DEBUG 3.2: prepare_data start amazon-ratings
    ----Data statistics------'
    Name: amazon-ratings
    #Nodes 24492
    #Edges 93050
    #Classes 5
    #Ave_degree 7.60
    ----Split statistics------'
    #Train samples 1224 (5.0 % of nodes)
    #Val samples 3673 (15.0 % of nodes)
    #Test samples 19595 (remaining)
    ----label noise information:------
    Instance dependent noise
    #Actual noise rate 0.40
    [cuda:1] Waiting for GPU slot...
    [cuda:1] Slot acquired (waited 256.6s). Training...
    [NRGNN] Large dataset detected (24492 nodes). Using sampled similarity search.
    FINAL_RESULT: {'acc': {'train': 0.3709150326797386, 'valid': 0.28233052001089026, 'test': 0.3609594284256188}, 'wall_s': 247.63, 'cpu_s': 12.89, 'gpu_s': 234.5, 'wait_s': 256.57}
    [Time] wall=247.6s | cpu=12.9s | gpu=234.5s
    C:\Users\fbrev\Documents\Acadêmico\Simulações\Python\NoisyGL\predictor\Base_Predictor.py:144: UserWarning: Sparse CSR tensor support is in beta state. If you miss a functionality in the sparse tensor support, please submit a feature request to https://github.com/pytorch/pytorch/issues. (Triggered internally at ..\aten\src\ATen\SparseCsrTensorImpl.cpp:55.)
    self.adj_csr = self.adj.to_sparse_csr().to(self.device)
[I 2026-04-27 17:11:47,299] Trial 59 finished with value: 0.3609594284256188 and parameters: {'lr': 0.005, 'weight_decay': 0.0001, 'n_hidden': 32, 'n_layer': 3, 'dropout': 0.7440420387459358, 'p_cutoff': 0.4396815406501417, 'edge_threshold': 0.22586733877216914}. Best is trial 58 with value: 0.3767797907629497.
    [CPU] Loading amazon-ratings...
    DEBUG 3.1: Dataset init start
    DEBUG 3.2: prepare_data start amazon-ratings
    ----Data statistics------'
    Name: amazon-ratings
    #Nodes 24492
    #Edges 93050
    #Classes 5
    #Ave_degree 7.60
    ----Split statistics------'
    #Train samples 1224 (5.0 % of nodes)
    #Val samples 3673 (15.0 % of nodes)
    #Test samples 19595 (remaining)
    ----label noise information:------
    Instance dependent noise
    #Actual noise rate 0.40
    [cuda:1] Waiting for GPU slot...
    [cuda:1] Slot acquired (waited 254.5s). Training...
    [NRGNN] Large dataset detected (24492 nodes). Using sampled similarity search.
    FINAL_RESULT: {'acc': {'train': 0.3276143790849673, 'valid': 0.2815137489790362, 'test': 0.3705537126818066}, 'wall_s': 254.31, 'cpu_s': 13.52, 'gpu_s': 240.55, 'wait_s': 254.47}
    [Time] wall=254.3s | cpu=13.5s | gpu=240.6s
    C:\Users\fbrev\Documents\Acadêmico\Simulações\Python\NoisyGL\predictor\Base_Predictor.py:144: UserWarning: Sparse CSR tensor support is in beta state. If you miss a functionality in the sparse tensor support, please submit a feature request to https://github.com/pytorch/pytorch/issues. (Triggered internally at ..\aten\src\ATen\SparseCsrTensorImpl.cpp:55.)
    self.adj_csr = self.adj.to_sparse_csr().to(self.device)
[I 2026-04-27 17:20:22,543] Trial 60 finished with value: 0.3705537126818066 and parameters: {'lr': 0.01, 'weight_decay': 0.0001, 'n_hidden': 256, 'n_layer': 3, 'dropout': 0.7786717209551816, 'p_cutoff': 0.46191756734454753, 'edge_threshold': 0.4095083318209086}. Best is trial 58 with value: 0.3767797907629497.
    [CPU] Loading amazon-ratings...
    DEBUG 3.1: Dataset init start
    DEBUG 3.2: prepare_data start amazon-ratings
    ----Data statistics------'
    Name: amazon-ratings
    #Nodes 24492
    #Edges 93050
    #Classes 5
    #Ave_degree 7.60
    ----Split statistics------'
    #Train samples 1224 (5.0 % of nodes)
    #Val samples 3673 (15.0 % of nodes)
    #Test samples 19595 (remaining)
    ----label noise information:------
    Instance dependent noise
    #Actual noise rate 0.40
    [cuda:1] Waiting for GPU slot...
    [cuda:1] Slot acquired (waited 0.5s). Training...
    [NRGNN] Large dataset detected (24492 nodes). Using sampled similarity search.
    FINAL_RESULT: {'acc': {'train': 0.3014705882352941, 'valid': 0.27960794990471005, 'test': 0.36539933656545037}, 'wall_s': 253.23, 'cpu_s': 13.05, 'gpu_s': 239.94, 'wait_s': 0.46}
    [Time] wall=253.2s | cpu=13.1s | gpu=239.9s
    C:\Users\fbrev\Documents\Acadêmico\Simulações\Python\NoisyGL\predictor\Base_Predictor.py:144: UserWarning: Sparse CSR tensor support is in beta state. If you miss a functionality in the sparse tensor support, please submit a feature request to https://github.com/pytorch/pytorch/issues. (Triggered internally at ..\aten\src\ATen\SparseCsrTensorImpl.cpp:55.)
    self.adj_csr = self.adj.to_sparse_csr().to(self.device)
[I 2026-04-27 17:24:43,112] Trial 61 finished with value: 0.36539933656545037 and parameters: {'lr': 0.01, 'weight_decay': 0.0001, 'n_hidden': 256, 'n_layer': 3, 'dropout': 0.5723310740116272, 'p_cutoff': 0.4371250304014988, 'edge_threshold': 0.4273637153992292}. Best is trial 58 with value: 0.3767797907629497.
    [CPU] Loading amazon-ratings...
    DEBUG 3.1: Dataset init start
    DEBUG 3.2: prepare_data start amazon-ratings
    ----Data statistics------'
    Name: amazon-ratings
    #Nodes 24492
    #Edges 93050
    #Classes 5
    #Ave_degree 7.60
    ----Split statistics------'
    #Train samples 1224 (5.0 % of nodes)
    #Val samples 3673 (15.0 % of nodes)
    #Test samples 19595 (remaining)
    ----label noise information:------
    Instance dependent noise
    #Actual noise rate 0.40
    [cuda:1] Waiting for GPU slot...
    [cuda:1] Slot acquired (waited 248.2s). Training...
    [NRGNN] Large dataset detected (24492 nodes). Using sampled similarity search.
    FINAL_RESULT: {'acc': {'train': 0.3741830065359477, 'valid': 0.28423631908521646, 'test': 0.36494003572339884}, 'wall_s': 246.05, 'cpu_s': 12.91, 'gpu_s': 232.89, 'wait_s': 248.24}
    [Time] wall=246.1s | cpu=12.9s | gpu=232.9s
    C:\Users\fbrev\Documents\Acadêmico\Simulações\Python\NoisyGL\predictor\Base_Predictor.py:144: UserWarning: Sparse CSR tensor support is in beta state. If you miss a functionality in the sparse tensor support, please submit a feature request to https://github.com/pytorch/pytorch/issues. (Triggered internally at ..\aten\src\ATen\SparseCsrTensorImpl.cpp:55.)
    self.adj_csr = self.adj.to_sparse_csr().to(self.device)
[I 2026-04-27 17:33:04,195] Trial 62 finished with value: 0.36494003572339884 and parameters: {'lr': 0.001, 'weight_decay': 0.0001, 'n_hidden': 256, 'n_layer': 3, 'dropout': 0.7224422157990064, 'p_cutoff': 0.3477792634752152, 'edge_threshold': 0.40274337940770005}. Best is trial 58 with value: 0.3767797907629497.
    [CPU] Loading amazon-ratings...
    DEBUG 3.1: Dataset init start
    DEBUG 3.2: prepare_data start amazon-ratings
    ----Data statistics------'
    Name: amazon-ratings
    #Nodes 24492
    #Edges 93050
    #Classes 5
    #Ave_degree 7.60
    ----Split statistics------'
    #Train samples 1224 (5.0 % of nodes)
    #Val samples 3673 (15.0 % of nodes)
    #Test samples 19595 (remaining)
    ----label noise information:------
    Instance dependent noise
    #Actual noise rate 0.40
    [cuda:1] Waiting for GPU slot...
    [cuda:1] Slot acquired (waited 0.6s). Training...
    [NRGNN] Large dataset detected (24492 nodes). Using sampled similarity search.
    FINAL_RESULT: {'acc': {'train': 0.4068627450980392, 'valid': 0.2801524639259461, 'test': 0.3516713447307987}, 'wall_s': 249.65, 'cpu_s': 13.18, 'gpu_s': 236.21, 'wait_s': 0.56}
    [Time] wall=249.6s | cpu=13.2s | gpu=236.2s
    C:\Users\fbrev\Documents\Acadêmico\Simulações\Python\NoisyGL\predictor\Base_Predictor.py:144: UserWarning: Sparse CSR tensor support is in beta state. If you miss a functionality in the sparse tensor support, please submit a feature request to https://github.com/pytorch/pytorch/issues. (Triggered internally at ..\aten\src\ATen\SparseCsrTensorImpl.cpp:55.)
    self.adj_csr = self.adj.to_sparse_csr().to(self.device)
[I 2026-04-27 17:37:20,853] Trial 63 finished with value: 0.3516713447307987 and parameters: {'lr': 0.01, 'weight_decay': 0.0001, 'n_hidden': 256, 'n_layer': 3, 'dropout': 0.7976247149920206, 'p_cutoff': 0.5463412303480075, 'edge_threshold': 0.4495524678475669}. Best is trial 58 with value: 0.3767797907629497.
    [CPU] Loading amazon-ratings...
    DEBUG 3.1: Dataset init start
    DEBUG 3.2: prepare_data start amazon-ratings
    ----Data statistics------'
    Name: amazon-ratings
    #Nodes 24492
    #Edges 93050
    #Classes 5
    #Ave_degree 7.60
    ----Split statistics------'
    #Train samples 1224 (5.0 % of nodes)
    #Val samples 3673 (15.0 % of nodes)
    #Test samples 19595 (remaining)
    ----label noise information:------
    Instance dependent noise
    #Actual noise rate 0.40
    [cuda:1] Waiting for GPU slot...
    [cuda:1] Slot acquired (waited 236.7s). Training...
    [NRGNN] Large dataset detected (24492 nodes). Using sampled similarity search.
    FINAL_RESULT: {'acc': {'train': 0.3333333333333333, 'valid': 0.2826027770215083, 'test': 0.3659607042612911}, 'wall_s': 249.71, 'cpu_s': 12.68, 'gpu_s': 236.82, 'wait_s': 236.75}
    [Time] wall=249.7s | cpu=12.7s | gpu=236.8s
    C:\Users\fbrev\Documents\Acadêmico\Simulações\Python\NoisyGL\predictor\Base_Predictor.py:144: UserWarning: Sparse CSR tensor support is in beta state. If you miss a functionality in the sparse tensor support, please submit a feature request to https://github.com/pytorch/pytorch/issues. (Triggered internally at ..\aten\src\ATen\SparseCsrTensorImpl.cpp:55.)
    self.adj_csr = self.adj.to_sparse_csr().to(self.device)
[I 2026-04-27 17:45:33,306] Trial 64 finished with value: 0.3659607042612911 and parameters: {'lr': 0.01, 'weight_decay': 0.0001, 'n_hidden': 256, 'n_layer': 3, 'dropout': 0.7739506469822556, 'p_cutoff': 0.4620710839635321, 'edge_threshold': 0.3826590076164824}. Best is trial 58 with value: 0.3767797907629497.
    [CPU] Loading amazon-ratings...
    DEBUG 3.1: Dataset init start
    DEBUG 3.2: prepare_data start amazon-ratings
    ----Data statistics------'
    Name: amazon-ratings
    #Nodes 24492
    #Edges 93050
    #Classes 5
    #Ave_degree 7.60
    ----Split statistics------'
    #Train samples 1224 (5.0 % of nodes)
    #Val samples 3673 (15.0 % of nodes)
    #Test samples 19595 (remaining)
    ----label noise information:------
    Instance dependent noise
    #Actual noise rate 0.40
    [cuda:1] Waiting for GPU slot...
    [cuda:1] Slot acquired (waited 746.5s). Training...
    [NRGNN] Large dataset detected (24492 nodes). Using sampled similarity search.
    FINAL_RESULT: {'acc': {'train': 0.3880718954248366, 'valid': 0.28478083310645247, 'test': 0.36402143403929577}, 'wall_s': 238.51, 'cpu_s': 13.0, 'gpu_s': 225.24, 'wait_s': 746.47}
    [Time] wall=238.5s | cpu=13.0s | gpu=225.2s
    C:\Users\fbrev\Documents\Acadêmico\Simulações\Python\NoisyGL\predictor\Base_Predictor.py:144: UserWarning: Sparse CSR tensor support is in beta state. If you miss a functionality in the sparse tensor support, please submit a feature request to https://github.com/pytorch/pytorch/issues. (Triggered internally at ..\aten\src\ATen\SparseCsrTensorImpl.cpp:55.)
    self.adj_csr = self.adj.to_sparse_csr().to(self.device)
[I 2026-04-27 18:02:04,994] Trial 65 finished with value: 0.36402143403929577 and parameters: {'lr': 0.01, 'weight_decay': 0.0001, 'n_hidden': 32, 'n_layer': 3, 'dropout': 0.7357344363214362, 'p_cutoff': 0.49170354118233595, 'edge_threshold': 0.34986426424465056}. Best is trial 58 with value: 0.3767797907629497.
    [CPU] Loading amazon-ratings...
    DEBUG 3.1: Dataset init start
    DEBUG 3.2: prepare_data start amazon-ratings
    ----Data statistics------'
    Name: amazon-ratings
    #Nodes 24492
    #Edges 93050
    #Classes 5
    #Ave_degree 7.60
    ----Split statistics------'
    #Train samples 1224 (5.0 % of nodes)
    #Val samples 3673 (15.0 % of nodes)
    #Test samples 19595 (remaining)
    ----label noise information:------
    Instance dependent noise
    #Actual noise rate 0.40
    [cuda:1] Waiting for GPU slot...
    [cuda:1] Slot acquired (waited 231.0s). Training...
    [NRGNN] Large dataset detected (24492 nodes). Using sampled similarity search.
    FINAL_RESULT: {'acc': {'train': 0.3545751633986928, 'valid': 0.28450857609583446, 'test': 0.3744322531257974}, 'wall_s': 235.6, 'cpu_s': 12.36, 'gpu_s': 223.01, 'wait_s': 230.98}
    [Time] wall=235.6s | cpu=12.4s | gpu=223.0s
    C:\Users\fbrev\Documents\Acadêmico\Simulações\Python\NoisyGL\predictor\Base_Predictor.py:144: UserWarning: Sparse CSR tensor support is in beta state. If you miss a functionality in the sparse tensor support, please submit a feature request to https://github.com/pytorch/pytorch/issues. (Triggered internally at ..\aten\src\ATen\SparseCsrTensorImpl.cpp:55.)
    self.adj_csr = self.adj.to_sparse_csr().to(self.device)
[I 2026-04-27 18:09:58,252] Trial 66 finished with value: 0.3744322531257974 and parameters: {'lr': 0.01, 'weight_decay': 0.001, 'n_hidden': 32, 'n_layer': 3, 'dropout': 0.6426598090305893, 'p_cutoff': 0.3961478890484033, 'edge_threshold': 0.4968520660917676}. Best is trial 58 with value: 0.3767797907629497.
    [CPU] Loading amazon-ratings...
    DEBUG 3.1: Dataset init start
    DEBUG 3.2: prepare_data start amazon-ratings
    ----Data statistics------'
    Name: amazon-ratings
    #Nodes 24492
    #Edges 93050
    #Classes 5
    #Ave_degree 7.60
    ----Split statistics------'
    #Train samples 1224 (5.0 % of nodes)
    #Val samples 3673 (15.0 % of nodes)
    #Test samples 19595 (remaining)
    ----label noise information:------
    Instance dependent noise
    #Actual noise rate 0.40
    [cuda:1] Waiting for GPU slot...
    [cuda:1] Slot acquired (waited 245.0s). Training...
    [NRGNN] Large dataset detected (24492 nodes). Using sampled similarity search.
    FINAL_RESULT: {'acc': {'train': 0.35947712418300654, 'valid': 0.2834195480533624, 'test': 0.3766777239091605}, 'wall_s': 245.27, 'cpu_s': 13.06, 'gpu_s': 231.94, 'wait_s': 245.01}
    [Time] wall=245.3s | cpu=13.1s | gpu=231.9s
    C:\Users\fbrev\Documents\Acadêmico\Simulações\Python\NoisyGL\predictor\Base_Predictor.py:144: UserWarning: Sparse CSR tensor support is in beta state. If you miss a functionality in the sparse tensor support, please submit a feature request to https://github.com/pytorch/pytorch/issues. (Triggered internally at ..\aten\src\ATen\SparseCsrTensorImpl.cpp:55.)
    self.adj_csr = self.adj.to_sparse_csr().to(self.device)
[I 2026-04-27 18:18:15,101] Trial 67 finished with value: 0.3766777239091605 and parameters: {'lr': 0.01, 'weight_decay': 0.001, 'n_hidden': 256, 'n_layer': 3, 'dropout': 0.6384201740037045, 'p_cutoff': 0.37582705255054644, 'edge_threshold': 0.49835750653403854}. Best is trial 58 with value: 0.3767797907629497.
    [CPU] Loading amazon-ratings...
    DEBUG 3.1: Dataset init start
    DEBUG 3.2: prepare_data start amazon-ratings
    ----Data statistics------'
    Name: amazon-ratings
    #Nodes 24492
    #Edges 93050
    #Classes 5
    #Ave_degree 7.60
    ----Split statistics------'
    #Train samples 1224 (5.0 % of nodes)
    #Val samples 3673 (15.0 % of nodes)
    #Test samples 19595 (remaining)
    ----label noise information:------
    Instance dependent noise
    #Actual noise rate 0.40
    [cuda:1] Waiting for GPU slot...
    [cuda:1] Slot acquired (waited 2.0s). Training...
    [NRGNN] Large dataset detected (24492 nodes). Using sampled similarity search.
    FINAL_RESULT: {'acc': {'train': 0.3464052287581699, 'valid': 0.28178600598965425, 'test': 0.36177596325593264}, 'wall_s': 247.32, 'cpu_s': 13.09, 'gpu_s': 233.95, 'wait_s': 2.04}
    [Time] wall=247.3s | cpu=13.1s | gpu=234.0s
    C:\Users\fbrev\Documents\Acadêmico\Simulações\Python\NoisyGL\predictor\Base_Predictor.py:144: UserWarning: Sparse CSR tensor support is in beta state. If you miss a functionality in the sparse tensor support, please submit a feature request to https://github.com/pytorch/pytorch/issues. (Triggered internally at ..\aten\src\ATen\SparseCsrTensorImpl.cpp:55.)
    self.adj_csr = self.adj.to_sparse_csr().to(self.device)
[I 2026-04-27 18:22:31,132] Trial 68 finished with value: 0.36177596325593264 and parameters: {'lr': 0.01, 'weight_decay': 0.001, 'n_hidden': 256, 'n_layer': 3, 'dropout': 0.649432435729204, 'p_cutoff': 0.2752042533682961, 'edge_threshold': 0.4973719270012724}. Best is trial 58 with value: 0.3767797907629497.
    [CPU] Loading amazon-ratings...
    DEBUG 3.1: Dataset init start
    DEBUG 3.2: prepare_data start amazon-ratings
    ----Data statistics------'
    Name: amazon-ratings
    #Nodes 24492
    #Edges 93050
    #Classes 5
    #Ave_degree 7.60
    ----Split statistics------'
    #Train samples 1224 (5.0 % of nodes)
    #Val samples 3673 (15.0 % of nodes)
    #Test samples 19595 (remaining)
    ----label noise information:------
    Instance dependent noise
    #Actual noise rate 0.40
    [cuda:1] Waiting for GPU slot...
    [cuda:1] Slot acquired (waited 254.0s). Training...
    [NRGNN] Large dataset detected (24492 nodes). Using sampled similarity search.
    FINAL_RESULT: {'acc': {'train': 0.3562091503267974, 'valid': 0.28178600598965425, 'test': 0.3660627711150804}, 'wall_s': 249.12, 'cpu_s': 12.03, 'gpu_s': 236.85, 'wait_s': 253.99}
    [Time] wall=249.1s | cpu=12.0s | gpu=236.9s
    C:\Users\fbrev\Documents\Acadêmico\Simulações\Python\NoisyGL\predictor\Base_Predictor.py:144: UserWarning: Sparse CSR tensor support is in beta state. If you miss a functionality in the sparse tensor support, please submit a feature request to https://github.com/pytorch/pytorch/issues. (Triggered internally at ..\aten\src\ATen\SparseCsrTensorImpl.cpp:55.)
    self.adj_csr = self.adj.to_sparse_csr().to(self.device)
[I 2026-04-27 18:31:00,693] Trial 69 finished with value: 0.3660627711150804 and parameters: {'lr': 0.01, 'weight_decay': 0.001, 'n_hidden': 256, 'n_layer': 3, 'dropout': 0.6274391180263921, 'p_cutoff': 0.393660899339739, 'edge_threshold': 0.4812039993354784}. Best is trial 58 with value: 0.3767797907629497.
 [Optuna] Early stopping at trial 69.

[Retest] Phase 1 Finished. Validating Top 3 (10 runs each)...

  [Retest] Candidate 1/3 (Trial 58, HPO_acc=0.3768)
    [CPU] Loading amazon-ratings...
    DEBUG 3.1: Dataset init start
    DEBUG 3.2: prepare_data start amazon-ratings
    ----Data statistics------'
    Name: amazon-ratings
    #Nodes 24492
    #Edges 93050
    #Classes 5
    #Ave_degree 7.60
    ----Split statistics------'
    #Train samples 1224 (5.0 % of nodes)
    #Val samples 3673 (15.0 % of nodes)
    #Test samples 19595 (remaining)
    ----label noise information:------
    Instance dependent noise
    #Actual noise rate 0.40
    [cuda:1] Waiting for GPU slot...
    [cuda:1] Slot acquired (waited 2.1s). Training...
    [NRGNN] Large dataset detected (24492 nodes). Using sampled similarity search.
    FINAL_RESULT: {'acc': {'train': 0.29411764705882354, 'valid': 0.2891369452763409, 'test': 0.3673896402143404}, 'wall_s': 252.89, 'cpu_s': 12.61, 'gpu_s': 240.03, 'wait_s': 2.13}
    [Time] wall=252.9s | cpu=12.6s | gpu=240.0s
    C:\Users\fbrev\Documents\Acadêmico\Simulações\Python\NoisyGL\predictor\Base_Predictor.py:144: UserWarning: Sparse CSR tensor support is in beta state. If you miss a functionality in the sparse tensor support, please submit a feature request to https://github.com/pytorch/pytorch/issues. (Triggered internally at ..\aten\src\ATen\SparseCsrTensorImpl.cpp:55.)
    self.adj_csr = self.adj.to_sparse_csr().to(self.device)
    [CPU] Loading amazon-ratings...
    DEBUG 3.1: Dataset init start
    DEBUG 3.2: prepare_data start amazon-ratings
    ----Data statistics------'
    Name: amazon-ratings
    #Nodes 24492
    #Edges 93050
    #Classes 5
    #Ave_degree 7.60
    ----Split statistics------'
    #Train samples 1224 (5.0 % of nodes)
    #Val samples 3673 (15.0 % of nodes)
    #Test samples 19595 (remaining)
    ----label noise information:------
    Instance dependent noise
    #Actual noise rate 0.40
    [cuda:1] Waiting for GPU slot...
    [cuda:1] Slot acquired (waited 2.1s). Training...
    [NRGNN] Large dataset detected (24492 nodes). Using sampled similarity search.
    FINAL_RESULT: {'acc': {'train': 0.33251633986928103, 'valid': 0.313912333242581, 'test': 0.3725950497575912}, 'wall_s': 249.95, 'cpu_s': 12.72, 'gpu_s': 237.01, 'wait_s': 2.08}
    [Time] wall=250.0s | cpu=12.7s | gpu=237.0s
    C:\Users\fbrev\Documents\Acadêmico\Simulações\Python\NoisyGL\predictor\Base_Predictor.py:144: UserWarning: Sparse CSR tensor support is in beta state. If you miss a functionality in the sparse tensor support, please submit a feature request to https://github.com/pytorch/pytorch/issues. (Triggered internally at ..\aten\src\ATen\SparseCsrTensorImpl.cpp:55.)
    self.adj_csr = self.adj.to_sparse_csr().to(self.device)
    [CPU] Loading amazon-ratings...
    DEBUG 3.1: Dataset init start
    DEBUG 3.2: prepare_data start amazon-ratings
    ----Data statistics------'
    Name: amazon-ratings
    #Nodes 24492
    #Edges 93050
    #Classes 5
    #Ave_degree 7.60
    ----Split statistics------'
    #Train samples 1224 (5.0 % of nodes)
    #Val samples 3673 (15.0 % of nodes)
    #Test samples 19595 (remaining)
    ----label noise information:------
    Instance dependent noise
    #Actual noise rate 0.40
    [cuda:1] Waiting for GPU slot...
    [cuda:1] Slot acquired (waited 248.9s). Training...
    [NRGNN] Large dataset detected (24492 nodes). Using sampled similarity search.
    [ERROR] range object index out of range
    Traceback (most recent call last):
    File "C:\Users\fbrev\Documents\Acadêmico\Simulações\Python\NoisyGL\single_exp_instance.py", line 183, in run_train
    res = predictor.train()
    ^^^^^^^^^^^^^^^^^
    File "C:\Users\fbrev\Documents\Acadêmico\Simulações\Python\NoisyGL\predictor\NRGNN_Predictor_Instance.py", line 112, in train
    = self.get_prediction(features, edge_index, self.noisy_label, self.train_mask)
    ^^^^^^^^^^^^^^^^^^^^^^^^^^^^^^^^^^^^^^^^^^^^^^^^^^^^^^^^^^^^^^^^^^^^^^^^^^^^
    File "C:\Users\fbrev\Documents\Acadêmico\Simulações\Python\NoisyGL\predictor\NRGNN_Predictor_Instance.py", line 57, in get_prediction
    representations, rec_loss = self.estimator(edge_index, features)
    ^^^^^^^^^^^^^^^^^^^^^^^^^^^^^^^^^^^^
    File "C:\Users\fbrev\anaconda3\envs\noisygl\Lib\site-packages\torch\nn\modules\module.py", line 1532, in _wrapped_call_impl
    return self._call_impl(*args, **kwargs)
    ^^^^^^^^^^^^^^^^^^^^^^^^^^^^^^^^
    File "C:\Users\fbrev\anaconda3\envs\noisygl\Lib\site-packages\torch\nn\modules\module.py", line 1541, in _call_impl
    return forward_call(*args, **kwargs)
    ^^^^^^^^^^^^^^^^^^^^^^^^^^^^^
    File "C:\Users\fbrev\Documents\Acadêmico\Simulações\Python\NoisyGL\predictor\module\NRGNN.py", line 28, in forward
    rec_loss = self.reconstruct_loss(edge_index, representations)
    ^^^^^^^^^^^^^^^^^^^^^^^^^^^^^^^^^^^^^^^^^^^^^^^^^^
    File "C:\Users\fbrev\Documents\Acadêmico\Simulações\Python\NoisyGL\predictor\module\NRGNN.py", line 43, in reconstruct_loss
    randn = utils.negative_sampling(edge_index, num_nodes=num_nodes, num_neg_samples=self.conf.model['n_n'] * num_nodes)
    ^^^^^^^^^^^^^^^^^^^^^^^^^^^^^^^^^^^^^^^^^^^^^^^^^^^^^^^^^^^^^^^^^^^^^^^^^^^^^^^^^^^^^^^^^^^^^^^^^^^^^^^^^^^^
    File "C:\Users\fbrev\anaconda3\envs\noisygl\Lib\site-packages\torch_geometric\utils\_negative_sampling.py", line 111, in negative_sampling
    rnd = sample(population, sample_size, device='cpu')
    ^^^^^^^^^^^^^^^^^^^^^^^^^^^^^^^^^^^^^^^^^^^^^
    File "C:\Users\fbrev\anaconda3\envs\noisygl\Lib\site-packages\torch_geometric\utils\_negative_sampling.py", line 329, in sample
    return torch.tensor(random.sample(range(population), k), device=device)
    ^^^^^^^^^^^^^^^^^^^^^^^^^^^^^^^^^^^
    File "C:\Users\fbrev\anaconda3\envs\noisygl\Lib\random.py", line 477, in sample
    result[i] = population[j]
    ~~~~~~~~~~^^^
    IndexError: range object index out of range
    
    C:\Users\fbrev\Documents\Acadêmico\Simulações\Python\NoisyGL\predictor\Base_Predictor.py:144: UserWarning: Sparse CSR tensor support is in beta state. If you miss a functionality in the sparse tensor support, please submit a feature request to https://github.com/pytorch/pytorch/issues. (Triggered internally at ..\aten\src\ATen\SparseCsrTensorImpl.cpp:55.)
    self.adj_csr = self.adj.to_sparse_csr().to(self.device)
    [CPU] Loading amazon-ratings...
    DEBUG 3.1: Dataset init start
    DEBUG 3.2: prepare_data start amazon-ratings
    ----Data statistics------'
    Name: amazon-ratings
    #Nodes 24492
    #Edges 93050
    #Classes 5
    #Ave_degree 7.60
    ----Split statistics------'
    #Train samples 1224 (5.0 % of nodes)
    #Val samples 3673 (15.0 % of nodes)
    #Test samples 19595 (remaining)
    ----label noise information:------
    Instance dependent noise
    #Actual noise rate 0.40
    [cuda:1] Waiting for GPU slot...
    [cuda:1] Slot acquired (waited 240.4s). Training...
    [NRGNN] Large dataset detected (24492 nodes). Using sampled similarity search.
    FINAL_RESULT: {'acc': {'train': 0.2883986928104575, 'valid': 0.28532534712768853, 'test': 0.36687930594539425}, 'wall_s': 221.43, 'cpu_s': 13.22, 'gpu_s': 207.98, 'wait_s': 240.41}
    [Time] wall=221.4s | cpu=13.2s | gpu=208.0s
    C:\Users\fbrev\Documents\Acadêmico\Simulações\Python\NoisyGL\predictor\Base_Predictor.py:144: UserWarning: Sparse CSR tensor support is in beta state. If you miss a functionality in the sparse tensor support, please submit a feature request to https://github.com/pytorch/pytorch/issues. (Triggered internally at ..\aten\src\ATen\SparseCsrTensorImpl.cpp:55.)
    self.adj_csr = self.adj.to_sparse_csr().to(self.device)
    [CPU] Loading amazon-ratings...
    DEBUG 3.1: Dataset init start
    DEBUG 3.2: prepare_data start amazon-ratings
    ----Data statistics------'
    Name: amazon-ratings
    #Nodes 24492
    #Edges 93050
    #Classes 5
    #Ave_degree 7.60
    ----Split statistics------'
    #Train samples 1224 (5.0 % of nodes)
    #Val samples 3673 (15.0 % of nodes)
    #Test samples 19595 (remaining)
    ----label noise information:------
    Instance dependent noise
    #Actual noise rate 0.41
    [cuda:1] Waiting for GPU slot...
    [cuda:1] Slot acquired (waited 401.5s). Training...
    [NRGNN] Large dataset detected (24492 nodes). Using sampled similarity search.
    FINAL_RESULT: {'acc': {'train': 0.23937908496732027, 'valid': 0.26463381432071875, 'test': 0.3651952028578719}, 'wall_s': 241.85, 'cpu_s': 13.48, 'gpu_s': 228.11, 'wait_s': 401.55}
    [Time] wall=241.8s | cpu=13.5s | gpu=228.1s
    C:\Users\fbrev\Documents\Acadêmico\Simulações\Python\NoisyGL\predictor\Base_Predictor.py:144: UserWarning: Sparse CSR tensor support is in beta state. If you miss a functionality in the sparse tensor support, please submit a feature request to https://github.com/pytorch/pytorch/issues. (Triggered internally at ..\aten\src\ATen\SparseCsrTensorImpl.cpp:55.)
    self.adj_csr = self.adj.to_sparse_csr().to(self.device)
    [CPU] Loading amazon-ratings...
    DEBUG 3.1: Dataset init start
    DEBUG 3.2: prepare_data start amazon-ratings
    ----Data statistics------'
    Name: amazon-ratings
    #Nodes 24492
    #Edges 93050
    #Classes 5
    #Ave_degree 7.60
    ----Split statistics------'
    #Train samples 1224 (5.0 % of nodes)
    #Val samples 3673 (15.0 % of nodes)
    #Test samples 19595 (remaining)
    ----label noise information:------
    Instance dependent noise
    #Actual noise rate 0.40
    [cuda:1] Waiting for GPU slot...
    [cuda:1] Slot acquired (waited 194.3s). Training...
    [NRGNN] Large dataset detected (24492 nodes). Using sampled similarity search.
    FINAL_RESULT: {'acc': {'train': 0.3545751633986928, 'valid': 0.33188129594337057, 'test': 0.3676958407757081}, 'wall_s': 245.84, 'cpu_s': 13.67, 'gpu_s': 231.9, 'wait_s': 194.28}
    [Time] wall=245.8s | cpu=13.7s | gpu=231.9s
    C:\Users\fbrev\Documents\Acadêmico\Simulações\Python\NoisyGL\predictor\Base_Predictor.py:144: UserWarning: Sparse CSR tensor support is in beta state. If you miss a functionality in the sparse tensor support, please submit a feature request to https://github.com/pytorch/pytorch/issues. (Triggered internally at ..\aten\src\ATen\SparseCsrTensorImpl.cpp:55.)
    self.adj_csr = self.adj.to_sparse_csr().to(self.device)
    [CPU] Loading amazon-ratings...
    DEBUG 3.1: Dataset init start
    DEBUG 3.2: prepare_data start amazon-ratings
    ----Data statistics------'
    Name: amazon-ratings
    #Nodes 24492
    #Edges 93050
    #Classes 5
    #Ave_degree 7.60
    ----Split statistics------'
    #Train samples 1224 (5.0 % of nodes)
    #Val samples 3673 (15.0 % of nodes)
    #Test samples 19595 (remaining)
    ----label noise information:------
    Instance dependent noise
    #Actual noise rate 0.40
    [cuda:1] Waiting for GPU slot...
    [cuda:1] Slot acquired (waited 2.1s). Training...
    [NRGNN] Large dataset detected (24492 nodes). Using sampled similarity search.
    FINAL_RESULT: {'acc': {'train': 0.29330065359477125, 'valid': 0.278791178872856, 'test': 0.35412094922174026}, 'wall_s': 245.69, 'cpu_s': 13.47, 'gpu_s': 231.96, 'wait_s': 2.14}
    [Time] wall=245.7s | cpu=13.5s | gpu=232.0s
    C:\Users\fbrev\Documents\Acadêmico\Simulações\Python\NoisyGL\predictor\Base_Predictor.py:144: UserWarning: Sparse CSR tensor support is in beta state. If you miss a functionality in the sparse tensor support, please submit a feature request to https://github.com/pytorch/pytorch/issues. (Triggered internally at ..\aten\src\ATen\SparseCsrTensorImpl.cpp:55.)
    self.adj_csr = self.adj.to_sparse_csr().to(self.device)
    [CPU] Loading amazon-ratings...
    DEBUG 3.1: Dataset init start
    DEBUG 3.2: prepare_data start amazon-ratings
    ----Data statistics------'
    Name: amazon-ratings
    #Nodes 24492
    #Edges 93050
    #Classes 5
    #Ave_degree 7.60
    ----Split statistics------'
    #Train samples 1224 (5.0 % of nodes)
    #Val samples 3673 (15.0 % of nodes)
    #Test samples 19595 (remaining)
    ----label noise information:------
    Instance dependent noise
    #Actual noise rate 0.40
    [cuda:1] Waiting for GPU slot...
    [cuda:1] Slot acquired (waited 399.4s). Training...
    [NRGNN] Large dataset detected (24492 nodes). Using sampled similarity search.
    FINAL_RESULT: {'acc': {'train': 0.36764705882352944, 'valid': 0.2964878845630275, 'test': 0.35866292421536106}, 'wall_s': 244.11, 'cpu_s': 12.63, 'gpu_s': 231.25, 'wait_s': 399.45}
    [Time] wall=244.1s | cpu=12.6s | gpu=231.3s
    C:\Users\fbrev\Documents\Acadêmico\Simulações\Python\NoisyGL\predictor\Base_Predictor.py:144: UserWarning: Sparse CSR tensor support is in beta state. If you miss a functionality in the sparse tensor support, please submit a feature request to https://github.com/pytorch/pytorch/issues. (Triggered internally at ..\aten\src\ATen\SparseCsrTensorImpl.cpp:55.)
    self.adj_csr = self.adj.to_sparse_csr().to(self.device)
    [CPU] Loading amazon-ratings...
    DEBUG 3.1: Dataset init start
    DEBUG 3.2: prepare_data start amazon-ratings
    ----Data statistics------'
    Name: amazon-ratings
    #Nodes 24492
    #Edges 93050
    #Classes 5
    #Ave_degree 7.60
    ----Split statistics------'
    #Train samples 1224 (5.0 % of nodes)
    #Val samples 3673 (15.0 % of nodes)
    #Test samples 19595 (remaining)
    ----label noise information:------
    Instance dependent noise
    #Actual noise rate 0.40
    [cuda:1] Waiting for GPU slot...
    [cuda:1] Slot acquired (waited 3.7s). Training...
    [NRGNN] Large dataset detected (24492 nodes). Using sampled similarity search.
    FINAL_RESULT: {'acc': {'train': 0.3194444444444444, 'valid': 0.2858698611489246, 'test': 0.3642255677468742}, 'wall_s': 242.89, 'cpu_s': 13.0, 'gpu_s': 229.66, 'wait_s': 3.66}
    [Time] wall=242.9s | cpu=13.0s | gpu=229.7s
    C:\Users\fbrev\Documents\Acadêmico\Simulações\Python\NoisyGL\predictor\Base_Predictor.py:144: UserWarning: Sparse CSR tensor support is in beta state. If you miss a functionality in the sparse tensor support, please submit a feature request to https://github.com/pytorch/pytorch/issues. (Triggered internally at ..\aten\src\ATen\SparseCsrTensorImpl.cpp:55.)
    self.adj_csr = self.adj.to_sparse_csr().to(self.device)
    [CPU] Loading amazon-ratings...
    DEBUG 3.1: Dataset init start
    DEBUG 3.2: prepare_data start amazon-ratings
    ----Data statistics------'
    Name: amazon-ratings
    #Nodes 24492
    #Edges 93050
    #Classes 5
    #Ave_degree 7.60
    ----Split statistics------'
    #Train samples 1224 (5.0 % of nodes)
    #Val samples 3673 (15.0 % of nodes)
    #Test samples 19595 (remaining)
    ----label noise information:------
    Instance dependent noise
    #Actual noise rate 0.40
    [cuda:1] Waiting for GPU slot...
    [cuda:1] Slot acquired (waited 191.7s). Training...
    [NRGNN] Large dataset detected (24492 nodes). Using sampled similarity search.
    FINAL_RESULT: {'acc': {'train': 0.30310457516339867, 'valid': 0.2929485434249932, 'test': 0.367440673641235}, 'wall_s': 240.2, 'cpu_s': 12.6, 'gpu_s': 227.35, 'wait_s': 191.7}
    [Time] wall=240.2s | cpu=12.6s | gpu=227.3s
    C:\Users\fbrev\Documents\Acadêmico\Simulações\Python\NoisyGL\predictor\Base_Predictor.py:144: UserWarning: Sparse CSR tensor support is in beta state. If you miss a functionality in the sparse tensor support, please submit a feature request to https://github.com/pytorch/pytorch/issues. (Triggered internally at ..\aten\src\ATen\SparseCsrTensorImpl.cpp:55.)
    self.adj_csr = self.adj.to_sparse_csr().to(self.device)
  [Retest] Candidate 1 Avg: 0.3649

  [Retest] Candidate 2/3 (Trial 67, HPO_acc=0.3767)
    [CPU] Loading amazon-ratings...
    DEBUG 3.1: Dataset init start
    DEBUG 3.2: prepare_data start amazon-ratings
    ----Data statistics------'
    Name: amazon-ratings
    #Nodes 24492
    #Edges 93050
    #Classes 5
    #Ave_degree 7.60
    ----Split statistics------'
    #Train samples 1224 (5.0 % of nodes)
    #Val samples 3673 (15.0 % of nodes)
    #Test samples 19595 (remaining)
    ----label noise information:------
    Instance dependent noise
    #Actual noise rate 0.40
    [cuda:1] Waiting for GPU slot...
    [cuda:1] Slot acquired (waited 191.5s). Training...
    [NRGNN] Large dataset detected (24492 nodes). Using sampled similarity search.
    FINAL_RESULT: {'acc': {'train': 0.29983660130718953, 'valid': 0.2883201742444868, 'test': 0.36667517223781576}, 'wall_s': 247.96, 'cpu_s': 13.27, 'gpu_s': 234.42, 'wait_s': 191.51}
    [Time] wall=248.0s | cpu=13.3s | gpu=234.4s
    C:\Users\fbrev\Documents\Acadêmico\Simulações\Python\NoisyGL\predictor\Base_Predictor.py:144: UserWarning: Sparse CSR tensor support is in beta state. If you miss a functionality in the sparse tensor support, please submit a feature request to https://github.com/pytorch/pytorch/issues. (Triggered internally at ..\aten\src\ATen\SparseCsrTensorImpl.cpp:55.)
    self.adj_csr = self.adj.to_sparse_csr().to(self.device)
    [CPU] Loading amazon-ratings...
    DEBUG 3.1: Dataset init start
    DEBUG 3.2: prepare_data start amazon-ratings
    ----Data statistics------'
    Name: amazon-ratings
    #Nodes 24492
    #Edges 93050
    #Classes 5
    #Ave_degree 7.60
    ----Split statistics------'
    #Train samples 1224 (5.0 % of nodes)
    #Val samples 3673 (15.0 % of nodes)
    #Test samples 19595 (remaining)
    ----label noise information:------
    Instance dependent noise
    #Actual noise rate 0.40
    [cuda:1] Waiting for GPU slot...
    [cuda:1] Slot acquired (waited 194.9s). Training...
    [NRGNN] Large dataset detected (24492 nodes). Using sampled similarity search.
    FINAL_RESULT: {'acc': {'train': 0.33986928104575165, 'valid': 0.3196297304655595, 'test': 0.37917836182699666}, 'wall_s': 246.94, 'cpu_s': 12.92, 'gpu_s': 233.79, 'wait_s': 194.9}
    [Time] wall=246.9s | cpu=12.9s | gpu=233.8s
    C:\Users\fbrev\Documents\Acadêmico\Simulações\Python\NoisyGL\predictor\Base_Predictor.py:144: UserWarning: Sparse CSR tensor support is in beta state. If you miss a functionality in the sparse tensor support, please submit a feature request to https://github.com/pytorch/pytorch/issues. (Triggered internally at ..\aten\src\ATen\SparseCsrTensorImpl.cpp:55.)
    self.adj_csr = self.adj.to_sparse_csr().to(self.device)
    [CPU] Loading amazon-ratings...
    DEBUG 3.1: Dataset init start
    DEBUG 3.2: prepare_data start amazon-ratings
    ----Data statistics------'
    Name: amazon-ratings
    #Nodes 24492
    #Edges 93050
    #Classes 5
    #Ave_degree 7.60
    ----Split statistics------'
    #Train samples 1224 (5.0 % of nodes)
    #Val samples 3673 (15.0 % of nodes)
    #Test samples 19595 (remaining)
    ----label noise information:------
    Instance dependent noise
    #Actual noise rate 0.40
    [cuda:1] Waiting for GPU slot...
    [cuda:1] Slot acquired (waited 193.4s). Training...
    [NRGNN] Large dataset detected (24492 nodes). Using sampled similarity search.
    FINAL_RESULT: {'acc': {'train': 0.3161764705882353, 'valid': 0.28478083310645247, 'test': 0.3549374840520541}, 'wall_s': 248.17, 'cpu_s': 13.0, 'gpu_s': 234.9, 'wait_s': 193.43}
    [Time] wall=248.2s | cpu=13.0s | gpu=234.9s
    C:\Users\fbrev\Documents\Acadêmico\Simulações\Python\NoisyGL\predictor\Base_Predictor.py:144: UserWarning: Sparse CSR tensor support is in beta state. If you miss a functionality in the sparse tensor support, please submit a feature request to https://github.com/pytorch/pytorch/issues. (Triggered internally at ..\aten\src\ATen\SparseCsrTensorImpl.cpp:55.)
    self.adj_csr = self.adj.to_sparse_csr().to(self.device)
    [CPU] Loading amazon-ratings...
    DEBUG 3.1: Dataset init start
    DEBUG 3.2: prepare_data start amazon-ratings
    ----Data statistics------'
    Name: amazon-ratings
    #Nodes 24492
    #Edges 93050
    #Classes 5
    #Ave_degree 7.60
    ----Split statistics------'
    #Train samples 1224 (5.0 % of nodes)
    #Val samples 3673 (15.0 % of nodes)
    #Test samples 19595 (remaining)
    ----label noise information:------
    Instance dependent noise
    #Actual noise rate 0.40
    [cuda:1] Waiting for GPU slot...
    [cuda:1] Slot acquired (waited 190.4s). Training...
    [NRGNN] Large dataset detected (24492 nodes). Using sampled similarity search.
    FINAL_RESULT: {'acc': {'train': 0.3831699346405229, 'valid': 0.2839640620745984, 'test': 0.36014289359530494}, 'wall_s': 248.27, 'cpu_s': 13.01, 'gpu_s': 234.98, 'wait_s': 190.36}
    [Time] wall=248.3s | cpu=13.0s | gpu=235.0s
    C:\Users\fbrev\Documents\Acadêmico\Simulações\Python\NoisyGL\predictor\Base_Predictor.py:144: UserWarning: Sparse CSR tensor support is in beta state. If you miss a functionality in the sparse tensor support, please submit a feature request to https://github.com/pytorch/pytorch/issues. (Triggered internally at ..\aten\src\ATen\SparseCsrTensorImpl.cpp:55.)
    self.adj_csr = self.adj.to_sparse_csr().to(self.device)
    [CPU] Loading amazon-ratings...
    DEBUG 3.1: Dataset init start
    DEBUG 3.2: prepare_data start amazon-ratings
    ----Data statistics------'
    Name: amazon-ratings
    #Nodes 24492
    #Edges 93050
    #Classes 5
    #Ave_degree 7.60
    ----Split statistics------'
    #Train samples 1224 (5.0 % of nodes)
    #Val samples 3673 (15.0 % of nodes)
    #Test samples 19595 (remaining)
    ----label noise information:------
    Instance dependent noise
    #Actual noise rate 0.41
    [cuda:1] Waiting for GPU slot...
    [cuda:1] Slot acquired (waited 193.9s). Training...
    [NRGNN] Large dataset detected (24492 nodes). Using sampled similarity search.
    FINAL_RESULT: {'acc': {'train': 0.26062091503267976, 'valid': 0.2651783283419548, 'test': 0.33620821638173004}, 'wall_s': 247.45, 'cpu_s': 12.67, 'gpu_s': 234.55, 'wait_s': 193.92}
    [Time] wall=247.4s | cpu=12.7s | gpu=234.6s
    C:\Users\fbrev\Documents\Acadêmico\Simulações\Python\NoisyGL\predictor\Base_Predictor.py:144: UserWarning: Sparse CSR tensor support is in beta state. If you miss a functionality in the sparse tensor support, please submit a feature request to https://github.com/pytorch/pytorch/issues. (Triggered internally at ..\aten\src\ATen\SparseCsrTensorImpl.cpp:55.)
    self.adj_csr = self.adj.to_sparse_csr().to(self.device)
    [CPU] Loading amazon-ratings...
    DEBUG 3.1: Dataset init start
    DEBUG 3.2: prepare_data start amazon-ratings
    ----Data statistics------'
    Name: amazon-ratings
    #Nodes 24492
    #Edges 93050
    #Classes 5
    #Ave_degree 7.60
    ----Split statistics------'
    #Train samples 1224 (5.0 % of nodes)
    #Val samples 3673 (15.0 % of nodes)
    #Test samples 19595 (remaining)
    ----label noise information:------
    Instance dependent noise
    #Actual noise rate 0.40
    [cuda:1] Waiting for GPU slot...
    [cuda:1] Slot acquired (waited 193.9s). Training...
    [NRGNN] Large dataset detected (24492 nodes). Using sampled similarity search.
    FINAL_RESULT: {'acc': {'train': 0.37173202614379086, 'valid': 0.3291587258371903, 'test': 0.362388364378668}, 'wall_s': 250.54, 'cpu_s': 13.06, 'gpu_s': 237.23, 'wait_s': 193.91}
    [Time] wall=250.5s | cpu=13.1s | gpu=237.2s
    C:\Users\fbrev\Documents\Acadêmico\Simulações\Python\NoisyGL\predictor\Base_Predictor.py:144: UserWarning: Sparse CSR tensor support is in beta state. If you miss a functionality in the sparse tensor support, please submit a feature request to https://github.com/pytorch/pytorch/issues. (Triggered internally at ..\aten\src\ATen\SparseCsrTensorImpl.cpp:55.)
    self.adj_csr = self.adj.to_sparse_csr().to(self.device)
    [CPU] Loading amazon-ratings...
    DEBUG 3.1: Dataset init start
    DEBUG 3.2: prepare_data start amazon-ratings
    ----Data statistics------'
    Name: amazon-ratings
    #Nodes 24492
    #Edges 93050
    #Classes 5
    #Ave_degree 7.60
    ----Split statistics------'
    #Train samples 1224 (5.0 % of nodes)
    #Val samples 3673 (15.0 % of nodes)
    #Test samples 19595 (remaining)
    ----label noise information:------
    Instance dependent noise
    #Actual noise rate 0.40
    [cuda:1] Waiting for GPU slot...
    [cuda:1] Slot acquired (waited 186.5s). Training...
    [NRGNN] Large dataset detected (24492 nodes). Using sampled similarity search.
    FINAL_RESULT: {'acc': {'train': 0.2949346405228758, 'valid': 0.279063435883474, 'test': 0.3783107935697882}, 'wall_s': 254.12, 'cpu_s': 13.18, 'gpu_s': 240.68, 'wait_s': 186.5}
    [Time] wall=254.1s | cpu=13.2s | gpu=240.7s
    C:\Users\fbrev\Documents\Acadêmico\Simulações\Python\NoisyGL\predictor\Base_Predictor.py:144: UserWarning: Sparse CSR tensor support is in beta state. If you miss a functionality in the sparse tensor support, please submit a feature request to https://github.com/pytorch/pytorch/issues. (Triggered internally at ..\aten\src\ATen\SparseCsrTensorImpl.cpp:55.)
    self.adj_csr = self.adj.to_sparse_csr().to(self.device)
    [CPU] Loading amazon-ratings...
    DEBUG 3.1: Dataset init start
    DEBUG 3.2: prepare_data start amazon-ratings
    ----Data statistics------'
    Name: amazon-ratings
    #Nodes 24492
    #Edges 93050
    #Classes 5
    #Ave_degree 7.60
    ----Split statistics------'
    #Train samples 1224 (5.0 % of nodes)
    #Val samples 3673 (15.0 % of nodes)
    #Test samples 19595 (remaining)
    ----label noise information:------
    Instance dependent noise
    #Actual noise rate 0.40
    [cuda:1] Waiting for GPU slot...
    [cuda:1] Slot acquired (waited 226.8s). Training...
    [NRGNN] Large dataset detected (24492 nodes). Using sampled similarity search.
    FINAL_RESULT: {'acc': {'train': 0.3366013071895425, 'valid': 0.2956711135311734, 'test': 0.3577953559581526}, 'wall_s': 262.04, 'cpu_s': 17.31, 'gpu_s': 244.32, 'wait_s': 226.79}
    [Time] wall=262.0s | cpu=17.3s | gpu=244.3s
    C:\Users\fbrev\Documents\Acadêmico\Simulações\Python\NoisyGL\predictor\Base_Predictor.py:144: UserWarning: Sparse CSR tensor support is in beta state. If you miss a functionality in the sparse tensor support, please submit a feature request to https://github.com/pytorch/pytorch/issues. (Triggered internally at ..\aten\src\ATen\SparseCsrTensorImpl.cpp:55.)
    self.adj_csr = self.adj.to_sparse_csr().to(self.device)
    [CPU] Loading amazon-ratings...
    DEBUG 3.1: Dataset init start
    DEBUG 3.2: prepare_data start amazon-ratings
    ----Data statistics------'
    Name: amazon-ratings
    #Nodes 24492
    #Edges 93050
    #Classes 5
    #Ave_degree 7.60
    ----Split statistics------'
    #Train samples 1224 (5.0 % of nodes)
    #Val samples 3673 (15.0 % of nodes)
    #Test samples 19595 (remaining)
    ----label noise information:------
    Instance dependent noise
    #Actual noise rate 0.40
    [cuda:1] Waiting for GPU slot...
    [cuda:1] Slot acquired (waited 574.6s). Training...
    [NRGNN] Large dataset detected (24492 nodes). Using sampled similarity search.
    FINAL_RESULT: {'acc': {'train': 0.32189542483660133, 'valid': 0.2915872583719031, 'test': 0.37448328655269203}, 'wall_s': 241.39, 'cpu_s': 12.68, 'gpu_s': 228.48, 'wait_s': 574.56}
    [Time] wall=241.4s | cpu=12.7s | gpu=228.5s
    C:\Users\fbrev\Documents\Acadêmico\Simulações\Python\NoisyGL\predictor\Base_Predictor.py:144: UserWarning: Sparse CSR tensor support is in beta state. If you miss a functionality in the sparse tensor support, please submit a feature request to https://github.com/pytorch/pytorch/issues. (Triggered internally at ..\aten\src\ATen\SparseCsrTensorImpl.cpp:55.)
    self.adj_csr = self.adj.to_sparse_csr().to(self.device)
    [CPU] Loading amazon-ratings...
    DEBUG 3.1: Dataset init start
    DEBUG 3.2: prepare_data start amazon-ratings
    ----Data statistics------'
    Name: amazon-ratings
    #Nodes 24492
    #Edges 93050
    #Classes 5
    #Ave_degree 7.60
    ----Split statistics------'
    #Train samples 1224 (5.0 % of nodes)
    #Val samples 3673 (15.0 % of nodes)
    #Test samples 19595 (remaining)
    ----label noise information:------
    Instance dependent noise
    #Actual noise rate 0.40
    [cuda:1] Waiting for GPU slot...
    [cuda:1] Slot acquired (waited 190.1s). Training...
    [NRGNN] Large dataset detected (24492 nodes). Using sampled similarity search.
    FINAL_RESULT: {'acc': {'train': 0.3194444444444444, 'valid': 0.29975496869044377, 'test': 0.38606787445776986}, 'wall_s': 244.12, 'cpu_s': 12.33, 'gpu_s': 231.59, 'wait_s': 190.1}
    [Time] wall=244.1s | cpu=12.3s | gpu=231.6s
    C:\Users\fbrev\Documents\Acadêmico\Simulações\Python\NoisyGL\predictor\Base_Predictor.py:144: UserWarning: Sparse CSR tensor support is in beta state. If you miss a functionality in the sparse tensor support, please submit a feature request to https://github.com/pytorch/pytorch/issues. (Triggered internally at ..\aten\src\ATen\SparseCsrTensorImpl.cpp:55.)
    self.adj_csr = self.adj.to_sparse_csr().to(self.device)
  [Retest] Candidate 2 Avg: 0.3656

  [Retest] Candidate 3/3 (Trial 53, HPO_acc=0.3763)
    [CPU] Loading amazon-ratings...
    DEBUG 3.1: Dataset init start
    DEBUG 3.2: prepare_data start amazon-ratings
    ----Data statistics------'
    Name: amazon-ratings
    #Nodes 24492
    #Edges 93050
    #Classes 5
    #Ave_degree 7.60
    ----Split statistics------'
    #Train samples 1224 (5.0 % of nodes)
    #Val samples 3673 (15.0 % of nodes)
    #Test samples 19595 (remaining)
    ----label noise information:------
    Instance dependent noise
    #Actual noise rate 0.40
    [cuda:1] Waiting for GPU slot...
    [cuda:1] Slot acquired (waited 194.1s). Training...
    [NRGNN] Large dataset detected (24492 nodes). Using sampled similarity search.
    FINAL_RESULT: {'acc': {'train': 0.2875816993464052, 'valid': 0.2880479172338688, 'test': 0.37780045930084205}, 'wall_s': 246.59, 'cpu_s': 14.27, 'gpu_s': 232.05, 'wait_s': 194.1}
    [Time] wall=246.6s | cpu=14.3s | gpu=232.0s
    C:\Users\fbrev\Documents\Acadêmico\Simulações\Python\NoisyGL\predictor\Base_Predictor.py:144: UserWarning: Sparse CSR tensor support is in beta state. If you miss a functionality in the sparse tensor support, please submit a feature request to https://github.com/pytorch/pytorch/issues. (Triggered internally at ..\aten\src\ATen\SparseCsrTensorImpl.cpp:55.)
    self.adj_csr = self.adj.to_sparse_csr().to(self.device)
    [CPU] Loading amazon-ratings...
    DEBUG 3.1: Dataset init start
    DEBUG 3.2: prepare_data start amazon-ratings
    ----Data statistics------'
    Name: amazon-ratings
    #Nodes 24492
    #Edges 93050
    #Classes 5
    #Ave_degree 7.60
    ----Split statistics------'
    #Train samples 1224 (5.0 % of nodes)
    #Val samples 3673 (15.0 % of nodes)
    #Test samples 19595 (remaining)
    ----label noise information:------
    Instance dependent noise
    #Actual noise rate 0.40
    [cuda:1] Waiting for GPU slot...
    [cuda:1] Slot acquired (waited 188.2s). Training...
    [NRGNN] Large dataset detected (24492 nodes). Using sampled similarity search.
    FINAL_RESULT: {'acc': {'train': 0.29820261437908496, 'valid': 0.3128233052001089, 'test': 0.3638173003317173}, 'wall_s': 246.73, 'cpu_s': 13.06, 'gpu_s': 233.41, 'wait_s': 188.17}
    [Time] wall=246.7s | cpu=13.1s | gpu=233.4s
    C:\Users\fbrev\Documents\Acadêmico\Simulações\Python\NoisyGL\predictor\Base_Predictor.py:144: UserWarning: Sparse CSR tensor support is in beta state. If you miss a functionality in the sparse tensor support, please submit a feature request to https://github.com/pytorch/pytorch/issues. (Triggered internally at ..\aten\src\ATen\SparseCsrTensorImpl.cpp:55.)
    self.adj_csr = self.adj.to_sparse_csr().to(self.device)
    [CPU] Loading amazon-ratings...
    DEBUG 3.1: Dataset init start
    DEBUG 3.2: prepare_data start amazon-ratings
    ----Data statistics------'
    Name: amazon-ratings
    #Nodes 24492
    #Edges 93050
    #Classes 5
    #Ave_degree 7.60
    ----Split statistics------'
    #Train samples 1224 (5.0 % of nodes)
    #Val samples 3673 (15.0 % of nodes)
    #Test samples 19595 (remaining)
    ----label noise information:------
    Instance dependent noise
    #Actual noise rate 0.40
    [cuda:1] Waiting for GPU slot...
    [cuda:1] Slot acquired (waited 125.2s). Training...
    [NRGNN] Large dataset detected (24492 nodes). Using sampled similarity search.
    FINAL_RESULT: {'acc': {'train': 0.2867647058823529, 'valid': 0.2834195480533624, 'test': 0.36795100791018115}, 'wall_s': 247.39, 'cpu_s': 12.49, 'gpu_s': 234.67, 'wait_s': 125.19}
    [Time] wall=247.4s | cpu=12.5s | gpu=234.7s
    C:\Users\fbrev\Documents\Acadêmico\Simulações\Python\NoisyGL\predictor\Base_Predictor.py:144: UserWarning: Sparse CSR tensor support is in beta state. If you miss a functionality in the sparse tensor support, please submit a feature request to https://github.com/pytorch/pytorch/issues. (Triggered internally at ..\aten\src\ATen\SparseCsrTensorImpl.cpp:55.)
    self.adj_csr = self.adj.to_sparse_csr().to(self.device)
    [CPU] Loading amazon-ratings...
    DEBUG 3.1: Dataset init start
    DEBUG 3.2: prepare_data start amazon-ratings
    ----Data statistics------'
    Name: amazon-ratings
    #Nodes 24492
    #Edges 93050
    #Classes 5
    #Ave_degree 7.60
    ----Split statistics------'
    #Train samples 1224 (5.0 % of nodes)
    #Val samples 3673 (15.0 % of nodes)
    #Test samples 19595 (remaining)
    ----label noise information:------
    Instance dependent noise
    #Actual noise rate 0.40
    [cuda:1] Waiting for GPU slot...
    [cuda:1] Slot acquired (waited 575.8s). Training...
    [NRGNN] Large dataset detected (24492 nodes). Using sampled similarity search.
    FINAL_RESULT: {'acc': {'train': 0.27124183006535946, 'valid': 0.28532534712768853, 'test': 0.368767542740495}, 'wall_s': 236.97, 'cpu_s': 12.58, 'gpu_s': 224.16, 'wait_s': 575.78}
    [Time] wall=237.0s | cpu=12.6s | gpu=224.2s
    C:\Users\fbrev\Documents\Acadêmico\Simulações\Python\NoisyGL\predictor\Base_Predictor.py:144: UserWarning: Sparse CSR tensor support is in beta state. If you miss a functionality in the sparse tensor support, please submit a feature request to https://github.com/pytorch/pytorch/issues. (Triggered internally at ..\aten\src\ATen\SparseCsrTensorImpl.cpp:55.)
    self.adj_csr = self.adj.to_sparse_csr().to(self.device)
    [CPU] Loading amazon-ratings...
    DEBUG 3.1: Dataset init start
    DEBUG 3.2: prepare_data start amazon-ratings
    ----Data statistics------'
    Name: amazon-ratings
    #Nodes 24492
    #Edges 93050
    #Classes 5
    #Ave_degree 7.60
    ----Split statistics------'
    #Train samples 1224 (5.0 % of nodes)
    #Val samples 3673 (15.0 % of nodes)
    #Test samples 19595 (remaining)
    ----label noise information:------
    Instance dependent noise
    #Actual noise rate 0.41
    [cuda:1] Waiting for GPU slot...
    [cuda:1] Slot acquired (waited 189.4s). Training...
    [NRGNN] Large dataset detected (24492 nodes). Using sampled similarity search.
    FINAL_RESULT: {'acc': {'train': 0.22058823529411764, 'valid': 0.26898992649060716, 'test': 0.36499106915029345}, 'wall_s': 250.98, 'cpu_s': 13.99, 'gpu_s': 236.72, 'wait_s': 189.38}
    [Time] wall=251.0s | cpu=14.0s | gpu=236.7s
    C:\Users\fbrev\Documents\Acadêmico\Simulações\Python\NoisyGL\predictor\Base_Predictor.py:144: UserWarning: Sparse CSR tensor support is in beta state. If you miss a functionality in the sparse tensor support, please submit a feature request to https://github.com/pytorch/pytorch/issues. (Triggered internally at ..\aten\src\ATen\SparseCsrTensorImpl.cpp:55.)
    self.adj_csr = self.adj.to_sparse_csr().to(self.device)
    [CPU] Loading amazon-ratings...
    DEBUG 3.1: Dataset init start
    DEBUG 3.2: prepare_data start amazon-ratings
    ----Data statistics------'
    Name: amazon-ratings
    #Nodes 24492
    #Edges 93050
    #Classes 5
    #Ave_degree 7.60
    ----Split statistics------'
    #Train samples 1224 (5.0 % of nodes)
    #Val samples 3673 (15.0 % of nodes)
    #Test samples 19595 (remaining)
    ----label noise information:------
    Instance dependent noise
    #Actual noise rate 0.40
    [cuda:1] Waiting for GPU slot...
    [cuda:1] Slot acquired (waited 831.4s). Training...
    [NRGNN] Large dataset detected (24492 nodes). Using sampled similarity search.
    FINAL_RESULT: {'acc': {'train': 0.3839869281045752, 'valid': 0.3269806697522461, 'test': 0.36330696606277113}, 'wall_s': 261.41, 'cpu_s': 15.19, 'gpu_s': 245.96, 'wait_s': 831.44}
    [Time] wall=261.4s | cpu=15.2s | gpu=246.0s
    C:\Users\fbrev\Documents\Acadêmico\Simulações\Python\NoisyGL\predictor\Base_Predictor.py:144: UserWarning: Sparse CSR tensor support is in beta state. If you miss a functionality in the sparse tensor support, please submit a feature request to https://github.com/pytorch/pytorch/issues. (Triggered internally at ..\aten\src\ATen\SparseCsrTensorImpl.cpp:55.)
    self.adj_csr = self.adj.to_sparse_csr().to(self.device)
    [CPU] Loading amazon-ratings...
    DEBUG 3.1: Dataset init start
    DEBUG 3.2: prepare_data start amazon-ratings
    ----Data statistics------'
    Name: amazon-ratings
    #Nodes 24492
    #Edges 93050
    #Classes 5
    #Ave_degree 7.60
    ----Split statistics------'
    #Train samples 1224 (5.0 % of nodes)
    #Val samples 3673 (15.0 % of nodes)
    #Test samples 19595 (remaining)
    ----label noise information:------
    Instance dependent noise
    #Actual noise rate 0.40
    [cuda:1] Waiting for GPU slot...
    [cuda:1] Slot acquired (waited 330.1s). Training...
    [NRGNN] Large dataset detected (24492 nodes). Using sampled similarity search.
    FINAL_RESULT: {'acc': {'train': 0.2949346405228758, 'valid': 0.2766131227879118, 'test': 0.3754529216636897}, 'wall_s': 254.03, 'cpu_s': 14.4, 'gpu_s': 239.36, 'wait_s': 330.1}
    [Time] wall=254.0s | cpu=14.4s | gpu=239.4s
    C:\Users\fbrev\Documents\Acadêmico\Simulações\Python\NoisyGL\predictor\Base_Predictor.py:144: UserWarning: Sparse CSR tensor support is in beta state. If you miss a functionality in the sparse tensor support, please submit a feature request to https://github.com/pytorch/pytorch/issues. (Triggered internally at ..\aten\src\ATen\SparseCsrTensorImpl.cpp:55.)
    self.adj_csr = self.adj.to_sparse_csr().to(self.device)
    [CPU] Loading amazon-ratings...
    DEBUG 3.1: Dataset init start
    DEBUG 3.2: prepare_data start amazon-ratings
    ----Data statistics------'
    Name: amazon-ratings
    #Nodes 24492
    #Edges 93050
    #Classes 5
    #Ave_degree 7.60
    ----Split statistics------'
    #Train samples 1224 (5.0 % of nodes)
    #Val samples 3673 (15.0 % of nodes)
    #Test samples 19595 (remaining)
    ----label noise information:------
    Instance dependent noise
    #Actual noise rate 0.40
    [cuda:1] Waiting for GPU slot...
    [cuda:1] Slot acquired (waited 193.5s). Training...
    [NRGNN] Large dataset detected (24492 nodes). Using sampled similarity search.
    FINAL_RESULT: {'acc': {'train': 0.3227124183006536, 'valid': 0.29975496869044377, 'test': 0.3616228629752488}, 'wall_s': 254.92, 'cpu_s': 14.22, 'gpu_s': 240.42, 'wait_s': 193.5}
    [Time] wall=254.9s | cpu=14.2s | gpu=240.4s
    C:\Users\fbrev\Documents\Acadêmico\Simulações\Python\NoisyGL\predictor\Base_Predictor.py:144: UserWarning: Sparse CSR tensor support is in beta state. If you miss a functionality in the sparse tensor support, please submit a feature request to https://github.com/pytorch/pytorch/issues. (Triggered internally at ..\aten\src\ATen\SparseCsrTensorImpl.cpp:55.)
    self.adj_csr = self.adj.to_sparse_csr().to(self.device)
    [CPU] Loading amazon-ratings...
    DEBUG 3.1: Dataset init start
    DEBUG 3.2: prepare_data start amazon-ratings
    ----Data statistics------'
    Name: amazon-ratings
    #Nodes 24492
    #Edges 93050
    #Classes 5
    #Ave_degree 7.60
    ----Split statistics------'
    #Train samples 1224 (5.0 % of nodes)
    #Val samples 3673 (15.0 % of nodes)
    #Test samples 19595 (remaining)
    ----label noise information:------
    Instance dependent noise
    #Actual noise rate 0.40
    [cuda:1] Waiting for GPU slot...
    [cuda:1] Slot acquired (waited 611.2s). Training...
    [NRGNN] Large dataset detected (24492 nodes). Using sampled similarity search.
    FINAL_RESULT: {'acc': {'train': 0.33088235294117646, 'valid': 0.2864143751701606, 'test': 0.35733605511610106}, 'wall_s': 251.52, 'cpu_s': 13.73, 'gpu_s': 237.55, 'wait_s': 611.2}
    [Time] wall=251.5s | cpu=13.7s | gpu=237.5s
    C:\Users\fbrev\Documents\Acadêmico\Simulações\Python\NoisyGL\predictor\Base_Predictor.py:144: UserWarning: Sparse CSR tensor support is in beta state. If you miss a functionality in the sparse tensor support, please submit a feature request to https://github.com/pytorch/pytorch/issues. (Triggered internally at ..\aten\src\ATen\SparseCsrTensorImpl.cpp:55.)
    self.adj_csr = self.adj.to_sparse_csr().to(self.device)
    [CPU] Loading amazon-ratings...
    DEBUG 3.1: Dataset init start
    DEBUG 3.2: prepare_data start amazon-ratings
    ----Data statistics------'
    Name: amazon-ratings
    #Nodes 24492
    #Edges 93050
    #Classes 5
    #Ave_degree 7.60
    ----Split statistics------'
    #Train samples 1224 (5.0 % of nodes)
    #Val samples 3673 (15.0 % of nodes)
    #Test samples 19595 (remaining)
    ----label noise information:------
    Instance dependent noise
    #Actual noise rate 0.40
    [cuda:1] Waiting for GPU slot...
    [cuda:1] Slot acquired (waited 581.3s). Training...
    [NRGNN] Large dataset detected (24492 nodes). Using sampled similarity search.
    FINAL_RESULT: {'acc': {'train': 0.3055555555555556, 'valid': 0.29213177239313914, 'test': 0.37004337841286045}, 'wall_s': 253.76, 'cpu_s': 14.18, 'gpu_s': 239.3, 'wait_s': 581.35}
    [Time] wall=253.8s | cpu=14.2s | gpu=239.3s
    C:\Users\fbrev\Documents\Acadêmico\Simulações\Python\NoisyGL\predictor\Base_Predictor.py:144: UserWarning: Sparse CSR tensor support is in beta state. If you miss a functionality in the sparse tensor support, please submit a feature request to https://github.com/pytorch/pytorch/issues. (Triggered internally at ..\aten\src\ATen\SparseCsrTensorImpl.cpp:55.)
    self.adj_csr = self.adj.to_sparse_csr().to(self.device)
  [Retest] Candidate 3 Avg: 0.3671

[Phase 2] Starting final evaluation with 10 seeds (3000-3009)...
    [CPU] Loading amazon-ratings...
    DEBUG 3.1: Dataset init start
    DEBUG 3.2: prepare_data start amazon-ratings
    ----Data statistics------'
    Name: amazon-ratings
    #Nodes 24492
    #Edges 93050
    #Classes 5
    #Ave_degree 7.60
    ----Split statistics------'
    #Train samples 1224 (5.0 % of nodes)
    #Val samples 3673 (15.0 % of nodes)
    #Test samples 19595 (remaining)
    ----label noise information:------
    Instance dependent noise
    #Actual noise rate 0.40
    [cuda:1] Waiting for GPU slot...
    [cuda:1] Slot acquired (waited 197.2s). Training...
    [NRGNN] Large dataset detected (24492 nodes). Using sampled similarity search.
    FINAL_RESULT: {'acc': {'train': 0.3741830065359477, 'valid': 0.28178600598965425, 'test': 0.3749936208216382}, 'wall_s': 243.63, 'cpu_s': 15.05, 'gpu_s': 228.32, 'wait_s': 197.21}
    [Time] wall=243.6s | cpu=15.0s | gpu=228.3s
    C:\Users\fbrev\Documents\Acadêmico\Simulações\Python\NoisyGL\predictor\Base_Predictor.py:144: UserWarning: Sparse CSR tensor support is in beta state. If you miss a functionality in the sparse tensor support, please submit a feature request to https://github.com/pytorch/pytorch/issues. (Triggered internally at ..\aten\src\ATen\SparseCsrTensorImpl.cpp:55.)
    self.adj_csr = self.adj.to_sparse_csr().to(self.device)
    [CPU] Loading amazon-ratings...
    DEBUG 3.1: Dataset init start
    DEBUG 3.2: prepare_data start amazon-ratings
    ----Data statistics------'
    Name: amazon-ratings
    #Nodes 24492
    #Edges 93050
    #Classes 5
    #Ave_degree 7.60
    ----Split statistics------'
    #Train samples 1224 (5.0 % of nodes)
    #Val samples 3673 (15.0 % of nodes)
    #Test samples 19595 (remaining)
    ----label noise information:------
    Instance dependent noise
    #Actual noise rate 0.40
    [cuda:1] Waiting for GPU slot...
    [cuda:1] Slot acquired (waited 392.5s). Training...
    [NRGNN] Large dataset detected (24492 nodes). Using sampled similarity search.
    FINAL_RESULT: {'acc': {'train': 0.3112745098039216, 'valid': 0.2777021508303839, 'test': 0.34559836693033935}, 'wall_s': 257.13, 'cpu_s': 13.12, 'gpu_s': 243.76, 'wait_s': 392.47}
    [Time] wall=257.1s | cpu=13.1s | gpu=243.8s
    C:\Users\fbrev\Documents\Acadêmico\Simulações\Python\NoisyGL\predictor\Base_Predictor.py:144: UserWarning: Sparse CSR tensor support is in beta state. If you miss a functionality in the sparse tensor support, please submit a feature request to https://github.com/pytorch/pytorch/issues. (Triggered internally at ..\aten\src\ATen\SparseCsrTensorImpl.cpp:55.)
    self.adj_csr = self.adj.to_sparse_csr().to(self.device)
    [CPU] Loading amazon-ratings...
    DEBUG 3.1: Dataset init start
    DEBUG 3.2: prepare_data start amazon-ratings
    ----Data statistics------'
    Name: amazon-ratings
    #Nodes 24492
    #Edges 93050
    #Classes 5
    #Ave_degree 7.60
    ----Split statistics------'
    #Train samples 1224 (5.0 % of nodes)
    #Val samples 3673 (15.0 % of nodes)
    #Test samples 19595 (remaining)
    ----label noise information:------
    Instance dependent noise
    #Actual noise rate 0.40
    [cuda:1] Waiting for GPU slot...
    [cuda:1] Slot acquired (waited 405.2s). Training...
    [NRGNN] Large dataset detected (24492 nodes). Using sampled similarity search.
    FINAL_RESULT: {'acc': {'train': 0.3284313725490196, 'valid': 0.27252926762864144, 'test': 0.37325848430722125}, 'wall_s': 245.51, 'cpu_s': 12.96, 'gpu_s': 232.35, 'wait_s': 405.24}
    [Time] wall=245.5s | cpu=13.0s | gpu=232.4s
    C:\Users\fbrev\Documents\Acadêmico\Simulações\Python\NoisyGL\predictor\Base_Predictor.py:144: UserWarning: Sparse CSR tensor support is in beta state. If you miss a functionality in the sparse tensor support, please submit a feature request to https://github.com/pytorch/pytorch/issues. (Triggered internally at ..\aten\src\ATen\SparseCsrTensorImpl.cpp:55.)
    self.adj_csr = self.adj.to_sparse_csr().to(self.device)
    [CPU] Loading amazon-ratings...
    DEBUG 3.1: Dataset init start
    DEBUG 3.2: prepare_data start amazon-ratings
    ----Data statistics------'
    Name: amazon-ratings
    #Nodes 24492
    #Edges 93050
    #Classes 5
    #Ave_degree 7.60
    ----Split statistics------'
    #Train samples 1224 (5.0 % of nodes)
    #Val samples 3673 (15.0 % of nodes)
    #Test samples 19595 (remaining)
    ----label noise information:------
    Instance dependent noise
    #Actual noise rate 0.39
    [cuda:1] Waiting for GPU slot...
    [cuda:1] Slot acquired (waited 193.8s). Training...
    [NRGNN] Large dataset detected (24492 nodes). Using sampled similarity search.
    FINAL_RESULT: {'acc': {'train': 0.37254901960784315, 'valid': 0.3215355295398857, 'test': 0.36698137279918347}, 'wall_s': 265.5, 'cpu_s': 13.63, 'gpu_s': 251.58, 'wait_s': 193.76}
    [Time] wall=265.5s | cpu=13.6s | gpu=251.6s
    C:\Users\fbrev\Documents\Acadêmico\Simulações\Python\NoisyGL\predictor\Base_Predictor.py:144: UserWarning: Sparse CSR tensor support is in beta state. If you miss a functionality in the sparse tensor support, please submit a feature request to https://github.com/pytorch/pytorch/issues. (Triggered internally at ..\aten\src\ATen\SparseCsrTensorImpl.cpp:55.)
    self.adj_csr = self.adj.to_sparse_csr().to(self.device)
    [CPU] Loading amazon-ratings...
    DEBUG 3.1: Dataset init start
    DEBUG 3.2: prepare_data start amazon-ratings
    ----Data statistics------'
    Name: amazon-ratings
    #Nodes 24492
    #Edges 93050
    #Classes 5
    #Ave_degree 7.60
    ----Split statistics------'
    #Train samples 1224 (5.0 % of nodes)
    #Val samples 3673 (15.0 % of nodes)
    #Test samples 19595 (remaining)
    ----label noise information:------
    Instance dependent noise
    #Actual noise rate 0.40
    [cuda:1] Waiting for GPU slot...
    [cuda:1] Slot acquired (waited 211.7s). Training...
    [NRGNN] Large dataset detected (24492 nodes). Using sampled similarity search.
    FINAL_RESULT: {'acc': {'train': 0.3276143790849673, 'valid': 0.32289681459297576, 'test': 0.3674917070681296}, 'wall_s': 261.15, 'cpu_s': 16.17, 'gpu_s': 244.7, 'wait_s': 211.65}
    [Time] wall=261.2s | cpu=16.2s | gpu=244.7s
    C:\Users\fbrev\Documents\Acadêmico\Simulações\Python\NoisyGL\predictor\Base_Predictor.py:144: UserWarning: Sparse CSR tensor support is in beta state. If you miss a functionality in the sparse tensor support, please submit a feature request to https://github.com/pytorch/pytorch/issues. (Triggered internally at ..\aten\src\ATen\SparseCsrTensorImpl.cpp:55.)
    self.adj_csr = self.adj.to_sparse_csr().to(self.device)
    [CPU] Loading amazon-ratings...
    DEBUG 3.1: Dataset init start
    DEBUG 3.2: prepare_data start amazon-ratings
    ----Data statistics------'
    Name: amazon-ratings
    #Nodes 24492
    #Edges 93050
    #Classes 5
    #Ave_degree 7.60
    ----Split statistics------'
    #Train samples 1224 (5.0 % of nodes)
    #Val samples 3673 (15.0 % of nodes)
    #Test samples 19595 (remaining)
    ----label noise information:------
    Instance dependent noise
    #Actual noise rate 0.40
    [cuda:1] Waiting for GPU slot...
    [cuda:1] Slot acquired (waited 189.3s). Training...
    [NRGNN] Large dataset detected (24492 nodes). Using sampled similarity search.
    FINAL_RESULT: {'acc': {'train': 0.29248366013071897, 'valid': 0.2934930574462292, 'test': 0.3702475121204389}, 'wall_s': 244.22, 'cpu_s': 13.17, 'gpu_s': 230.78, 'wait_s': 189.3}
    [Time] wall=244.2s | cpu=13.2s | gpu=230.8s
    C:\Users\fbrev\Documents\Acadêmico\Simulações\Python\NoisyGL\predictor\Base_Predictor.py:144: UserWarning: Sparse CSR tensor support is in beta state. If you miss a functionality in the sparse tensor support, please submit a feature request to https://github.com/pytorch/pytorch/issues. (Triggered internally at ..\aten\src\ATen\SparseCsrTensorImpl.cpp:55.)
    self.adj_csr = self.adj.to_sparse_csr().to(self.device)
    [CPU] Loading amazon-ratings...
    DEBUG 3.1: Dataset init start
    DEBUG 3.2: prepare_data start amazon-ratings
    ----Data statistics------'
    Name: amazon-ratings
    #Nodes 24492
    #Edges 93050
    #Classes 5
    #Ave_degree 7.60
    ----Split statistics------'
    #Train samples 1224 (5.0 % of nodes)
    #Val samples 3673 (15.0 % of nodes)
    #Test samples 19595 (remaining)
    ----label noise information:------
    Instance dependent noise
    #Actual noise rate 0.40
    [cuda:1] Waiting for GPU slot...
    [cuda:1] Slot acquired (waited 199.9s). Training...
    [NRGNN] Large dataset detected (24492 nodes). Using sampled similarity search.
    FINAL_RESULT: {'acc': {'train': 0.352124183006536, 'valid': 0.2768853797985298, 'test': 0.36494003572339884}, 'wall_s': 258.05, 'cpu_s': 12.96, 'gpu_s': 244.84, 'wait_s': 199.88}
    [Time] wall=258.1s | cpu=13.0s | gpu=244.8s
    C:\Users\fbrev\Documents\Acadêmico\Simulações\Python\NoisyGL\predictor\Base_Predictor.py:144: UserWarning: Sparse CSR tensor support is in beta state. If you miss a functionality in the sparse tensor support, please submit a feature request to https://github.com/pytorch/pytorch/issues. (Triggered internally at ..\aten\src\ATen\SparseCsrTensorImpl.cpp:55.)
    self.adj_csr = self.adj.to_sparse_csr().to(self.device)
    [CPU] Loading amazon-ratings...
    DEBUG 3.1: Dataset init start
    DEBUG 3.2: prepare_data start amazon-ratings
    ----Data statistics------'
    Name: amazon-ratings
    #Nodes 24492
    #Edges 93050
    #Classes 5
    #Ave_degree 7.60
    ----Split statistics------'
    #Train samples 1224 (5.0 % of nodes)
    #Val samples 3673 (15.0 % of nodes)
    #Test samples 19595 (remaining)
    ----label noise information:------
    Instance dependent noise
    #Actual noise rate 0.40
    [cuda:1] Waiting for GPU slot...
    [cuda:1] Slot acquired (waited 185.2s). Training...
    [NRGNN] Large dataset detected (24492 nodes). Using sampled similarity search.
    FINAL_RESULT: {'acc': {'train': 0.35375816993464054, 'valid': 0.28478083310645247, 'test': 0.35376371523347794}, 'wall_s': 241.44, 'cpu_s': 12.62, 'gpu_s': 228.58, 'wait_s': 185.17}
    [Time] wall=241.4s | cpu=12.6s | gpu=228.6s
    C:\Users\fbrev\Documents\Acadêmico\Simulações\Python\NoisyGL\predictor\Base_Predictor.py:144: UserWarning: Sparse CSR tensor support is in beta state. If you miss a functionality in the sparse tensor support, please submit a feature request to https://github.com/pytorch/pytorch/issues. (Triggered internally at ..\aten\src\ATen\SparseCsrTensorImpl.cpp:55.)
    self.adj_csr = self.adj.to_sparse_csr().to(self.device)
    [CPU] Loading amazon-ratings...
    DEBUG 3.1: Dataset init start
    DEBUG 3.2: prepare_data start amazon-ratings
    ----Data statistics------'
    Name: amazon-ratings
    #Nodes 24492
    #Edges 93050
    #Classes 5
    #Ave_degree 7.60
    ----Split statistics------'
    #Train samples 1224 (5.0 % of nodes)
    #Val samples 3673 (15.0 % of nodes)
    #Test samples 19595 (remaining)
    ----label noise information:------
    Instance dependent noise
    #Actual noise rate 0.40
    [cuda:1] Waiting for GPU slot...
    [cuda:1] Slot acquired (waited 374.1s). Training...
    [NRGNN] Large dataset detected (24492 nodes). Using sampled similarity search.
    FINAL_RESULT: {'acc': {'train': 0.29330065359477125, 'valid': 0.3035665668390961, 'test': 0.3660627711150804}, 'wall_s': 212.5, 'cpu_s': 13.86, 'gpu_s': 198.39, 'wait_s': 374.13}
    [Time] wall=212.5s | cpu=13.9s | gpu=198.4s
    C:\Users\fbrev\Documents\Acadêmico\Simulações\Python\NoisyGL\predictor\Base_Predictor.py:144: UserWarning: Sparse CSR tensor support is in beta state. If you miss a functionality in the sparse tensor support, please submit a feature request to https://github.com/pytorch/pytorch/issues. (Triggered internally at ..\aten\src\ATen\SparseCsrTensorImpl.cpp:55.)
    self.adj_csr = self.adj.to_sparse_csr().to(self.device)
    [CPU] Loading amazon-ratings...
    DEBUG 3.1: Dataset init start
    DEBUG 3.2: prepare_data start amazon-ratings
    ----Data statistics------'
    Name: amazon-ratings
    #Nodes 24492
    #Edges 93050
    #Classes 5
    #Ave_degree 7.60
    ----Split statistics------'
    #Train samples 1224 (5.0 % of nodes)
    #Val samples 3673 (15.0 % of nodes)
    #Test samples 19595 (remaining)
    ----label noise information:------
    Instance dependent noise
    #Actual noise rate 0.40
    [cuda:1] Waiting for GPU slot...
    [cuda:1] Slot acquired (waited 151.3s). Training...
    [NRGNN] Large dataset detected (24492 nodes). Using sampled similarity search.
    [ERROR] range object index out of range
    Traceback (most recent call last):
    File "C:\Users\fbrev\Documents\Acadêmico\Simulações\Python\NoisyGL\single_exp_instance.py", line 183, in run_train
    res = predictor.train()
    ^^^^^^^^^^^^^^^^^
    File "C:\Users\fbrev\Documents\Acadêmico\Simulações\Python\NoisyGL\predictor\NRGNN_Predictor_Instance.py", line 112, in train
    = self.get_prediction(features, edge_index, self.noisy_label, self.train_mask)
    ^^^^^^^^^^^^^^^^^^^^^^^^^^^^^^^^^^^^^^^^^^^^^^^^^^^^^^^^^^^^^^^^^^^^^^^^^^^^
    File "C:\Users\fbrev\Documents\Acadêmico\Simulações\Python\NoisyGL\predictor\NRGNN_Predictor_Instance.py", line 57, in get_prediction
    representations, rec_loss = self.estimator(edge_index, features)
    ^^^^^^^^^^^^^^^^^^^^^^^^^^^^^^^^^^^^
    File "C:\Users\fbrev\anaconda3\envs\noisygl\Lib\site-packages\torch\nn\modules\module.py", line 1532, in _wrapped_call_impl
    return self._call_impl(*args, **kwargs)
    ^^^^^^^^^^^^^^^^^^^^^^^^^^^^^^^^
    File "C:\Users\fbrev\anaconda3\envs\noisygl\Lib\site-packages\torch\nn\modules\module.py", line 1541, in _call_impl
    return forward_call(*args, **kwargs)
    ^^^^^^^^^^^^^^^^^^^^^^^^^^^^^
    File "C:\Users\fbrev\Documents\Acadêmico\Simulações\Python\NoisyGL\predictor\module\NRGNN.py", line 28, in forward
    rec_loss = self.reconstruct_loss(edge_index, representations)
    ^^^^^^^^^^^^^^^^^^^^^^^^^^^^^^^^^^^^^^^^^^^^^^^^^^
    File "C:\Users\fbrev\Documents\Acadêmico\Simulações\Python\NoisyGL\predictor\module\NRGNN.py", line 43, in reconstruct_loss
    randn = utils.negative_sampling(edge_index, num_nodes=num_nodes, num_neg_samples=self.conf.model['n_n'] * num_nodes)
    ^^^^^^^^^^^^^^^^^^^^^^^^^^^^^^^^^^^^^^^^^^^^^^^^^^^^^^^^^^^^^^^^^^^^^^^^^^^^^^^^^^^^^^^^^^^^^^^^^^^^^^^^^^^^
    File "C:\Users\fbrev\anaconda3\envs\noisygl\Lib\site-packages\torch_geometric\utils\_negative_sampling.py", line 111, in negative_sampling
    rnd = sample(population, sample_size, device='cpu')
    ^^^^^^^^^^^^^^^^^^^^^^^^^^^^^^^^^^^^^^^^^^^^^
    File "C:\Users\fbrev\anaconda3\envs\noisygl\Lib\site-packages\torch_geometric\utils\_negative_sampling.py", line 329, in sample
    return torch.tensor(random.sample(range(population), k), device=device)
    ^^^^^^^^^^^^^^^^^^^^^^^^^^^^^^^^^^^
    File "C:\Users\fbrev\anaconda3\envs\noisygl\Lib\random.py", line 477, in sample
    result[i] = population[j]
    ~~~~~~~~~~^^^
    IndexError: range object index out of range
    
    C:\Users\fbrev\Documents\Acadêmico\Simulações\Python\NoisyGL\predictor\Base_Predictor.py:144: UserWarning: Sparse CSR tensor support is in beta state. If you miss a functionality in the sparse tensor support, please submit a feature request to https://github.com/pytorch/pytorch/issues. (Triggered internally at ..\aten\src\ATen\SparseCsrTensorImpl.cpp:55.)
    self.adj_csr = self.adj.to_sparse_csr().to(self.device)

[FINAL] nrgnn_amazon-ratings_instance_0.4 | 0.3648 ± 0.0089
