[worker] START gcn_roman-empire_0.3 gpu=0
[HPO] Starting Phase 1 (Optuna) for gcn_roman-empire_instance_0.3...
[I 2026-04-29 05:15:02,496] A new study created in RDB with name: gcn_roman-empire_instance_0.3
    [CPU] Loading roman-empire...
    DEBUG 3.1: Dataset init start
    DEBUG 3.2: prepare_data start roman-empire
    ----Data statistics------'
    Name: roman-empire
    #Nodes 22662
    #Edges 32927
    #Classes 18
    #Ave_degree 2.91
    ----Split statistics------'
    #Train samples 1133 (5.0 % of nodes)
    #Val samples 3399 (15.0 % of nodes)
    #Test samples 18130 (remaining)
    ----label noise information:------
    Instance dependent noise
    #Actual noise rate 0.30
    [cuda:0] Waiting for GPU slot...
    [cuda:0] Slot acquired (waited 390.1s). Training...
    FINAL_RESULT: {'acc': {'train': 0.3442188879082083, 'valid': 0.20770814945572227, 'test': 0.26348593491450634}, 'wall_s': 6.03, 'cpu_s': 0.08, 'gpu_s': 5.7, 'wait_s': 390.12}
    [Time] wall=6.0s | cpu=0.1s | gpu=5.7s
    C:\Users\fbrev\Documents\Acadêmico\Simulações\Python\NoisyGL\predictor\Base_Predictor.py:144: UserWarning: Sparse CSR tensor support is in beta state. If you miss a functionality in the sparse tensor support, please submit a feature request to https://github.com/pytorch/pytorch/issues. (Triggered internally at ..\aten\src\ATen\SparseCsrTensorImpl.cpp:55.)
    self.adj_csr = self.adj.to_sparse_csr().to(self.device)
[I 2026-04-29 05:21:46,052] Trial 0 finished with value: 0.26348593491450634 and parameters: {'lr': 0.01, 'weight_decay': 0.0001, 'n_hidden': 256, 'n_layer': 3, 'dropout': 0.7423310186926412}. Best is trial 0 with value: 0.26348593491450634.
    [CPU] Loading roman-empire...
    DEBUG 3.1: Dataset init start
    DEBUG 3.2: prepare_data start roman-empire
    ----Data statistics------'
    Name: roman-empire
    #Nodes 22662
    #Edges 32927
    #Classes 18
    #Ave_degree 2.91
    ----Split statistics------'
    #Train samples 1133 (5.0 % of nodes)
    #Val samples 3399 (15.0 % of nodes)
    #Test samples 18130 (remaining)
    ----label noise information:------
    Instance dependent noise
    #Actual noise rate 0.30
    [cuda:0] Waiting for GPU slot...
    [cuda:0] Slot acquired (waited 0.6s). Training...
    FINAL_RESULT: {'acc': {'train': 0.1968225948808473, 'valid': 0.20976757869961754, 'test': 0.2675124103695532}, 'wall_s': 4.11, 'cpu_s': 0.07, 'gpu_s': 3.75, 'wait_s': 0.56}
    [Time] wall=4.1s | cpu=0.1s | gpu=3.8s
    C:\Users\fbrev\Documents\Acadêmico\Simulações\Python\NoisyGL\predictor\Base_Predictor.py:144: UserWarning: Sparse CSR tensor support is in beta state. If you miss a functionality in the sparse tensor support, please submit a feature request to https://github.com/pytorch/pytorch/issues. (Triggered internally at ..\aten\src\ATen\SparseCsrTensorImpl.cpp:55.)
    self.adj_csr = self.adj.to_sparse_csr().to(self.device)
[I 2026-04-29 05:21:58,045] Trial 1 finished with value: 0.2675124103695532 and parameters: {'lr': 0.001, 'weight_decay': 0.01, 'n_hidden': 256, 'n_layer': 2, 'dropout': 0.771794424480742}. Best is trial 1 with value: 0.2675124103695532.
    [CPU] Loading roman-empire...
    DEBUG 3.1: Dataset init start
    DEBUG 3.2: prepare_data start roman-empire
    ----Data statistics------'
    Name: roman-empire
    #Nodes 22662
    #Edges 32927
    #Classes 18
    #Ave_degree 2.91
    ----Split statistics------'
    #Train samples 1133 (5.0 % of nodes)
    #Val samples 3399 (15.0 % of nodes)
    #Test samples 18130 (remaining)
    ----label noise information:------
    Instance dependent noise
    #Actual noise rate 0.30
    [cuda:0] Waiting for GPU slot...
    [cuda:0] Slot acquired (waited 539.8s). Training...
    FINAL_RESULT: {'acc': {'train': 0.15357458075904679, 'valid': 0.1400411885848779, 'test': 0.1773303916161059}, 'wall_s': 2.76, 'cpu_s': 0.06, 'gpu_s': 2.45, 'wait_s': 539.81}
    [Time] wall=2.8s | cpu=0.1s | gpu=2.4s
    C:\Users\fbrev\Documents\Acadêmico\Simulações\Python\NoisyGL\predictor\Base_Predictor.py:144: UserWarning: Sparse CSR tensor support is in beta state. If you miss a functionality in the sparse tensor support, please submit a feature request to https://github.com/pytorch/pytorch/issues. (Triggered internally at ..\aten\src\ATen\SparseCsrTensorImpl.cpp:55.)
    self.adj_csr = self.adj.to_sparse_csr().to(self.device)
[I 2026-04-29 05:31:07,662] Trial 2 finished with value: 0.1773303916161059 and parameters: {'lr': 0.001, 'weight_decay': 0.01, 'n_hidden': 32, 'n_layer': 2, 'dropout': 0.2321062485236241}. Best is trial 1 with value: 0.2675124103695532.
    [CPU] Loading roman-empire...
    DEBUG 3.1: Dataset init start
    DEBUG 3.2: prepare_data start roman-empire
    ----Data statistics------'
    Name: roman-empire
    #Nodes 22662
    #Edges 32927
    #Classes 18
    #Ave_degree 2.91
    ----Split statistics------'
    #Train samples 1133 (5.0 % of nodes)
    #Val samples 3399 (15.0 % of nodes)
    #Test samples 18130 (remaining)
    ----label noise information:------
    Instance dependent noise
    #Actual noise rate 0.30
    [cuda:0] Waiting for GPU slot...
    [cuda:0] Slot acquired (waited 269.2s). Training...
    FINAL_RESULT: {'acc': {'train': 0.11827007943512798, 'valid': 0.10532509561635775, 'test': 0.13949255377826805}, 'wall_s': 6.31, 'cpu_s': 0.07, 'gpu_s': 5.98, 'wait_s': 269.16}
    [Time] wall=6.3s | cpu=0.1s | gpu=6.0s
    C:\Users\fbrev\Documents\Acadêmico\Simulações\Python\NoisyGL\predictor\Base_Predictor.py:144: UserWarning: Sparse CSR tensor support is in beta state. If you miss a functionality in the sparse tensor support, please submit a feature request to https://github.com/pytorch/pytorch/issues. (Triggered internally at ..\aten\src\ATen\SparseCsrTensorImpl.cpp:55.)
    self.adj_csr = self.adj.to_sparse_csr().to(self.device)
[I 2026-04-29 05:35:50,643] Trial 3 finished with value: 0.13949255377826805 and parameters: {'lr': 0.01, 'weight_decay': 0.05, 'n_hidden': 256, 'n_layer': 3, 'dropout': 0.5786557322614658}. Best is trial 1 with value: 0.2675124103695532.
    [CPU] Loading roman-empire...
    DEBUG 3.1: Dataset init start
    DEBUG 3.2: prepare_data start roman-empire
    ----Data statistics------'
    Name: roman-empire
    #Nodes 22662
    #Edges 32927
    #Classes 18
    #Ave_degree 2.91
    ----Split statistics------'
    #Train samples 1133 (5.0 % of nodes)
    #Val samples 3399 (15.0 % of nodes)
    #Test samples 18130 (remaining)
    ----label noise information:------
    Instance dependent noise
    #Actual noise rate 0.30
    [cuda:0] Waiting for GPU slot...
    [cuda:0] Slot acquired (waited 276.4s). Training...
    FINAL_RESULT: {'acc': {'train': 0.4624889673433363, 'valid': 0.2571344513092086, 'test': 0.33072255929398786}, 'wall_s': 2.89, 'cpu_s': 0.08, 'gpu_s': 2.53, 'wait_s': 276.4}
    [Time] wall=2.9s | cpu=0.1s | gpu=2.5s
    C:\Users\fbrev\Documents\Acadêmico\Simulações\Python\NoisyGL\predictor\Base_Predictor.py:144: UserWarning: Sparse CSR tensor support is in beta state. If you miss a functionality in the sparse tensor support, please submit a feature request to https://github.com/pytorch/pytorch/issues. (Triggered internally at ..\aten\src\ATen\SparseCsrTensorImpl.cpp:55.)
    self.adj_csr = self.adj.to_sparse_csr().to(self.device)
[I 2026-04-29 05:40:37,682] Trial 4 finished with value: 0.33072255929398786 and parameters: {'lr': 0.005, 'weight_decay': 0.0001, 'n_hidden': 32, 'n_layer': 2, 'dropout': 0.07508149509583628}. Best is trial 4 with value: 0.33072255929398786.
    [CPU] Loading roman-empire...
    DEBUG 3.1: Dataset init start
    DEBUG 3.2: prepare_data start roman-empire
    ----Data statistics------'
    Name: roman-empire
    #Nodes 22662
    #Edges 32927
    #Classes 18
    #Ave_degree 2.91
    ----Split statistics------'
    #Train samples 1133 (5.0 % of nodes)
    #Val samples 3399 (15.0 % of nodes)
    #Test samples 18130 (remaining)
    ----label noise information:------
    Instance dependent noise
    #Actual noise rate 0.30
    [cuda:0] Waiting for GPU slot...
    [cuda:0] Slot acquired (waited 270.0s). Training...
    FINAL_RESULT: {'acc': {'train': 0.35657546337157986, 'valid': 0.20388349514563106, 'test': 0.24964147821290678}, 'wall_s': 3.64, 'cpu_s': 0.08, 'gpu_s': 3.29, 'wait_s': 269.98}
    [Time] wall=3.6s | cpu=0.1s | gpu=3.3s
    C:\Users\fbrev\Documents\Acadêmico\Simulações\Python\NoisyGL\predictor\Base_Predictor.py:144: UserWarning: Sparse CSR tensor support is in beta state. If you miss a functionality in the sparse tensor support, please submit a feature request to https://github.com/pytorch/pytorch/issues. (Triggered internally at ..\aten\src\ATen\SparseCsrTensorImpl.cpp:55.)
    self.adj_csr = self.adj.to_sparse_csr().to(self.device)
[I 2026-04-29 05:45:19,098] Trial 5 finished with value: 0.24964147821290678 and parameters: {'lr': 0.05, 'weight_decay': 0.001, 'n_hidden': 64, 'n_layer': 3, 'dropout': 0.09930564498655947}. Best is trial 4 with value: 0.33072255929398786.
    [CPU] Loading roman-empire...
    DEBUG 3.1: Dataset init start
    DEBUG 3.2: prepare_data start roman-empire
    ----Data statistics------'
    Name: roman-empire
    #Nodes 22662
    #Edges 32927
    #Classes 18
    #Ave_degree 2.91
    ----Split statistics------'
    #Train samples 1133 (5.0 % of nodes)
    #Val samples 3399 (15.0 % of nodes)
    #Test samples 18130 (remaining)
    ----label noise information:------
    Instance dependent noise
    #Actual noise rate 0.30
    [cuda:0] Waiting for GPU slot...
    [cuda:0] Slot acquired (waited 270.9s). Training...
    FINAL_RESULT: {'acc': {'train': 0.38393645189761694, 'valid': 0.2383053839364519, 'test': 0.30496414782129067}, 'wall_s': 2.83, 'cpu_s': 0.07, 'gpu_s': 2.52, 'wait_s': 270.92}
    [Time] wall=2.8s | cpu=0.1s | gpu=2.5s
    C:\Users\fbrev\Documents\Acadêmico\Simulações\Python\NoisyGL\predictor\Base_Predictor.py:144: UserWarning: Sparse CSR tensor support is in beta state. If you miss a functionality in the sparse tensor support, please submit a feature request to https://github.com/pytorch/pytorch/issues. (Triggered internally at ..\aten\src\ATen\SparseCsrTensorImpl.cpp:55.)
    self.adj_csr = self.adj.to_sparse_csr().to(self.device)
[I 2026-04-29 05:50:00,196] Trial 6 finished with value: 0.30496414782129067 and parameters: {'lr': 0.1, 'weight_decay': 0.0, 'n_hidden': 32, 'n_layer': 2, 'dropout': 0.09373323115528631}. Best is trial 4 with value: 0.33072255929398786.
    [CPU] Loading roman-empire...
    DEBUG 3.1: Dataset init start
    DEBUG 3.2: prepare_data start roman-empire
    ----Data statistics------'
    Name: roman-empire
    #Nodes 22662
    #Edges 32927
    #Classes 18
    #Ave_degree 2.91
    ----Split statistics------'
    #Train samples 1133 (5.0 % of nodes)
    #Val samples 3399 (15.0 % of nodes)
    #Test samples 18130 (remaining)
    ----label noise information:------
    Instance dependent noise
    #Actual noise rate 0.30
    [cuda:0] Waiting for GPU slot...
    [cuda:0] Slot acquired (waited 266.6s). Training...
    FINAL_RESULT: {'acc': {'train': 0.23036187113857018, 'valid': 0.22153574580759047, 'test': 0.2864864864864865}, 'wall_s': 4.34, 'cpu_s': 0.05, 'gpu_s': 3.95, 'wait_s': 266.59}
    [Time] wall=4.3s | cpu=0.1s | gpu=4.0s
    C:\Users\fbrev\Documents\Acadêmico\Simulações\Python\NoisyGL\predictor\Base_Predictor.py:144: UserWarning: Sparse CSR tensor support is in beta state. If you miss a functionality in the sparse tensor support, please submit a feature request to https://github.com/pytorch/pytorch/issues. (Triggered internally at ..\aten\src\ATen\SparseCsrTensorImpl.cpp:55.)
    self.adj_csr = self.adj.to_sparse_csr().to(self.device)
[I 2026-04-29 05:54:38,284] Trial 7 finished with value: 0.2864864864864865 and parameters: {'lr': 0.01, 'weight_decay': 0.01, 'n_hidden': 256, 'n_layer': 2, 'dropout': 0.7119280001227948}. Best is trial 4 with value: 0.33072255929398786.
    [CPU] Loading roman-empire...
    DEBUG 3.1: Dataset init start
    DEBUG 3.2: prepare_data start roman-empire
    ----Data statistics------'
    Name: roman-empire
    #Nodes 22662
    #Edges 32927
    #Classes 18
    #Ave_degree 2.91
    ----Split statistics------'
    #Train samples 1133 (5.0 % of nodes)
    #Val samples 3399 (15.0 % of nodes)
    #Test samples 18130 (remaining)
    ----label noise information:------
    Instance dependent noise
    #Actual noise rate 0.30
    [cuda:0] Waiting for GPU slot...
    [cuda:0] Slot acquired (waited 1.3s). Training...
    FINAL_RESULT: {'acc': {'train': 0.14563106796116504, 'valid': 0.16092968520152987, 'test': 0.20899062327633755}, 'wall_s': 3.52, 'cpu_s': 0.06, 'gpu_s': 3.23, 'wait_s': 1.32}
    [Time] wall=3.5s | cpu=0.1s | gpu=3.2s
    C:\Users\fbrev\Documents\Acadêmico\Simulações\Python\NoisyGL\predictor\Base_Predictor.py:144: UserWarning: Sparse CSR tensor support is in beta state. If you miss a functionality in the sparse tensor support, please submit a feature request to https://github.com/pytorch/pytorch/issues. (Triggered internally at ..\aten\src\ATen\SparseCsrTensorImpl.cpp:55.)
    self.adj_csr = self.adj.to_sparse_csr().to(self.device)
[I 2026-04-29 05:54:51,096] Trial 8 finished with value: 0.20899062327633755 and parameters: {'lr': 0.1, 'weight_decay': 0.01, 'n_hidden': 64, 'n_layer': 3, 'dropout': 0.3548578032144484}. Best is trial 4 with value: 0.33072255929398786.
    [CPU] Loading roman-empire...
    DEBUG 3.1: Dataset init start
    DEBUG 3.2: prepare_data start roman-empire
    ----Data statistics------'
    Name: roman-empire
    #Nodes 22662
    #Edges 32927
    #Classes 18
    #Ave_degree 2.91
    ----Split statistics------'
    #Train samples 1133 (5.0 % of nodes)
    #Val samples 3399 (15.0 % of nodes)
    #Test samples 18130 (remaining)
    ----label noise information:------
    Instance dependent noise
    #Actual noise rate 0.30
    [cuda:0] Waiting for GPU slot...
    [cuda:0] Slot acquired (waited 269.6s). Training...
    FINAL_RESULT: {'acc': {'train': 0.33097969991173876, 'valid': 0.21270962047661077, 'test': 0.26999448428019857}, 'wall_s': 6.06, 'cpu_s': 0.06, 'gpu_s': 5.75, 'wait_s': 269.59}
    [Time] wall=6.1s | cpu=0.1s | gpu=5.7s
    C:\Users\fbrev\Documents\Acadêmico\Simulações\Python\NoisyGL\predictor\Base_Predictor.py:144: UserWarning: Sparse CSR tensor support is in beta state. If you miss a functionality in the sparse tensor support, please submit a feature request to https://github.com/pytorch/pytorch/issues. (Triggered internally at ..\aten\src\ATen\SparseCsrTensorImpl.cpp:55.)
    self.adj_csr = self.adj.to_sparse_csr().to(self.device)
[I 2026-04-29 05:59:34,331] Trial 9 finished with value: 0.26999448428019857 and parameters: {'lr': 0.05, 'weight_decay': 0.001, 'n_hidden': 256, 'n_layer': 3, 'dropout': 0.7809598318606613}. Best is trial 4 with value: 0.33072255929398786.
    [CPU] Loading roman-empire...
    DEBUG 3.1: Dataset init start
    DEBUG 3.2: prepare_data start roman-empire
    ----Data statistics------'
    Name: roman-empire
    #Nodes 22662
    #Edges 32927
    #Classes 18
    #Ave_degree 2.91
    ----Split statistics------'
    #Train samples 1133 (5.0 % of nodes)
    #Val samples 3399 (15.0 % of nodes)
    #Test samples 18130 (remaining)
    ----label noise information:------
    Instance dependent noise
    #Actual noise rate 0.30
    [cuda:0] Waiting for GPU slot...
    [cuda:0] Slot acquired (waited 267.4s). Training...
    FINAL_RESULT: {'acc': {'train': 0.10944395410414828, 'valid': 0.11503383348043542, 'test': 0.14379481522338666}, 'wall_s': 3.2, 'cpu_s': 0.07, 'gpu_s': 2.9, 'wait_s': 267.37}
    [Time] wall=3.2s | cpu=0.1s | gpu=2.9s
    C:\Users\fbrev\Documents\Acadêmico\Simulações\Python\NoisyGL\predictor\Base_Predictor.py:144: UserWarning: Sparse CSR tensor support is in beta state. If you miss a functionality in the sparse tensor support, please submit a feature request to https://github.com/pytorch/pytorch/issues. (Triggered internally at ..\aten\src\ATen\SparseCsrTensorImpl.cpp:55.)
    self.adj_csr = self.adj.to_sparse_csr().to(self.device)
[I 2026-04-29 06:04:12,175] Trial 10 finished with value: 0.14379481522338666 and parameters: {'lr': 0.01, 'weight_decay': 0.05, 'n_hidden': 32, 'n_layer': 3, 'dropout': 0.5806266532361771}. Best is trial 4 with value: 0.33072255929398786.
    [CPU] Loading roman-empire...
    DEBUG 3.1: Dataset init start
    DEBUG 3.2: prepare_data start roman-empire
    ----Data statistics------'
    Name: roman-empire
    #Nodes 22662
    #Edges 32927
    #Classes 18
    #Ave_degree 2.91
    ----Split statistics------'
    #Train samples 1133 (5.0 % of nodes)
    #Val samples 3399 (15.0 % of nodes)
    #Test samples 18130 (remaining)
    ----label noise information:------
    Instance dependent noise
    #Actual noise rate 0.30
    [cuda:0] Waiting for GPU slot...
    [cuda:0] Slot acquired (waited 266.0s). Training...
    FINAL_RESULT: {'acc': {'train': 0.4324801412180053, 'valid': 0.25919388055310383, 'test': 0.3439602868174297}, 'wall_s': 2.95, 'cpu_s': 0.06, 'gpu_s': 2.65, 'wait_s': 265.99}
    [Time] wall=3.0s | cpu=0.1s | gpu=2.7s
    C:\Users\fbrev\Documents\Acadêmico\Simulações\Python\NoisyGL\predictor\Base_Predictor.py:144: UserWarning: Sparse CSR tensor support is in beta state. If you miss a functionality in the sparse tensor support, please submit a feature request to https://github.com/pytorch/pytorch/issues. (Triggered internally at ..\aten\src\ATen\SparseCsrTensorImpl.cpp:55.)
    self.adj_csr = self.adj.to_sparse_csr().to(self.device)
[I 2026-04-29 06:08:47,869] Trial 11 finished with value: 0.3439602868174297 and parameters: {'lr': 0.005, 'weight_decay': 0.001, 'n_hidden': 128, 'n_layer': 2, 'dropout': 0.5379347171481054}. Best is trial 11 with value: 0.3439602868174297.
    [CPU] Loading roman-empire...
    DEBUG 3.1: Dataset init start
    DEBUG 3.2: prepare_data start roman-empire
    ----Data statistics------'
    Name: roman-empire
    #Nodes 22662
    #Edges 32927
    #Classes 18
    #Ave_degree 2.91
    ----Split statistics------'
    #Train samples 1133 (5.0 % of nodes)
    #Val samples 3399 (15.0 % of nodes)
    #Test samples 18130 (remaining)
    ----label noise information:------
    Instance dependent noise
    #Actual noise rate 0.30
    [cuda:0] Waiting for GPU slot...
    [cuda:0] Slot acquired (waited 803.2s). Training...
    FINAL_RESULT: {'acc': {'train': 0.30979699911738745, 'valid': 0.21006178287731686, 'test': 0.2662989520132377}, 'wall_s': 6.2, 'cpu_s': 0.06, 'gpu_s': 5.87, 'wait_s': 803.15}
    [Time] wall=6.2s | cpu=0.1s | gpu=5.9s
    C:\Users\fbrev\Documents\Acadêmico\Simulações\Python\NoisyGL\predictor\Base_Predictor.py:144: UserWarning: Sparse CSR tensor support is in beta state. If you miss a functionality in the sparse tensor support, please submit a feature request to https://github.com/pytorch/pytorch/issues. (Triggered internally at ..\aten\src\ATen\SparseCsrTensorImpl.cpp:55.)
    self.adj_csr = self.adj.to_sparse_csr().to(self.device)
[I 2026-04-29 06:22:24,023] Trial 12 finished with value: 0.2662989520132377 and parameters: {'lr': 0.01, 'weight_decay': 0.001, 'n_hidden': 256, 'n_layer': 3, 'dropout': 0.635511754149985}. Best is trial 11 with value: 0.3439602868174297.
    [CPU] Loading roman-empire...
    DEBUG 3.1: Dataset init start
    DEBUG 3.2: prepare_data start roman-empire
    ----Data statistics------'
    Name: roman-empire
    #Nodes 22662
    #Edges 32927
    #Classes 18
    #Ave_degree 2.91
    ----Split statistics------'
    #Train samples 1133 (5.0 % of nodes)
    #Val samples 3399 (15.0 % of nodes)
    #Test samples 18130 (remaining)
    ----label noise information:------
    Instance dependent noise
    #Actual noise rate 0.30
    [cuda:0] Waiting for GPU slot...
    [cuda:0] Slot acquired (waited 254.9s). Training...
    FINAL_RESULT: {'acc': {'train': 0.2586054721977052, 'valid': 0.20329508679023242, 'test': 0.24357418643132928}, 'wall_s': 3.38, 'cpu_s': 0.06, 'gpu_s': 3.06, 'wait_s': 254.86}
    [Time] wall=3.4s | cpu=0.1s | gpu=3.1s
    C:\Users\fbrev\Documents\Acadêmico\Simulações\Python\NoisyGL\predictor\Base_Predictor.py:144: UserWarning: Sparse CSR tensor support is in beta state. If you miss a functionality in the sparse tensor support, please submit a feature request to https://github.com/pytorch/pytorch/issues. (Triggered internally at ..\aten\src\ATen\SparseCsrTensorImpl.cpp:55.)
    self.adj_csr = self.adj.to_sparse_csr().to(self.device)
[I 2026-04-29 06:26:49,162] Trial 13 finished with value: 0.24357418643132928 and parameters: {'lr': 0.1, 'weight_decay': 0.001, 'n_hidden': 64, 'n_layer': 3, 'dropout': 0.207466653853938}. Best is trial 11 with value: 0.3439602868174297.
    [CPU] Loading roman-empire...
    DEBUG 3.1: Dataset init start
    DEBUG 3.2: prepare_data start roman-empire
    ----Data statistics------'
    Name: roman-empire
    #Nodes 22662
    #Edges 32927
    #Classes 18
    #Ave_degree 2.91
    ----Split statistics------'
    #Train samples 1133 (5.0 % of nodes)
    #Val samples 3399 (15.0 % of nodes)
    #Test samples 18130 (remaining)
    ----label noise information:------
    Instance dependent noise
    #Actual noise rate 0.30
    [cuda:0] Waiting for GPU slot...
    [cuda:0] Slot acquired (waited 271.4s). Training...
    FINAL_RESULT: {'acc': {'train': 0.21712268314210062, 'valid': 0.18064136510738452, 'test': 0.2234969663541092}, 'wall_s': 6.18, 'cpu_s': 0.07, 'gpu_s': 5.84, 'wait_s': 271.44}
    [Time] wall=6.2s | cpu=0.1s | gpu=5.8s
    C:\Users\fbrev\Documents\Acadêmico\Simulações\Python\NoisyGL\predictor\Base_Predictor.py:144: UserWarning: Sparse CSR tensor support is in beta state. If you miss a functionality in the sparse tensor support, please submit a feature request to https://github.com/pytorch/pytorch/issues. (Triggered internally at ..\aten\src\ATen\SparseCsrTensorImpl.cpp:55.)
    self.adj_csr = self.adj.to_sparse_csr().to(self.device)
[I 2026-04-29 06:31:33,812] Trial 14 finished with value: 0.2234969663541092 and parameters: {'lr': 0.01, 'weight_decay': 0.01, 'n_hidden': 256, 'n_layer': 3, 'dropout': 0.1828108166669182}. Best is trial 11 with value: 0.3439602868174297.
    [CPU] Loading roman-empire...
    DEBUG 3.1: Dataset init start
    DEBUG 3.2: prepare_data start roman-empire
    ----Data statistics------'
    Name: roman-empire
    #Nodes 22662
    #Edges 32927
    #Classes 18
    #Ave_degree 2.91
    ----Split statistics------'
    #Train samples 1133 (5.0 % of nodes)
    #Val samples 3399 (15.0 % of nodes)
    #Test samples 18130 (remaining)
    ----label noise information:------
    Instance dependent noise
    #Actual noise rate 0.30
    [cuda:0] Waiting for GPU slot...
    [cuda:0] Slot acquired (waited 265.2s). Training...
    FINAL_RESULT: {'acc': {'train': 0.3883495145631068, 'valid': 0.2533097969991174, 'test': 0.32961941533370104}, 'wall_s': 2.63, 'cpu_s': 0.06, 'gpu_s': 2.34, 'wait_s': 265.16}
    [Time] wall=2.6s | cpu=0.1s | gpu=2.3s
    C:\Users\fbrev\Documents\Acadêmico\Simulações\Python\NoisyGL\predictor\Base_Predictor.py:144: UserWarning: Sparse CSR tensor support is in beta state. If you miss a functionality in the sparse tensor support, please submit a feature request to https://github.com/pytorch/pytorch/issues. (Triggered internally at ..\aten\src\ATen\SparseCsrTensorImpl.cpp:55.)
    self.adj_csr = self.adj.to_sparse_csr().to(self.device)
[I 2026-04-29 06:36:08,453] Trial 15 finished with value: 0.32961941533370104 and parameters: {'lr': 0.01, 'weight_decay': 0.0, 'n_hidden': 32, 'n_layer': 2, 'dropout': 0.23409341233273315}. Best is trial 11 with value: 0.3439602868174297.
    [CPU] Loading roman-empire...
    DEBUG 3.1: Dataset init start
    DEBUG 3.2: prepare_data start roman-empire
    ----Data statistics------'
    Name: roman-empire
    #Nodes 22662
    #Edges 32927
    #Classes 18
    #Ave_degree 2.91
    ----Split statistics------'
    #Train samples 1133 (5.0 % of nodes)
    #Val samples 3399 (15.0 % of nodes)
    #Test samples 18130 (remaining)
    ----label noise information:------
    Instance dependent noise
    #Actual noise rate 0.30
    [cuda:0] Waiting for GPU slot...
    [cuda:0] Slot acquired (waited 263.1s). Training...
    FINAL_RESULT: {'acc': {'train': 0.3609885260370697, 'valid': 0.2436010591350397, 'test': 0.33188086045228904}, 'wall_s': 2.65, 'cpu_s': 0.07, 'gpu_s': 2.34, 'wait_s': 263.13}
    [Time] wall=2.7s | cpu=0.1s | gpu=2.3s
    C:\Users\fbrev\Documents\Acadêmico\Simulações\Python\NoisyGL\predictor\Base_Predictor.py:144: UserWarning: Sparse CSR tensor support is in beta state. If you miss a functionality in the sparse tensor support, please submit a feature request to https://github.com/pytorch/pytorch/issues. (Triggered internally at ..\aten\src\ATen\SparseCsrTensorImpl.cpp:55.)
    self.adj_csr = self.adj.to_sparse_csr().to(self.device)
[I 2026-04-29 06:40:41,203] Trial 16 finished with value: 0.33188086045228904 and parameters: {'lr': 0.05, 'weight_decay': 0.0, 'n_hidden': 32, 'n_layer': 2, 'dropout': 0.45888662461078084}. Best is trial 11 with value: 0.3439602868174297.
    [CPU] Loading roman-empire...
    DEBUG 3.1: Dataset init start
    DEBUG 3.2: prepare_data start roman-empire
    ----Data statistics------'
    Name: roman-empire
    #Nodes 22662
    #Edges 32927
    #Classes 18
    #Ave_degree 2.91
    ----Split statistics------'
    #Train samples 1133 (5.0 % of nodes)
    #Val samples 3399 (15.0 % of nodes)
    #Test samples 18130 (remaining)
    ----label noise information:------
    Instance dependent noise
    #Actual noise rate 0.30
    [cuda:0] Waiting for GPU slot...
    [cuda:0] Slot acquired (waited 232.1s). Training...
    FINAL_RESULT: {'acc': {'train': 0.10150044130626655, 'valid': 0.13592233009708737, 'test': 0.16723662437948153}, 'wall_s': 4.03, 'cpu_s': 0.06, 'gpu_s': 3.73, 'wait_s': 232.15}
    [Time] wall=4.0s | cpu=0.1s | gpu=3.7s
    C:\Users\fbrev\Documents\Acadêmico\Simulações\Python\NoisyGL\predictor\Base_Predictor.py:144: UserWarning: Sparse CSR tensor support is in beta state. If you miss a functionality in the sparse tensor support, please submit a feature request to https://github.com/pytorch/pytorch/issues. (Triggered internally at ..\aten\src\ATen\SparseCsrTensorImpl.cpp:55.)
    self.adj_csr = self.adj.to_sparse_csr().to(self.device)
[I 2026-04-29 06:44:44,661] Trial 17 finished with value: 0.16723662437948153 and parameters: {'lr': 0.005, 'weight_decay': 0.05, 'n_hidden': 256, 'n_layer': 2, 'dropout': 0.7447268868193283}. Best is trial 11 with value: 0.3439602868174297.
    [CPU] Loading roman-empire...
    DEBUG 3.1: Dataset init start
    DEBUG 3.2: prepare_data start roman-empire
    ----Data statistics------'
    Name: roman-empire
    #Nodes 22662
    #Edges 32927
    #Classes 18
    #Ave_degree 2.91
    ----Split statistics------'
    #Train samples 1133 (5.0 % of nodes)
    #Val samples 3399 (15.0 % of nodes)
    #Test samples 18130 (remaining)
    ----label noise information:------
    Instance dependent noise
    #Actual noise rate 0.30
    [cuda:0] Waiting for GPU slot...
    [cuda:0] Slot acquired (waited 460.0s). Training...
    FINAL_RESULT: {'acc': {'train': 0.3759929390997352, 'valid': 0.2497793468667255, 'test': 0.3309983452840596}, 'wall_s': 3.01, 'cpu_s': 0.07, 'gpu_s': 2.64, 'wait_s': 460.03}
    [Time] wall=3.0s | cpu=0.1s | gpu=2.6s
    C:\Users\fbrev\Documents\Acadêmico\Simulações\Python\NoisyGL\predictor\Base_Predictor.py:144: UserWarning: Sparse CSR tensor support is in beta state. If you miss a functionality in the sparse tensor support, please submit a feature request to https://github.com/pytorch/pytorch/issues. (Triggered internally at ..\aten\src\ATen\SparseCsrTensorImpl.cpp:55.)
    self.adj_csr = self.adj.to_sparse_csr().to(self.device)
[I 2026-04-29 06:52:35,194] Trial 18 finished with value: 0.3309983452840596 and parameters: {'lr': 0.001, 'weight_decay': 0.001, 'n_hidden': 128, 'n_layer': 2, 'dropout': 0.22322682218893003}. Best is trial 11 with value: 0.3439602868174297.
    [CPU] Loading roman-empire...
    DEBUG 3.1: Dataset init start
    DEBUG 3.2: prepare_data start roman-empire
    ----Data statistics------'
    Name: roman-empire
    #Nodes 22662
    #Edges 32927
    #Classes 18
    #Ave_degree 2.91
    ----Split statistics------'
    #Train samples 1133 (5.0 % of nodes)
    #Val samples 3399 (15.0 % of nodes)
    #Test samples 18130 (remaining)
    ----label noise information:------
    Instance dependent noise
    #Actual noise rate 0.30
    [cuda:0] Waiting for GPU slot...
    [cuda:0] Slot acquired (waited 215.9s). Training...
    FINAL_RESULT: {'acc': {'train': 0.34951456310679613, 'valid': 0.20711974110032363, 'test': 0.2456150027578599}, 'wall_s': 6.19, 'cpu_s': 0.07, 'gpu_s': 5.86, 'wait_s': 215.87}
    [Time] wall=6.2s | cpu=0.1s | gpu=5.9s
    C:\Users\fbrev\Documents\Acadêmico\Simulações\Python\NoisyGL\predictor\Base_Predictor.py:144: UserWarning: Sparse CSR tensor support is in beta state. If you miss a functionality in the sparse tensor support, please submit a feature request to https://github.com/pytorch/pytorch/issues. (Triggered internally at ..\aten\src\ATen\SparseCsrTensorImpl.cpp:55.)
    self.adj_csr = self.adj.to_sparse_csr().to(self.device)
[I 2026-04-29 06:56:24,549] Trial 19 finished with value: 0.2456150027578599 and parameters: {'lr': 0.05, 'weight_decay': 0.001, 'n_hidden': 256, 'n_layer': 3, 'dropout': 0.17721069639697193}. Best is trial 11 with value: 0.3439602868174297.
    [CPU] Loading roman-empire...
    DEBUG 3.1: Dataset init start
    DEBUG 3.2: prepare_data start roman-empire
    ----Data statistics------'
    Name: roman-empire
    #Nodes 22662
    #Edges 32927
    #Classes 18
    #Ave_degree 2.91
    ----Split statistics------'
    #Train samples 1133 (5.0 % of nodes)
    #Val samples 3399 (15.0 % of nodes)
    #Test samples 18130 (remaining)
    ----label noise information:------
    Instance dependent noise
    #Actual noise rate 0.30
    [cuda:0] Waiting for GPU slot...
    [cuda:0] Slot acquired (waited 0.5s). Training...
    FINAL_RESULT: {'acc': {'train': 0.41394527802294795, 'valid': 0.24771991762283024, 'test': 0.3255377826806398}, 'wall_s': 3.03, 'cpu_s': 0.06, 'gpu_s': 2.69, 'wait_s': 0.52}
    [Time] wall=3.0s | cpu=0.1s | gpu=2.7s
    C:\Users\fbrev\Documents\Acadêmico\Simulações\Python\NoisyGL\predictor\Base_Predictor.py:144: UserWarning: Sparse CSR tensor support is in beta state. If you miss a functionality in the sparse tensor support, please submit a feature request to https://github.com/pytorch/pytorch/issues. (Triggered internally at ..\aten\src\ATen\SparseCsrTensorImpl.cpp:55.)
    self.adj_csr = self.adj.to_sparse_csr().to(self.device)
[I 2026-04-29 06:56:34,757] Trial 20 finished with value: 0.3255377826806398 and parameters: {'lr': 0.005, 'weight_decay': 0.0, 'n_hidden': 128, 'n_layer': 2, 'dropout': 0.44331505740298593}. Best is trial 11 with value: 0.3439602868174297.
    [CPU] Loading roman-empire...
    DEBUG 3.1: Dataset init start
    DEBUG 3.2: prepare_data start roman-empire
    ----Data statistics------'
    Name: roman-empire
    #Nodes 22662
    #Edges 32927
    #Classes 18
    #Ave_degree 2.91
    ----Split statistics------'
    #Train samples 1133 (5.0 % of nodes)
    #Val samples 3399 (15.0 % of nodes)
    #Test samples 18130 (remaining)
    ----label noise information:------
    Instance dependent noise
    #Actual noise rate 0.30
    [cuda:0] Waiting for GPU slot...
    [cuda:0] Slot acquired (waited 446.8s). Training...
    FINAL_RESULT: {'acc': {'train': 0.4042365401588703, 'valid': 0.25007355104442486, 'test': 0.3259238830667402}, 'wall_s': 2.95, 'cpu_s': 0.07, 'gpu_s': 2.59, 'wait_s': 446.84}
    [Time] wall=2.9s | cpu=0.1s | gpu=2.6s
    C:\Users\fbrev\Documents\Acadêmico\Simulações\Python\NoisyGL\predictor\Base_Predictor.py:144: UserWarning: Sparse CSR tensor support is in beta state. If you miss a functionality in the sparse tensor support, please submit a feature request to https://github.com/pytorch/pytorch/issues. (Triggered internally at ..\aten\src\ATen\SparseCsrTensorImpl.cpp:55.)
    self.adj_csr = self.adj.to_sparse_csr().to(self.device)
[I 2026-04-29 07:04:11,709] Trial 21 finished with value: 0.3259238830667402 and parameters: {'lr': 0.001, 'weight_decay': 0.0, 'n_hidden': 128, 'n_layer': 2, 'dropout': 0.4203941076205182}. Best is trial 11 with value: 0.3439602868174297.
    [CPU] Loading roman-empire...
    DEBUG 3.1: Dataset init start
    DEBUG 3.2: prepare_data start roman-empire
    ----Data statistics------'
    Name: roman-empire
    #Nodes 22662
    #Edges 32927
    #Classes 18
    #Ave_degree 2.91
    ----Split statistics------'
    #Train samples 1133 (5.0 % of nodes)
    #Val samples 3399 (15.0 % of nodes)
    #Test samples 18130 (remaining)
    ----label noise information:------
    Instance dependent noise
    #Actual noise rate 0.30
    [cuda:0] Waiting for GPU slot...
    [cuda:0] Slot acquired (waited 0.4s). Training...
    FINAL_RESULT: {'acc': {'train': 0.3698146513680494, 'valid': 0.24919093851132687, 'test': 0.33039161610590184}, 'wall_s': 2.98, 'cpu_s': 0.05, 'gpu_s': 2.64, 'wait_s': 0.41}
    [Time] wall=3.0s | cpu=0.0s | gpu=2.6s
    C:\Users\fbrev\Documents\Acadêmico\Simulações\Python\NoisyGL\predictor\Base_Predictor.py:144: UserWarning: Sparse CSR tensor support is in beta state. If you miss a functionality in the sparse tensor support, please submit a feature request to https://github.com/pytorch/pytorch/issues. (Triggered internally at ..\aten\src\ATen\SparseCsrTensorImpl.cpp:55.)
    self.adj_csr = self.adj.to_sparse_csr().to(self.device)
[I 2026-04-29 07:04:22,407] Trial 22 finished with value: 0.33039161610590184 and parameters: {'lr': 0.001, 'weight_decay': 0.001, 'n_hidden': 128, 'n_layer': 2, 'dropout': 0.3442333911594495}. Best is trial 11 with value: 0.3439602868174297.
    [CPU] Loading roman-empire...
    DEBUG 3.1: Dataset init start
    DEBUG 3.2: prepare_data start roman-empire
    ----Data statistics------'
    Name: roman-empire
    #Nodes 22662
    #Edges 32927
    #Classes 18
    #Ave_degree 2.91
    ----Split statistics------'
    #Train samples 1133 (5.0 % of nodes)
    #Val samples 3399 (15.0 % of nodes)
    #Test samples 18130 (remaining)
    ----label noise information:------
    Instance dependent noise
    #Actual noise rate 0.30
    [cuda:0] Waiting for GPU slot...
    [cuda:0] Slot acquired (waited 229.8s). Training...
    FINAL_RESULT: {'acc': {'train': 0.4527802294792586, 'valid': 0.25801706384230655, 'test': 0.34109211252068394}, 'wall_s': 3.13, 'cpu_s': 0.06, 'gpu_s': 2.79, 'wait_s': 229.82}
    [Time] wall=3.1s | cpu=0.1s | gpu=2.8s
    C:\Users\fbrev\Documents\Acadêmico\Simulações\Python\NoisyGL\predictor\Base_Predictor.py:144: UserWarning: Sparse CSR tensor support is in beta state. If you miss a functionality in the sparse tensor support, please submit a feature request to https://github.com/pytorch/pytorch/issues. (Triggered internally at ..\aten\src\ATen\SparseCsrTensorImpl.cpp:55.)
    self.adj_csr = self.adj.to_sparse_csr().to(self.device)
[I 2026-04-29 07:08:22,787] Trial 23 finished with value: 0.34109211252068394 and parameters: {'lr': 0.005, 'weight_decay': 0.001, 'n_hidden': 128, 'n_layer': 2, 'dropout': 0.4922510117487286}. Best is trial 11 with value: 0.3439602868174297.
    [CPU] Loading roman-empire...
    DEBUG 3.1: Dataset init start
    DEBUG 3.2: prepare_data start roman-empire
    ----Data statistics------'
    Name: roman-empire
    #Nodes 22662
    #Edges 32927
    #Classes 18
    #Ave_degree 2.91
    ----Split statistics------'
    #Train samples 1133 (5.0 % of nodes)
    #Val samples 3399 (15.0 % of nodes)
    #Test samples 18130 (remaining)
    ----label noise information:------
    Instance dependent noise
    #Actual noise rate 0.30
    [cuda:0] Waiting for GPU slot...
    [cuda:0] Slot acquired (waited 218.9s). Training...
    FINAL_RESULT: {'acc': {'train': 0.382171226831421, 'valid': 0.24830832597822888, 'test': 0.32515168229453945}, 'wall_s': 2.9, 'cpu_s': 0.08, 'gpu_s': 2.58, 'wait_s': 218.88}
    [Time] wall=2.9s | cpu=0.1s | gpu=2.6s
    C:\Users\fbrev\Documents\Acadêmico\Simulações\Python\NoisyGL\predictor\Base_Predictor.py:144: UserWarning: Sparse CSR tensor support is in beta state. If you miss a functionality in the sparse tensor support, please submit a feature request to https://github.com/pytorch/pytorch/issues. (Triggered internally at ..\aten\src\ATen\SparseCsrTensorImpl.cpp:55.)
    self.adj_csr = self.adj.to_sparse_csr().to(self.device)
[I 2026-04-29 07:12:12,324] Trial 24 finished with value: 0.32515168229453945 and parameters: {'lr': 0.005, 'weight_decay': 0.0, 'n_hidden': 128, 'n_layer': 2, 'dropout': 0.49528167804500856}. Best is trial 11 with value: 0.3439602868174297.
    [CPU] Loading roman-empire...
    DEBUG 3.1: Dataset init start
    DEBUG 3.2: prepare_data start roman-empire
    ----Data statistics------'
    Name: roman-empire
    #Nodes 22662
    #Edges 32927
    #Classes 18
    #Ave_degree 2.91
    ----Split statistics------'
    #Train samples 1133 (5.0 % of nodes)
    #Val samples 3399 (15.0 % of nodes)
    #Test samples 18130 (remaining)
    ----label noise information:------
    Instance dependent noise
    #Actual noise rate 0.30
    [cuda:0] Waiting for GPU slot...
    [cuda:0] Slot acquired (waited 1.7s). Training...
    FINAL_RESULT: {'acc': {'train': 0.45984112974404234, 'valid': 0.2588996763754045, 'test': 0.3409817981246553}, 'wall_s': 2.96, 'cpu_s': 0.07, 'gpu_s': 2.64, 'wait_s': 1.68}
    [Time] wall=3.0s | cpu=0.1s | gpu=2.6s
    C:\Users\fbrev\Documents\Acadêmico\Simulações\Python\NoisyGL\predictor\Base_Predictor.py:144: UserWarning: Sparse CSR tensor support is in beta state. If you miss a functionality in the sparse tensor support, please submit a feature request to https://github.com/pytorch/pytorch/issues. (Triggered internally at ..\aten\src\ATen\SparseCsrTensorImpl.cpp:55.)
    self.adj_csr = self.adj.to_sparse_csr().to(self.device)
[I 2026-04-29 07:12:24,067] Trial 25 finished with value: 0.3409817981246553 and parameters: {'lr': 0.005, 'weight_decay': 0.001, 'n_hidden': 128, 'n_layer': 2, 'dropout': 0.49737424454157075}. Best is trial 11 with value: 0.3439602868174297.
    [CPU] Loading roman-empire...
    DEBUG 3.1: Dataset init start
    DEBUG 3.2: prepare_data start roman-empire
    ----Data statistics------'
    Name: roman-empire
    #Nodes 22662
    #Edges 32927
    #Classes 18
    #Ave_degree 2.91
    ----Split statistics------'
    #Train samples 1133 (5.0 % of nodes)
    #Val samples 3399 (15.0 % of nodes)
    #Test samples 18130 (remaining)
    ----label noise information:------
    Instance dependent noise
    #Actual noise rate 0.30
    [cuda:0] Waiting for GPU slot...
    [cuda:0] Slot acquired (waited 233.7s). Training...
    FINAL_RESULT: {'acc': {'train': 0.3857016769638129, 'valid': 0.2588996763754045, 'test': 0.33634859349145063}, 'wall_s': 3.41, 'cpu_s': 0.06, 'gpu_s': 3.04, 'wait_s': 233.75}
    [Time] wall=3.4s | cpu=0.1s | gpu=3.0s
    C:\Users\fbrev\Documents\Acadêmico\Simulações\Python\NoisyGL\predictor\Base_Predictor.py:144: UserWarning: Sparse CSR tensor support is in beta state. If you miss a functionality in the sparse tensor support, please submit a feature request to https://github.com/pytorch/pytorch/issues. (Triggered internally at ..\aten\src\ATen\SparseCsrTensorImpl.cpp:55.)
    self.adj_csr = self.adj.to_sparse_csr().to(self.device)
[I 2026-04-29 07:16:28,633] Trial 26 finished with value: 0.33634859349145063 and parameters: {'lr': 0.005, 'weight_decay': 0.001, 'n_hidden': 128, 'n_layer': 2, 'dropout': 0.5247875129183587}. Best is trial 11 with value: 0.3439602868174297.
    [CPU] Loading roman-empire...
    DEBUG 3.1: Dataset init start
    DEBUG 3.2: prepare_data start roman-empire
    ----Data statistics------'
    Name: roman-empire
    #Nodes 22662
    #Edges 32927
    #Classes 18
    #Ave_degree 2.91
    ----Split statistics------'
    #Train samples 1133 (5.0 % of nodes)
    #Val samples 3399 (15.0 % of nodes)
    #Test samples 18130 (remaining)
    ----label noise information:------
    Instance dependent noise
    #Actual noise rate 0.30
    [cuda:0] Waiting for GPU slot...
    [cuda:0] Slot acquired (waited 231.8s). Training...
    FINAL_RESULT: {'acc': {'train': 0.38393645189761694, 'valid': 0.26007649308620184, 'test': 0.34241588527302813}, 'wall_s': 3.13, 'cpu_s': 0.07, 'gpu_s': 2.78, 'wait_s': 231.79}
    [Time] wall=3.1s | cpu=0.1s | gpu=2.8s
    C:\Users\fbrev\Documents\Acadêmico\Simulações\Python\NoisyGL\predictor\Base_Predictor.py:144: UserWarning: Sparse CSR tensor support is in beta state. If you miss a functionality in the sparse tensor support, please submit a feature request to https://github.com/pytorch/pytorch/issues. (Triggered internally at ..\aten\src\ATen\SparseCsrTensorImpl.cpp:55.)
    self.adj_csr = self.adj.to_sparse_csr().to(self.device)
[I 2026-04-29 07:20:31,782] Trial 27 finished with value: 0.34241588527302813 and parameters: {'lr': 0.005, 'weight_decay': 0.001, 'n_hidden': 128, 'n_layer': 2, 'dropout': 0.6648878144093379}. Best is trial 11 with value: 0.3439602868174297.
    [CPU] Loading roman-empire...
    DEBUG 3.1: Dataset init start
    DEBUG 3.2: prepare_data start roman-empire
    ----Data statistics------'
    Name: roman-empire
    #Nodes 22662
    #Edges 32927
    #Classes 18
    #Ave_degree 2.91
    ----Split statistics------'
    #Train samples 1133 (5.0 % of nodes)
    #Val samples 3399 (15.0 % of nodes)
    #Test samples 18130 (remaining)
    ----label noise information:------
    Instance dependent noise
    #Actual noise rate 0.30
    [cuda:0] Waiting for GPU slot...
    [cuda:0] Slot acquired (waited 229.5s). Training...
    FINAL_RESULT: {'acc': {'train': 0.39805825242718446, 'valid': 0.2612533097969991, 'test': 0.3423607280750138}, 'wall_s': 3.23, 'cpu_s': 0.05, 'gpu_s': 2.85, 'wait_s': 229.47}
    [Time] wall=3.2s | cpu=0.1s | gpu=2.9s
    C:\Users\fbrev\Documents\Acadêmico\Simulações\Python\NoisyGL\predictor\Base_Predictor.py:144: UserWarning: Sparse CSR tensor support is in beta state. If you miss a functionality in the sparse tensor support, please submit a feature request to https://github.com/pytorch/pytorch/issues. (Triggered internally at ..\aten\src\ATen\SparseCsrTensorImpl.cpp:55.)
    self.adj_csr = self.adj.to_sparse_csr().to(self.device)
[I 2026-04-29 07:24:32,135] Trial 28 finished with value: 0.3423607280750138 and parameters: {'lr': 0.005, 'weight_decay': 0.001, 'n_hidden': 128, 'n_layer': 2, 'dropout': 0.6716266499914249}. Best is trial 11 with value: 0.3439602868174297.
    [CPU] Loading roman-empire...
    DEBUG 3.1: Dataset init start
    DEBUG 3.2: prepare_data start roman-empire
    ----Data statistics------'
    Name: roman-empire
    #Nodes 22662
    #Edges 32927
    #Classes 18
    #Ave_degree 2.91
    ----Split statistics------'
    #Train samples 1133 (5.0 % of nodes)
    #Val samples 3399 (15.0 % of nodes)
    #Test samples 18130 (remaining)
    ----label noise information:------
    Instance dependent noise
    #Actual noise rate 0.30
    [cuda:0] Waiting for GPU slot...
    [cuda:0] Slot acquired (waited 233.9s). Training...
    FINAL_RESULT: {'acc': {'train': 0.37246248896734335, 'valid': 0.24889673433362755, 'test': 0.329288472145615}, 'wall_s': 3.05, 'cpu_s': 0.08, 'gpu_s': 2.69, 'wait_s': 233.92}
    [Time] wall=3.1s | cpu=0.1s | gpu=2.7s
    C:\Users\fbrev\Documents\Acadêmico\Simulações\Python\NoisyGL\predictor\Base_Predictor.py:144: UserWarning: Sparse CSR tensor support is in beta state. If you miss a functionality in the sparse tensor support, please submit a feature request to https://github.com/pytorch/pytorch/issues. (Triggered internally at ..\aten\src\ATen\SparseCsrTensorImpl.cpp:55.)
    self.adj_csr = self.adj.to_sparse_csr().to(self.device)
[I 2026-04-29 07:28:37,009] Trial 29 finished with value: 0.329288472145615 and parameters: {'lr': 0.005, 'weight_decay': 0.0001, 'n_hidden': 128, 'n_layer': 2, 'dropout': 0.6750586262969537}. Best is trial 11 with value: 0.3439602868174297.
    [CPU] Loading roman-empire...
    DEBUG 3.1: Dataset init start
    DEBUG 3.2: prepare_data start roman-empire
    ----Data statistics------'
    Name: roman-empire
    #Nodes 22662
    #Edges 32927
    #Classes 18
    #Ave_degree 2.91
    ----Split statistics------'
    #Train samples 1133 (5.0 % of nodes)
    #Val samples 3399 (15.0 % of nodes)
    #Test samples 18130 (remaining)
    ----label noise information:------
    Instance dependent noise
    #Actual noise rate 0.30
    [cuda:0] Waiting for GPU slot...
    [cuda:0] Slot acquired (waited 225.7s). Training...
    FINAL_RESULT: {'acc': {'train': 0.41571050308914387, 'valid': 0.25831126802000587, 'test': 0.3399889685603971}, 'wall_s': 3.06, 'cpu_s': 0.06, 'gpu_s': 2.72, 'wait_s': 225.67}
    [Time] wall=3.1s | cpu=0.1s | gpu=2.7s
    C:\Users\fbrev\Documents\Acadêmico\Simulações\Python\NoisyGL\predictor\Base_Predictor.py:144: UserWarning: Sparse CSR tensor support is in beta state. If you miss a functionality in the sparse tensor support, please submit a feature request to https://github.com/pytorch/pytorch/issues. (Triggered internally at ..\aten\src\ATen\SparseCsrTensorImpl.cpp:55.)
    self.adj_csr = self.adj.to_sparse_csr().to(self.device)
[I 2026-04-29 07:32:33,460] Trial 30 finished with value: 0.3399889685603971 and parameters: {'lr': 0.005, 'weight_decay': 0.001, 'n_hidden': 128, 'n_layer': 2, 'dropout': 0.6064453437893698}. Best is trial 11 with value: 0.3439602868174297.
    [CPU] Loading roman-empire...
    DEBUG 3.1: Dataset init start
    DEBUG 3.2: prepare_data start roman-empire
    ----Data statistics------'
    Name: roman-empire
    #Nodes 22662
    #Edges 32927
    #Classes 18
    #Ave_degree 2.91
    ----Split statistics------'
    #Train samples 1133 (5.0 % of nodes)
    #Val samples 3399 (15.0 % of nodes)
    #Test samples 18130 (remaining)
    ----label noise information:------
    Instance dependent noise
    #Actual noise rate 0.30
    [cuda:0] Waiting for GPU slot...
    [cuda:0] Slot acquired (waited 476.3s). Training...
    FINAL_RESULT: {'acc': {'train': 0.4183583406884378, 'valid': 0.2609591056192998, 'test': 0.3442912300055157}, 'wall_s': 3.1, 'cpu_s': 0.05, 'gpu_s': 2.75, 'wait_s': 476.34}
    [Time] wall=3.1s | cpu=0.1s | gpu=2.8s
    C:\Users\fbrev\Documents\Acadêmico\Simulações\Python\NoisyGL\predictor\Base_Predictor.py:144: UserWarning: Sparse CSR tensor support is in beta state. If you miss a functionality in the sparse tensor support, please submit a feature request to https://github.com/pytorch/pytorch/issues. (Triggered internally at ..\aten\src\ATen\SparseCsrTensorImpl.cpp:55.)
    self.adj_csr = self.adj.to_sparse_csr().to(self.device)
[I 2026-04-29 07:40:40,645] Trial 31 finished with value: 0.3442912300055157 and parameters: {'lr': 0.005, 'weight_decay': 0.001, 'n_hidden': 128, 'n_layer': 2, 'dropout': 0.6625604600408826}. Best is trial 31 with value: 0.3442912300055157.
    [CPU] Loading roman-empire...
    DEBUG 3.1: Dataset init start
    DEBUG 3.2: prepare_data start roman-empire
    ----Data statistics------'
    Name: roman-empire
    #Nodes 22662
    #Edges 32927
    #Classes 18
    #Ave_degree 2.91
    ----Split statistics------'
    #Train samples 1133 (5.0 % of nodes)
    #Val samples 3399 (15.0 % of nodes)
    #Test samples 18130 (remaining)
    ----label noise information:------
    Instance dependent noise
    #Actual noise rate 0.30
    [cuda:0] Waiting for GPU slot...
    [cuda:0] Slot acquired (waited 231.0s). Training...
    FINAL_RESULT: {'acc': {'train': 0.39276257722859664, 'valid': 0.2624301265077964, 'test': 0.34092664092664093}, 'wall_s': 3.22, 'cpu_s': 0.07, 'gpu_s': 2.84, 'wait_s': 230.96}
    [Time] wall=3.2s | cpu=0.1s | gpu=2.8s
    C:\Users\fbrev\Documents\Acadêmico\Simulações\Python\NoisyGL\predictor\Base_Predictor.py:144: UserWarning: Sparse CSR tensor support is in beta state. If you miss a functionality in the sparse tensor support, please submit a feature request to https://github.com/pytorch/pytorch/issues. (Triggered internally at ..\aten\src\ATen\SparseCsrTensorImpl.cpp:55.)
    self.adj_csr = self.adj.to_sparse_csr().to(self.device)
[I 2026-04-29 07:44:42,775] Trial 32 finished with value: 0.34092664092664093 and parameters: {'lr': 0.005, 'weight_decay': 0.001, 'n_hidden': 128, 'n_layer': 2, 'dropout': 0.6853023922749708}. Best is trial 31 with value: 0.3442912300055157.
    [CPU] Loading roman-empire...
    DEBUG 3.1: Dataset init start
    DEBUG 3.2: prepare_data start roman-empire
    ----Data statistics------'
    Name: roman-empire
    #Nodes 22662
    #Edges 32927
    #Classes 18
    #Ave_degree 2.91
    ----Split statistics------'
    #Train samples 1133 (5.0 % of nodes)
    #Val samples 3399 (15.0 % of nodes)
    #Test samples 18130 (remaining)
    ----label noise information:------
    Instance dependent noise
    #Actual noise rate 0.30
    [cuda:0] Waiting for GPU slot...
    [cuda:0] Slot acquired (waited 227.6s). Training...
    FINAL_RESULT: {'acc': {'train': 0.4210061782877317, 'valid': 0.2624301265077964, 'test': 0.34434638720353006}, 'wall_s': 3.08, 'cpu_s': 0.08, 'gpu_s': 2.71, 'wait_s': 227.62}
    [Time] wall=3.1s | cpu=0.1s | gpu=2.7s
    C:\Users\fbrev\Documents\Acadêmico\Simulações\Python\NoisyGL\predictor\Base_Predictor.py:144: UserWarning: Sparse CSR tensor support is in beta state. If you miss a functionality in the sparse tensor support, please submit a feature request to https://github.com/pytorch/pytorch/issues. (Triggered internally at ..\aten\src\ATen\SparseCsrTensorImpl.cpp:55.)
    self.adj_csr = self.adj.to_sparse_csr().to(self.device)
[I 2026-04-29 07:48:41,344] Trial 33 finished with value: 0.34434638720353006 and parameters: {'lr': 0.005, 'weight_decay': 0.001, 'n_hidden': 128, 'n_layer': 2, 'dropout': 0.6475003302379599}. Best is trial 33 with value: 0.34434638720353006.
    [CPU] Loading roman-empire...
    DEBUG 3.1: Dataset init start
    DEBUG 3.2: prepare_data start roman-empire
    ----Data statistics------'
    Name: roman-empire
    #Nodes 22662
    #Edges 32927
    #Classes 18
    #Ave_degree 2.91
    ----Split statistics------'
    #Train samples 1133 (5.0 % of nodes)
    #Val samples 3399 (15.0 % of nodes)
    #Test samples 18130 (remaining)
    ----label noise information:------
    Instance dependent noise
    #Actual noise rate 0.30
    [cuda:0] Waiting for GPU slot...
    [cuda:0] Slot acquired (waited 229.6s). Training...
    FINAL_RESULT: {'acc': {'train': 0.3954104148278906, 'valid': 0.24830832597822888, 'test': 0.3301158301158301}, 'wall_s': 3.08, 'cpu_s': 0.08, 'gpu_s': 2.74, 'wait_s': 229.61}
    [Time] wall=3.1s | cpu=0.1s | gpu=2.7s
    C:\Users\fbrev\Documents\Acadêmico\Simulações\Python\NoisyGL\predictor\Base_Predictor.py:144: UserWarning: Sparse CSR tensor support is in beta state. If you miss a functionality in the sparse tensor support, please submit a feature request to https://github.com/pytorch/pytorch/issues. (Triggered internally at ..\aten\src\ATen\SparseCsrTensorImpl.cpp:55.)
    self.adj_csr = self.adj.to_sparse_csr().to(self.device)
[I 2026-04-29 07:52:41,883] Trial 34 finished with value: 0.3301158301158301 and parameters: {'lr': 0.005, 'weight_decay': 0.0001, 'n_hidden': 128, 'n_layer': 2, 'dropout': 0.6160466294973929}. Best is trial 33 with value: 0.34434638720353006.
    [CPU] Loading roman-empire...
    DEBUG 3.1: Dataset init start
    DEBUG 3.2: prepare_data start roman-empire
    ----Data statistics------'
    Name: roman-empire
    #Nodes 22662
    #Edges 32927
    #Classes 18
    #Ave_degree 2.91
    ----Split statistics------'
    #Train samples 1133 (5.0 % of nodes)
    #Val samples 3399 (15.0 % of nodes)
    #Test samples 18130 (remaining)
    ----label noise information:------
    Instance dependent noise
    #Actual noise rate 0.30
    [cuda:0] Waiting for GPU slot...
    [cuda:0] Slot acquired (waited 226.7s). Training...
    FINAL_RESULT: {'acc': {'train': 0.3989408649602824, 'valid': 0.26007649308620184, 'test': 0.3407611693325979}, 'wall_s': 3.11, 'cpu_s': 0.07, 'gpu_s': 2.77, 'wait_s': 226.7}
    [Time] wall=3.1s | cpu=0.1s | gpu=2.8s
    C:\Users\fbrev\Documents\Acadêmico\Simulações\Python\NoisyGL\predictor\Base_Predictor.py:144: UserWarning: Sparse CSR tensor support is in beta state. If you miss a functionality in the sparse tensor support, please submit a feature request to https://github.com/pytorch/pytorch/issues. (Triggered internally at ..\aten\src\ATen\SparseCsrTensorImpl.cpp:55.)
    self.adj_csr = self.adj.to_sparse_csr().to(self.device)
[I 2026-04-29 07:56:39,194] Trial 35 finished with value: 0.3407611693325979 and parameters: {'lr': 0.005, 'weight_decay': 0.001, 'n_hidden': 128, 'n_layer': 2, 'dropout': 0.5503127228203902}. Best is trial 33 with value: 0.34434638720353006.
    [CPU] Loading roman-empire...
    DEBUG 3.1: Dataset init start
    DEBUG 3.2: prepare_data start roman-empire
    ----Data statistics------'
    Name: roman-empire
    #Nodes 22662
    #Edges 32927
    #Classes 18
    #Ave_degree 2.91
    ----Split statistics------'
    #Train samples 1133 (5.0 % of nodes)
    #Val samples 3399 (15.0 % of nodes)
    #Test samples 18130 (remaining)
    ----label noise information:------
    Instance dependent noise
    #Actual noise rate 0.30
    [cuda:0] Waiting for GPU slot...
    [cuda:0] Slot acquired (waited 229.4s). Training...
    FINAL_RESULT: {'acc': {'train': 0.38393645189761694, 'valid': 0.26331273904089436, 'test': 0.3450634307777165}, 'wall_s': 3.1, 'cpu_s': 0.07, 'gpu_s': 2.75, 'wait_s': 229.39}
    [Time] wall=3.1s | cpu=0.1s | gpu=2.7s
    C:\Users\fbrev\Documents\Acadêmico\Simulações\Python\NoisyGL\predictor\Base_Predictor.py:144: UserWarning: Sparse CSR tensor support is in beta state. If you miss a functionality in the sparse tensor support, please submit a feature request to https://github.com/pytorch/pytorch/issues. (Triggered internally at ..\aten\src\ATen\SparseCsrTensorImpl.cpp:55.)
    self.adj_csr = self.adj.to_sparse_csr().to(self.device)
[I 2026-04-29 08:00:39,495] Trial 36 finished with value: 0.3450634307777165 and parameters: {'lr': 0.005, 'weight_decay': 0.001, 'n_hidden': 128, 'n_layer': 2, 'dropout': 0.7998953950617808}. Best is trial 36 with value: 0.3450634307777165.
    [CPU] Loading roman-empire...
    DEBUG 3.1: Dataset init start
    DEBUG 3.2: prepare_data start roman-empire
    ----Data statistics------'
    Name: roman-empire
    #Nodes 22662
    #Edges 32927
    #Classes 18
    #Ave_degree 2.91
    ----Split statistics------'
    #Train samples 1133 (5.0 % of nodes)
    #Val samples 3399 (15.0 % of nodes)
    #Test samples 18130 (remaining)
    ----label noise information:------
    Instance dependent noise
    #Actual noise rate 0.30
    [cuda:0] Waiting for GPU slot...
    [cuda:0] Slot acquired (waited 698.8s). Training...
    FINAL_RESULT: {'acc': {'train': 0.12268314210061783, 'valid': 0.11827007943512798, 'test': 0.15570876999448427}, 'wall_s': 3.1, 'cpu_s': 0.06, 'gpu_s': 2.75, 'wait_s': 698.76}
    [Time] wall=3.1s | cpu=0.1s | gpu=2.7s
    C:\Users\fbrev\Documents\Acadêmico\Simulações\Python\NoisyGL\predictor\Base_Predictor.py:144: UserWarning: Sparse CSR tensor support is in beta state. If you miss a functionality in the sparse tensor support, please submit a feature request to https://github.com/pytorch/pytorch/issues. (Triggered internally at ..\aten\src\ATen\SparseCsrTensorImpl.cpp:55.)
    self.adj_csr = self.adj.to_sparse_csr().to(self.device)
[I 2026-04-29 08:12:29,211] Trial 37 finished with value: 0.15570876999448427 and parameters: {'lr': 0.005, 'weight_decay': 0.05, 'n_hidden': 128, 'n_layer': 2, 'dropout': 0.7976664723722153}. Best is trial 36 with value: 0.3450634307777165.
    [CPU] Loading roman-empire...
    DEBUG 3.1: Dataset init start
    DEBUG 3.2: prepare_data start roman-empire
    ----Data statistics------'
    Name: roman-empire
    #Nodes 22662
    #Edges 32927
    #Classes 18
    #Ave_degree 2.91
    ----Split statistics------'
    #Train samples 1133 (5.0 % of nodes)
    #Val samples 3399 (15.0 % of nodes)
    #Test samples 18130 (remaining)
    ----label noise information:------
    Instance dependent noise
    #Actual noise rate 0.30
    [cuda:0] Waiting for GPU slot...
    [cuda:0] Slot acquired (waited 223.8s). Training...
    FINAL_RESULT: {'acc': {'train': 0.36716681376875554, 'valid': 0.2518387761106208, 'test': 0.3342526199669057}, 'wall_s': 2.8, 'cpu_s': 0.08, 'gpu_s': 2.45, 'wait_s': 223.76}
    [Time] wall=2.8s | cpu=0.1s | gpu=2.5s
    C:\Users\fbrev\Documents\Acadêmico\Simulações\Python\NoisyGL\predictor\Base_Predictor.py:144: UserWarning: Sparse CSR tensor support is in beta state. If you miss a functionality in the sparse tensor support, please submit a feature request to https://github.com/pytorch/pytorch/issues. (Triggered internally at ..\aten\src\ATen\SparseCsrTensorImpl.cpp:55.)
    self.adj_csr = self.adj.to_sparse_csr().to(self.device)
[I 2026-04-29 08:16:23,562] Trial 38 finished with value: 0.3342526199669057 and parameters: {'lr': 0.005, 'weight_decay': 0.0001, 'n_hidden': 64, 'n_layer': 2, 'dropout': 0.7399197994259893}. Best is trial 36 with value: 0.3450634307777165.
    [CPU] Loading roman-empire...
    DEBUG 3.1: Dataset init start
    DEBUG 3.2: prepare_data start roman-empire
    ----Data statistics------'
    Name: roman-empire
    #Nodes 22662
    #Edges 32927
    #Classes 18
    #Ave_degree 2.91
    ----Split statistics------'
    #Train samples 1133 (5.0 % of nodes)
    #Val samples 3399 (15.0 % of nodes)
    #Test samples 18130 (remaining)
    ----label noise information:------
    Instance dependent noise
    #Actual noise rate 0.30
    [cuda:0] Waiting for GPU slot...
    [cuda:0] Slot acquired (waited 221.5s). Training...
    FINAL_RESULT: {'acc': {'train': 0.38658428949691087, 'valid': 0.2750809061488673, 'test': 0.3743519029233315}, 'wall_s': 2.96, 'cpu_s': 0.07, 'gpu_s': 2.65, 'wait_s': 221.48}
    [Time] wall=3.0s | cpu=0.1s | gpu=2.7s
    C:\Users\fbrev\Documents\Acadêmico\Simulações\Python\NoisyGL\predictor\Base_Predictor.py:144: UserWarning: Sparse CSR tensor support is in beta state. If you miss a functionality in the sparse tensor support, please submit a feature request to https://github.com/pytorch/pytorch/issues. (Triggered internally at ..\aten\src\ATen\SparseCsrTensorImpl.cpp:55.)
    self.adj_csr = self.adj.to_sparse_csr().to(self.device)
[I 2026-04-29 08:20:15,640] Trial 39 finished with value: 0.3743519029233315 and parameters: {'lr': 0.1, 'weight_decay': 0.001, 'n_hidden': 128, 'n_layer': 2, 'dropout': 0.7278169996599251}. Best is trial 39 with value: 0.3743519029233315.
    [CPU] Loading roman-empire...
    DEBUG 3.1: Dataset init start
    DEBUG 3.2: prepare_data start roman-empire
    ----Data statistics------'
    Name: roman-empire
    #Nodes 22662
    #Edges 32927
    #Classes 18
    #Ave_degree 2.91
    ----Split statistics------'
    #Train samples 1133 (5.0 % of nodes)
    #Val samples 3399 (15.0 % of nodes)
    #Test samples 18130 (remaining)
    ----label noise information:------
    Instance dependent noise
    #Actual noise rate 0.30
    [cuda:0] Waiting for GPU slot...
    [cuda:0] Slot acquired (waited 220.9s). Training...
    FINAL_RESULT: {'acc': {'train': 0.39629302736098854, 'valid': 0.27714033539276256, 'test': 0.36845008273579705}, 'wall_s': 3.13, 'cpu_s': 0.06, 'gpu_s': 2.81, 'wait_s': 220.92}
    [Time] wall=3.1s | cpu=0.1s | gpu=2.8s
    C:\Users\fbrev\Documents\Acadêmico\Simulações\Python\NoisyGL\predictor\Base_Predictor.py:144: UserWarning: Sparse CSR tensor support is in beta state. If you miss a functionality in the sparse tensor support, please submit a feature request to https://github.com/pytorch/pytorch/issues. (Triggered internally at ..\aten\src\ATen\SparseCsrTensorImpl.cpp:55.)
    self.adj_csr = self.adj.to_sparse_csr().to(self.device)
[I 2026-04-29 08:24:07,006] Trial 40 finished with value: 0.36845008273579705 and parameters: {'lr': 0.1, 'weight_decay': 0.001, 'n_hidden': 128, 'n_layer': 2, 'dropout': 0.7285091163231838}. Best is trial 39 with value: 0.3743519029233315.
    [CPU] Loading roman-empire...
    DEBUG 3.1: Dataset init start
    DEBUG 3.2: prepare_data start roman-empire
    ----Data statistics------'
    Name: roman-empire
    #Nodes 22662
    #Edges 32927
    #Classes 18
    #Ave_degree 2.91
    ----Split statistics------'
    #Train samples 1133 (5.0 % of nodes)
    #Val samples 3399 (15.0 % of nodes)
    #Test samples 18130 (remaining)
    ----label noise information:------
    Instance dependent noise
    #Actual noise rate 0.30
    [cuda:0] Waiting for GPU slot...
    [cuda:0] Slot acquired (waited 0.2s). Training...
    FINAL_RESULT: {'acc': {'train': 0.41041482789055606, 'valid': 0.2750809061488673, 'test': 0.36878102592388307}, 'wall_s': 3.24, 'cpu_s': 0.06, 'gpu_s': 2.9, 'wait_s': 0.2}
    [Time] wall=3.2s | cpu=0.1s | gpu=2.9s
    C:\Users\fbrev\Documents\Acadêmico\Simulações\Python\NoisyGL\predictor\Base_Predictor.py:144: UserWarning: Sparse CSR tensor support is in beta state. If you miss a functionality in the sparse tensor support, please submit a feature request to https://github.com/pytorch/pytorch/issues. (Triggered internally at ..\aten\src\ATen\SparseCsrTensorImpl.cpp:55.)
    self.adj_csr = self.adj.to_sparse_csr().to(self.device)
[I 2026-04-29 08:24:18,368] Trial 41 finished with value: 0.36878102592388307 and parameters: {'lr': 0.1, 'weight_decay': 0.001, 'n_hidden': 128, 'n_layer': 2, 'dropout': 0.7317033895173802}. Best is trial 39 with value: 0.3743519029233315.
    [CPU] Loading roman-empire...
    DEBUG 3.1: Dataset init start
    DEBUG 3.2: prepare_data start roman-empire
    ----Data statistics------'
    Name: roman-empire
    #Nodes 22662
    #Edges 32927
    #Classes 18
    #Ave_degree 2.91
    ----Split statistics------'
    #Train samples 1133 (5.0 % of nodes)
    #Val samples 3399 (15.0 % of nodes)
    #Test samples 18130 (remaining)
    ----label noise information:------
    Instance dependent noise
    #Actual noise rate 0.30
    [cuda:0] Waiting for GPU slot...
    [cuda:0] Slot acquired (waited 231.7s). Training...
    FINAL_RESULT: {'acc': {'train': 0.40335392762577227, 'valid': 0.27714033539276256, 'test': 0.36392719249862104}, 'wall_s': 3.16, 'cpu_s': 0.07, 'gpu_s': 2.83, 'wait_s': 231.68}
    [Time] wall=3.2s | cpu=0.1s | gpu=2.8s
    C:\Users\fbrev\Documents\Acadêmico\Simulações\Python\NoisyGL\predictor\Base_Predictor.py:144: UserWarning: Sparse CSR tensor support is in beta state. If you miss a functionality in the sparse tensor support, please submit a feature request to https://github.com/pytorch/pytorch/issues. (Triggered internally at ..\aten\src\ATen\SparseCsrTensorImpl.cpp:55.)
    self.adj_csr = self.adj.to_sparse_csr().to(self.device)
[I 2026-04-29 08:28:20,901] Trial 42 finished with value: 0.36392719249862104 and parameters: {'lr': 0.1, 'weight_decay': 0.001, 'n_hidden': 128, 'n_layer': 2, 'dropout': 0.7240152079674513}. Best is trial 39 with value: 0.3743519029233315.
    [CPU] Loading roman-empire...
    DEBUG 3.1: Dataset init start
    DEBUG 3.2: prepare_data start roman-empire
    ----Data statistics------'
    Name: roman-empire
    #Nodes 22662
    #Edges 32927
    #Classes 18
    #Ave_degree 2.91
    ----Split statistics------'
    #Train samples 1133 (5.0 % of nodes)
    #Val samples 3399 (15.0 % of nodes)
    #Test samples 18130 (remaining)
    ----label noise information:------
    Instance dependent noise
    #Actual noise rate 0.30
    [cuda:0] Waiting for GPU slot...
    [cuda:0] Slot acquired (waited 222.5s). Training...
    FINAL_RESULT: {'acc': {'train': 0.4042365401588703, 'valid': 0.2797881729920565, 'test': 0.3716492002206288}, 'wall_s': 2.96, 'cpu_s': 0.05, 'gpu_s': 2.65, 'wait_s': 222.48}
    [Time] wall=3.0s | cpu=0.1s | gpu=2.7s
    C:\Users\fbrev\Documents\Acadêmico\Simulações\Python\NoisyGL\predictor\Base_Predictor.py:144: UserWarning: Sparse CSR tensor support is in beta state. If you miss a functionality in the sparse tensor support, please submit a feature request to https://github.com/pytorch/pytorch/issues. (Triggered internally at ..\aten\src\ATen\SparseCsrTensorImpl.cpp:55.)
    self.adj_csr = self.adj.to_sparse_csr().to(self.device)
[I 2026-04-29 08:32:13,833] Trial 43 finished with value: 0.3716492002206288 and parameters: {'lr': 0.1, 'weight_decay': 0.001, 'n_hidden': 128, 'n_layer': 2, 'dropout': 0.7402219022122112}. Best is trial 39 with value: 0.3743519029233315.
    [CPU] Loading roman-empire...
    DEBUG 3.1: Dataset init start
    DEBUG 3.2: prepare_data start roman-empire
    ----Data statistics------'
    Name: roman-empire
    #Nodes 22662
    #Edges 32927
    #Classes 18
    #Ave_degree 2.91
    ----Split statistics------'
    #Train samples 1133 (5.0 % of nodes)
    #Val samples 3399 (15.0 % of nodes)
    #Test samples 18130 (remaining)
    ----label noise information:------
    Instance dependent noise
    #Actual noise rate 0.30
    [cuda:0] Waiting for GPU slot...
    [cuda:0] Slot acquired (waited 237.4s). Training...
    FINAL_RESULT: {'acc': {'train': 0.18358340688437777, 'valid': 0.2306560753162695, 'test': 0.2904026475455047}, 'wall_s': 3.06, 'cpu_s': 0.07, 'gpu_s': 2.73, 'wait_s': 237.43}
    [Time] wall=3.1s | cpu=0.1s | gpu=2.7s
    C:\Users\fbrev\Documents\Acadêmico\Simulações\Python\NoisyGL\predictor\Base_Predictor.py:144: UserWarning: Sparse CSR tensor support is in beta state. If you miss a functionality in the sparse tensor support, please submit a feature request to https://github.com/pytorch/pytorch/issues. (Triggered internally at ..\aten\src\ATen\SparseCsrTensorImpl.cpp:55.)
    self.adj_csr = self.adj.to_sparse_csr().to(self.device)
[I 2026-04-29 08:36:22,067] Trial 44 finished with value: 0.2904026475455047 and parameters: {'lr': 0.1, 'weight_decay': 0.01, 'n_hidden': 64, 'n_layer': 2, 'dropout': 0.7346317719470595}. Best is trial 39 with value: 0.3743519029233315.
    [CPU] Loading roman-empire...
    DEBUG 3.1: Dataset init start
    DEBUG 3.2: prepare_data start roman-empire
    ----Data statistics------'
    Name: roman-empire
    #Nodes 22662
    #Edges 32927
    #Classes 18
    #Ave_degree 2.91
    ----Split statistics------'
    #Train samples 1133 (5.0 % of nodes)
    #Val samples 3399 (15.0 % of nodes)
    #Test samples 18130 (remaining)
    ----label noise information:------
    Instance dependent noise
    #Actual noise rate 0.30
    [cuda:0] Waiting for GPU slot...
    [cuda:0] Slot acquired (waited 228.5s). Training...
    FINAL_RESULT: {'acc': {'train': 0.412180052956752, 'valid': 0.27684613121506324, 'test': 0.3686707115278544}, 'wall_s': 3.15, 'cpu_s': 0.07, 'gpu_s': 2.77, 'wait_s': 228.55}
    [Time] wall=3.1s | cpu=0.1s | gpu=2.8s
    C:\Users\fbrev\Documents\Acadêmico\Simulações\Python\NoisyGL\predictor\Base_Predictor.py:144: UserWarning: Sparse CSR tensor support is in beta state. If you miss a functionality in the sparse tensor support, please submit a feature request to https://github.com/pytorch/pytorch/issues. (Triggered internally at ..\aten\src\ATen\SparseCsrTensorImpl.cpp:55.)
    self.adj_csr = self.adj.to_sparse_csr().to(self.device)
[I 2026-04-29 08:40:21,491] Trial 45 finished with value: 0.3686707115278544 and parameters: {'lr': 0.1, 'weight_decay': 0.001, 'n_hidden': 128, 'n_layer': 2, 'dropout': 0.7095326679189267}. Best is trial 39 with value: 0.3743519029233315.
    [CPU] Loading roman-empire...
    DEBUG 3.1: Dataset init start
    DEBUG 3.2: prepare_data start roman-empire
    ----Data statistics------'
    Name: roman-empire
    #Nodes 22662
    #Edges 32927
    #Classes 18
    #Ave_degree 2.91
    ----Split statistics------'
    #Train samples 1133 (5.0 % of nodes)
    #Val samples 3399 (15.0 % of nodes)
    #Test samples 18130 (remaining)
    ----label noise information:------
    Instance dependent noise
    #Actual noise rate 0.30
    [cuda:0] Waiting for GPU slot...
    [cuda:0] Slot acquired (waited 235.7s). Training...
    FINAL_RESULT: {'acc': {'train': 0.36187113857016767, 'valid': 0.27714033539276256, 'test': 0.363596249310535}, 'wall_s': 3.38, 'cpu_s': 0.07, 'gpu_s': 3.04, 'wait_s': 235.69}
    [Time] wall=3.4s | cpu=0.1s | gpu=3.0s
    C:\Users\fbrev\Documents\Acadêmico\Simulações\Python\NoisyGL\predictor\Base_Predictor.py:144: UserWarning: Sparse CSR tensor support is in beta state. If you miss a functionality in the sparse tensor support, please submit a feature request to https://github.com/pytorch/pytorch/issues. (Triggered internally at ..\aten\src\ATen\SparseCsrTensorImpl.cpp:55.)
    self.adj_csr = self.adj.to_sparse_csr().to(self.device)
[I 2026-04-29 08:44:28,597] Trial 46 finished with value: 0.363596249310535 and parameters: {'lr': 0.1, 'weight_decay': 0.001, 'n_hidden': 128, 'n_layer': 2, 'dropout': 0.7682606395522471}. Best is trial 39 with value: 0.3743519029233315.
    [CPU] Loading roman-empire...
    DEBUG 3.1: Dataset init start
    DEBUG 3.2: prepare_data start roman-empire
    ----Data statistics------'
    Name: roman-empire
    #Nodes 22662
    #Edges 32927
    #Classes 18
    #Ave_degree 2.91
    ----Split statistics------'
    #Train samples 1133 (5.0 % of nodes)
    #Val samples 3399 (15.0 % of nodes)
    #Test samples 18130 (remaining)
    ----label noise information:------
    Instance dependent noise
    #Actual noise rate 0.30
    [cuda:0] Waiting for GPU slot...
    [cuda:0] Slot acquired (waited 246.5s). Training...
    FINAL_RESULT: {'acc': {'train': 0.09532215357458076, 'valid': 0.1147396293027361, 'test': 0.13905129619415332}, 'wall_s': 2.94, 'cpu_s': 0.05, 'gpu_s': 2.63, 'wait_s': 246.54}
    [Time] wall=2.9s | cpu=0.1s | gpu=2.6s
    C:\Users\fbrev\Documents\Acadêmico\Simulações\Python\NoisyGL\predictor\Base_Predictor.py:144: UserWarning: Sparse CSR tensor support is in beta state. If you miss a functionality in the sparse tensor support, please submit a feature request to https://github.com/pytorch/pytorch/issues. (Triggered internally at ..\aten\src\ATen\SparseCsrTensorImpl.cpp:55.)
    self.adj_csr = self.adj.to_sparse_csr().to(self.device)
[I 2026-04-29 08:48:46,904] Trial 47 finished with value: 0.13905129619415332 and parameters: {'lr': 0.1, 'weight_decay': 0.05, 'n_hidden': 32, 'n_layer': 2, 'dropout': 0.6966337960977802}. Best is trial 39 with value: 0.3743519029233315.
    [CPU] Loading roman-empire...
    DEBUG 3.1: Dataset init start
    DEBUG 3.2: prepare_data start roman-empire
    ----Data statistics------'
    Name: roman-empire
    #Nodes 22662
    #Edges 32927
    #Classes 18
    #Ave_degree 2.91
    ----Split statistics------'
    #Train samples 1133 (5.0 % of nodes)
    #Val samples 3399 (15.0 % of nodes)
    #Test samples 18130 (remaining)
    ----label noise information:------
    Instance dependent noise
    #Actual noise rate 0.30
    [cuda:0] Waiting for GPU slot...
    [cuda:0] Slot acquired (waited 228.2s). Training...
    FINAL_RESULT: {'acc': {'train': 0.23389232127096204, 'valid': 0.20976757869961754, 'test': 0.25769442912300056}, 'wall_s': 4.22, 'cpu_s': 0.07, 'gpu_s': 3.86, 'wait_s': 228.17}
    [Time] wall=4.2s | cpu=0.1s | gpu=3.9s
    C:\Users\fbrev\Documents\Acadêmico\Simulações\Python\NoisyGL\predictor\Base_Predictor.py:144: UserWarning: Sparse CSR tensor support is in beta state. If you miss a functionality in the sparse tensor support, please submit a feature request to https://github.com/pytorch/pytorch/issues. (Triggered internally at ..\aten\src\ATen\SparseCsrTensorImpl.cpp:55.)
    self.adj_csr = self.adj.to_sparse_csr().to(self.device)
[I 2026-04-29 08:52:47,463] Trial 48 finished with value: 0.25769442912300056 and parameters: {'lr': 0.1, 'weight_decay': 0.001, 'n_hidden': 128, 'n_layer': 3, 'dropout': 0.7630176513224937}. Best is trial 39 with value: 0.3743519029233315.
    [CPU] Loading roman-empire...
    DEBUG 3.1: Dataset init start
    DEBUG 3.2: prepare_data start roman-empire
    ----Data statistics------'
    Name: roman-empire
    #Nodes 22662
    #Edges 32927
    #Classes 18
    #Ave_degree 2.91
    ----Split statistics------'
    #Train samples 1133 (5.0 % of nodes)
    #Val samples 3399 (15.0 % of nodes)
    #Test samples 18130 (remaining)
    ----label noise information:------
    Instance dependent noise
    #Actual noise rate 0.30
    [cuda:0] Waiting for GPU slot...
    [cuda:0] Slot acquired (waited 239.6s). Training...
    FINAL_RESULT: {'acc': {'train': 0.22506619593998234, 'valid': 0.22330097087378642, 'test': 0.2861555432984004}, 'wall_s': 2.84, 'cpu_s': 0.07, 'gpu_s': 2.52, 'wait_s': 239.61}
    [Time] wall=2.8s | cpu=0.1s | gpu=2.5s
    C:\Users\fbrev\Documents\Acadêmico\Simulações\Python\NoisyGL\predictor\Base_Predictor.py:144: UserWarning: Sparse CSR tensor support is in beta state. If you miss a functionality in the sparse tensor support, please submit a feature request to https://github.com/pytorch/pytorch/issues. (Triggered internally at ..\aten\src\ATen\SparseCsrTensorImpl.cpp:55.)
    self.adj_csr = self.adj.to_sparse_csr().to(self.device)
[I 2026-04-29 08:56:57,488] Trial 49 finished with value: 0.2861555432984004 and parameters: {'lr': 0.1, 'weight_decay': 0.01, 'n_hidden': 64, 'n_layer': 2, 'dropout': 0.5908512337707948}. Best is trial 39 with value: 0.3743519029233315.

[Retest] Phase 1 Finished. Validating Top 3 (10 runs each)...

  [Retest] Candidate 1/3 (Trial 39, HPO_acc=0.3744)
    [CPU] Loading roman-empire...
    DEBUG 3.1: Dataset init start
    DEBUG 3.2: prepare_data start roman-empire
    ----Data statistics------'
    Name: roman-empire
    #Nodes 22662
    #Edges 32927
    #Classes 18
    #Ave_degree 2.91
    ----Split statistics------'
    #Train samples 1133 (5.0 % of nodes)
    #Val samples 3399 (15.0 % of nodes)
    #Test samples 18130 (remaining)
    ----label noise information:------
    Instance dependent noise
    #Actual noise rate 0.30
    [cuda:0] Waiting for GPU slot...
    [cuda:0] Slot acquired (waited 233.9s). Training...
    FINAL_RESULT: {'acc': {'train': 0.4007060900264784, 'valid': 0.25772285966460723, 'test': 0.3362934362934363}, 'wall_s': 3.13, 'cpu_s': 0.07, 'gpu_s': 2.79, 'wait_s': 233.95}
    [Time] wall=3.1s | cpu=0.1s | gpu=2.8s
    C:\Users\fbrev\Documents\Acadêmico\Simulações\Python\NoisyGL\predictor\Base_Predictor.py:144: UserWarning: Sparse CSR tensor support is in beta state. If you miss a functionality in the sparse tensor support, please submit a feature request to https://github.com/pytorch/pytorch/issues. (Triggered internally at ..\aten\src\ATen\SparseCsrTensorImpl.cpp:55.)
    self.adj_csr = self.adj.to_sparse_csr().to(self.device)
    [CPU] Loading roman-empire...
    DEBUG 3.1: Dataset init start
    DEBUG 3.2: prepare_data start roman-empire
    ----Data statistics------'
    Name: roman-empire
    #Nodes 22662
    #Edges 32927
    #Classes 18
    #Ave_degree 2.91
    ----Split statistics------'
    #Train samples 1133 (5.0 % of nodes)
    #Val samples 3399 (15.0 % of nodes)
    #Test samples 18130 (remaining)
    ----label noise information:------
    Instance dependent noise
    #Actual noise rate 0.30
    [cuda:0] Waiting for GPU slot...
    [cuda:0] Slot acquired (waited 244.1s). Training...
    FINAL_RESULT: {'acc': {'train': 0.3883495145631068, 'valid': 0.2659605766401883, 'test': 0.34302261445118587}, 'wall_s': 3.35, 'cpu_s': 0.07, 'gpu_s': 2.99, 'wait_s': 244.09}
    [Time] wall=3.4s | cpu=0.1s | gpu=3.0s
    C:\Users\fbrev\Documents\Acadêmico\Simulações\Python\NoisyGL\predictor\Base_Predictor.py:144: UserWarning: Sparse CSR tensor support is in beta state. If you miss a functionality in the sparse tensor support, please submit a feature request to https://github.com/pytorch/pytorch/issues. (Triggered internally at ..\aten\src\ATen\SparseCsrTensorImpl.cpp:55.)
    self.adj_csr = self.adj.to_sparse_csr().to(self.device)
    [CPU] Loading roman-empire...
    DEBUG 3.1: Dataset init start
    DEBUG 3.2: prepare_data start roman-empire
    ----Data statistics------'
    Name: roman-empire
    #Nodes 22662
    #Edges 32927
    #Classes 18
    #Ave_degree 2.91
    ----Split statistics------'
    #Train samples 1133 (5.0 % of nodes)
    #Val samples 3399 (15.0 % of nodes)
    #Test samples 18130 (remaining)
    ----label noise information:------
    Instance dependent noise
    #Actual noise rate 0.30
    [cuda:0] Waiting for GPU slot...
    [cuda:0] Slot acquired (waited 249.4s). Training...
    FINAL_RESULT: {'acc': {'train': 0.382171226831421, 'valid': 0.264783759929391, 'test': 0.34583563154991726}, 'wall_s': 3.52, 'cpu_s': 0.08, 'gpu_s': 3.13, 'wait_s': 249.43}
    [Time] wall=3.5s | cpu=0.1s | gpu=3.1s
    C:\Users\fbrev\Documents\Acadêmico\Simulações\Python\NoisyGL\predictor\Base_Predictor.py:144: UserWarning: Sparse CSR tensor support is in beta state. If you miss a functionality in the sparse tensor support, please submit a feature request to https://github.com/pytorch/pytorch/issues. (Triggered internally at ..\aten\src\ATen\SparseCsrTensorImpl.cpp:55.)
    self.adj_csr = self.adj.to_sparse_csr().to(self.device)
    [CPU] Loading roman-empire...
    DEBUG 3.1: Dataset init start
    DEBUG 3.2: prepare_data start roman-empire
    ----Data statistics------'
    Name: roman-empire
    #Nodes 22662
    #Edges 32927
    #Classes 18
    #Ave_degree 2.91
    ----Split statistics------'
    #Train samples 1133 (5.0 % of nodes)
    #Val samples 3399 (15.0 % of nodes)
    #Test samples 18130 (remaining)
    ----label noise information:------
    Instance dependent noise
    #Actual noise rate 0.30
    [cuda:0] Waiting for GPU slot...
    [cuda:0] Slot acquired (waited 247.8s). Training...
    FINAL_RESULT: {'acc': {'train': 0.3662842012356575, 'valid': 0.26537216828478966, 'test': 0.34975179260893546}, 'wall_s': 3.17, 'cpu_s': 0.06, 'gpu_s': 2.84, 'wait_s': 247.77}
    [Time] wall=3.2s | cpu=0.1s | gpu=2.8s
    C:\Users\fbrev\Documents\Acadêmico\Simulações\Python\NoisyGL\predictor\Base_Predictor.py:144: UserWarning: Sparse CSR tensor support is in beta state. If you miss a functionality in the sparse tensor support, please submit a feature request to https://github.com/pytorch/pytorch/issues. (Triggered internally at ..\aten\src\ATen\SparseCsrTensorImpl.cpp:55.)
    self.adj_csr = self.adj.to_sparse_csr().to(self.device)
    [CPU] Loading roman-empire...
    DEBUG 3.1: Dataset init start
    DEBUG 3.2: prepare_data start roman-empire
    ----Data statistics------'
    Name: roman-empire
    #Nodes 22662
    #Edges 32927
    #Classes 18
    #Ave_degree 2.91
    ----Split statistics------'
    #Train samples 1133 (5.0 % of nodes)
    #Val samples 3399 (15.0 % of nodes)
    #Test samples 18130 (remaining)
    ----label noise information:------
    Instance dependent noise
    #Actual noise rate 0.30
    [cuda:0] Waiting for GPU slot...
    [cuda:0] Slot acquired (waited 244.1s). Training...
    FINAL_RESULT: {'acc': {'train': 0.3451015004413063, 'valid': 0.25154457193292146, 'test': 0.3498069498069498}, 'wall_s': 3.42, 'cpu_s': 0.07, 'gpu_s': 3.07, 'wait_s': 244.09}
    [Time] wall=3.4s | cpu=0.1s | gpu=3.1s
    C:\Users\fbrev\Documents\Acadêmico\Simulações\Python\NoisyGL\predictor\Base_Predictor.py:144: UserWarning: Sparse CSR tensor support is in beta state. If you miss a functionality in the sparse tensor support, please submit a feature request to https://github.com/pytorch/pytorch/issues. (Triggered internally at ..\aten\src\ATen\SparseCsrTensorImpl.cpp:55.)
    self.adj_csr = self.adj.to_sparse_csr().to(self.device)
    [CPU] Loading roman-empire...
    DEBUG 3.1: Dataset init start
    DEBUG 3.2: prepare_data start roman-empire
    ----Data statistics------'
    Name: roman-empire
    #Nodes 22662
    #Edges 32927
    #Classes 18
    #Ave_degree 2.91
    ----Split statistics------'
    #Train samples 1133 (5.0 % of nodes)
    #Val samples 3399 (15.0 % of nodes)
    #Test samples 18130 (remaining)
    ----label noise information:------
    Instance dependent noise
    #Actual noise rate 0.30
    [cuda:0] Waiting for GPU slot...
    [cuda:0] Slot acquired (waited 338.8s). Training...
    FINAL_RESULT: {'acc': {'train': 0.3680494263018535, 'valid': 0.24919093851132687, 'test': 0.32719249862107}, 'wall_s': 3.11, 'cpu_s': 0.07, 'gpu_s': 2.77, 'wait_s': 338.8}
    [Time] wall=3.1s | cpu=0.1s | gpu=2.8s
    C:\Users\fbrev\Documents\Acadêmico\Simulações\Python\NoisyGL\predictor\Base_Predictor.py:144: UserWarning: Sparse CSR tensor support is in beta state. If you miss a functionality in the sparse tensor support, please submit a feature request to https://github.com/pytorch/pytorch/issues. (Triggered internally at ..\aten\src\ATen\SparseCsrTensorImpl.cpp:55.)
    self.adj_csr = self.adj.to_sparse_csr().to(self.device)
    [CPU] Loading roman-empire...
    DEBUG 3.1: Dataset init start
    DEBUG 3.2: prepare_data start roman-empire
    ----Data statistics------'
    Name: roman-empire
    #Nodes 22662
    #Edges 32927
    #Classes 18
    #Ave_degree 2.91
    ----Split statistics------'
    #Train samples 1133 (5.0 % of nodes)
    #Val samples 3399 (15.0 % of nodes)
    #Test samples 18130 (remaining)
    ----label noise information:------
    Instance dependent noise
    #Actual noise rate 0.30
    [cuda:0] Waiting for GPU slot...
    [cuda:0] Slot acquired (waited 243.8s). Training...
    FINAL_RESULT: {'acc': {'train': 0.38658428949691087, 'valid': 0.26331273904089436, 'test': 0.3511858797573083}, 'wall_s': 3.14, 'cpu_s': 0.06, 'gpu_s': 2.78, 'wait_s': 243.83}
    [Time] wall=3.1s | cpu=0.1s | gpu=2.8s
    C:\Users\fbrev\Documents\Acadêmico\Simulações\Python\NoisyGL\predictor\Base_Predictor.py:144: UserWarning: Sparse CSR tensor support is in beta state. If you miss a functionality in the sparse tensor support, please submit a feature request to https://github.com/pytorch/pytorch/issues. (Triggered internally at ..\aten\src\ATen\SparseCsrTensorImpl.cpp:55.)
    self.adj_csr = self.adj.to_sparse_csr().to(self.device)
    [CPU] Loading roman-empire...
    DEBUG 3.1: Dataset init start
    DEBUG 3.2: prepare_data start roman-empire
    ----Data statistics------'
    Name: roman-empire
    #Nodes 22662
    #Edges 32927
    #Classes 18
    #Ave_degree 2.91
    ----Split statistics------'
    #Train samples 1133 (5.0 % of nodes)
    #Val samples 3399 (15.0 % of nodes)
    #Test samples 18130 (remaining)
    ----label noise information:------
    Instance dependent noise
    #Actual noise rate 0.30
    [cuda:0] Waiting for GPU slot...
    [cuda:0] Slot acquired (waited 245.0s). Training...
    FINAL_RESULT: {'acc': {'train': 0.382171226831421, 'valid': 0.26537216828478966, 'test': 0.35124103695532266}, 'wall_s': 3.44, 'cpu_s': 0.08, 'gpu_s': 3.05, 'wait_s': 245.0}
    [Time] wall=3.4s | cpu=0.1s | gpu=3.0s
    C:\Users\fbrev\Documents\Acadêmico\Simulações\Python\NoisyGL\predictor\Base_Predictor.py:144: UserWarning: Sparse CSR tensor support is in beta state. If you miss a functionality in the sparse tensor support, please submit a feature request to https://github.com/pytorch/pytorch/issues. (Triggered internally at ..\aten\src\ATen\SparseCsrTensorImpl.cpp:55.)
    self.adj_csr = self.adj.to_sparse_csr().to(self.device)
    [CPU] Loading roman-empire...
    DEBUG 3.1: Dataset init start
    DEBUG 3.2: prepare_data start roman-empire
    ----Data statistics------'
    Name: roman-empire
    #Nodes 22662
    #Edges 32927
    #Classes 18
    #Ave_degree 2.91
    ----Split statistics------'
    #Train samples 1133 (5.0 % of nodes)
    #Val samples 3399 (15.0 % of nodes)
    #Test samples 18130 (remaining)
    ----label noise information:------
    Instance dependent noise
    #Actual noise rate 0.30
    [cuda:0] Waiting for GPU slot...
    [cuda:0] Slot acquired (waited 246.9s). Training...
    FINAL_RESULT: {'acc': {'train': 0.37246248896734335, 'valid': 0.2686084142394822, 'test': 0.3475455046883618}, 'wall_s': 3.11, 'cpu_s': 0.07, 'gpu_s': 2.75, 'wait_s': 246.88}
    [Time] wall=3.1s | cpu=0.1s | gpu=2.7s
    C:\Users\fbrev\Documents\Acadêmico\Simulações\Python\NoisyGL\predictor\Base_Predictor.py:144: UserWarning: Sparse CSR tensor support is in beta state. If you miss a functionality in the sparse tensor support, please submit a feature request to https://github.com/pytorch/pytorch/issues. (Triggered internally at ..\aten\src\ATen\SparseCsrTensorImpl.cpp:55.)
    self.adj_csr = self.adj.to_sparse_csr().to(self.device)
    [CPU] Loading roman-empire...
    DEBUG 3.1: Dataset init start
    DEBUG 3.2: prepare_data start roman-empire
    ----Data statistics------'
    Name: roman-empire
    #Nodes 22662
    #Edges 32927
    #Classes 18
    #Ave_degree 2.91
    ----Split statistics------'
    #Train samples 1133 (5.0 % of nodes)
    #Val samples 3399 (15.0 % of nodes)
    #Test samples 18130 (remaining)
    ----label noise information:------
    Instance dependent noise
    #Actual noise rate 0.30
    [cuda:0] Waiting for GPU slot...
    [cuda:0] Slot acquired (waited 233.5s). Training...
    FINAL_RESULT: {'acc': {'train': 0.37246248896734335, 'valid': 0.2694910267725802, 'test': 0.33552123552123553}, 'wall_s': 3.23, 'cpu_s': 0.08, 'gpu_s': 2.91, 'wait_s': 233.52}
    [Time] wall=3.2s | cpu=0.1s | gpu=2.9s
    C:\Users\fbrev\Documents\Acadêmico\Simulações\Python\NoisyGL\predictor\Base_Predictor.py:144: UserWarning: Sparse CSR tensor support is in beta state. If you miss a functionality in the sparse tensor support, please submit a feature request to https://github.com/pytorch/pytorch/issues. (Triggered internally at ..\aten\src\ATen\SparseCsrTensorImpl.cpp:55.)
    self.adj_csr = self.adj.to_sparse_csr().to(self.device)
  [Retest] Candidate 1 Avg: 0.3437

  [Retest] Candidate 2/3 (Trial 43, HPO_acc=0.3716)
    [CPU] Loading roman-empire...
    DEBUG 3.1: Dataset init start
    DEBUG 3.2: prepare_data start roman-empire
    ----Data statistics------'
    Name: roman-empire
    #Nodes 22662
    #Edges 32927
    #Classes 18
    #Ave_degree 2.91
    ----Split statistics------'
    #Train samples 1133 (5.0 % of nodes)
    #Val samples 3399 (15.0 % of nodes)
    #Test samples 18130 (remaining)
    ----label noise information:------
    Instance dependent noise
    #Actual noise rate 0.30
    [cuda:0] Waiting for GPU slot...
    [cuda:0] Slot acquired (waited 245.5s). Training...
    FINAL_RESULT: {'acc': {'train': 0.3901147396293027, 'valid': 0.26184171815239776, 'test': 0.34864864864864864}, 'wall_s': 3.27, 'cpu_s': 0.06, 'gpu_s': 2.93, 'wait_s': 245.48}
    [Time] wall=3.3s | cpu=0.1s | gpu=2.9s
    C:\Users\fbrev\Documents\Acadêmico\Simulações\Python\NoisyGL\predictor\Base_Predictor.py:144: UserWarning: Sparse CSR tensor support is in beta state. If you miss a functionality in the sparse tensor support, please submit a feature request to https://github.com/pytorch/pytorch/issues. (Triggered internally at ..\aten\src\ATen\SparseCsrTensorImpl.cpp:55.)
    self.adj_csr = self.adj.to_sparse_csr().to(self.device)
    [CPU] Loading roman-empire...
    DEBUG 3.1: Dataset init start
    DEBUG 3.2: prepare_data start roman-empire
    ----Data statistics------'
    Name: roman-empire
    #Nodes 22662
    #Edges 32927
    #Classes 18
    #Ave_degree 2.91
    ----Split statistics------'
    #Train samples 1133 (5.0 % of nodes)
    #Val samples 3399 (15.0 % of nodes)
    #Test samples 18130 (remaining)
    ----label noise information:------
    Instance dependent noise
    #Actual noise rate 0.30
    [cuda:0] Waiting for GPU slot...
    [cuda:0] Slot acquired (waited 249.5s). Training...
    FINAL_RESULT: {'acc': {'train': 0.33097969991173876, 'valid': 0.2662547808178876, 'test': 0.3541092112520684}, 'wall_s': 3.35, 'cpu_s': 0.08, 'gpu_s': 2.99, 'wait_s': 249.47}
    [Time] wall=3.3s | cpu=0.1s | gpu=3.0s
    C:\Users\fbrev\Documents\Acadêmico\Simulações\Python\NoisyGL\predictor\Base_Predictor.py:144: UserWarning: Sparse CSR tensor support is in beta state. If you miss a functionality in the sparse tensor support, please submit a feature request to https://github.com/pytorch/pytorch/issues. (Triggered internally at ..\aten\src\ATen\SparseCsrTensorImpl.cpp:55.)
    self.adj_csr = self.adj.to_sparse_csr().to(self.device)
    [CPU] Loading roman-empire...
    DEBUG 3.1: Dataset init start
    DEBUG 3.2: prepare_data start roman-empire
    ----Data statistics------'
    Name: roman-empire
    #Nodes 22662
    #Edges 32927
    #Classes 18
    #Ave_degree 2.91
    ----Split statistics------'
    #Train samples 1133 (5.0 % of nodes)
    #Val samples 3399 (15.0 % of nodes)
    #Test samples 18130 (remaining)
    ----label noise information:------
    Instance dependent noise
    #Actual noise rate 0.30
    [cuda:0] Waiting for GPU slot...
    [cuda:0] Slot acquired (waited 245.4s). Training...
    FINAL_RESULT: {'acc': {'train': 0.3989408649602824, 'valid': 0.2662547808178876, 'test': 0.35256480970766685}, 'wall_s': 3.48, 'cpu_s': 0.07, 'gpu_s': 3.14, 'wait_s': 245.4}
    [Time] wall=3.5s | cpu=0.1s | gpu=3.1s
    C:\Users\fbrev\Documents\Acadêmico\Simulações\Python\NoisyGL\predictor\Base_Predictor.py:144: UserWarning: Sparse CSR tensor support is in beta state. If you miss a functionality in the sparse tensor support, please submit a feature request to https://github.com/pytorch/pytorch/issues. (Triggered internally at ..\aten\src\ATen\SparseCsrTensorImpl.cpp:55.)
    self.adj_csr = self.adj.to_sparse_csr().to(self.device)
    [CPU] Loading roman-empire...
    DEBUG 3.1: Dataset init start
    DEBUG 3.2: prepare_data start roman-empire
    ----Data statistics------'
    Name: roman-empire
    #Nodes 22662
    #Edges 32927
    #Classes 18
    #Ave_degree 2.91
    ----Split statistics------'
    #Train samples 1133 (5.0 % of nodes)
    #Val samples 3399 (15.0 % of nodes)
    #Test samples 18130 (remaining)
    ----label noise information:------
    Instance dependent noise
    #Actual noise rate 0.30
    [cuda:0] Waiting for GPU slot...
    [cuda:0] Slot acquired (waited 310.1s). Training...
    FINAL_RESULT: {'acc': {'train': 0.3680494263018535, 'valid': 0.2674315975286849, 'test': 0.3437948152233867}, 'wall_s': 3.65, 'cpu_s': 0.07, 'gpu_s': 3.28, 'wait_s': 310.09}
    [Time] wall=3.7s | cpu=0.1s | gpu=3.3s
    C:\Users\fbrev\Documents\Acadêmico\Simulações\Python\NoisyGL\predictor\Base_Predictor.py:144: UserWarning: Sparse CSR tensor support is in beta state. If you miss a functionality in the sparse tensor support, please submit a feature request to https://github.com/pytorch/pytorch/issues. (Triggered internally at ..\aten\src\ATen\SparseCsrTensorImpl.cpp:55.)
    self.adj_csr = self.adj.to_sparse_csr().to(self.device)
    [CPU] Loading roman-empire...
    DEBUG 3.1: Dataset init start
    DEBUG 3.2: prepare_data start roman-empire
    ----Data statistics------'
    Name: roman-empire
    #Nodes 22662
    #Edges 32927
    #Classes 18
    #Ave_degree 2.91
    ----Split statistics------'
    #Train samples 1133 (5.0 % of nodes)
    #Val samples 3399 (15.0 % of nodes)
    #Test samples 18130 (remaining)
    ----label noise information:------
    Instance dependent noise
    #Actual noise rate 0.30
    [cuda:0] Waiting for GPU slot...
    [cuda:0] Slot acquired (waited 266.7s). Training...
    FINAL_RESULT: {'acc': {'train': 0.324801412180053, 'valid': 0.24654310091203296, 'test': 0.3395477109762824}, 'wall_s': 3.45, 'cpu_s': 0.08, 'gpu_s': 3.08, 'wait_s': 266.69}
    [Time] wall=3.5s | cpu=0.1s | gpu=3.1s
    C:\Users\fbrev\Documents\Acadêmico\Simulações\Python\NoisyGL\predictor\Base_Predictor.py:144: UserWarning: Sparse CSR tensor support is in beta state. If you miss a functionality in the sparse tensor support, please submit a feature request to https://github.com/pytorch/pytorch/issues. (Triggered internally at ..\aten\src\ATen\SparseCsrTensorImpl.cpp:55.)
    self.adj_csr = self.adj.to_sparse_csr().to(self.device)
    [CPU] Loading roman-empire...
    DEBUG 3.1: Dataset init start
    DEBUG 3.2: prepare_data start roman-empire
    ----Data statistics------'
    Name: roman-empire
    #Nodes 22662
    #Edges 32927
    #Classes 18
    #Ave_degree 2.91
    ----Split statistics------'
    #Train samples 1133 (5.0 % of nodes)
    #Val samples 3399 (15.0 % of nodes)
    #Test samples 18130 (remaining)
    ----label noise information:------
    Instance dependent noise
    #Actual noise rate 0.30
    [cuda:0] Waiting for GPU slot...
    [cuda:0] Slot acquired (waited 253.3s). Training...
    FINAL_RESULT: {'acc': {'train': 0.3556928508384819, 'valid': 0.25625183877611063, 'test': 0.33921676778819637}, 'wall_s': 3.33, 'cpu_s': 0.07, 'gpu_s': 2.96, 'wait_s': 253.34}
    [Time] wall=3.3s | cpu=0.1s | gpu=3.0s
    C:\Users\fbrev\Documents\Acadêmico\Simulações\Python\NoisyGL\predictor\Base_Predictor.py:144: UserWarning: Sparse CSR tensor support is in beta state. If you miss a functionality in the sparse tensor support, please submit a feature request to https://github.com/pytorch/pytorch/issues. (Triggered internally at ..\aten\src\ATen\SparseCsrTensorImpl.cpp:55.)
    self.adj_csr = self.adj.to_sparse_csr().to(self.device)
    [CPU] Loading roman-empire...
    DEBUG 3.1: Dataset init start
    DEBUG 3.2: prepare_data start roman-empire
    ----Data statistics------'
    Name: roman-empire
    #Nodes 22662
    #Edges 32927
    #Classes 18
    #Ave_degree 2.91
    ----Split statistics------'
    #Train samples 1133 (5.0 % of nodes)
    #Val samples 3399 (15.0 % of nodes)
    #Test samples 18130 (remaining)
    ----label noise information:------
    Instance dependent noise
    #Actual noise rate 0.30
    [cuda:0] Waiting for GPU slot...
    [cuda:0] Slot acquired (waited 247.3s). Training...
    FINAL_RESULT: {'acc': {'train': 0.3715798764342454, 'valid': 0.2612533097969991, 'test': 0.34125758411472695}, 'wall_s': 3.32, 'cpu_s': 0.07, 'gpu_s': 2.98, 'wait_s': 247.25}
    [Time] wall=3.3s | cpu=0.1s | gpu=3.0s
    C:\Users\fbrev\Documents\Acadêmico\Simulações\Python\NoisyGL\predictor\Base_Predictor.py:144: UserWarning: Sparse CSR tensor support is in beta state. If you miss a functionality in the sparse tensor support, please submit a feature request to https://github.com/pytorch/pytorch/issues. (Triggered internally at ..\aten\src\ATen\SparseCsrTensorImpl.cpp:55.)
    self.adj_csr = self.adj.to_sparse_csr().to(self.device)
    [CPU] Loading roman-empire...
    DEBUG 3.1: Dataset init start
    DEBUG 3.2: prepare_data start roman-empire
    ----Data statistics------'
    Name: roman-empire
    #Nodes 22662
    #Edges 32927
    #Classes 18
    #Ave_degree 2.91
    ----Split statistics------'
    #Train samples 1133 (5.0 % of nodes)
    #Val samples 3399 (15.0 % of nodes)
    #Test samples 18130 (remaining)
    ----label noise information:------
    Instance dependent noise
    #Actual noise rate 0.30
    [cuda:0] Waiting for GPU slot...
    [cuda:0] Slot acquired (waited 280.5s). Training...
    FINAL_RESULT: {'acc': {'train': 0.3627537511032657, 'valid': 0.2644895557516917, 'test': 0.3624931053502482}, 'wall_s': 3.42, 'cpu_s': 0.07, 'gpu_s': 3.04, 'wait_s': 280.55}
    [Time] wall=3.4s | cpu=0.1s | gpu=3.0s
    C:\Users\fbrev\Documents\Acadêmico\Simulações\Python\NoisyGL\predictor\Base_Predictor.py:144: UserWarning: Sparse CSR tensor support is in beta state. If you miss a functionality in the sparse tensor support, please submit a feature request to https://github.com/pytorch/pytorch/issues. (Triggered internally at ..\aten\src\ATen\SparseCsrTensorImpl.cpp:55.)
    self.adj_csr = self.adj.to_sparse_csr().to(self.device)
    [CPU] Loading roman-empire...
    DEBUG 3.1: Dataset init start
    DEBUG 3.2: prepare_data start roman-empire
    ----Data statistics------'
    Name: roman-empire
    #Nodes 22662
    #Edges 32927
    #Classes 18
    #Ave_degree 2.91
    ----Split statistics------'
    #Train samples 1133 (5.0 % of nodes)
    #Val samples 3399 (15.0 % of nodes)
    #Test samples 18130 (remaining)
    ----label noise information:------
    Instance dependent noise
    #Actual noise rate 0.30
    [cuda:0] Waiting for GPU slot...
    [cuda:0] Slot acquired (waited 237.8s). Training...
    FINAL_RESULT: {'acc': {'train': 0.38040600176522504, 'valid': 0.26831421006178285, 'test': 0.3479316050744622}, 'wall_s': 3.06, 'cpu_s': 0.07, 'gpu_s': 2.74, 'wait_s': 237.82}
    [Time] wall=3.1s | cpu=0.1s | gpu=2.7s
    C:\Users\fbrev\Documents\Acadêmico\Simulações\Python\NoisyGL\predictor\Base_Predictor.py:144: UserWarning: Sparse CSR tensor support is in beta state. If you miss a functionality in the sparse tensor support, please submit a feature request to https://github.com/pytorch/pytorch/issues. (Triggered internally at ..\aten\src\ATen\SparseCsrTensorImpl.cpp:55.)
    self.adj_csr = self.adj.to_sparse_csr().to(self.device)
    [CPU] Loading roman-empire...
    DEBUG 3.1: Dataset init start
    DEBUG 3.2: prepare_data start roman-empire
    ----Data statistics------'
    Name: roman-empire
    #Nodes 22662
    #Edges 32927
    #Classes 18
    #Ave_degree 2.91
    ----Split statistics------'
    #Train samples 1133 (5.0 % of nodes)
    #Val samples 3399 (15.0 % of nodes)
    #Test samples 18130 (remaining)
    ----label noise information:------
    Instance dependent noise
    #Actual noise rate 0.30
    [cuda:0] Waiting for GPU slot...
    [cuda:0] Slot acquired (waited 222.6s). Training...
    FINAL_RESULT: {'acc': {'train': 0.3433362753751103, 'valid': 0.2641953515739924, 'test': 0.33987865416436847}, 'wall_s': 3.12, 'cpu_s': 0.07, 'gpu_s': 2.81, 'wait_s': 222.55}
    [Time] wall=3.1s | cpu=0.1s | gpu=2.8s
    C:\Users\fbrev\Documents\Acadêmico\Simulações\Python\NoisyGL\predictor\Base_Predictor.py:144: UserWarning: Sparse CSR tensor support is in beta state. If you miss a functionality in the sparse tensor support, please submit a feature request to https://github.com/pytorch/pytorch/issues. (Triggered internally at ..\aten\src\ATen\SparseCsrTensorImpl.cpp:55.)
    self.adj_csr = self.adj.to_sparse_csr().to(self.device)
  [Retest] Candidate 2 Avg: 0.3469

  [Retest] Candidate 3/3 (Trial 41, HPO_acc=0.3688)
    [CPU] Loading roman-empire...
    DEBUG 3.1: Dataset init start
    DEBUG 3.2: prepare_data start roman-empire
    ----Data statistics------'
    Name: roman-empire
    #Nodes 22662
    #Edges 32927
    #Classes 18
    #Ave_degree 2.91
    ----Split statistics------'
    #Train samples 1133 (5.0 % of nodes)
    #Val samples 3399 (15.0 % of nodes)
    #Test samples 18130 (remaining)
    ----label noise information:------
    Instance dependent noise
    #Actual noise rate 0.30
    [cuda:0] Waiting for GPU slot...
    [cuda:0] Slot acquired (waited 226.0s). Training...
    FINAL_RESULT: {'acc': {'train': 0.39452780229479256, 'valid': 0.263901147396293, 'test': 0.34302261445118587}, 'wall_s': 3.16, 'cpu_s': 0.08, 'gpu_s': 2.8, 'wait_s': 226.01}
    [Time] wall=3.2s | cpu=0.1s | gpu=2.8s
    C:\Users\fbrev\Documents\Acadêmico\Simulações\Python\NoisyGL\predictor\Base_Predictor.py:144: UserWarning: Sparse CSR tensor support is in beta state. If you miss a functionality in the sparse tensor support, please submit a feature request to https://github.com/pytorch/pytorch/issues. (Triggered internally at ..\aten\src\ATen\SparseCsrTensorImpl.cpp:55.)
    self.adj_csr = self.adj.to_sparse_csr().to(self.device)
    [CPU] Loading roman-empire...
    DEBUG 3.1: Dataset init start
    DEBUG 3.2: prepare_data start roman-empire
    ----Data statistics------'
    Name: roman-empire
    #Nodes 22662
    #Edges 32927
    #Classes 18
    #Ave_degree 2.91
    ----Split statistics------'
    #Train samples 1133 (5.0 % of nodes)
    #Val samples 3399 (15.0 % of nodes)
    #Test samples 18130 (remaining)
    ----label noise information:------
    Instance dependent noise
    #Actual noise rate 0.30
    [cuda:0] Waiting for GPU slot...
    [cuda:0] Slot acquired (waited 221.4s). Training...
    FINAL_RESULT: {'acc': {'train': 0.3768755516328332, 'valid': 0.26919682259488087, 'test': 0.34853833425262}, 'wall_s': 2.99, 'cpu_s': 0.08, 'gpu_s': 2.64, 'wait_s': 221.41}
    [Time] wall=3.0s | cpu=0.1s | gpu=2.6s
    C:\Users\fbrev\Documents\Acadêmico\Simulações\Python\NoisyGL\predictor\Base_Predictor.py:144: UserWarning: Sparse CSR tensor support is in beta state. If you miss a functionality in the sparse tensor support, please submit a feature request to https://github.com/pytorch/pytorch/issues. (Triggered internally at ..\aten\src\ATen\SparseCsrTensorImpl.cpp:55.)
    self.adj_csr = self.adj.to_sparse_csr().to(self.device)
    [CPU] Loading roman-empire...
    DEBUG 3.1: Dataset init start
    DEBUG 3.2: prepare_data start roman-empire
    ----Data statistics------'
    Name: roman-empire
    #Nodes 22662
    #Edges 32927
    #Classes 18
    #Ave_degree 2.91
    ----Split statistics------'
    #Train samples 1133 (5.0 % of nodes)
    #Val samples 3399 (15.0 % of nodes)
    #Test samples 18130 (remaining)
    ----label noise information:------
    Instance dependent noise
    #Actual noise rate 0.30
    [cuda:0] Waiting for GPU slot...
    [cuda:0] Slot acquired (waited 281.7s). Training...
    FINAL_RESULT: {'acc': {'train': 0.3848190644307149, 'valid': 0.264783759929391, 'test': 0.3429674572531715}, 'wall_s': 4.53, 'cpu_s': 0.06, 'gpu_s': 4.03, 'wait_s': 281.65}
    [Time] wall=4.5s | cpu=0.1s | gpu=4.0s
    C:\Users\fbrev\Documents\Acadêmico\Simulações\Python\NoisyGL\predictor\Base_Predictor.py:144: UserWarning: Sparse CSR tensor support is in beta state. If you miss a functionality in the sparse tensor support, please submit a feature request to https://github.com/pytorch/pytorch/issues. (Triggered internally at ..\aten\src\ATen\SparseCsrTensorImpl.cpp:55.)
    self.adj_csr = self.adj.to_sparse_csr().to(self.device)
    [CPU] Loading roman-empire...
    DEBUG 3.1: Dataset init start
    DEBUG 3.2: prepare_data start roman-empire
    ----Data statistics------'
    Name: roman-empire
    #Nodes 22662
    #Edges 32927
    #Classes 18
    #Ave_degree 2.91
    ----Split statistics------'
    #Train samples 1133 (5.0 % of nodes)
    #Val samples 3399 (15.0 % of nodes)
    #Test samples 18130 (remaining)
    ----label noise information:------
    Instance dependent noise
    #Actual noise rate 0.30
    [cuda:0] Waiting for GPU slot...
    [cuda:0] Slot acquired (waited 268.4s). Training...
    FINAL_RESULT: {'acc': {'train': 0.37511032656663723, 'valid': 0.2671373933509856, 'test': 0.3423607280750138}, 'wall_s': 3.1, 'cpu_s': 0.13, 'gpu_s': 2.64, 'wait_s': 268.41}
    [Time] wall=3.1s | cpu=0.1s | gpu=2.6s
    C:\Users\fbrev\Documents\Acadêmico\Simulações\Python\NoisyGL\predictor\Base_Predictor.py:144: UserWarning: Sparse CSR tensor support is in beta state. If you miss a functionality in the sparse tensor support, please submit a feature request to https://github.com/pytorch/pytorch/issues. (Triggered internally at ..\aten\src\ATen\SparseCsrTensorImpl.cpp:55.)
    self.adj_csr = self.adj.to_sparse_csr().to(self.device)
    [CPU] Loading roman-empire...
    DEBUG 3.1: Dataset init start
    DEBUG 3.2: prepare_data start roman-empire
    ----Data statistics------'
    Name: roman-empire
    #Nodes 22662
    #Edges 32927
    #Classes 18
    #Ave_degree 2.91
    ----Split statistics------'
    #Train samples 1133 (5.0 % of nodes)
    #Val samples 3399 (15.0 % of nodes)
    #Test samples 18130 (remaining)
    ----label noise information:------
    Instance dependent noise
    #Actual noise rate 0.30
    [cuda:0] Waiting for GPU slot...
    [cuda:0] Slot acquired (waited 222.9s). Training...
    FINAL_RESULT: {'acc': {'train': 0.3389232127096205, 'valid': 0.2494851426890262, 'test': 0.34550468836183124}, 'wall_s': 3.1, 'cpu_s': 0.08, 'gpu_s': 2.76, 'wait_s': 222.87}
    [Time] wall=3.1s | cpu=0.1s | gpu=2.8s
    C:\Users\fbrev\Documents\Acadêmico\Simulações\Python\NoisyGL\predictor\Base_Predictor.py:144: UserWarning: Sparse CSR tensor support is in beta state. If you miss a functionality in the sparse tensor support, please submit a feature request to https://github.com/pytorch/pytorch/issues. (Triggered internally at ..\aten\src\ATen\SparseCsrTensorImpl.cpp:55.)
    self.adj_csr = self.adj.to_sparse_csr().to(self.device)
    [CPU] Loading roman-empire...
    DEBUG 3.1: Dataset init start
    DEBUG 3.2: prepare_data start roman-empire
    ----Data statistics------'
    Name: roman-empire
    #Nodes 22662
    #Edges 32927
    #Classes 18
    #Ave_degree 2.91
    ----Split statistics------'
    #Train samples 1133 (5.0 % of nodes)
    #Val samples 3399 (15.0 % of nodes)
    #Test samples 18130 (remaining)
    ----label noise information:------
    Instance dependent noise
    #Actual noise rate 0.30
    [cuda:0] Waiting for GPU slot...
    [cuda:0] Slot acquired (waited 236.7s). Training...
    FINAL_RESULT: {'acc': {'train': 0.37511032656663723, 'valid': 0.25448661370991466, 'test': 0.33232211803640377}, 'wall_s': 3.21, 'cpu_s': 0.06, 'gpu_s': 2.86, 'wait_s': 236.7}
    [Time] wall=3.2s | cpu=0.1s | gpu=2.9s
    C:\Users\fbrev\Documents\Acadêmico\Simulações\Python\NoisyGL\predictor\Base_Predictor.py:144: UserWarning: Sparse CSR tensor support is in beta state. If you miss a functionality in the sparse tensor support, please submit a feature request to https://github.com/pytorch/pytorch/issues. (Triggered internally at ..\aten\src\ATen\SparseCsrTensorImpl.cpp:55.)
    self.adj_csr = self.adj.to_sparse_csr().to(self.device)
    [CPU] Loading roman-empire...
    DEBUG 3.1: Dataset init start
    DEBUG 3.2: prepare_data start roman-empire
    ----Data statistics------'
    Name: roman-empire
    #Nodes 22662
    #Edges 32927
    #Classes 18
    #Ave_degree 2.91
    ----Split statistics------'
    #Train samples 1133 (5.0 % of nodes)
    #Val samples 3399 (15.0 % of nodes)
    #Test samples 18130 (remaining)
    ----label noise information:------
    Instance dependent noise
    #Actual noise rate 0.30
    [cuda:0] Waiting for GPU slot...
    [cuda:0] Slot acquired (waited 236.1s). Training...
    FINAL_RESULT: {'acc': {'train': 0.3901147396293027, 'valid': 0.26184171815239776, 'test': 0.3501930501930502}, 'wall_s': 3.18, 'cpu_s': 0.06, 'gpu_s': 2.85, 'wait_s': 236.11}
    [Time] wall=3.2s | cpu=0.1s | gpu=2.9s
    C:\Users\fbrev\Documents\Acadêmico\Simulações\Python\NoisyGL\predictor\Base_Predictor.py:144: UserWarning: Sparse CSR tensor support is in beta state. If you miss a functionality in the sparse tensor support, please submit a feature request to https://github.com/pytorch/pytorch/issues. (Triggered internally at ..\aten\src\ATen\SparseCsrTensorImpl.cpp:55.)
    self.adj_csr = self.adj.to_sparse_csr().to(self.device)
    [CPU] Loading roman-empire...
    DEBUG 3.1: Dataset init start
    DEBUG 3.2: prepare_data start roman-empire
    ----Data statistics------'
    Name: roman-empire
    #Nodes 22662
    #Edges 32927
    #Classes 18
    #Ave_degree 2.91
    ----Split statistics------'
    #Train samples 1133 (5.0 % of nodes)
    #Val samples 3399 (15.0 % of nodes)
    #Test samples 18130 (remaining)
    ----label noise information:------
    Instance dependent noise
    #Actual noise rate 0.30
    [cuda:0] Waiting for GPU slot...
    [cuda:0] Slot acquired (waited 238.7s). Training...
    FINAL_RESULT: {'acc': {'train': 0.36363636363636365, 'valid': 0.26654898499558694, 'test': 0.3553226696083839}, 'wall_s': 3.22, 'cpu_s': 0.07, 'gpu_s': 2.85, 'wait_s': 238.7}
    [Time] wall=3.2s | cpu=0.1s | gpu=2.9s
    C:\Users\fbrev\Documents\Acadêmico\Simulações\Python\NoisyGL\predictor\Base_Predictor.py:144: UserWarning: Sparse CSR tensor support is in beta state. If you miss a functionality in the sparse tensor support, please submit a feature request to https://github.com/pytorch/pytorch/issues. (Triggered internally at ..\aten\src\ATen\SparseCsrTensorImpl.cpp:55.)
    self.adj_csr = self.adj.to_sparse_csr().to(self.device)
    [CPU] Loading roman-empire...
    DEBUG 3.1: Dataset init start
    DEBUG 3.2: prepare_data start roman-empire
    ----Data statistics------'
    Name: roman-empire
    #Nodes 22662
    #Edges 32927
    #Classes 18
    #Ave_degree 2.91
    ----Split statistics------'
    #Train samples 1133 (5.0 % of nodes)
    #Val samples 3399 (15.0 % of nodes)
    #Test samples 18130 (remaining)
    ----label noise information:------
    Instance dependent noise
    #Actual noise rate 0.30
    [cuda:0] Waiting for GPU slot...
    [cuda:0] Slot acquired (waited 251.1s). Training...
    FINAL_RESULT: {'acc': {'train': 0.3954104148278906, 'valid': 0.2727272727272727, 'test': 0.3506894649751793}, 'wall_s': 3.2, 'cpu_s': 0.07, 'gpu_s': 2.86, 'wait_s': 251.06}
    [Time] wall=3.2s | cpu=0.1s | gpu=2.9s
    C:\Users\fbrev\Documents\Acadêmico\Simulações\Python\NoisyGL\predictor\Base_Predictor.py:144: UserWarning: Sparse CSR tensor support is in beta state. If you miss a functionality in the sparse tensor support, please submit a feature request to https://github.com/pytorch/pytorch/issues. (Triggered internally at ..\aten\src\ATen\SparseCsrTensorImpl.cpp:55.)
    self.adj_csr = self.adj.to_sparse_csr().to(self.device)
    [CPU] Loading roman-empire...
    DEBUG 3.1: Dataset init start
    DEBUG 3.2: prepare_data start roman-empire
    ----Data statistics------'
    Name: roman-empire
    #Nodes 22662
    #Edges 32927
    #Classes 18
    #Ave_degree 2.91
    ----Split statistics------'
    #Train samples 1133 (5.0 % of nodes)
    #Val samples 3399 (15.0 % of nodes)
    #Test samples 18130 (remaining)
    ----label noise information:------
    Instance dependent noise
    #Actual noise rate 0.30
    [cuda:0] Waiting for GPU slot...
    [cuda:0] Slot acquired (waited 229.5s). Training...
    FINAL_RESULT: {'acc': {'train': 0.3715798764342454, 'valid': 0.2644895557516917, 'test': 0.3360176503033646}, 'wall_s': 2.92, 'cpu_s': 0.07, 'gpu_s': 2.62, 'wait_s': 229.45}
    [Time] wall=2.9s | cpu=0.1s | gpu=2.6s
    C:\Users\fbrev\Documents\Acadêmico\Simulações\Python\NoisyGL\predictor\Base_Predictor.py:144: UserWarning: Sparse CSR tensor support is in beta state. If you miss a functionality in the sparse tensor support, please submit a feature request to https://github.com/pytorch/pytorch/issues. (Triggered internally at ..\aten\src\ATen\SparseCsrTensorImpl.cpp:55.)
    self.adj_csr = self.adj.to_sparse_csr().to(self.device)
  [Retest] Candidate 3 Avg: 0.3447

[Phase 2] Starting final evaluation with 10 seeds (3000-3009)...
    [CPU] Loading roman-empire...
    DEBUG 3.1: Dataset init start
    DEBUG 3.2: prepare_data start roman-empire
    ----Data statistics------'
    Name: roman-empire
    #Nodes 22662
    #Edges 32927
    #Classes 18
    #Ave_degree 2.91
    ----Split statistics------'
    #Train samples 1133 (5.0 % of nodes)
    #Val samples 3399 (15.0 % of nodes)
    #Test samples 18130 (remaining)
    ----label noise information:------
    Instance dependent noise
    #Actual noise rate 0.30
    [cuda:0] Waiting for GPU slot...
    [cuda:0] Slot acquired (waited 219.5s). Training...
    FINAL_RESULT: {'acc': {'train': 0.383053839364519, 'valid': 0.274786701971168, 'test': 0.36403750689464975}, 'wall_s': 2.85, 'cpu_s': 0.07, 'gpu_s': 2.52, 'wait_s': 219.49}
    [Time] wall=2.8s | cpu=0.1s | gpu=2.5s
    C:\Users\fbrev\Documents\Acadêmico\Simulações\Python\NoisyGL\predictor\Base_Predictor.py:144: UserWarning: Sparse CSR tensor support is in beta state. If you miss a functionality in the sparse tensor support, please submit a feature request to https://github.com/pytorch/pytorch/issues. (Triggered internally at ..\aten\src\ATen\SparseCsrTensorImpl.cpp:55.)
    self.adj_csr = self.adj.to_sparse_csr().to(self.device)
    [CPU] Loading roman-empire...
    DEBUG 3.1: Dataset init start
    DEBUG 3.2: prepare_data start roman-empire
    ----Data statistics------'
    Name: roman-empire
    #Nodes 22662
    #Edges 32927
    #Classes 18
    #Ave_degree 2.91
    ----Split statistics------'
    #Train samples 1133 (5.0 % of nodes)
    #Val samples 3399 (15.0 % of nodes)
    #Test samples 18130 (remaining)
    ----label noise information:------
    Instance dependent noise
    #Actual noise rate 0.30
    [cuda:0] Waiting for GPU slot...
    [cuda:0] Slot acquired (waited 228.7s). Training...
    FINAL_RESULT: {'acc': {'train': 0.35834068843777583, 'valid': 0.2627243306854957, 'test': 0.3539988968560397}, 'wall_s': 2.98, 'cpu_s': 0.07, 'gpu_s': 2.67, 'wait_s': 228.69}
    [Time] wall=3.0s | cpu=0.1s | gpu=2.7s
    C:\Users\fbrev\Documents\Acadêmico\Simulações\Python\NoisyGL\predictor\Base_Predictor.py:144: UserWarning: Sparse CSR tensor support is in beta state. If you miss a functionality in the sparse tensor support, please submit a feature request to https://github.com/pytorch/pytorch/issues. (Triggered internally at ..\aten\src\ATen\SparseCsrTensorImpl.cpp:55.)
    self.adj_csr = self.adj.to_sparse_csr().to(self.device)
    [CPU] Loading roman-empire...
    DEBUG 3.1: Dataset init start
    DEBUG 3.2: prepare_data start roman-empire
    ----Data statistics------'
    Name: roman-empire
    #Nodes 22662
    #Edges 32927
    #Classes 18
    #Ave_degree 2.91
    ----Split statistics------'
    #Train samples 1133 (5.0 % of nodes)
    #Val samples 3399 (15.0 % of nodes)
    #Test samples 18130 (remaining)
    ----label noise information:------
    Instance dependent noise
    #Actual noise rate 0.30
    [cuda:0] Waiting for GPU slot...
    [cuda:0] Slot acquired (waited 230.6s). Training...
    FINAL_RESULT: {'acc': {'train': 0.3662842012356575, 'valid': 0.24389526331273903, 'test': 0.3410369553226696}, 'wall_s': 3.02, 'cpu_s': 0.06, 'gpu_s': 2.69, 'wait_s': 230.62}
    [Time] wall=3.0s | cpu=0.1s | gpu=2.7s
    C:\Users\fbrev\Documents\Acadêmico\Simulações\Python\NoisyGL\predictor\Base_Predictor.py:144: UserWarning: Sparse CSR tensor support is in beta state. If you miss a functionality in the sparse tensor support, please submit a feature request to https://github.com/pytorch/pytorch/issues. (Triggered internally at ..\aten\src\ATen\SparseCsrTensorImpl.cpp:55.)
    self.adj_csr = self.adj.to_sparse_csr().to(self.device)
    [CPU] Loading roman-empire...
    DEBUG 3.1: Dataset init start
    DEBUG 3.2: prepare_data start roman-empire
    ----Data statistics------'
    Name: roman-empire
    #Nodes 22662
    #Edges 32927
    #Classes 18
    #Ave_degree 2.91
    ----Split statistics------'
    #Train samples 1133 (5.0 % of nodes)
    #Val samples 3399 (15.0 % of nodes)
    #Test samples 18130 (remaining)
    ----label noise information:------
    Instance dependent noise
    #Actual noise rate 0.30
    [cuda:0] Waiting for GPU slot...
    [cuda:0] Slot acquired (waited 227.4s). Training...
    FINAL_RESULT: {'acc': {'train': 0.36187113857016767, 'valid': 0.2715504560164754, 'test': 0.3590182018753447}, 'wall_s': 3.04, 'cpu_s': 0.06, 'gpu_s': 2.7, 'wait_s': 227.41}
    [Time] wall=3.0s | cpu=0.1s | gpu=2.7s
    C:\Users\fbrev\Documents\Acadêmico\Simulações\Python\NoisyGL\predictor\Base_Predictor.py:144: UserWarning: Sparse CSR tensor support is in beta state. If you miss a functionality in the sparse tensor support, please submit a feature request to https://github.com/pytorch/pytorch/issues. (Triggered internally at ..\aten\src\ATen\SparseCsrTensorImpl.cpp:55.)
    self.adj_csr = self.adj.to_sparse_csr().to(self.device)
    [CPU] Loading roman-empire...
    DEBUG 3.1: Dataset init start
    DEBUG 3.2: prepare_data start roman-empire
    ----Data statistics------'
    Name: roman-empire
    #Nodes 22662
    #Edges 32927
    #Classes 18
    #Ave_degree 2.91
    ----Split statistics------'
    #Train samples 1133 (5.0 % of nodes)
    #Val samples 3399 (15.0 % of nodes)
    #Test samples 18130 (remaining)
    ----label noise information:------
    Instance dependent noise
    #Actual noise rate 0.31
    [cuda:0] Waiting for GPU slot...
    [cuda:0] Slot acquired (waited 230.5s). Training...
    FINAL_RESULT: {'acc': {'train': 0.3786407766990291, 'valid': 0.25536922624301267, 'test': 0.3457253171538886}, 'wall_s': 2.89, 'cpu_s': 0.06, 'gpu_s': 2.56, 'wait_s': 230.52}
    [Time] wall=2.9s | cpu=0.1s | gpu=2.6s
    C:\Users\fbrev\Documents\Acadêmico\Simulações\Python\NoisyGL\predictor\Base_Predictor.py:144: UserWarning: Sparse CSR tensor support is in beta state. If you miss a functionality in the sparse tensor support, please submit a feature request to https://github.com/pytorch/pytorch/issues. (Triggered internally at ..\aten\src\ATen\SparseCsrTensorImpl.cpp:55.)
    self.adj_csr = self.adj.to_sparse_csr().to(self.device)
    [CPU] Loading roman-empire...
    DEBUG 3.1: Dataset init start
    DEBUG 3.2: prepare_data start roman-empire
    ----Data statistics------'
    Name: roman-empire
    #Nodes 22662
    #Edges 32927
    #Classes 18
    #Ave_degree 2.91
    ----Split statistics------'
    #Train samples 1133 (5.0 % of nodes)
    #Val samples 3399 (15.0 % of nodes)
    #Test samples 18130 (remaining)
    ----label noise information:------
    Instance dependent noise
    #Actual noise rate 0.30
    [cuda:0] Waiting for GPU slot...
    [cuda:0] Slot acquired (waited 228.3s). Training...
    FINAL_RESULT: {'acc': {'train': 0.35127978817299205, 'valid': 0.26037069726390116, 'test': 0.34401544401544404}, 'wall_s': 3.2, 'cpu_s': 0.06, 'gpu_s': 2.85, 'wait_s': 228.33}
    [Time] wall=3.2s | cpu=0.1s | gpu=2.8s
    C:\Users\fbrev\Documents\Acadêmico\Simulações\Python\NoisyGL\predictor\Base_Predictor.py:144: UserWarning: Sparse CSR tensor support is in beta state. If you miss a functionality in the sparse tensor support, please submit a feature request to https://github.com/pytorch/pytorch/issues. (Triggered internally at ..\aten\src\ATen\SparseCsrTensorImpl.cpp:55.)
    self.adj_csr = self.adj.to_sparse_csr().to(self.device)
    [CPU] Loading roman-empire...
    DEBUG 3.1: Dataset init start
    DEBUG 3.2: prepare_data start roman-empire
    ----Data statistics------'
    Name: roman-empire
    #Nodes 22662
    #Edges 32927
    #Classes 18
    #Ave_degree 2.91
    ----Split statistics------'
    #Train samples 1133 (5.0 % of nodes)
    #Val samples 3399 (15.0 % of nodes)
    #Test samples 18130 (remaining)
    ----label noise information:------
    Instance dependent noise
    #Actual noise rate 0.31
    [cuda:0] Waiting for GPU slot...
    [cuda:0] Slot acquired (waited 239.4s). Training...
    FINAL_RESULT: {'acc': {'train': 0.35834068843777583, 'valid': 0.26184171815239776, 'test': 0.355984555984556}, 'wall_s': 3.01, 'cpu_s': 0.07, 'gpu_s': 2.68, 'wait_s': 239.38}
    [Time] wall=3.0s | cpu=0.1s | gpu=2.7s
    C:\Users\fbrev\Documents\Acadêmico\Simulações\Python\NoisyGL\predictor\Base_Predictor.py:144: UserWarning: Sparse CSR tensor support is in beta state. If you miss a functionality in the sparse tensor support, please submit a feature request to https://github.com/pytorch/pytorch/issues. (Triggered internally at ..\aten\src\ATen\SparseCsrTensorImpl.cpp:55.)
    self.adj_csr = self.adj.to_sparse_csr().to(self.device)
    [CPU] Loading roman-empire...
    DEBUG 3.1: Dataset init start
    DEBUG 3.2: prepare_data start roman-empire
    ----Data statistics------'
    Name: roman-empire
    #Nodes 22662
    #Edges 32927
    #Classes 18
    #Ave_degree 2.91
    ----Split statistics------'
    #Train samples 1133 (5.0 % of nodes)
    #Val samples 3399 (15.0 % of nodes)
    #Test samples 18130 (remaining)
    ----label noise information:------
    Instance dependent noise
    #Actual noise rate 0.30
    [cuda:0] Waiting for GPU slot...
    [cuda:0] Slot acquired (waited 798.9s). Training...
    FINAL_RESULT: {'acc': {'train': 0.3715798764342454, 'valid': 0.26184171815239776, 'test': 0.34451185879757307}, 'wall_s': 3.5, 'cpu_s': 0.05, 'gpu_s': 3.13, 'wait_s': 798.87}
    [Time] wall=3.5s | cpu=0.1s | gpu=3.1s
    C:\Users\fbrev\Documents\Acadêmico\Simulações\Python\NoisyGL\predictor\Base_Predictor.py:144: UserWarning: Sparse CSR tensor support is in beta state. If you miss a functionality in the sparse tensor support, please submit a feature request to https://github.com/pytorch/pytorch/issues. (Triggered internally at ..\aten\src\ATen\SparseCsrTensorImpl.cpp:55.)
    self.adj_csr = self.adj.to_sparse_csr().to(self.device)
    [CPU] Loading roman-empire...
    DEBUG 3.1: Dataset init start
    DEBUG 3.2: prepare_data start roman-empire
    ----Data statistics------'
    Name: roman-empire
    #Nodes 22662
    #Edges 32927
    #Classes 18
    #Ave_degree 2.91
    ----Split statistics------'
    #Train samples 1133 (5.0 % of nodes)
    #Val samples 3399 (15.0 % of nodes)
    #Test samples 18130 (remaining)
    ----label noise information:------
    Instance dependent noise
    #Actual noise rate 0.30
    [cuda:0] Waiting for GPU slot...
    [cuda:0] Slot acquired (waited 458.6s). Training...
    FINAL_RESULT: {'acc': {'train': 0.3715798764342454, 'valid': 0.2588996763754045, 'test': 0.3523441809156095}, 'wall_s': 3.14, 'cpu_s': 0.06, 'gpu_s': 2.82, 'wait_s': 458.64}
    [Time] wall=3.1s | cpu=0.1s | gpu=2.8s
    C:\Users\fbrev\Documents\Acadêmico\Simulações\Python\NoisyGL\predictor\Base_Predictor.py:144: UserWarning: Sparse CSR tensor support is in beta state. If you miss a functionality in the sparse tensor support, please submit a feature request to https://github.com/pytorch/pytorch/issues. (Triggered internally at ..\aten\src\ATen\SparseCsrTensorImpl.cpp:55.)
    self.adj_csr = self.adj.to_sparse_csr().to(self.device)
    [CPU] Loading roman-empire...
    DEBUG 3.1: Dataset init start
    DEBUG 3.2: prepare_data start roman-empire
    ----Data statistics------'
    Name: roman-empire
    #Nodes 22662
    #Edges 32927
    #Classes 18
    #Ave_degree 2.91
    ----Split statistics------'
    #Train samples 1133 (5.0 % of nodes)
    #Val samples 3399 (15.0 % of nodes)
    #Test samples 18130 (remaining)
    ----label noise information:------
    Instance dependent noise
    #Actual noise rate 0.30
    [cuda:0] Waiting for GPU slot...
    [cuda:0] Slot acquired (waited 226.1s). Training...

[FINAL] gcn_roman-empire_instance_0.3 | 0.3512 ± 0.0074
