"timestamp","method","dataset","noise_rate","acc","wall_s","pcc_cpu_s","gcn_gpu_s"
"2026-04-22 08:55:13","nrgnn","amazon-ratings","0.2","0.382751","213.68","0.0","0.0"
"2026-04-22 08:55:21","gcn","amazon-ratings","0.5","0.354223","224.34","0.0","0.0"
"2026-04-22 08:58:08","nrgnn","amazon-ratings","0.2","0.370401","170.01","0.0","0.0"
"2026-04-22 08:58:16","gcn","amazon-ratings","0.1","0.395764","405.57","0.0","0.0"
"2026-04-22 09:01:16","nrgnn","amazon-ratings","0.4","0.367747","573.11","0.0","0.0"
"2026-04-22 09:04:35","nrgnn","amazon-ratings","0.2","0.36841","381.71","0.0","0.0"
"2026-04-22 09:04:43","gcn","amazon-ratings","0.3","0.387344","789.14","0.0","0.0"
"2026-04-22 09:05:23","gcn","amazon-ratings","0.1","0.343302","420.64","0.0","0.0"
"2026-04-22 09:05:28","gcn","amazon-ratings","0.5","0.336668","600.28","0.0","0.0"
"2026-04-22 09:08:37","nrgnn","amazon-ratings","0.4","0.350191","434.29","0.0","0.0"
"2026-04-22 09:19:47","nrgnn","amazon-ratings","0.2","0.383465","194.48","0.03","188.14"
"2026-04-22 09:19:55","gcn","amazon-ratings","0.5","0.353917","8.26","0.03","8.05"
"2026-04-22 09:22:55","nrgnn","amazon-ratings","0.2","0.367032","180.0","0.03","173.56"
"2026-04-22 09:23:04","gcn","amazon-ratings","0.3","0.387344","9.06","0.03","8.88"
"2026-04-22 09:25:59","gcn","amazon-ratings","0.3","0.387344","8.5","0.16","8.3"
"2026-04-22 09:26:13","gcn","amazon-ratings","0.3","0.349171","5.46","0.21","5.19"
"2026-04-22 09:28:57","pignn","amazon-ratings","0.3","0.368819","163.61","0.29","163.25"
"2026-04-22 09:32:08","nrgnn","amazon-ratings","0.2","0.383976","205.4","17.1","188.26"
"2026-04-22 09:37:49","pignn","roman-empire","0.4","0.110039","201.91","0.3","201.5"
"2026-04-22 09:38:09","gcn","amazon-ratings","0.5","0.344271","19.56","0.25","19.24"
"2026-04-22 09:39:35","gcn","amazon-ratings","0.1","0.395509","22.62","0.2","22.34"
"2026-04-22 09:39:57","gcn","amazon-ratings","0.5","0.354223","21.92","0.19","21.66"
"2026-04-22 09:42:02","gcn","roman-empire","0.2","0.270436","23.08","0.23","22.79"
"2026-04-22 09:44:49","gcn","amazon-ratings","0.1","0.395764","10.69","0.18","10.44"
"2026-04-22 09:45:03","gcn","amazon-ratings","0.3","0.387344","13.81","0.17","13.58"
"2026-04-22 09:45:09","gcn","amazon-ratings","0.1","0.343302","5.77","0.17","5.54"
"2026-04-22 09:48:03","nrgnn","amazon-ratings","0.4","0.356877","195.8","21.79","173.95"
"2026-04-22 09:50:38","pignn","amazon-ratings","0.1","0.368512","155.65","0.21","155.38"
2026-04-22 09:53:29,gcn,amazon-ratings,0.1,0.395764,10.93,0.03,10.71
2026-04-22 09:53:42,gcn,amazon-ratings,0.5,0.353917,13.04,0.04,12.8
2026-04-22 09:54:22,lnpcc,amazon-ratings,0.1,0.393315,67.58,58.28,9.26
2026-04-22 09:54:24,lnpcc,amazon-ratings,0.2,0.398367,69.33,58.12,11.11
2026-04-22 09:54:31,lnpcc,amazon-ratings,0.5,0.340189,73.75,58.6,9.03
2026-04-22 09:54:35,lnpcc,amazon-ratings,0.4,0.373412,78.79,61.8,10.91
2026-04-22 09:54:41,lnpcc,amazon-ratings,0.3,0.381679,84.95,62.51,9.38
2026-04-22 09:55:10,lnpcc,amazon-ratings,0.1,0.369992,41.27,38.07,3.16
2026-04-22 09:55:12,lnpcc,amazon-ratings,0.2,0.370043,41.52,37.4,4.07
2026-04-22 09:55:23,lnpcc,amazon-ratings,0.5,0.36346,45.37,42.32,3.0
2026-04-22 09:55:25,lnpcc,amazon-ratings,0.4,0.369227,43.39,39.49,3.86
2026-04-22 09:55:28,lnpcc,amazon-ratings,0.3,0.370043,40.27,37.19,3.04
2026-04-22 09:56:50,pignn,amazon-ratings,0.1,0.368512,188.52,0.04,188.25
2026-04-22 09:56:55,gcn,amazon-ratings,0.5,0.336668,5.33,0.03,5.13
2026-04-22 10:00:46,nrgnn,amazon-ratings,0.2,0.383771,255.2,0.04,230.87
2026-04-22 10:00:51,gcn,amazon-ratings,0.1,0.343302,5.36,0.04,5.11
2026-04-22 10:01:02,gcn,amazon-ratings,0.3,0.387344,10.44,0.04,10.22
2026-04-22 10:01:05,gcn,amazon-ratings,0.5,0.364481,3.15,0.05,2.89
2026-04-22 10:01:54,lnpcc,amazon-ratings,0.2,0.385762,395.79,388.98,6.76
2026-04-22 10:02:37,lnpcc,amazon-ratings,0.1,0.38668,440.53,435.14,5.34
2026-04-22 10:02:43,lnpcc,amazon-ratings,0.2,0.386221,41.39,30.6,10.74
2026-04-22 10:03:27,lnpcc,amazon-ratings,0.1,0.391018,42.67,33.27,9.35
2026-04-22 10:03:29,lnpcc,amazon-ratings,0.4,0.352539,477.02,470.3,6.68
2026-04-22 10:03:33,lnpcc,amazon-ratings,0.2,0.369431,43.35,33.51,3.78
2026-04-22 10:03:33,lnpcc,amazon-ratings,0.5,0.362797,483.85,478.35,5.46
2026-04-22 10:04:03,lnpcc,amazon-ratings,0.3,0.36642,508.99,503.52,5.41
2026-04-22 10:04:07,lnpcc,amazon-ratings,0.1,0.369941,33.21,30.18,2.97
2026-04-22 10:04:12,pignn,amazon-ratings,0.1,0.36841,188.03,0.04,187.78
2026-04-22 10:04:17,lnpcc,amazon-ratings,0.4,0.359939,41.99,31.43,10.51
2026-04-22 10:04:21,lnpcc,amazon-ratings,0.5,0.356468,41.63,32.24,9.35
2026-04-22 10:04:44,lnpcc,amazon-ratings,0.2,0.392243,64.67,54.22,10.4
2026-04-22 10:04:52,lnpcc,amazon-ratings,0.3,0.380097,42.14,32.72,9.37
2026-04-22 10:04:57,lnpcc,amazon-ratings,0.4,0.36887,33.41,29.42,3.95
2026-04-22 10:04:59,lnpcc,amazon-ratings,0.5,0.368461,31.58,28.47,3.06
2026-04-22 10:05:24,lnpcc,amazon-ratings,0.2,0.366471,33.54,26.81,6.69
2026-04-22 10:05:26,lnpcc,amazon-ratings,0.1,0.395458,72.28,62.92,9.31
2026-04-22 10:05:33,lnpcc,amazon-ratings,0.3,0.369941,33.55,30.65,2.85
2026-04-22 10:06:04,lnpcc,amazon-ratings,0.1,0.366114,31.67,26.28,5.33
2026-04-22 10:06:07,lnpcc,amazon-ratings,0.4,0.376729,63.42,52.95,10.42
2026-04-22 10:06:13,lnpcc,amazon-ratings,0.2,0.389793,42.72,39.43,3.25
2026-04-22 10:06:14,lnpcc,amazon-ratings,0.5,0.326002,68.34,54.97,9.32
2026-04-22 10:06:45,lnpcc,amazon-ratings,0.3,0.395458,66.05,56.75,9.25
2026-04-22 10:06:49,lnpcc,amazon-ratings,0.4,0.363817,34.06,27.49,6.52
2026-04-22 10:06:54,lnpcc,amazon-ratings,0.5,0.341465,33.26,27.77,5.44
2026-04-22 10:06:57,lnpcc,amazon-ratings,0.1,0.394846,46.03,39.3,2.66
2026-04-22 10:07:23,lnpcc,amazon-ratings,0.3,0.37382,31.14,25.64,5.45
2026-04-22 10:07:37,lnpcc,amazon-ratings,0.4,0.375045,41.72,38.49,3.19
2026-04-22 10:07:40,lnpcc,amazon-ratings,0.5,0.344833,39.12,36.25,2.82
2026-04-22 10:08:03,nrgnn,amazon-ratings,0.4,0.368104,254.06,0.04,230.51
2026-04-22 10:08:08,gcn,amazon-ratings,0.3,0.349171,5.31,0.05,5.04
2026-04-22 10:08:08,lnpcc,amazon-ratings,0.3,0.379025,38.44,35.75,2.65
2026-04-22 10:08:46,lnpcc,amazon-ratings,0.2,0.392192,146.53,140.39,6.1
2026-04-22 10:09:38,lnpcc,amazon-ratings,0.1,0.393876,154.39,148.7,5.65
2026-04-22 10:09:40,lnpcc,amazon-ratings,0.2,0.368512,45.9,39.48,6.37
2026-04-22 10:10:20,lnpcc,amazon-ratings,0.5,0.331309,153.73,148.09,5.6
2026-04-22 10:10:34,lnpcc,amazon-ratings,0.1,0.368512,48.88,40.5,8.34
2026-04-22 10:10:38,lnpcc,amazon-ratings,0.4,0.366522,174.3,168.43,5.82
2026-04-22 10:10:39,lnpcc,amazon-ratings,0.3,0.389181,143.74,134.3,5.37
2026-04-22 10:10:59,lnpcc,amazon-ratings,0.2,0.390304,71.89,68.82,3.02
2026-04-22 10:11:10,lnpcc,amazon-ratings,0.5,0.368512,39.01,33.7,5.26
2026-04-22 10:11:22,lnpcc,amazon-ratings,0.3,0.368512,35.69,30.41,5.24
2026-04-22 10:11:27,lnpcc,amazon-ratings,0.4,0.368512,41.35,35.03,6.27
2026-04-22 10:11:43,lnpcc,amazon-ratings,0.5,0.368512,26.63,23.11,3.47
2026-04-22 10:11:54,nrgnn,amazon-ratings,0.2,0.373718,245.64,0.05,226.44
2026-04-22 10:11:56,lnpcc,amazon-ratings,0.1,0.391631,75.22,72.26,2.91
2026-04-22 10:12:03,gcn,amazon-ratings,0.5,0.368512,9.06,0.04,8.79
2026-04-22 10:12:06,gcn,amazon-ratings,0.3,0.370145,3.08,0.05,2.81
2026-04-22 10:12:18,lnpcc,amazon-ratings,0.5,0.368512,28.53,24.89,3.6
2026-04-22 10:12:24,lnpcc,amazon-ratings,0.2,0.387752,79.17,66.92,12.2
2026-04-22 10:12:30,lnpcc,amazon-ratings,0.3,0.37234,61.2,58.51,2.64
2026-04-22 10:12:54,lnpcc,amazon-ratings,0.5,0.368512,29.73,26.13,3.54
2026-04-22 10:12:55,lnpcc,amazon-ratings,0.4,0.375402,82.48,79.02,3.41
2026-04-22 10:13:00,lnpcc,amazon-ratings,0.1,0.393366,56.65,54.04,2.57
2026-04-22 10:13:47,lnpcc,amazon-ratings,0.5,0.369584,45.54,42.01,3.48
2026-04-22 10:13:52,lnpcc,amazon-ratings,0.2,0.381373,81.12,70.44,10.63
2026-04-22 10:14:08,lnpcc,amazon-ratings,0.1,0.392039,61.78,59.11,2.63
2026-04-22 10:14:20,lnpcc,amazon-ratings,0.4,0.373105,77.89,74.66,3.18
2026-04-22 10:14:39,lnpcc,amazon-ratings,0.5,0.368614,46.18,43.36,2.78
2026-04-22 10:15:05,lnpcc,amazon-ratings,0.1,0.390151,50.54,45.23,5.26
2026-04-22 10:15:12,lnpcc,amazon-ratings,0.2,0.368563,73.91,63.44,10.43
2026-04-22 10:15:12,pignn,amazon-ratings,0.1,0.362746,186.66,0.05,186.43
2026-04-22 10:15:29,lnpcc,amazon-ratings,0.4,0.36443,62.05,58.96,3.04
2026-04-22 10:15:36,lnpcc,amazon-ratings,0.1,0.368512,24.45,21.74,2.66
2026-04-22 10:15:41,lnpcc,amazon-ratings,0.5,0.380148,55.13,52.63,2.46
2026-04-22 10:16:28,lnpcc,amazon-ratings,0.2,0.381475,69.3,63.48,5.77
2026-04-22 10:16:32,lnpcc,amazon-ratings,0.3,0.380097,235.79,230.5,5.24
2026-04-22 10:16:34,lnpcc,amazon-ratings,0.4,0.294718,59.02,53.3,5.68
2026-04-22 10:16:39,lnpcc,amazon-ratings,0.5,0.38025,52.07,49.64,2.38
2026-04-22 10:16:50,lnpcc,amazon-ratings,0.1,0.391988,67.35,62.14,5.16
2026-04-22 10:17:21,lnpcc,amazon-ratings,0.2,0.395866,45.99,36.14,9.8
2026-04-22 10:17:36,lnpcc,amazon-ratings,0.5,0.362082,51.34,48.76,2.52
2026-04-22 10:18:06,lnpcc,amazon-ratings,0.4,0.377035,85.55,82.27,3.23
2026-04-22 10:18:22,lnpcc,amazon-ratings,0.2,0.385302,54.79,44.97,9.78
2026-04-22 10:18:37,lnpcc,amazon-ratings,0.3,0.386068,117.44,112.15,5.23
2026-04-22 10:18:48,nrgnn,amazon-ratings,0.4,0.358051,229.29,0.05,215.2
2026-04-22 10:18:50,gcn,amazon-ratings,0.5,0.352998,2.61,0.05,2.37
2026-04-22 10:19:12,lnpcc,amazon-ratings,0.1,0.391426,62.7,60.03,2.62
2026-04-22 10:19:34,lnpcc,amazon-ratings,0.5,0.377698,111.08,108.51,2.52
2026-04-22 10:19:37,lnpcc,amazon-ratings,0.2,0.39755,68.49,64.63,3.81
2026-04-22 10:19:45,lnpcc,amazon-ratings,0.1,0.387803,26.35,23.48,2.82
2026-04-22 10:19:48,lnpcc,amazon-ratings,0.4,0.376933,95.76,92.36,3.35
2026-04-22 10:20:33,lnpcc,amazon-ratings,0.3,0.380199,109.7,104.32,5.33
2026-04-22 10:20:44,lnpcc,amazon-ratings,0.5,0.380811,63.78,61.04,2.69
2026-04-22 10:20:55,lnpcc,amazon-ratings,0.1,0.360296,63.65,58.37,5.22
2026-04-22 10:20:59,lnpcc,amazon-ratings,0.2,0.383363,75.08,71.94,3.09
2026-04-22 10:21:32,lnpcc,amazon-ratings,0.4,0.376882,97.34,93.85,3.44
2026-04-22 10:21:32,lnpcc,amazon-ratings,0.3,0.368512,52.77,47.41,5.31
2026-04-22 10:21:53,lnpcc,amazon-ratings,0.1,0.394182,51.04,47.49,3.5
2026-04-22 10:21:55,pignn,amazon-ratings,0.1,0.368512,184.85,0.04,184.62
2026-04-22 10:21:55,lnpcc,amazon-ratings,0.5,0.379638,64.47,59.76,2.65
2026-04-22 10:22:03,gcn,amazon-ratings,0.3,0.368512,8.79,0.04,8.5
2026-04-22 10:22:24,lnpcc,amazon-ratings,0.2,0.396224,79.35,75.37,3.95
2026-04-22 10:22:56,lnpcc,amazon-ratings,0.1,0.391988,56.43,53.63,2.75
2026-04-22 10:23:00,lnpcc,amazon-ratings,0.5,0.365195,57.53,51.67,2.79
2026-04-22 10:23:17,lnpcc,amazon-ratings,0.2,0.390865,46.05,41.8,4.21
2026-04-22 10:23:26,lnpcc,amazon-ratings,0.3,0.371727,107.81,101.95,5.82
2026-04-22 10:23:28,lnpcc,amazon-ratings,0.4,0.376474,109.54,105.95,3.55
2026-04-22 10:24:10,lnpcc,amazon-ratings,0.1,0.393264,66.93,63.0,3.88
2026-04-22 10:24:28,lnpcc,amazon-ratings,0.5,0.379638,81.05,78.12,2.88
2026-04-22 10:24:49,lnpcc,amazon-ratings,0.2,0.397448,81.68,77.62,4.02
2026-04-22 10:25:12,lnpcc,amazon-ratings,0.1,0.396019,54.77,50.87,3.84
2026-04-22 10:25:31,lnpcc,amazon-ratings,0.3,0.371779,116.78,111.15,5.58
2026-04-22 10:25:41,lnpcc,amazon-ratings,0.5,0.378821,65.11,62.33,2.72
2026-04-22 10:25:55,nrgnn,amazon-ratings,0.2,0.368717,251.05,0.05,231.28
2026-04-22 10:26:07,lnpcc,amazon-ratings,0.1,0.394846,47.98,43.81,4.1
2026-04-22 10:26:14,lnpcc,amazon-ratings,0.2,0.393008,76.51,71.76,4.7
2026-04-22 10:26:42,lnpcc,amazon-ratings,0.5,0.368257,54.34,51.37,2.92
2026-04-22 10:27:00,lnpcc,amazon-ratings,0.3,0.395662,81.27,77.95,3.27
2026-04-22 10:27:04,lnpcc,amazon-ratings,0.1,0.368512,49.39,45.6,3.74
2026-04-22 10:27:33,lnpcc,amazon-ratings,0.2,0.397601,72.7,68.75,3.91
2026-04-22 10:28:53,gcn,amazon-ratings,0.1,0.395764,10.86,0.04,10.49
2026-04-22 10:28:54,gcn,amazon-ratings,0.2,0.393927,11.46,0.04,11.22
2026-04-22 10:29:06,gcn,amazon-ratings,0.5,0.339883,12.95,0.04,12.69
2026-04-22 10:29:07,gcn,amazon-ratings,0.4,0.378821,12.95,0.05,12.71
2026-04-22 10:29:14,gcn,amazon-ratings,0.2,0.354274,6.97,0.05,6.71
2026-04-22 10:29:53,lnpcc,amazon-ratings,0.1,0.393315,74.47,63.63,10.79
2026-04-22 10:29:53,lnpcc,amazon-ratings,0.2,0.398367,74.61,63.75,10.82
2026-04-22 10:30:05,lnpcc,amazon-ratings,0.5,0.340189,83.29,63.27,10.95
2026-04-22 10:30:05,lnpcc,amazon-ratings,0.4,0.373514,84.15,66.21,10.81
2026-04-22 10:30:16,lnpcc,amazon-ratings,0.3,0.38173,96.34,67.28,11.0
2026-04-22 10:30:47,lnpcc,amazon-ratings,0.1,0.369992,47.25,43.73,3.47
2026-04-22 10:30:49,lnpcc,amazon-ratings,0.2,0.370043,47.08,42.95,4.07
2026-04-22 10:31:01,lnpcc,amazon-ratings,0.4,0.369227,49.19,45.42,3.72
2026-04-22 10:31:04,lnpcc,amazon-ratings,0.5,0.36346,51.75,48.43,3.27
2026-04-22 10:31:08,lnpcc,amazon-ratings,0.3,0.370043,44.95,41.75,3.15
2026-04-22 10:32:25,pignn,amazon-ratings,0.1,0.368512,200.17,0.04,199.88
2026-04-22 10:33:21,nrgnn,amazon-ratings,0.1,0.388415,273.48,0.04,247.21
2026-04-22 10:33:27,gcn,amazon-ratings,0.4,0.348609,5.79,0.04,5.59
2026-04-22 10:36:36,nrgnn,amazon-ratings,0.4,0.35208,275.95,0.05,250.11
2026-04-22 10:36:44,gcn,amazon-ratings,0.3,0.387344,9.12,0.04,8.88
2026-04-22 10:37:40,nrgnn,amazon-ratings,0.5,0.322327,279.1,0.05,252.91
2026-04-22 10:37:42,gcn,amazon-ratings,0.2,0.371013,2.88,0.05,2.67
2026-04-22 10:37:45,gcn,amazon-ratings,0.4,0.367747,3.01,0.05,2.77
2026-04-22 10:39:12,lnpcc,amazon-ratings,0.2,0.385762,497.14,490.4,6.68
2026-04-22 10:40:06,pignn,amazon-ratings,0.1,0.36841,201.96,0.05,201.68
2026-04-22 10:40:06,lnpcc,amazon-ratings,0.2,0.38617,46.73,35.91,10.76
2026-04-22 10:40:06,lnpcc,amazon-ratings,0.1,0.38668,551.42,545.48,5.89
2026-04-22 10:40:11,gcn,amazon-ratings,0.5,0.336668,5.33,0.04,5.11
2026-04-22 10:40:16,gcn,amazon-ratings,0.3,0.349171,5.36,0.04,5.14
2026-04-22 10:40:57,lnpcc,amazon-ratings,0.2,0.369431,43.18,39.57,3.55
2026-04-22 10:41:04,lnpcc,amazon-ratings,0.4,0.352539,595.87,588.65,6.17
2026-04-22 10:41:05,lnpcc,amazon-ratings,0.1,0.391018,50.63,39.54,11.03
2026-04-22 10:41:18,lnpcc,amazon-ratings,0.5,0.362797,607.35,601.01,6.28
2026-04-22 10:41:50,nrgnn,amazon-ratings,0.1,0.379178,262.21,0.06,244.55
2026-04-22 10:41:50,lnpcc,amazon-ratings,0.1,0.369941,38.27,34.55,3.67
2026-04-22 10:41:57,lnpcc,amazon-ratings,0.4,0.359684,46.45,36.45,9.95
2026-04-22 10:42:03,lnpcc,amazon-ratings,0.3,0.355499,648.87,635.29,12.52
2026-04-22 10:42:08,gcn,amazon-ratings,0.2,0.368512,18.07,0.04,17.83
2026-04-22 10:42:18,lnpcc,amazon-ratings,0.2,0.392243,72.61,62.89,9.67
2026-04-22 10:42:18,lnpcc,amazon-ratings,0.5,0.355958,52.51,36.56,13.89
2026-04-22 10:42:41,lnpcc,amazon-ratings,0.4,0.36887,36.68,33.16,3.47
2026-04-22 10:42:58,lnpcc,amazon-ratings,0.3,0.380097,46.57,35.5,11.02
2026-04-22 10:43:00,lnpcc,amazon-ratings,0.2,0.367594,34.97,28.78,6.14
2026-04-22 10:43:01,lnpcc,amazon-ratings,0.5,0.368461,36.24,30.59,3.59
2026-04-22 10:43:20,lnpcc,amazon-ratings,0.1,0.395152,83.18,72.05,11.09
2026-04-22 10:43:44,lnpcc,amazon-ratings,0.3,0.369941,38.92,35.39,3.48
2026-04-22 10:43:58,lnpcc,amazon-ratings,0.4,0.376729,70.28,60.38,9.85
2026-04-22 10:44:03,lnpcc,amazon-ratings,0.2,0.389844,55.77,46.45,3.24
2026-04-22 10:44:05,lnpcc,amazon-ratings,0.1,0.368359,36.99,30.42,6.53
2026-04-22 10:44:18,nrgnn,amazon-ratings,0.4,0.358102,256.68,0.04,241.12
2026-04-22 10:44:24,lnpcc,amazon-ratings,0.5,0.327175,76.03,65.1,10.89
2026-04-22 10:44:46,lnpcc,amazon-ratings,0.4,0.363817,39.62,32.73,6.83
2026-04-22 10:45:06,lnpcc,amazon-ratings,0.1,0.394846,54.03,50.87,3.1
2026-04-22 10:45:18,lnpcc,amazon-ratings,0.3,0.383924,85.51,71.54,10.91
2026-04-22 10:45:24,lnpcc,amazon-ratings,0.5,0.335698,52.04,34.68,6.29
2026-04-22 10:45:43,lnpcc,amazon-ratings,0.4,0.375045,48.49,45.15,3.28
2026-04-22 10:46:01,lnpcc,amazon-ratings,0.3,0.373258,35.62,29.48,6.08
2026-04-22 10:46:16,lnpcc,amazon-ratings,0.5,0.344833,43.94,40.8,3.08
2026-04-22 10:46:22,nrgnn,amazon-ratings,0.3,0.379689,281.13,0.05,254.58
2026-04-22 10:46:25,gcn,amazon-ratings,0.2,0.389487,2.67,0.04,2.45
2026-04-22 10:46:54,lnpcc,amazon-ratings,0.3,0.379025,46.52,43.38,3.08
2026-04-22 10:47:08,lnpcc,amazon-ratings,0.2,0.392192,177.77,171.75,5.98
2026-04-22 10:47:35,pignn,amazon-ratings,0.1,0.362746,197.96,0.05,197.69
2026-04-22 10:47:37,gcn,amazon-ratings,0.5,0.364481,2.38,0.05,2.14
2026-04-22 10:47:59,lnpcc,amazon-ratings,0.2,0.368512,43.96,37.57,6.33
2026-04-22 10:48:02,lnpcc,amazon-ratings,0.1,0.393876,168.64,162.63,5.96
2026-04-22 10:48:59,lnpcc,amazon-ratings,0.4,0.368155,187.97,181.66,6.27
2026-04-22 10:48:59,lnpcc,amazon-ratings,0.1,0.368512,50.36,43.92,6.38
2026-04-22 10:49:09,lnpcc,amazon-ratings,0.5,0.360908,166.13,160.1,5.97
2026-04-22 10:49:26,lnpcc,amazon-ratings,0.3,0.389181,144.48,138.53,5.9
2026-04-22 10:49:26,lnpcc,amazon-ratings,0.2,0.390304,80.47,77.27,3.14
2026-04-22 10:49:49,lnpcc,amazon-ratings,0.4,0.368512,42.77,36.36,6.36
2026-04-22 10:49:58,lnpcc,amazon-ratings,0.5,0.368512,41.86,36.1,5.71
2026-04-22 10:50:11,lnpcc,amazon-ratings,0.3,0.368512,37.85,32.15,5.64
2026-04-22 10:50:25,lnpcc,amazon-ratings,0.1,0.391631,78.32,75.42,2.85
2026-04-22 10:50:28,nrgnn,amazon-ratings,0.5,0.322888,251.16,0.05,235.39
2026-04-22 10:50:31,lnpcc,amazon-ratings,0.5,0.368512,26.87,22.97,3.85
2026-04-22 10:50:52,lnpcc,amazon-ratings,0.2,0.387752,79.52,69.21,10.25
2026-04-22 10:51:07,lnpcc,amazon-ratings,0.5,0.368512,28.55,24.74,3.77
2026-04-22 10:51:21,lnpcc,amazon-ratings,0.4,0.375402,85.26,82.01,3.2
2026-04-22 10:51:30,lnpcc,amazon-ratings,0.1,0.393366,58.16,55.2,2.9
2026-04-22 10:51:39,nrgnn,amazon-ratings,0.2,0.383822,267.38,0.04,241.18
2026-04-22 10:51:45,lnpcc,amazon-ratings,0.5,0.368512,31.61,27.68,3.87
2026-04-22 10:51:47,gcn,amazon-ratings,0.5,0.368512,8.83,0.04,8.6
2026-04-22 10:51:50,gcn,amazon-ratings,0.3,0.370145,3.06,0.05,2.81
2026-04-22 10:52:29,lnpcc,amazon-ratings,0.2,0.388671,89.53,78.47,11.02
2026-04-22 10:52:45,lnpcc,amazon-ratings,0.5,0.369584,52.2,47.91,4.22
2026-04-22 10:52:50,lnpcc,amazon-ratings,0.1,0.392039,72.7,69.43,3.2
2026-04-22 10:53:00,lnpcc,amazon-ratings,0.4,0.371319,91.69,88.2,3.44
2026-04-22 10:53:47,lnpcc,amazon-ratings,0.5,0.368614,54.56,51.41,3.09
2026-04-22 10:53:56,lnpcc,amazon-ratings,0.1,0.390151,58.8,52.4,6.35
2026-04-22 10:54:03,lnpcc,amazon-ratings,0.2,0.368563,86.71,75.57,11.08
2026-04-22 10:54:21,lnpcc,amazon-ratings,0.4,0.36443,73.15,69.7,3.4
2026-04-22 10:54:30,lnpcc,amazon-ratings,0.1,0.368512,27.92,24.65,3.21
2026-04-22 10:54:35,nrgnn,amazon-ratings,0.1,0.368002,270.27,0.04,246.57
2026-04-22 10:54:45,gcn,amazon-ratings,0.4,0.368512,10.2,0.05,9.91
2026-04-22 10:55:04,lnpcc,amazon-ratings,0.5,0.380148,68.96,65.59,3.32
2026-04-22 10:55:17,pignn,amazon-ratings,0.1,0.368512,206.67,0.05,206.42
2026-04-22 10:55:41,lnpcc,amazon-ratings,0.2,0.381475,90.87,84.67,6.15
2026-04-22 10:55:47,lnpcc,amazon-ratings,0.4,0.294718,79.3,72.12,6.11
2026-04-22 10:56:07,lnpcc,amazon-ratings,0.1,0.391988,88.64,82.58,6.01
2026-04-22 10:56:16,lnpcc,amazon-ratings,0.5,0.38025,63.61,60.69,2.87
2026-04-22 10:56:40,lnpcc,amazon-ratings,0.2,0.395866,51.4,40.99,10.36
2026-04-22 10:57:21,lnpcc,amazon-ratings,0.1,0.391426,66.83,63.93,2.86
2026-04-22 10:57:25,lnpcc,amazon-ratings,0.5,0.362082,62.15,57.11,2.97
2026-04-22 10:57:34,lnpcc,amazon-ratings,0.4,0.376984,98.55,95.22,3.28
2026-04-22 10:57:49,lnpcc,amazon-ratings,0.2,0.385302,61.78,51.4,10.33
2026-04-22 10:57:58,lnpcc,amazon-ratings,0.1,0.387905,29.69,26.42,3.22
2026-04-22 10:58:53,nrgnn,amazon-ratings,0.5,0.341873,261.34,0.04,247.99
2026-04-22 10:58:57,gcn,amazon-ratings,0.2,0.392294,4.06,0.06,3.81
2026-04-22 10:59:00,gcn,amazon-ratings,0.4,0.366471,3.44,0.05,3.17
2026-04-22 10:59:14,lnpcc,amazon-ratings,0.2,0.39755,77.83,73.8,3.97
2026-04-22 10:59:23,lnpcc,amazon-ratings,0.1,0.360296,78.17,72.11,6.0
2026-04-22 10:59:24,nrgnn,amazon-ratings,0.4,0.365552,263.94,0.06,247.37
2026-04-22 10:59:32,lnpcc,amazon-ratings,0.4,0.376933,109.8,106.57,3.18
2026-04-22 10:59:43,lnpcc,amazon-ratings,0.5,0.377698,130.94,127.7,3.19
2026-04-22 11:00:24,lnpcc,amazon-ratings,0.3,0.383465,606.93,603.82,3.03
2026-04-22 11:00:32,lnpcc,amazon-ratings,0.1,0.393927,60.46,56.46,3.94
2026-04-22 11:00:51,lnpcc,amazon-ratings,0.2,0.383771,89.09,86.07,2.96
2026-04-22 11:01:06,lnpcc,amazon-ratings,0.5,0.380811,75.43,72.09,3.28
2026-04-22 11:01:38,lnpcc,amazon-ratings,0.4,0.376882,119.03,115.76,3.22
2026-04-22 11:01:48,lnpcc,amazon-ratings,0.1,0.391988,69.24,66.21,2.97
2026-04-22 11:02:26,lnpcc,amazon-ratings,0.3,0.380607,114.04,107.76,6.23
2026-04-22 11:02:30,lnpcc,amazon-ratings,0.5,0.379638,76.22,70.26,2.89
2026-04-22 11:02:34,lnpcc,amazon-ratings,0.2,0.396275,95.08,91.38,3.62
2026-04-22 11:03:02,lnpcc,amazon-ratings,0.1,0.393315,66.84,62.72,4.07
2026-04-22 11:03:02,nrgnn,amazon-ratings,0.1,0.368512,261.36,0.04,242.73
2026-04-22 11:03:24,nrgnn,amazon-ratings,0.2,0.366828,256.09,0.04,239.72
2026-04-22 11:03:26,gcn,amazon-ratings,0.5,0.352998,2.71,0.06,2.45
2026-04-22 11:03:35,gcn,amazon-ratings,0.1,0.343302,9.07,0.05,8.8
2026-04-22 11:03:35,lnpcc,amazon-ratings,0.2,0.390865,53.66,45.98,7.63
2026-04-22 11:03:41,lnpcc,amazon-ratings,0.5,0.365144,63.07,60.06,2.96
2026-04-22 11:03:47,gcn,amazon-ratings,0.3,0.368512,11.76,0.05,11.52
2026-04-22 11:03:49,lnpcc,amazon-ratings,0.4,0.376525,122.26,117.56,4.65
2026-04-22 11:04:06,lnpcc,amazon-ratings,0.1,0.396019,56.57,52.69,3.83
2026-04-22 11:05:01,lnpcc,amazon-ratings,0.3,0.385558,147.72,141.78,5.88
2026-04-22 11:05:05,lnpcc,amazon-ratings,0.2,0.397448,81.06,77.44,3.56
2026-04-22 11:05:06,lnpcc,amazon-ratings,0.1,0.394948,52.12,42.13,3.92
2026-04-22 11:05:09,lnpcc,amazon-ratings,0.5,0.379638,80.38,76.49,2.83
2026-04-22 11:06:09,lnpcc,amazon-ratings,0.1,0.393059,56.45,52.29,4.1
2026-04-22 11:06:19,lnpcc,amazon-ratings,0.5,0.378821,63.26,60.29,2.93
2026-04-22 11:06:23,lnpcc,amazon-ratings,0.2,0.393008,71.37,67.88,3.43
2026-04-22 11:06:59,nrgnn,amazon-ratings,0.3,0.363919,252.91,0.05,236.75
2026-04-22 11:07:15,lnpcc,amazon-ratings,0.1,0.396887,57.82,46.48,11.29
2026-04-22 11:07:23,lnpcc,amazon-ratings,0.5,0.368257,57.8,54.49,3.25
2026-04-22 11:07:40,nrgnn,amazon-ratings,0.4,0.368512,248.64,0.05,233.35
2026-04-22 11:07:43,gcn,amazon-ratings,0.1,0.372748,2.9,0.06,2.64
2026-04-22 11:07:53,lnpcc,amazon-ratings,0.2,0.397499,83.16,78.41,4.68
2026-04-22 11:08:14,lnpcc,amazon-ratings,0.3,0.392345,185.25,179.26,5.95
2026-04-22 11:08:36,lnpcc,amazon-ratings,0.1,0.378158,72.7,62.24,10.41
2026-04-22 11:08:40,lnpcc,amazon-ratings,0.5,0.376065,69.55,66.5,2.99
2026-04-22 11:09:15,lnpcc,amazon-ratings,0.2,0.39755,74.13,70.36,3.71
2026-04-22 11:09:20,lnpcc,amazon-ratings,0.1,0.380607,37.18,26.85,10.27
2026-04-22 11:10:34,lnpcc,amazon-ratings,0.2,0.396377,71.97,67.22,4.69
2026-04-22 11:10:47,lnpcc,amazon-ratings,0.1,0.368512,79.2,68.75,10.4
2026-04-22 11:10:50,lnpcc,amazon-ratings,0.5,0.374534,122.3,114.47,2.76
2026-04-22 11:11:01,pignn,amazon-ratings,0.1,0.365961,198.16,0.04,197.93
2026-04-22 11:11:06,nrgnn,amazon-ratings,0.1,0.372034,260.79,0.04,246.42
2026-04-22 11:11:27,lnpcc,amazon-ratings,0.3,0.368512,185.47,178.24,7.17
2026-04-22 11:11:36,lnpcc,amazon-ratings,0.2,0.371472,55.5,52.39,3.05
2026-04-22 11:12:13,lnpcc,amazon-ratings,0.5,0.360704,75.89,72.6,3.23
2026-04-22 11:12:27,lnpcc,amazon-ratings,0.1,0.394897,92.66,81.24,11.37
2026-04-22 11:12:47,lnpcc,amazon-ratings,0.4,0.307323,530.61,527.35,3.21
2026-04-22 11:13:00,lnpcc,amazon-ratings,0.2,0.369992,76.68,73.02,3.6
2026-04-22 11:13:12,lnpcc,amazon-ratings,0.5,0.340393,49.89,47.28,2.55
2026-04-22 11:13:38,lnpcc,amazon-ratings,0.3,0.372952,122.54,116.24,6.23
2026-04-22 11:13:56,lnpcc,amazon-ratings,0.4,0.380199,61.38,57.96,3.37
2026-04-22 11:14:38,lnpcc,amazon-ratings,0.5,0.368155,78.66,75.48,3.11
2026-04-22 11:14:58,lnpcc,amazon-ratings,0.2,0.368512,110.35,103.69,6.62
2026-04-22 11:15:01,lnpcc,amazon-ratings,0.4,0.376372,57.4,51.66,2.68
2026-04-22 11:15:08,nrgnn,amazon-ratings,0.2,0.368819,269.43,0.05,247.53
2026-04-22 11:15:10,lnpcc,amazon-ratings,0.1,0.38469,155.46,144.78,10.62
2026-04-22 11:15:12,gcn,amazon-ratings,0.5,0.354121,4.18,0.05,3.91
2026-04-22 11:15:18,nrgnn,amazon-ratings,0.3,0.368359,271.55,0.05,252.09
2026-04-22 11:15:22,gcn,amazon-ratings,0.4,0.375045,4.51,0.05,4.25
2026-04-22 11:15:25,gcn,amazon-ratings,0.2,0.383618,2.82,0.04,2.59
2026-04-22 11:15:59,lnpcc,amazon-ratings,0.2,0.368461,54.84,50.84,3.93
2026-04-22 11:16:00,lnpcc,amazon-ratings,0.3,0.379331,134.24,128.12,6.07
2026-04-22 11:16:04,lnpcc,amazon-ratings,0.5,0.380097,78.39,75.27,3.06
2026-04-22 11:16:08,lnpcc,amazon-ratings,0.4,0.3827,59.84,56.44,3.35
2026-04-22 11:16:15,lnpcc,amazon-ratings,0.1,0.391886,57.77,51.67,6.04
2026-04-22 11:17:08,lnpcc,amazon-ratings,0.4,0.376882,53.26,49.56,3.65
2026-04-22 11:17:24,lnpcc,amazon-ratings,0.2,0.395407,77.67,73.62,3.99
2026-04-22 11:17:27,lnpcc,amazon-ratings,0.1,0.396172,65.11,61.5,3.56
2026-04-22 11:17:41,lnpcc,amazon-ratings,0.5,0.378668,88.48,85.54,2.89
2026-04-22 11:18:00,lnpcc,amazon-ratings,0.3,0.385558,112.79,109.94,2.8
2026-04-22 11:18:08,lnpcc,amazon-ratings,0.4,0.381373,52.13,48.76,3.31
2026-04-22 11:18:34,pignn,amazon-ratings,0.1,0.368512,202.22,0.06,201.95
2026-04-22 11:18:37,gcn,amazon-ratings,0.3,0.382751,2.91,0.04,2.69
2026-04-22 11:18:40,gcn,amazon-ratings,0.5,0.380556,2.9,0.05,2.64
2026-04-22 11:18:43,lnpcc,amazon-ratings,0.2,0.39903,71.35,67.44,3.86
2026-04-22 11:18:45,lnpcc,amazon-ratings,0.1,0.396734,70.95,67.2,3.7
2026-04-22 11:18:56,lnpcc,amazon-ratings,0.5,0.364634,67.88,64.79,3.04
2026-04-22 11:19:06,lnpcc,amazon-ratings,0.4,0.381679,50.43,47.29,3.08
2026-04-22 11:19:30,nrgnn,amazon-ratings,0.5,0.368512,260.51,0.06,244.88
2026-04-22 11:19:54,lnpcc,amazon-ratings,0.1,0.396632,60.83,57.25,3.52
2026-04-22 11:20:03,lnpcc,amazon-ratings,0.2,0.400051,71.47,68.06,3.35
2026-04-22 11:20:19,lnpcc,amazon-ratings,0.5,0.374432,75.3,72.7,2.55
2026-04-22 11:20:25,lnpcc,amazon-ratings,0.3,0.368155,137.26,134.25,2.96
2026-04-22 11:20:56,lnpcc,amazon-ratings,0.1,0.394948,54.95,51.36,3.53
2026-04-22 11:21:11,lnpcc,amazon-ratings,0.4,0.369635,50.66,47.16,3.44
2026-04-22 11:21:25,lnpcc,amazon-ratings,0.2,0.398979,74.63,70.79,3.79
2026-04-22 11:21:59,lnpcc,amazon-ratings,0.5,0.372136,92.93,90.06,2.82
2026-04-22 11:22:08,lnpcc,amazon-ratings,0.3,0.380148,95.91,90.11,5.74
2026-04-22 11:22:18,lnpcc,amazon-ratings,0.4,0.36841,58.9,55.73,3.12
2026-04-22 11:22:24,lnpcc,amazon-ratings,0.1,0.398469,80.86,77.25,3.56
2026-04-22 11:22:37,nrgnn,amazon-ratings,0.4,0.354784,254.4,0.06,237.11
2026-04-22 11:22:42,gcn,amazon-ratings,0.3,0.378005,5.66,0.05,5.41
2026-04-22 11:22:46,lnpcc,amazon-ratings,0.2,0.398163,73.15,66.19,6.92
2026-04-22 11:22:54,gcn,amazon-ratings,0.1,0.368512,12.43,0.05,12.14
2026-04-22 11:23:00,lnpcc,amazon-ratings,0.4,0.349732,34.5,30.38,4.06
2026-04-22 11:23:16,lnpcc,amazon-ratings,0.5,0.348099,69.43,59.07,10.29
2026-04-22 11:23:31,nrgnn,amazon-ratings,0.3,0.368512,257.91,0.05,241.47
2026-04-22 11:23:37,gcn,amazon-ratings,0.2,0.368819,5.89,0.05,5.64
2026-04-22 11:23:39,gcn,amazon-ratings,0.4,0.364787,2.8,0.05,2.54
2026-04-22 11:23:54,lnpcc,amazon-ratings,0.1,0.398469,82.86,79.29,3.53
2026-04-22 11:24:03,lnpcc,amazon-ratings,0.4,0.376474,54.75,50.47,4.24
2026-04-22 11:24:13,lnpcc,amazon-ratings,0.3,0.382751,118.28,112.3,5.93
2026-04-22 11:24:14,lnpcc,amazon-ratings,0.2,0.394182,79.66,75.0,4.6
2026-04-22 11:24:29,lnpcc,amazon-ratings,0.5,0.347946,65.28,62.49,2.73
2026-04-22 11:25:18,lnpcc,amazon-ratings,0.4,0.372136,67.76,64.6,3.1
2026-04-22 11:25:27,lnpcc,amazon-ratings,0.1,0.380505,86.06,82.6,3.41
2026-04-22 11:25:44,lnpcc,amazon-ratings,0.2,0.383567,82.5,75.9,6.56
2026-04-22 11:25:59,lnpcc,amazon-ratings,0.4,0.366573,32.64,29.41,3.18
2026-04-22 11:26:12,pignn,amazon-ratings,0.1,0.368512,197.64,0.06,197.37
2026-04-22 11:26:17,gcn,amazon-ratings,0.5,0.365144,5.41,0.05,5.15
2026-04-22 11:26:20,gcn,amazon-ratings,0.1,0.389946,3.26,0.05,2.98
2026-04-22 11:26:23,lnpcc,amazon-ratings,0.2,0.379229,31.66,27.35,4.27
2026-04-22 11:26:39,lnpcc,amazon-ratings,0.3,0.383618,139.05,133.04,5.95
2026-04-22 11:26:47,lnpcc,amazon-ratings,0.5,0.382802,131.17,127.09,4.03
2026-04-22 11:27:01,lnpcc,amazon-ratings,0.4,0.373105,54.31,50.94,3.32
2026-04-22 11:27:07,lnpcc,amazon-ratings,0.1,0.369992,91.98,88.72,3.21
2026-04-22 11:27:21,lnpcc,amazon-ratings,0.2,0.369839,51.46,47.43,3.98
2026-04-22 11:27:40,nrgnn,amazon-ratings,0.5,0.321919,255.94,0.05,240.1
2026-04-22 11:27:44,gcn,amazon-ratings,0.2,0.368717,4.17,0.04,3.95
2026-04-22 11:28:14,lnpcc,amazon-ratings,0.4,0.373565,66.16,62.65,3.47
2026-04-22 11:28:22,lnpcc,amazon-ratings,0.2,0.377494,53.75,49.39,4.31
2026-04-22 11:28:36,lnpcc,amazon-ratings,0.5,0.360143,101.55,90.77,10.72
2026-04-22 11:28:48,lnpcc,amazon-ratings,0.1,0.398061,93.45,89.96,3.44
2026-04-22 11:29:04,lnpcc,amazon-ratings,0.3,0.394233,137.49,131.49,5.95
2026-04-22 11:29:08,lnpcc,amazon-ratings,0.4,0.368002,46.69,43.34,3.28
2026-04-22 11:29:14,lnpcc,amazon-ratings,0.2,0.368512,43.42,38.73,4.64
2026-04-22 11:29:36,pignn,amazon-ratings,0.1,0.368512,196.0,0.05,195.72
2026-04-22 11:30:26,lnpcc,amazon-ratings,0.4,0.373258,71.34,68.05,3.24
2026-04-22 11:30:31,lnpcc,amazon-ratings,0.1,0.398571,95.28,92.08,3.15
2026-04-22 11:30:57,lnpcc,amazon-ratings,0.5,0.368512,133.79,129.39,4.35
2026-04-22 11:31:02,lnpcc,amazon-ratings,0.2,0.397346,101.99,97.93,4.0
2026-04-22 11:31:17,lnpcc,amazon-ratings,0.4,0.387854,43.86,40.01,3.8
2026-04-22 11:31:46,nrgnn,amazon-ratings,0.3,0.367492,258.72,0.05,242.55
2026-04-22 11:31:52,gcn,amazon-ratings,0.4,0.368512,5.66,0.05,5.41
2026-04-22 11:32:03,lnpcc,amazon-ratings,0.4,0.366369,37.03,32.95,4.02
2026-04-22 11:32:07,lnpcc,amazon-ratings,0.3,0.38076,176.13,169.15,6.92
2026-04-22 11:32:15,lnpcc,amazon-ratings,0.1,0.398979,97.14,93.76,3.33
2026-04-22 11:32:37,lnpcc,amazon-ratings,0.2,0.395509,87.93,84.04,3.84
2026-04-22 11:32:48,lnpcc,amazon-ratings,0.5,0.383873,102.86,98.64,4.18
2026-04-22 11:33:12,lnpcc,amazon-ratings,0.4,0.368155,60.67,57.0,3.62
2026-04-22 11:33:40,nrgnn,amazon-ratings,0.4,0.368461,265.72,0.05,243.97
2026-04-22 11:33:52,lnpcc,amazon-ratings,0.2,0.398571,67.48,62.79,4.63
2026-04-22 11:34:02,lnpcc,amazon-ratings,0.3,0.38617,107.56,101.4,6.11
2026-04-22 11:34:07,lnpcc,amazon-ratings,0.1,0.399286,104.78,101.31,3.42
2026-04-22 11:34:08,lnpcc,amazon-ratings,0.4,0.387446,48.73,44.63,4.04
2026-04-22 11:34:37,lnpcc,amazon-ratings,0.5,0.38224,102.41,98.21,4.14
2026-04-22 11:34:49,lnpcc,amazon-ratings,0.4,0.379689,33.97,30.03,3.9
2026-04-22 11:35:27,lnpcc,amazon-ratings,0.2,0.38566,85.9,75.27,10.57
2026-04-22 11:35:57,nrgnn,amazon-ratings,0.5,0.368512,260.64,0.04,245.5
2026-04-22 11:36:09,lnpcc,amazon-ratings,0.5,0.384945,84.28,75.71,8.52
2026-04-22 11:36:11,gcn,amazon-ratings,0.2,0.393723,13.75,0.05,13.49
2026-04-22 11:36:32,lnpcc,amazon-ratings,0.1,0.36887,138.35,134.8,3.51
2026-04-22 11:36:42,lnpcc,amazon-ratings,0.4,0.368563,107.03,103.16,3.81
2026-04-22 11:36:46,lnpcc,amazon-ratings,0.3,0.373718,155.49,149.42,6.02
2026-04-22 11:36:50,lnpcc,amazon-ratings,0.2,0.394386,74.5,70.68,3.77
2026-04-22 11:36:59,pignn,amazon-ratings,0.1,0.368512,200.0,0.05,199.71
2026-04-22 11:39:16,lnpcc,amazon-ratings,0.2,0.398367,94.28,84.17,10.05
2026-04-22 11:39:17,lnpcc,amazon-ratings,0.1,0.393315,95.11,84.37,10.59
2026-04-22 11:39:27,lnpcc,amazon-ratings,0.4,0.373463,103.1,87.85,10.17
2026-04-22 11:39:28,lnpcc,amazon-ratings,0.3,0.38173,104.9,89.0,10.79
2026-04-22 11:39:39,lnpcc,amazon-ratings,0.5,0.340189,114.82,83.86,10.88
2026-04-22 11:40:15,lnpcc,amazon-ratings,0.2,0.370043,50.22,46.44,3.72
2026-04-22 11:40:15,lnpcc,amazon-ratings,0.1,0.369992,50.98,47.47,3.45
2026-04-22 11:40:25,lnpcc,amazon-ratings,0.3,0.370043,50.11,46.21,3.84
2026-04-22 11:40:28,lnpcc,amazon-ratings,0.4,0.369227,53.11,49.13,3.91
2026-04-22 11:40:44,lnpcc,amazon-ratings,0.5,0.36346,57.09,53.43,3.59
2026-04-22 11:44:41,nrgnn,amazon-ratings,0.3,0.379944,276.58,0.05,252.31
2026-04-22 11:44:51,gcn,amazon-ratings,0.2,0.393774,10.05,0.06,9.73
2026-04-22 11:45:23,nrgnn,amazon-ratings,0.2,0.383976,268.26,0.05,245.86
2026-04-22 11:45:31,gcn,amazon-ratings,0.3,0.387344,9.13,0.05,8.83
2026-04-22 11:45:42,gcn,amazon-ratings,0.5,0.354223,11.13,0.06,10.79
2026-04-22 11:45:53,gcn,amazon-ratings,0.1,0.395764,11.06,0.06,10.79
2026-04-22 11:45:59,gcn,amazon-ratings,0.5,0.336668,5.76,0.05,5.48
2026-04-22 11:48:48,lnpcc,amazon-ratings,0.2,0.385762,505.38,498.98,6.33
2026-04-22 11:49:02,nrgnn,amazon-ratings,0.1,0.391375,276.02,0.05,251.48
2026-04-22 11:49:44,lnpcc,amazon-ratings,0.2,0.38617,48.03,37.97,10.0
2026-04-22 11:49:47,lnpcc,amazon-ratings,0.1,0.386476,563.79,557.22,6.51
2026-04-22 11:50:00,nrgnn,amazon-ratings,0.2,0.376065,265.82,0.06,240.93
2026-04-22 11:50:05,gcn,amazon-ratings,0.3,0.349171,5.38,0.06,5.09
2026-04-22 11:50:35,lnpcc,amazon-ratings,0.2,0.369431,43.13,39.31,3.77
2026-04-22 11:50:43,lnpcc,amazon-ratings,0.4,0.352539,606.92,600.49,6.37
2026-04-22 11:50:47,lnpcc,amazon-ratings,0.1,0.391018,51.59,40.87,10.65
2026-04-22 11:51:05,lnpcc,amazon-ratings,0.5,0.362797,612.49,606.31,6.08
2026-04-22 11:51:26,lnpcc,amazon-ratings,0.3,0.363715,652.54,646.29,6.2
2026-04-22 11:51:33,lnpcc,amazon-ratings,0.1,0.369941,39.48,35.92,3.51
2026-04-22 11:51:39,lnpcc,amazon-ratings,0.4,0.359684,47.77,37.3,10.41
2026-04-22 11:51:57,lnpcc,amazon-ratings,0.2,0.392243,74.93,64.4,10.47
2026-04-22 11:52:01,lnpcc,amazon-ratings,0.5,0.356468,48.66,37.86,10.75
2026-04-22 11:52:20,lnpcc,amazon-ratings,0.3,0.380097,45.79,35.1,10.63
2026-04-22 11:52:22,lnpcc,amazon-ratings,0.4,0.36887,35.46,31.76,3.65
2026-04-22 11:52:41,lnpcc,amazon-ratings,0.2,0.348405,36.53,30.16,6.32
2026-04-22 11:52:42,lnpcc,amazon-ratings,0.5,0.368461,34.66,31.14,3.47
2026-04-22 11:53:02,lnpcc,amazon-ratings,0.1,0.395152,81.94,70.99,10.9
2026-04-22 11:53:05,lnpcc,amazon-ratings,0.3,0.369941,37.88,34.39,3.44
2026-04-22 11:53:16,nrgnn,amazon-ratings,0.5,0.347282,278.06,0.07,253.7
2026-04-22 11:53:21,gcn,amazon-ratings,0.2,0.354274,5.67,0.06,5.37
2026-04-22 11:53:41,lnpcc,amazon-ratings,0.4,0.376729,72.12,61.73,10.33
2026-04-22 11:53:45,lnpcc,amazon-ratings,0.2,0.389793,56.87,45.57,3.23
2026-04-22 11:53:46,lnpcc,amazon-ratings,0.1,0.366216,36.72,30.9,5.76
2026-04-22 11:54:04,lnpcc,amazon-ratings,0.5,0.320235,73.89,63.29,10.55
2026-04-22 11:54:15,nrgnn,amazon-ratings,0.4,0.35259,270.63,0.07,250.7
2026-04-22 11:54:25,lnpcc,amazon-ratings,0.4,0.363817,35.32,28.68,6.59
2026-04-22 11:54:26,lnpcc,amazon-ratings,0.3,0.395458,73.65,63.15,10.45
2026-04-22 11:54:41,lnpcc,amazon-ratings,0.1,0.394846,48.43,45.24,3.13
2026-04-22 11:54:50,lnpcc,amazon-ratings,0.5,0.341465,38.43,32.23,6.15
2026-04-22 11:55:10,lnpcc,amazon-ratings,0.3,0.374126,36.36,30.3,6.0
2026-04-22 11:55:23,lnpcc,amazon-ratings,0.4,0.375045,50.5,47.01,3.44
2026-04-22 11:55:43,lnpcc,amazon-ratings,0.5,0.344833,45.78,42.77,2.95
2026-04-22 11:56:02,lnpcc,amazon-ratings,0.3,0.379025,44.2,41.09,3.06
2026-04-22 11:56:50,lnpcc,amazon-ratings,0.2,0.392192,177.51,171.34,6.11
2026-04-22 11:57:26,nrgnn,amazon-ratings,0.1,0.37928,258.44,0.04,244.17
2026-04-22 11:57:36,gcn,amazon-ratings,0.4,0.376576,10.55,0.05,10.22
2026-04-22 11:57:47,lnpcc,amazon-ratings,0.2,0.368512,49.38,42.87,6.46
2026-04-22 11:57:49,lnpcc,amazon-ratings,0.1,0.393876,179.09,172.29,6.75
2026-04-22 11:58:25,nrgnn,amazon-ratings,0.2,0.368717,265.06,0.05,249.9
2026-04-22 11:58:32,gcn,amazon-ratings,0.1,0.343302,6.51,0.04,6.27
2026-04-22 11:58:35,lnpcc,amazon-ratings,0.2,0.38668,39.79,33.63,6.1
2026-04-22 11:58:44,lnpcc,amazon-ratings,0.5,0.335698,173.86,167.97,5.84
2026-04-22 11:58:49,lnpcc,amazon-ratings,0.4,0.366522,199.05,190.99,8.01
2026-04-22 11:58:51,lnpcc,amazon-ratings,0.3,0.389181,161.03,152.03,5.93
2026-04-22 11:58:57,lnpcc,amazon-ratings,0.1,0.368512,61.16,46.15,5.94
2026-04-22 11:59:37,lnpcc,amazon-ratings,0.5,0.368512,45.7,39.72,5.91
2026-04-22 11:59:43,lnpcc,amazon-ratings,0.3,0.368512,45.44,35.55,5.84
2026-04-22 11:59:45,lnpcc,amazon-ratings,0.4,0.368512,48.65,41.82,6.78
2026-04-22 11:59:48,lnpcc,amazon-ratings,0.1,0.394131,43.01,33.9,4.04
2026-04-22 12:00:25,lnpcc,amazon-ratings,0.5,0.384537,39.86,35.58,4.23
2026-04-22 12:00:31,lnpcc,amazon-ratings,0.3,0.376831,40.4,36.13,4.22
2026-04-22 12:00:31,lnpcc,amazon-ratings,0.4,0.375861,38.94,33.94,4.95
2026-04-22 12:01:01,lnpcc,amazon-ratings,0.2,0.384792,136.73,133.09,3.59
2026-04-22 12:01:38,nrgnn,amazon-ratings,0.5,0.326818,257.17,0.04,242.59
2026-04-22 12:01:56,pignn,amazon-ratings,0.1,0.368512,204.58,0.05,204.2
2026-04-22 12:01:59,gcn,amazon-ratings,0.5,0.364481,2.95,0.04,2.72
2026-04-22 12:02:01,gcn,amazon-ratings,0.1,0.372748,3.03,0.05,2.78
2026-04-22 12:02:04,gcn,amazon-ratings,0.3,0.370145,3.04,0.06,2.77
2026-04-22 12:02:12,lnpcc,amazon-ratings,0.2,0.386527,63.61,60.69,2.87
2026-04-22 12:02:28,lnpcc,amazon-ratings,0.1,0.388824,153.0,149.47,3.48
2026-04-22 12:02:56,lnpcc,amazon-ratings,0.5,0.37678,143.17,139.47,3.65
2026-04-22 12:03:00,lnpcc,amazon-ratings,0.3,0.377443,142.22,135.28,3.87
2026-04-22 12:03:06,lnpcc,amazon-ratings,0.4,0.374994,147.54,144.2,3.28
2026-04-22 12:03:37,lnpcc,amazon-ratings,0.2,0.359377,77.02,73.84,3.12
2026-04-22 12:03:43,lnpcc,amazon-ratings,0.1,0.392396,67.08,52.49,14.53
2026-04-22 12:04:13,lnpcc,amazon-ratings,0.4,0.368002,59.64,56.41,3.17
2026-04-22 12:04:21,lnpcc,amazon-ratings,0.3,0.372034,72.01,57.1,14.85
2026-04-22 12:05:07,lnpcc,amazon-ratings,0.5,0.337382,122.85,61.85,45.91
2026-04-22 12:05:12,lnpcc,amazon-ratings,0.1,0.374789,81.3,75.03,4.21
2026-04-22 12:05:38,lnpcc,amazon-ratings,0.3,0.369584,68.89,65.62,3.21
2026-04-22 12:05:42,lnpcc,amazon-ratings,0.4,0.355754,79.7,76.37,3.27
2026-04-22 12:06:16,nrgnn,amazon-ratings,0.4,0.358051,267.11,0.05,251.76
2026-04-22 12:06:23,lnpcc,amazon-ratings,0.5,0.370145,66.26,63.13,3.08
2026-04-22 12:06:27,lnpcc,amazon-ratings,0.2,0.370809,162.91,156.9,5.96
2026-04-22 12:06:28,gcn,amazon-ratings,0.3,0.368512,11.96,0.05,11.71
2026-04-22 12:07:26,nrgnn,amazon-ratings,0.3,0.356213,364.76,0.07,347.25
2026-04-22 12:07:31,lnpcc,amazon-ratings,0.2,0.380352,55.72,44.96,10.7
2026-04-22 12:08:11,lnpcc,amazon-ratings,0.1,0.369788,170.96,168.29,2.61
2026-04-22 12:08:42,lnpcc,amazon-ratings,0.4,0.365348,172.29,169.27,2.97
2026-04-22 12:08:49,lnpcc,amazon-ratings,0.3,0.37183,183.67,181.03,2.58
2026-04-22 12:08:56,lnpcc,amazon-ratings,0.2,0.394488,77.65,67.05,10.55
2026-04-22 12:09:01,lnpcc,amazon-ratings,0.5,0.356111,150.32,147.88,2.38
2026-04-22 12:09:13,lnpcc,amazon-ratings,0.1,0.390304,54.97,42.06,10.85
2026-04-22 12:09:37,lnpcc,amazon-ratings,0.4,0.371983,48.26,37.63,10.58
2026-04-22 12:09:47,pignn,amazon-ratings,0.1,0.36841,199.49,0.05,199.22
2026-04-22 12:09:47,lnpcc,amazon-ratings,0.3,0.384129,50.52,39.49,10.99
2026-04-22 12:09:56,gcn,amazon-ratings,0.5,0.368512,8.87,0.05,8.61
2026-04-22 12:09:58,lnpcc,amazon-ratings,0.5,0.345241,49.88,37.05,10.78
2026-04-22 12:10:11,lnpcc,amazon-ratings,0.2,0.388926,67.94,57.5,10.39
2026-04-22 12:10:42,lnpcc,amazon-ratings,0.1,0.394897,81.73,70.74,10.93
2026-04-22 12:10:54,lnpcc,amazon-ratings,0.4,0.390967,69.93,59.5,10.38
2026-04-22 12:11:15,lnpcc,amazon-ratings,0.3,0.391631,81.09,70.14,10.9
2026-04-22 12:11:26,lnpcc,amazon-ratings,0.5,0.346874,81.26,64.76,10.44
2026-04-22 12:11:27,lnpcc,amazon-ratings,0.2,0.389742,69.42,64.75,4.62
2026-04-22 12:11:38,nrgnn,amazon-ratings,0.5,0.335239,268.25,0.05,251.9
2026-04-22 12:11:58,lnpcc,amazon-ratings,0.1,0.373463,67.64,55.61,11.98
2026-04-22 12:12:15,lnpcc,amazon-ratings,0.4,0.375351,73.44,63.12,10.27
2026-04-22 12:12:20,lnpcc,amazon-ratings,0.2,0.36989,45.72,32.45,4.19
2026-04-22 12:12:23,lnpcc,amazon-ratings,0.3,0.35652,60.73,50.05,10.63
2026-04-22 12:12:38,lnpcc,amazon-ratings,0.5,0.349375,64.69,53.95,10.69
2026-04-22 12:13:02,lnpcc,amazon-ratings,0.1,0.394897,56.47,52.08,4.33
2026-04-22 12:13:06,lnpcc,amazon-ratings,0.2,0.382496,39.41,36.35,3.02
2026-04-22 12:13:13,pignn,amazon-ratings,0.1,0.362746,197.27,0.04,197.03
2026-04-22 12:13:15,gcn,amazon-ratings,0.3,0.382751,2.76,0.05,2.49
2026-04-22 12:13:32,lnpcc,amazon-ratings,0.4,0.385966,69.18,64.63,4.49
2026-04-22 12:13:39,lnpcc,amazon-ratings,0.3,0.395509,68.93,64.64,4.24
2026-04-22 12:13:44,lnpcc,amazon-ratings,0.5,0.381934,58.65,54.39,4.22
2026-04-22 12:13:47,lnpcc,amazon-ratings,0.1,0.366063,38.48,34.63,3.79
2026-04-22 12:14:14,lnpcc,amazon-ratings,0.4,0.369788,34.01,29.63,4.33
2026-04-22 12:14:19,lnpcc,amazon-ratings,0.3,0.369278,32.91,28.79,4.06
2026-04-22 12:14:29,lnpcc,amazon-ratings,0.5,0.368461,37.15,33.15,3.96
2026-04-22 12:14:34,lnpcc,amazon-ratings,0.1,0.382393,39.44,36.84,2.55
2026-04-22 12:15:00,lnpcc,amazon-ratings,0.4,0.341975,38.34,35.38,2.91
2026-04-22 12:15:00,lnpcc,amazon-ratings,0.3,0.360806,34.09,31.29,2.75
2026-04-22 12:15:11,lnpcc,amazon-ratings,0.5,0.303036,35.13,32.46,2.62
2026-04-22 12:15:47,nrgnn,amazon-ratings,0.3,0.368359,264.2,0.06,249.09
2026-04-22 12:15:49,lnpcc,amazon-ratings,0.2,0.388058,153.76,147.46,6.24
2026-04-22 12:17:14,lnpcc,amazon-ratings,0.1,0.393621,153.54,147.09,6.4
2026-04-22 12:17:26,nrgnn,amazon-ratings,0.4,0.366369,268.69,0.05,250.7
2026-04-22 12:17:51,lnpcc,amazon-ratings,0.2,0.388824,112.77,99.14,13.57
2026-04-22 12:17:59,lnpcc,amazon-ratings,0.4,0.364532,172.24,158.52,7.65
2026-04-22 12:18:15,lnpcc,amazon-ratings,0.5,0.354478,177.36,171.22,6.08
2026-04-22 12:18:22,lnpcc,amazon-ratings,0.3,0.37729,194.54,183.43,6.03
2026-04-22 12:18:43,lnpcc,amazon-ratings,0.2,0.360551,43.51,38.48,4.98
2026-04-22 12:19:03,lnpcc,amazon-ratings,0.1,0.385353,99.38,87.97,11.35
2026-04-22 12:19:45,lnpcc,amazon-ratings,0.4,0.359071,98.73,87.53,11.14
2026-04-22 12:19:54,lnpcc,amazon-ratings,0.5,0.363307,90.24,79.46,10.73
2026-04-22 12:19:58,lnpcc,amazon-ratings,0.2,0.368512,67.15,60.59,6.49
2026-04-22 12:20:01,lnpcc,amazon-ratings,0.1,0.367492,49.31,44.9,4.36
2026-04-22 12:20:02,nrgnn,amazon-ratings,0.5,0.368512,274.95,0.04,255.55
2026-04-22 12:20:15,lnpcc,amazon-ratings,0.3,0.388875,106.44,95.23,11.15
2026-04-22 12:20:42,lnpcc,amazon-ratings,0.4,0.368104,47.42,42.18,5.18
2026-04-22 12:20:54,lnpcc,amazon-ratings,0.5,0.327788,51.8,47.35,4.38
2026-04-22 12:21:02,pignn,amazon-ratings,0.1,0.368512,216.39,0.05,216.15
2026-04-22 12:21:11,lnpcc,amazon-ratings,0.1,0.365655,61.89,55.75,6.08
2026-04-22 12:21:12,gcn,amazon-ratings,0.3,0.383006,9.64,0.05,9.38
2026-04-22 12:21:16,lnpcc,amazon-ratings,0.3,0.330646,50.58,44.14,4.38
2026-04-22 12:21:17,gcn,amazon-ratings,0.5,0.352998,5.74,0.04,5.47
2026-04-22 12:21:19,lnpcc,amazon-ratings,0.2,0.371421,72.94,55.89,16.99
2026-04-22 12:21:27,gcn,amazon-ratings,0.1,0.368512,9.81,0.05,9.53
2026-04-22 12:21:29,gcn,amazon-ratings,0.3,0.369737,3.0,0.06,2.71
2026-04-22 12:22:01,lnpcc,amazon-ratings,0.4,0.36101,71.25,65.22,5.98
2026-04-22 12:22:16,lnpcc,amazon-ratings,0.5,0.321715,74.08,67.8,6.22
2026-04-22 12:22:33,lnpcc,amazon-ratings,0.1,0.379587,73.59,62.68,10.85
2026-04-22 12:22:39,lnpcc,amazon-ratings,0.3,0.355397,75.18,60.0,6.11
2026-04-22 12:22:41,lnpcc,amazon-ratings,0.2,0.368819,74.9,71.05,3.78
2026-04-22 12:23:20,lnpcc,amazon-ratings,0.4,0.378668,69.5,59.4,10.04
2026-04-22 12:23:46,lnpcc,amazon-ratings,0.5,0.308548,82.17,71.56,10.54
2026-04-22 12:23:53,lnpcc,amazon-ratings,0.1,0.372442,72.54,69.27,3.21
2026-04-22 12:24:11,lnpcc,amazon-ratings,0.3,0.357438,84.33,73.88,10.39
2026-04-22 12:24:17,nrgnn,amazon-ratings,0.3,0.368512,271.86,0.04,254.46
2026-04-22 12:24:46,lnpcc,amazon-ratings,0.4,0.355244,77.08,73.42,3.61
2026-04-22 12:25:14,lnpcc,amazon-ratings,0.5,0.277316,78.75,75.33,3.37
2026-04-22 12:25:24,lnpcc,amazon-ratings,0.3,0.356468,65.68,62.18,3.46
2026-04-22 12:25:37,nrgnn,amazon-ratings,0.2,0.368512,266.13,0.05,247.51
2026-04-22 12:25:40,gcn,amazon-ratings,0.1,0.389946,2.99,0.05,2.72
2026-04-22 12:25:44,gcn,amazon-ratings,0.5,0.328349,4.33,0.06,4.05
2026-04-22 12:25:50,gcn,amazon-ratings,0.3,0.369584,6.24,0.06,5.97
2026-04-22 12:26:03,lnpcc,amazon-ratings,0.2,0.389997,193.2,180.65,12.5
2026-04-22 12:26:27,lnpcc,amazon-ratings,0.1,0.394693,145.7,134.89,10.76
2026-04-22 12:27:07,lnpcc,amazon-ratings,0.2,0.367237,55.89,50.03,5.8
2026-04-22 12:27:26,lnpcc,amazon-ratings,0.1,0.390763,51.99,45.82,6.11
2026-04-22 12:27:37,lnpcc,amazon-ratings,0.4,0.387956,162.2,152.19,9.95
2026-04-22 12:27:48,lnpcc,amazon-ratings,0.5,0.337739,147.08,136.57,10.47
2026-04-22 12:27:51,lnpcc,amazon-ratings,0.2,0.371013,37.46,34.68,2.72
2026-04-22 12:28:08,lnpcc,amazon-ratings,0.3,0.393672,156.05,145.27,10.73
2026-04-22 12:28:13,lnpcc,amazon-ratings,0.1,0.371013,40.48,37.88,2.54
2026-04-22 12:28:27,lnpcc,amazon-ratings,0.4,0.361929,42.9,37.08,5.76
2026-04-22 12:28:27,nrgnn,amazon-ratings,0.1,0.36841,268.76,0.04,250.53
2026-04-22 12:28:32,lnpcc,amazon-ratings,0.2,0.391426,32.93,26.31,4.56
2026-04-22 12:28:53,lnpcc,amazon-ratings,0.5,0.350804,57.01,50.5,6.45
2026-04-22 12:28:57,lnpcc,amazon-ratings,0.1,0.387038,36.9,31.94,3.9
2026-04-22 12:29:11,lnpcc,amazon-ratings,0.3,0.373616,56.59,50.64,5.91
2026-04-22 12:29:12,lnpcc,amazon-ratings,0.4,0.362286,37.19,34.45,2.69
2026-04-22 12:29:40,lnpcc,amazon-ratings,0.5,0.355295,39.41,36.87,2.49
2026-04-22 12:29:50,nrgnn,amazon-ratings,0.4,0.368512,264.46,0.05,240.09
2026-04-22 12:29:55,lnpcc,amazon-ratings,0.4,0.357693,35.2,30.71,4.44
2026-04-22 12:29:56,lnpcc,amazon-ratings,0.3,0.37183,37.37,34.8,2.51
2026-04-22 12:30:23,lnpcc,amazon-ratings,0.5,0.349732,36.3,32.1,4.15
2026-04-22 12:30:38,lnpcc,amazon-ratings,0.3,0.391784,34.52,30.52,3.95
2026-04-22 12:31:24,lnpcc,amazon-ratings,0.2,0.392855,165.18,161.04,4.09
2026-04-22 12:31:46,lnpcc,amazon-ratings,0.1,0.394386,162.23,158.43,3.75
2026-04-22 12:32:18,lnpcc,amazon-ratings,0.4,0.374483,135.51,131.29,4.16
2026-04-22 12:32:29,nrgnn,amazon-ratings,0.5,0.324317,260.71,0.05,241.37
2026-04-22 12:32:35,gcn,amazon-ratings,0.4,0.348609,6.35,0.05,6.03
2026-04-22 12:33:15,lnpcc,amazon-ratings,0.5,0.376984,163.77,158.31,5.4
2026-04-22 12:33:40,lnpcc,amazon-ratings,0.3,0.3753,175.46,171.62,3.79
2026-04-22 12:34:12,nrgnn,amazon-ratings,0.2,0.378668,284.47,0.05,262.14
2026-04-22 12:34:15,gcn,amazon-ratings,0.5,0.380556,2.83,0.04,2.56
2026-04-22 12:34:19,gcn,amazon-ratings,0.1,0.390712,4.29,0.06,4.03
2026-04-22 12:34:23,gcn,amazon-ratings,0.3,0.368512,4.71,0.05,4.43
2026-04-22 12:34:29,gcn,amazon-ratings,0.5,0.365144,6.52,0.06,6.24
2026-04-22 12:34:36,lnpcc,amazon-ratings,0.2,0.39556,184.59,178.85,5.69
2026-04-22 12:35:05,lnpcc,amazon-ratings,0.1,0.396938,190.15,186.1,4.0
2026-04-22 12:35:28,lnpcc,amazon-ratings,0.2,0.386068,43.68,33.22,10.4
2026-04-22 12:35:41,lnpcc,amazon-ratings,0.4,0.384639,193.81,189.11,4.6
2026-04-22 12:35:54,lnpcc,amazon-ratings,0.1,0.37382,41.87,31.41,10.41
2026-04-22 12:36:16,lnpcc,amazon-ratings,0.5,0.374534,169.48,164.86,4.56
2026-04-22 12:36:25,lnpcc,amazon-ratings,0.3,0.392957,155.92,151.55,4.32
2026-04-22 12:36:27,lnpcc,amazon-ratings,0.2,0.385098,51.81,47.45,4.32
2026-04-22 12:36:38,lnpcc,amazon-ratings,0.4,0.370809,49.44,34.92,10.45
2026-04-22 12:36:51,lnpcc,amazon-ratings,0.1,0.3926,49.43,45.47,3.91
2026-04-22 12:37:03,nrgnn,amazon-ratings,0.3,0.367543,283.18,0.04,268.03
2026-04-22 12:37:07,lnpcc,amazon-ratings,0.2,0.36841,31.75,27.16,4.53
2026-04-22 12:37:12,lnpcc,amazon-ratings,0.5,0.366522,46.29,35.51,10.65
2026-04-22 12:37:24,lnpcc,amazon-ratings,0.3,0.374483,52.26,36.07,12.12
2026-04-22 12:37:31,lnpcc,amazon-ratings,0.1,0.354733,32.94,28.24,4.65
2026-04-22 12:37:40,lnpcc,amazon-ratings,0.4,0.370043,53.96,49.81,4.1
2026-04-22 12:37:50,pignn,amazon-ratings,0.1,0.365961,201.13,0.04,200.83
2026-04-22 12:37:53,gcn,amazon-ratings,0.1,0.372136,2.9,0.05,2.61
2026-04-22 12:37:57,gcn,amazon-ratings,0.5,0.367594,4.25,0.05,3.98
2026-04-22 12:38:08,lnpcc,amazon-ratings,0.5,0.367645,48.75,44.71,3.99
2026-04-22 12:38:20,lnpcc,amazon-ratings,0.4,0.368512,32.34,27.85,4.43
2026-04-22 12:38:23,lnpcc,amazon-ratings,0.3,0.376678,50.46,46.46,3.94
2026-04-22 12:38:32,lnpcc,amazon-ratings,0.2,0.368512,76.93,73.77,3.11
2026-04-22 12:38:45,lnpcc,amazon-ratings,0.5,0.358612,29.6,25.19,4.35
2026-04-22 12:38:55,lnpcc,amazon-ratings,0.1,0.368512,76.9,73.81,3.04
2026-04-22 12:39:00,lnpcc,amazon-ratings,0.3,0.368665,29.38,25.07,4.26
2026-04-22 12:39:20,lnpcc,amazon-ratings,0.2,0.370196,38.93,35.33,3.54
2026-04-22 12:39:40,lnpcc,amazon-ratings,0.1,0.37974,37.05,33.73,3.27
2026-04-22 12:39:47,lnpcc,amazon-ratings,0.4,0.368512,79.52,76.36,3.11
2026-04-22 12:40:13,lnpcc,amazon-ratings,0.5,0.365603,80.09,77.03,3.0
2026-04-22 12:40:32,lnpcc,amazon-ratings,0.3,0.368512,84.48,79.94,4.48
2026-04-22 12:40:52,lnpcc,amazon-ratings,0.4,0.308089,58.19,52.35,5.79
2026-04-22 12:41:35,lnpcc,amazon-ratings,0.5,0.337586,75.25,71.8,3.4
2026-04-22 12:41:39,nrgnn,amazon-ratings,0.5,0.368512,313.81,0.18,276.47
2026-04-22 12:41:44,lnpcc,amazon-ratings,0.2,0.379025,137.48,127.17,10.26
2026-04-22 12:41:51,lnpcc,amazon-ratings,0.3,0.35606,59.77,56.12,3.59
2026-04-22 12:42:05,lnpcc,amazon-ratings,0.1,0.379485,137.26,125.42,11.77
2026-04-22 12:42:30,nrgnn,amazon-ratings,0.2,0.368512,295.48,0.05,273.34
2026-04-22 12:42:33,lnpcc,amazon-ratings,0.2,0.369431,41.16,29.75,11.35
2026-04-22 12:42:41,gcn,amazon-ratings,0.3,0.379944,10.79,0.05,10.52
2026-04-22 12:42:47,gcn,amazon-ratings,0.1,0.368563,6.45,0.04,6.24
2026-04-22 12:42:55,lnpcc,amazon-ratings,0.1,0.368665,42.37,32.02,10.3
2026-04-22 12:43:09,lnpcc,amazon-ratings,0.4,0.370043,118.04,108.02,9.93
2026-04-22 12:43:33,lnpcc,amazon-ratings,0.5,0.317173,110.06,99.53,10.48
2026-04-22 12:43:55,lnpcc,amazon-ratings,0.3,0.376065,116.28,105.86,10.37
2026-04-22 12:43:59,lnpcc,amazon-ratings,0.4,0.368972,41.65,31.87,9.72
2026-04-22 12:44:09,lnpcc,amazon-ratings,0.2,0.368512,89.18,69.31,9.79
2026-04-22 12:44:17,lnpcc,amazon-ratings,0.1,0.368512,74.44,64.21,10.18
2026-04-22 12:44:27,lnpcc,amazon-ratings,0.5,0.369074,47.24,30.85,10.32
2026-04-22 12:44:44,lnpcc,amazon-ratings,0.3,0.36841,41.49,31.19,10.24
2026-04-22 12:45:16,lnpcc,amazon-ratings,0.4,0.318755,69.79,59.88,9.86
2026-04-22 12:45:47,nrgnn,amazon-ratings,0.1,0.368512,264.06,0.04,247.66
2026-04-22 12:45:51,lnpcc,amazon-ratings,0.5,0.326716,76.78,66.36,10.36
2026-04-22 12:46:00,lnpcc,amazon-ratings,0.1,0.399081,95.99,91.14,4.79
2026-04-22 12:46:01,lnpcc,amazon-ratings,0.2,0.395203,103.85,99.22,4.57
2026-04-22 12:46:14,lnpcc,amazon-ratings,0.3,0.368512,79.34,67.17,12.11
2026-04-22 12:46:49,lnpcc,amazon-ratings,0.1,0.383057,40.32,34.1,6.17
2026-04-22 12:46:51,nrgnn,amazon-ratings,0.4,0.354631,258.89,0.06,244.14
2026-04-22 12:46:52,lnpcc,amazon-ratings,0.2,0.375096,43.79,37.76,5.97
2026-04-22 12:47:00,lnpcc,amazon-ratings,0.4,0.379127,96.03,91.23,4.74
2026-04-22 12:47:52,lnpcc,amazon-ratings,0.4,0.359377,43.98,37.66,6.26
2026-04-22 12:47:59,lnpcc,amazon-ratings,0.1,0.373054,62.31,58.59,3.67
2026-04-22 12:48:04,lnpcc,amazon-ratings,0.5,0.373258,123.29,115.18,4.05
2026-04-22 12:48:09,lnpcc,amazon-ratings,0.3,0.39112,107.1,102.03,4.01
2026-04-22 12:48:09,lnpcc,amazon-ratings,0.2,0.37137,68.03,63.81,4.18
2026-04-22 12:48:54,lnpcc,amazon-ratings,0.5,0.2963,43.75,37.63,6.07
2026-04-22 12:49:01,lnpcc,amazon-ratings,0.4,0.368717,61.85,57.6,4.21
2026-04-22 12:49:01,lnpcc,amazon-ratings,0.3,0.385864,45.79,37.67,6.06
2026-04-22 12:49:47,lnpcc,amazon-ratings,0.1,0.384741,100.47,89.77,10.64
2026-04-22 12:50:02,nrgnn,amazon-ratings,0.3,0.368512,268.13,0.04,247.06
2026-04-22 12:50:03,lnpcc,amazon-ratings,0.5,0.352794,61.96,58.12,3.79
2026-04-22 12:50:06,lnpcc,amazon-ratings,0.2,0.389793,109.95,99.34,10.55
2026-04-22 12:50:08,lnpcc,amazon-ratings,0.3,0.370554,60.31,56.58,3.68
2026-04-22 12:50:08,pignn,amazon-ratings,0.1,0.368512,197.32,0.06,197.05
2026-04-22 12:50:24,lnpcc,amazon-ratings,0.1,0.378566,30.1,27.2,2.84
2026-04-22 12:50:50,lnpcc,amazon-ratings,0.4,0.363562,102.41,92.69,9.66
2026-04-22 12:50:53,lnpcc,amazon-ratings,0.2,0.378464,39.43,27.54,2.83
2026-04-22 12:51:09,lnpcc,amazon-ratings,0.1,0.368512,38.1,34.37,3.66
2026-04-22 12:51:25,lnpcc,amazon-ratings,0.4,0.358255,27.73,24.8,2.88
2026-04-22 12:51:38,lnpcc,amazon-ratings,0.5,0.373361,87.66,77.11,10.49
2026-04-22 12:51:41,lnpcc,amazon-ratings,0.2,0.368512,41.85,37.78,4.01
2026-04-22 12:51:58,lnpcc,amazon-ratings,0.3,0.392192,102.67,92.42,10.2
2026-04-22 12:52:11,lnpcc,amazon-ratings,0.1,0.3926,55.28,51.27,3.95
2026-04-22 12:52:13,lnpcc,amazon-ratings,0.4,0.368512,40.78,36.82,3.91
2026-04-22 12:52:15,lnpcc,amazon-ratings,0.5,0.328196,28.66,26.08,2.54
2026-04-22 12:52:33,lnpcc,amazon-ratings,0.3,0.365757,28.96,26.59,2.32
2026-04-22 12:52:49,lnpcc,amazon-ratings,0.1,0.366777,31.87,29.15,2.68
2026-04-22 12:53:00,lnpcc,amazon-ratings,0.5,0.368512,38.29,34.7,3.54
2026-04-22 12:53:10,lnpcc,amazon-ratings,0.4,0.379689,50.15,45.91,4.19
2026-04-22 12:53:20,lnpcc,amazon-ratings,0.3,0.366675,40.19,36.55,3.6
2026-04-22 12:53:44,lnpcc,amazon-ratings,0.2,0.393927,51.98,47.73,4.2
2026-04-22 12:53:49,lnpcc,amazon-ratings,0.4,0.368359,31.66,28.66,2.94
2026-04-22 12:53:54,nrgnn,amazon-ratings,0.1,0.372442,253.08,0.05,232.62
2026-04-22 12:53:57,lnpcc,amazon-ratings,0.5,0.373514,50.29,46.39,3.86
2026-04-22 12:54:01,nrgnn,amazon-ratings,0.2,0.382547,250.64,0.04,232.51
2026-04-22 12:54:04,gcn,amazon-ratings,0.3,0.368512,3.47,0.05,3.2
2026-04-22 12:54:09,lnpcc,amazon-ratings,0.1,0.368512,72.83,66.22,6.56
2026-04-22 12:54:20,lnpcc,amazon-ratings,0.3,0.389895,53.37,48.75,4.57
2026-04-22 12:54:26,lnpcc,amazon-ratings,0.2,0.368257,34.39,30.77,3.58
2026-04-22 12:54:40,lnpcc,amazon-ratings,0.5,0.368206,36.1,33.17,2.87
2026-04-22 12:54:59,lnpcc,amazon-ratings,0.3,0.367594,30.98,28.15,2.78
2026-04-22 12:55:13,lnpcc,amazon-ratings,0.4,0.368512,78.13,71.64,6.44
2026-04-22 12:55:19,lnpcc,amazon-ratings,0.1,0.398826,61.42,57.53,3.84
2026-04-22 12:55:45,lnpcc,amazon-ratings,0.2,0.368512,71.91,65.41,6.45
2026-04-22 12:56:01,lnpcc,amazon-ratings,0.5,0.367594,73.85,68.17,5.63
2026-04-22 12:56:23,lnpcc,amazon-ratings,0.3,0.368512,75.69,69.98,5.66
2026-04-22 12:56:38,lnpcc,amazon-ratings,0.1,0.397908,71.91,67.95,3.9
2026-04-22 12:57:02,lnpcc,amazon-ratings,0.2,0.398112,71.17,66.69,4.43
2026-04-22 12:57:16,pignn,amazon-ratings,0.1,0.368512,192.29,0.05,192.04
2026-04-22 12:57:43,lnpcc,amazon-ratings,0.3,0.380913,73.35,69.38,3.91
2026-04-22 12:57:48,lnpcc,amazon-ratings,0.1,0.40051,63.45,58.26,4.14
2026-04-22 12:57:51,nrgnn,amazon-ratings,0.5,0.359071,255.97,0.04,236.46
2026-04-22 12:57:53,gcn,amazon-ratings,0.4,0.367747,2.98,0.08,2.58
2026-04-22 12:57:54,lnpcc,amazon-ratings,0.4,0.347027,154.12,149.81,4.27
2026-04-22 12:57:56,gcn,amazon-ratings,0.2,0.371013,2.58,0.05,2.33
2026-04-22 12:58:29,lnpcc,amazon-ratings,0.2,0.394641,79.31,74.76,4.5
2026-04-22 12:58:45,lnpcc,amazon-ratings,0.5,0.383261,157.3,153.38,3.87
2026-04-22 12:59:07,lnpcc,amazon-ratings,0.1,0.396683,72.24,68.45,3.73
2026-04-22 12:59:09,lnpcc,amazon-ratings,0.4,0.394897,67.87,63.74,4.08
2026-04-22 13:00:15,lnpcc,amazon-ratings,0.1,0.398418,61.02,57.09,3.89
2026-04-22 13:00:21,lnpcc,amazon-ratings,0.4,0.393059,65.39,61.22,4.12
2026-04-22 13:00:45,lnpcc,amazon-ratings,0.3,0.389181,174.25,170.31,3.88
2026-04-22 13:01:00,nrgnn,amazon-ratings,0.2,0.379944,239.51,0.06,223.32
2026-04-22 13:01:03,gcn,amazon-ratings,0.3,0.373922,3.65,0.05,3.41
2026-04-22 13:01:13,gcn,amazon-ratings,0.5,0.355091,9.99,0.05,9.73
2026-04-22 13:01:13,lnpcc,amazon-ratings,0.5,0.382649,142.09,137.99,4.05
2026-04-22 13:01:18,gcn,amazon-ratings,0.1,0.368512,4.95,0.05,4.71
2026-04-22 13:01:30,lnpcc,amazon-ratings,0.1,0.392702,69.09,65.32,3.72
2026-04-22 13:01:37,lnpcc,amazon-ratings,0.4,0.393978,69.31,64.83,4.43
2026-04-22 13:01:46,nrgnn,amazon-ratings,0.1,0.368819,247.93,0.05,229.73
2026-04-22 13:02:03,lnpcc,amazon-ratings,0.3,0.388211,72.5,68.2,4.25
2026-04-22 13:02:58,lnpcc,amazon-ratings,0.4,0.392957,74.89,70.36,4.48
2026-04-22 13:03:35,lnpcc,amazon-ratings,0.3,0.395203,85.52,81.77,3.7
2026-04-22 13:03:40,lnpcc,amazon-ratings,0.1,0.397091,123.39,119.65,3.69
2026-04-22 13:03:58,lnpcc,amazon-ratings,0.4,0.391886,54.14,49.71,4.37
2026-04-22 13:04:15,pignn,amazon-ratings,0.1,0.368512,177.33,0.05,177.1
2026-04-22 13:04:23,gcn,amazon-ratings,0.3,0.39408,8.6,0.04,8.32
2026-04-22 13:05:05,lnpcc,amazon-ratings,0.3,0.398928,83.21,73.41,3.75
2026-04-22 13:05:06,lnpcc,amazon-ratings,0.4,0.39311,62.43,58.13,4.25
2026-04-22 13:05:23,nrgnn,amazon-ratings,0.3,0.374483,231.78,0.04,217.16
2026-04-22 13:05:32,gcn,amazon-ratings,0.4,0.368512,9.26,0.05,9.03
2026-04-22 13:05:42,gcn,amazon-ratings,0.2,0.368512,10.55,0.05,10.31
2026-04-22 13:06:21,lnpcc,amazon-ratings,0.1,0.393978,72.95,69.19,3.72
2026-04-22 13:06:22,lnpcc,amazon-ratings,0.4,0.393519,69.39,65.15,4.19
2026-04-22 13:06:34,lnpcc,amazon-ratings,0.3,0.397703,83.47,79.9,3.52
2026-04-22 13:07:23,lnpcc,amazon-ratings,0.1,0.39459,56.04,52.39,3.62
2026-04-22 13:07:31,lnpcc,amazon-ratings,0.4,0.393774,64.01,59.9,4.07
2026-04-22 13:07:45,lnpcc,amazon-ratings,0.3,0.399898,65.34,61.72,3.57
2026-04-22 13:07:57,nrgnn,amazon-ratings,0.2,0.368972,231.92,0.05,213.8
2026-04-22 13:08:01,gcn,amazon-ratings,0.3,0.389538,4.0,0.05,3.72
2026-04-22 13:08:04,gcn,amazon-ratings,0.5,0.369329,3.24,0.05,2.99
2026-04-22 13:08:14,gcn,amazon-ratings,0.1,0.393774,11.03,0.04,10.79
2026-04-22 13:08:25,gcn,amazon-ratings,0.3,0.368512,11.11,0.05,10.86
2026-04-22 13:08:28,gcn,amazon-ratings,0.1,0.368512,3.32,0.03,3.08
2026-04-22 13:09:01,lnpcc,amazon-ratings,0.4,0.393519,83.94,79.46,4.44
2026-04-22 13:09:13,lnpcc,amazon-ratings,0.3,0.399745,82.01,78.38,3.59
2026-04-22 13:09:16,nrgnn,amazon-ratings,0.5,0.351978,227.96,0.05,214.39
2026-04-22 13:10:23,lnpcc,amazon-ratings,0.4,0.394846,75.16,70.6,4.51
2026-04-22 13:10:25,lnpcc,amazon-ratings,0.1,0.398673,79.94,76.17,3.72
2026-04-22 13:10:34,lnpcc,amazon-ratings,0.3,0.395764,74.44,70.8,3.59
2026-04-22 13:11:27,pignn,amazon-ratings,0.3,0.368819,178.99,0.04,178.75
2026-04-22 13:11:29,gcn,amazon-ratings,0.3,0.37382,2.48,0.04,2.25
2026-04-22 13:11:33,gcn,amazon-ratings,0.1,0.395713,3.57,0.04,3.35
2026-04-22 13:11:45,lnpcc,amazon-ratings,0.1,0.395866,73.23,69.47,3.72
2026-04-22 13:11:52,lnpcc,amazon-ratings,0.3,0.399234,72.03,68.44,3.56
2026-04-22 13:11:53,lnpcc,amazon-ratings,0.4,0.393672,83.68,79.69,3.95
2026-04-22 13:12:42,lnpcc,amazon-ratings,0.1,0.392243,51.24,47.53,3.67
2026-04-22 13:12:50,nrgnn,amazon-ratings,0.3,0.372595,231.37,0.04,213.56
2026-04-22 13:13:02,lnpcc,amazon-ratings,0.4,0.393468,63.41,59.14,4.22
2026-04-22 13:13:12,lnpcc,amazon-ratings,0.3,0.399439,74.11,70.1,3.97
2026-04-22 13:13:51,lnpcc,amazon-ratings,0.1,0.395254,62.79,58.7,4.04
2026-04-22 13:14:19,lnpcc,amazon-ratings,0.4,0.394744,71.06,66.84,4.18
2026-04-22 13:14:33,lnpcc,amazon-ratings,0.3,0.399796,74.95,70.95,3.95
2026-04-22 13:15:02,nrgnn,amazon-ratings,0.2,0.368512,231.34,0.05,209.24
2026-04-22 13:15:11,gcn,amazon-ratings,0.1,0.391733,9.08,0.04,8.84
2026-04-22 13:15:23,lnpcc,amazon-ratings,0.1,0.395101,86.18,81.97,4.16
2026-04-22 13:15:34,lnpcc,amazon-ratings,0.4,0.393825,68.67,64.24,4.39
2026-04-22 13:15:46,lnpcc,amazon-ratings,0.3,0.398265,66.4,62.43,3.93
2026-04-22 13:15:52,pignn,amazon-ratings,0.2,0.369074,182.49,0.05,182.24
2026-04-22 13:15:54,gcn,amazon-ratings,0.2,0.389487,2.2,0.05,2.0
2026-04-22 13:15:57,gcn,amazon-ratings,0.4,0.366675,2.73,0.04,2.5
2026-04-22 13:16:28,lnpcc,amazon-ratings,0.1,0.396887,58.9,55.21,3.64
2026-04-22 13:16:42,lnpcc,amazon-ratings,0.4,0.393417,61.69,57.23,4.41
2026-04-22 13:16:52,lnpcc,amazon-ratings,0.3,0.397244,59.98,56.13,3.8
2026-04-22 13:17:30,lnpcc,amazon-ratings,0.1,0.392294,55.64,51.81,3.78
2026-04-22 13:18:05,lnpcc,amazon-ratings,0.4,0.392651,76.56,72.02,4.5
2026-04-22 13:18:12,pignn,amazon-ratings,0.3,0.368512,180.69,0.04,180.46
2026-04-22 13:18:14,lnpcc,amazon-ratings,0.3,0.398622,75.53,71.62,3.85
2026-04-22 13:19:31,lnpcc,amazon-ratings,0.4,0.393621,79.91,75.47,4.4
2026-04-22 13:19:34,lnpcc,amazon-ratings,0.3,0.396938,73.27,69.37,3.85
2026-04-22 13:19:38,nrgnn,amazon-ratings,0.1,0.383873,234.81,0.05,221.26
2026-04-22 13:19:42,gcn,amazon-ratings,0.4,0.387089,3.62,0.04,3.42
2026-04-22 13:19:54,lnpcc,amazon-ratings,0.1,0.383159,136.19,131.46,4.67
2026-04-22 13:20:48,lnpcc,amazon-ratings,0.3,0.398826,67.13,62.95,4.13
2026-04-22 13:21:12,lnpcc,amazon-ratings,0.1,0.395509,70.33,66.11,4.17
2026-04-22 13:21:19,lnpcc,amazon-ratings,0.4,0.392906,101.84,97.43,4.36
2026-04-22 13:21:52,nrgnn,amazon-ratings,0.2,0.368512,234.25,0.04,220.01
2026-04-22 13:21:55,gcn,amazon-ratings,0.1,0.392141,3.93,0.04,3.67
2026-04-22 13:22:12,lnpcc,amazon-ratings,0.3,0.394386,78.02,73.72,4.25
2026-04-22 13:22:18,lnpcc,amazon-ratings,0.1,0.396632,60.03,56.04,3.94
2026-04-22 13:22:44,pignn,amazon-ratings,0.2,0.368512,182.36,0.04,182.14
2026-04-22 13:22:54,lnpcc,amazon-ratings,0.4,0.392906,88.56,84.2,4.3
2026-04-22 13:23:29,lnpcc,amazon-ratings,0.1,0.396172,64.14,60.07,4.02
2026-04-22 13:23:38,lnpcc,amazon-ratings,0.3,0.395305,79.34,75.43,3.86
2026-04-22 13:24:19,lnpcc,amazon-ratings,0.4,0.39311,78.56,74.19,4.32
2026-04-22 13:24:55,lnpcc,amazon-ratings,0.3,0.396377,71.42,67.32,4.05
2026-04-22 13:25:02,pignn,amazon-ratings,0.3,0.231692,179.09,0.05,178.85
2026-04-22 13:25:11,lnpcc,amazon-ratings,0.1,0.397755,96.09,92.3,3.74
2026-04-22 13:25:59,lnpcc,amazon-ratings,0.4,0.392039,92.57,88.27,4.25
2026-04-22 13:26:26,nrgnn,amazon-ratings,0.3,0.368512,235.03,0.05,222.18
2026-04-22 13:26:28,gcn,amazon-ratings,0.4,0.364787,2.53,0.04,2.3
2026-04-22 13:27:06,lnpcc,amazon-ratings,0.1,0.392651,108.73,104.61,4.06
2026-04-22 13:27:15,lnpcc,amazon-ratings,0.3,0.388058,132.87,128.73,4.09
2026-04-22 13:27:31,lnpcc,amazon-ratings,0.4,0.391579,86.22,81.94,4.23
2026-04-22 13:28:29,lnpcc,amazon-ratings,0.1,0.39653,75.29,71.67,3.58
2026-04-22 13:28:50,nrgnn,amazon-ratings,0.4,0.368461,235.96,0.05,221.16
2026-04-22 13:28:51,lnpcc,amazon-ratings,0.3,0.395662,89.21,85.46,3.71
2026-04-22 13:29:03,lnpcc,amazon-ratings,0.4,0.393315,84.97,79.45,5.46
2026-04-22 13:29:35,lnpcc,amazon-ratings,0.1,0.391375,59.27,55.32,3.9
2026-04-22 13:30:11,nrgnn,amazon-ratings,0.1,0.382853,236.94,0.05,222.56
2026-04-22 13:30:13,lnpcc,amazon-ratings,0.3,0.398979,75.42,71.47,3.89
2026-04-22 13:30:28,lnpcc,amazon-ratings,0.1,0.398979,46.9,42.4,4.45
2026-04-22 13:30:45,lnpcc,amazon-ratings,0.4,0.387803,95.87,91.2,4.63
2026-04-22 13:31:28,lnpcc,amazon-ratings,0.1,0.397346,53.07,49.17,3.85
2026-04-22 13:31:36,lnpcc,amazon-ratings,0.3,0.397703,76.33,72.27,4.02
2026-04-22 13:31:54,pignn,amazon-ratings,0.1,0.368512,184.96,0.05,184.71
2026-04-22 13:32:03,gcn,amazon-ratings,0.1,0.368512,8.83,0.04,8.6
2026-04-22 13:32:25,lnpcc,amazon-ratings,0.1,0.397857,49.64,45.68,3.9
2026-04-22 13:32:31,lnpcc,amazon-ratings,0.4,0.393978,97.84,93.5,4.3
2026-04-22 13:33:18,lnpcc,amazon-ratings,0.3,0.395713,95.83,92.0,3.78
2026-04-22 13:33:23,lnpcc,amazon-ratings,0.1,0.395917,51.19,47.34,3.8
2026-04-22 13:33:49,lnpcc,amazon-ratings,0.4,0.393417,71.54,67.28,4.21
2026-04-22 13:33:58,nrgnn,amazon-ratings,0.3,0.36841,240.63,0.05,227.0
2026-04-22 13:34:29,lnpcc,amazon-ratings,0.1,0.398469,59.41,55.16,4.2
2026-04-22 13:34:39,lnpcc,amazon-ratings,0.3,0.396121,74.94,70.87,4.02
2026-04-22 13:34:56,lnpcc,amazon-ratings,0.4,0.394488,60.41,55.92,4.44
2026-04-22 13:35:24,lnpcc,amazon-ratings,0.1,0.391682,48.42,44.41,3.96
2026-04-22 13:35:44,nrgnn,amazon-ratings,0.2,0.368563,233.7,0.04,220.67
2026-04-22 13:35:45,lnpcc,amazon-ratings,0.3,0.396836,58.66,54.7,3.91
2026-04-22 13:35:46,gcn,amazon-ratings,0.1,0.391324,2.41,0.04,2.17
2026-04-22 13:36:05,lnpcc,amazon-ratings,0.4,0.393825,62.21,56.97,5.2
2026-04-22 13:36:39,lnpcc,amazon-ratings,0.1,0.398571,69.04,64.95,4.04
2026-04-22 13:37:05,lnpcc,amazon-ratings,0.3,0.399592,73.57,69.61,3.91
2026-04-22 13:37:06,pignn,amazon-ratings,0.2,0.263179,188.05,0.04,187.84
2026-04-22 13:37:17,lnpcc,amazon-ratings,0.4,0.394386,65.82,61.44,4.34
2026-04-22 13:37:46,lnpcc,amazon-ratings,0.1,0.392804,59.63,55.71,3.88
2026-04-22 13:38:25,lnpcc,amazon-ratings,0.3,0.397703,72.35,68.3,4.0
2026-04-22 13:38:28,lnpcc,amazon-ratings,0.4,0.393774,63.86,59.55,4.27
2026-04-22 13:38:41,lnpcc,amazon-ratings,0.1,0.395254,49.16,45.33,3.78
2026-04-22 13:39:24,nrgnn,amazon-ratings,0.4,0.364889,233.01,0.05,218.03
2026-04-22 13:39:40,lnpcc,amazon-ratings,0.1,0.393417,52.46,48.17,4.25
2026-04-22 13:39:47,lnpcc,amazon-ratings,0.3,0.399337,74.47,70.39,4.04
2026-04-22 13:39:48,lnpcc,amazon-ratings,0.4,0.392651,73.8,68.31,5.45
2026-04-22 13:40:52,lnpcc,amazon-ratings,0.1,0.398622,64.55,60.52,3.98
2026-04-22 13:40:56,nrgnn,amazon-ratings,0.3,0.368512,244.32,0.04,230.56
2026-04-22 13:40:57,lnpcc,amazon-ratings,0.4,0.393059,62.36,57.64,4.68
2026-04-22 13:41:11,lnpcc,amazon-ratings,0.3,0.399796,77.82,73.39,4.38
2026-04-22 13:42:06,lnpcc,amazon-ratings,0.1,0.397652,67.08,62.64,4.39
2026-04-22 13:42:11,lnpcc,amazon-ratings,0.4,0.394795,66.61,61.68,4.89
2026-04-22 13:42:33,pignn,amazon-ratings,0.3,0.368512,188.68,0.05,188.43
2026-04-22 13:42:56,lnpcc,amazon-ratings,0.3,0.396989,98.53,94.2,4.28
2026-04-22 13:43:29,lnpcc,amazon-ratings,0.4,0.394795,71.29,66.84,4.4
2026-04-22 13:43:30,lnpcc,amazon-ratings,0.1,0.395305,76.76,72.6,4.11
2026-04-22 13:44:19,lnpcc,amazon-ratings,0.3,0.399643,76.32,72.25,4.01
2026-04-22 13:44:31,lnpcc,amazon-ratings,0.1,0.398979,54.16,50.08,4.04
2026-04-22 13:44:34,lnpcc,amazon-ratings,0.4,0.391682,57.88,53.62,4.22
2026-04-22 13:44:51,nrgnn,amazon-ratings,0.1,0.368512,248.46,0.05,234.72
2026-04-22 13:45:45,lnpcc,amazon-ratings,0.3,0.396275,79.21,74.86,4.29
2026-04-22 13:45:48,lnpcc,amazon-ratings,0.4,0.394233,67.89,63.48,4.36
2026-04-22 13:45:50,lnpcc,amazon-ratings,0.1,0.392141,72.47,66.14,4.28
2026-04-22 13:46:14,nrgnn,amazon-ratings,0.2,0.368972,235.61,0.05,221.52
2026-04-22 13:46:47,lnpcc,amazon-ratings,0.4,0.391784,52.78,48.06,4.66
2026-04-22 13:46:53,lnpcc,amazon-ratings,0.1,0.392447,56.97,53.58,3.32
2026-04-22 13:47:42,lnpcc,amazon-ratings,0.1,0.391579,42.74,38.47,4.22
2026-04-22 13:47:54,lnpcc,amazon-ratings,0.4,0.391784,59.05,54.28,4.73
2026-04-22 13:47:58,lnpcc,amazon-ratings,0.3,0.399541,125.12,120.73,4.34
2026-04-22 13:48:10,pignn,amazon-ratings,0.2,0.355754,199.42,0.04,199.19
2026-04-22 13:48:15,gcn,amazon-ratings,0.2,0.392294,4.49,0.04,4.29
2026-04-22 13:48:59,lnpcc,amazon-ratings,0.1,0.397959,69.26,64.88,4.33
2026-04-22 13:49:05,lnpcc,amazon-ratings,0.4,0.37974,64.79,60.91,3.83
2026-04-22 13:49:24,pignn,amazon-ratings,0.1,0.368512,189.86,0.05,189.61
2026-04-22 13:49:57,lnpcc,amazon-ratings,0.3,0.397857,112.27,108.17,4.05
2026-04-22 13:50:09,lnpcc,amazon-ratings,0.1,0.398622,63.04,59.05,3.94
2026-04-22 13:50:24,lnpcc,amazon-ratings,0.4,0.392192,71.4,66.75,4.6
2026-04-22 13:51:06,lnpcc,amazon-ratings,0.1,0.391375,50.16,45.95,4.17
2026-04-22 13:51:19,lnpcc,amazon-ratings,0.3,0.398622,74.5,70.55,3.9
2026-04-22 13:51:34,lnpcc,amazon-ratings,0.4,0.393774,62.11,57.76,4.3
2026-04-22 13:52:05,nrgnn,amazon-ratings,0.3,0.368717,244.39,0.04,230.26
2026-04-22 13:52:26,pignn,amazon-ratings,0.3,0.362848,183.0,0.04,182.77
2026-04-22 13:52:46,lnpcc,amazon-ratings,0.3,0.400153,80.3,76.4,3.86
2026-04-22 13:52:51,lnpcc,amazon-ratings,0.4,0.388926,71.22,67.25,3.92
2026-04-22 13:54:32,lnpcc,amazon-ratings,0.3,0.387497,100.1,96.24,3.8
2026-04-22 13:55:06,pignn,amazon-ratings,0.4,0.368512,181.78,0.04,181.57
2026-04-22 13:55:41,lnpcc,amazon-ratings,0.3,0.396275,63.51,60.87,2.6
2026-04-22 13:55:43,nrgnn,amazon-ratings,0.4,0.350038,212.25,0.05,196.72
2026-04-22 13:56:36,lnpcc,amazon-ratings,0.3,0.397244,48.97,45.26,3.67
2026-04-22 13:57:42,lnpcc,amazon-ratings,0.3,0.39704,59.99,56.31,3.63
2026-04-22 13:58:32,pignn,amazon-ratings,0.1,0.36841,169.24,0.05,168.97
2026-04-22 13:58:33,nrgnn,amazon-ratings,0.1,0.368512,221.45,0.04,206.71
2026-04-22 13:58:35,gcn,amazon-ratings,0.2,0.383618,2.25,0.05,2.0
2026-04-22 13:59:00,lnpcc,amazon-ratings,0.3,0.400102,71.93,68.18,3.72
2026-04-22 14:00:07,lnpcc,amazon-ratings,0.3,0.4,61.44,57.31,4.09
2026-04-22 14:01:23,lnpcc,amazon-ratings,0.3,0.396683,68.91,65.08,3.79
2026-04-22 14:01:24,pignn,amazon-ratings,0.3,0.368512,172.11,0.04,171.9
2026-04-22 14:01:27,gcn,amazon-ratings,0.5,0.359326,3.38,0.04,3.13
2026-04-22 14:01:33,pignn,amazon-ratings,0.2,0.366267,177.69,0.04,177.47
2026-04-22 14:02:36,lnpcc,amazon-ratings,0.3,0.394795,67.42,63.65,3.72
2026-04-22 14:03:49,lnpcc,amazon-ratings,0.3,0.399898,67.36,63.44,3.87
2026-04-22 14:04:16,pignn,amazon-ratings,0.5,0.368461,169.12,0.04,168.89
2026-04-22 14:04:27,pignn,amazon-ratings,0.4,0.36887,174.52,0.04,174.34
2026-04-22 14:05:10,lnpcc,amazon-ratings,0.3,0.400102,74.54,70.8,3.7
2026-04-22 14:06:48,lnpcc,amazon-ratings,0.3,0.398061,92.38,88.6,3.73
2026-04-22 14:07:36,nrgnn,amazon-ratings,0.4,0.368512,211.1,0.04,199.68
2026-04-22 14:07:57,nrgnn,amazon-ratings,0.5,0.368512,222.75,0.04,210.05
2026-04-22 14:08:03,gcn,amazon-ratings,0.4,0.368512,5.81,0.04,5.58
2026-04-22 14:08:08,gcn,amazon-ratings,0.2,0.368819,5.78,0.03,5.6
2026-04-22 14:08:19,lnpcc,amazon-ratings,0.3,0.392039,83.72,76.98,6.7
2026-04-22 14:09:44,lnpcc,amazon-ratings,0.3,0.399183,78.67,74.9,3.72
2026-04-22 14:10:24,pignn,amazon-ratings,0.5,0.368512,167.84,0.04,167.58
2026-04-22 14:10:26,gcn,amazon-ratings,0.3,0.380046,2.22,0.04,1.99
2026-04-22 14:10:57,lnpcc,amazon-ratings,0.3,0.395764,67.02,63.16,3.82
2026-04-22 14:11:02,pignn,amazon-ratings,0.2,0.368512,173.48,0.04,173.29
2026-04-22 14:11:05,gcn,amazon-ratings,0.2,0.368717,3.65,0.04,3.4
2026-04-22 14:11:09,gcn,amazon-ratings,0.4,0.368512,3.91,0.04,3.66
2026-04-22 14:12:09,lnpcc,amazon-ratings,0.3,0.399388,66.4,62.66,3.7
2026-04-22 14:13:11,pignn,amazon-ratings,0.3,0.368512,165.33,0.04,165.09
2026-04-22 14:13:16,gcn,amazon-ratings,0.3,0.368512,5.1,0.05,4.87
2026-04-22 14:13:25,lnpcc,amazon-ratings,0.3,0.399234,71.07,67.41,3.61
2026-04-22 14:14:24,lnpcc,amazon-ratings,0.3,0.398418,53.15,49.36,3.75
2026-04-22 14:14:32,nrgnn,amazon-ratings,0.5,0.355805,219.19,0.04,203.49
2026-04-22 14:15:54,lnpcc,amazon-ratings,0.3,0.368002,84.73,81.2,3.5
2026-04-22 14:16:01,pignn,amazon-ratings,0.1,0.359428,165.23,0.04,165.01
2026-04-22 14:17:01,lnpcc,amazon-ratings,0.3,0.368819,61.47,58.53,2.91
2026-04-22 14:17:54,lnpcc,amazon-ratings,0.3,0.397397,46.95,43.19,3.71
2026-04-22 14:17:54,nrgnn,amazon-ratings,0.3,0.371779,214.79,0.04,201.58
2026-04-22 14:18:56,lnpcc,amazon-ratings,0.3,0.393366,55.7,51.97,3.69
2026-04-22 14:19:13,nrgnn,amazon-ratings,0.4,0.367237,204.2,0.04,192.33
2026-04-22 14:19:15,gcn,amazon-ratings,0.1,0.389895,2.37,0.05,2.11
2026-04-22 14:19:25,gcn,amazon-ratings,0.5,0.364838,9.78,0.04,9.54
2026-04-22 14:20:00,lnpcc,amazon-ratings,0.3,0.396734,58.21,54.45,3.72
2026-04-22 14:21:01,lnpcc,amazon-ratings,0.3,0.390151,55.29,51.34,3.92
2026-04-22 14:21:23,nrgnn,amazon-ratings,0.5,0.356673,219.58,0.04,208.88
2026-04-22 14:21:32,gcn,amazon-ratings,0.4,0.380046,9.39,0.04,9.18
2026-04-22 14:21:43,gcn,amazon-ratings,0.2,0.392498,11.53,0.04,11.35
2026-04-22 14:22:15,pignn,amazon-ratings,0.3,0.368512,170.07,0.03,169.88
2026-04-22 14:22:45,lnpcc,amazon-ratings,0.3,0.396377,98.4,94.51,3.84
2026-04-22 14:24:03,lnpcc,amazon-ratings,0.3,0.4,72.22,68.27,3.9
2026-04-22 14:24:41,pignn,amazon-ratings,0.4,0.231692,178.25,0.04,178.03
2026-04-22 14:24:45,gcn,amazon-ratings,0.2,0.368512,3.65,0.04,3.42
2026-04-22 14:24:48,gcn,amazon-ratings,0.4,0.368563,3.59,0.04,3.33
2026-04-22 14:25:03,pignn,amazon-ratings,0.1,0.368512,168.74,0.04,168.55
2026-04-22 14:25:06,gcn,amazon-ratings,0.3,0.383669,3.42,0.04,3.18
2026-04-22 14:25:24,lnpcc,amazon-ratings,0.3,0.397499,75.66,71.78,3.84
2026-04-22 14:26:43,lnpcc,amazon-ratings,0.3,0.396428,73.59,69.85,3.7
2026-04-22 14:31:09,gcn,amazon-ratings,0.1,0.395764,10.82,0.05,10.57
2026-04-22 14:31:11,gcn,amazon-ratings,0.2,0.393927,11.42,0.04,11.23
2026-04-22 14:31:22,gcn,amazon-ratings,0.5,0.33973,12.98,0.04,12.77
2026-04-22 14:31:24,gcn,amazon-ratings,0.4,0.378821,12.93,0.04,12.72
2026-04-22 14:31:30,gcn,amazon-ratings,0.1,0.343302,7.75,0.06,7.4
2026-04-22 14:31:31,gcn,amazon-ratings,0.2,0.354274,7.24,0.06,6.9
2026-04-22 14:32:14,lnpcc,amazon-ratings,0.1,0.393315,78.27,67.75,10.48
2026-04-22 14:32:15,lnpcc,amazon-ratings,0.2,0.398367,78.72,67.84,10.83
2026-04-22 14:32:25,lnpcc,amazon-ratings,0.3,0.38173,88.99,72.43,10.48
2026-04-22 14:32:26,lnpcc,amazon-ratings,0.4,0.373565,88.81,71.81,10.93
2026-04-22 14:32:36,lnpcc,amazon-ratings,0.5,0.340189,97.98,68.28,10.62
2026-04-22 14:33:03,lnpcc,amazon-ratings,0.2,0.370043,41.9,38.05,3.8
2026-04-22 14:33:03,lnpcc,amazon-ratings,0.1,0.369992,43.08,39.79,3.25
2026-04-22 14:33:14,lnpcc,amazon-ratings,0.3,0.370043,42.17,38.87,3.25
2026-04-22 14:33:17,lnpcc,amazon-ratings,0.4,0.369227,44.69,40.81,3.83
2026-04-22 14:33:30,lnpcc,amazon-ratings,0.5,0.36346,46.07,42.68,3.33
2026-04-22 14:34:46,pignn,amazon-ratings,0.1,0.368512,196.9,0.04,196.63
2026-04-22 14:35:33,nrgnn,amazon-ratings,0.1,0.390916,268.67,0.04,242.27
2026-04-22 14:35:36,gcn,amazon-ratings,0.2,0.371013,2.9,0.05,2.62
2026-04-22 14:38:49,nrgnn,amazon-ratings,0.4,0.351773,270.35,0.04,242.97
2026-04-22 14:38:52,gcn,amazon-ratings,0.1,0.372748,3.01,0.04,2.69
2026-04-22 14:39:50,nrgnn,amazon-ratings,0.5,0.359428,280.59,0.04,254.04
2026-04-22 14:39:55,gcn,amazon-ratings,0.4,0.348609,5.86,0.06,5.6
2026-04-22 14:40:51,lnpcc,amazon-ratings,0.2,0.38566,461.35,454.68,6.63
2026-04-22 14:41:44,lnpcc,amazon-ratings,0.2,0.38617,45.97,35.28,10.63
2026-04-22 14:41:46,lnpcc,amazon-ratings,0.1,0.38668,515.93,510.1,5.78
2026-04-22 14:42:10,pignn,amazon-ratings,0.1,0.36841,198.59,0.04,198.31
2026-04-22 14:42:19,gcn,amazon-ratings,0.3,0.387344,8.97,0.04,8.74
2026-04-22 14:42:32,lnpcc,amazon-ratings,0.2,0.369431,40.52,36.85,3.63
2026-04-22 14:42:39,lnpcc,amazon-ratings,0.1,0.391018,47.0,36.92,10.03
2026-04-22 14:42:41,lnpcc,amazon-ratings,0.4,0.352539,557.45,551.23,6.17
2026-04-22 14:43:05,lnpcc,amazon-ratings,0.5,0.362797,568.97,563.0,5.91
2026-04-22 14:43:18,lnpcc,amazon-ratings,0.3,0.36101,597.04,591.22,5.77
2026-04-22 14:43:23,lnpcc,amazon-ratings,0.1,0.369941,36.15,32.72,3.37
2026-04-22 14:43:33,lnpcc,amazon-ratings,0.4,0.359633,44.54,34.77,9.72
2026-04-22 14:43:49,lnpcc,amazon-ratings,0.2,0.392192,69.45,59.65,9.75
2026-04-22 14:43:58,lnpcc,amazon-ratings,0.5,0.356468,45.23,34.96,10.22
2026-04-22 14:43:58,nrgnn,amazon-ratings,0.1,0.379127,259.2,0.05,242.7
2026-04-22 14:44:16,lnpcc,amazon-ratings,0.4,0.36887,35.99,32.18,3.76
2026-04-22 14:44:17,gcn,amazon-ratings,0.2,0.368512,18.79,0.06,18.52
2026-04-22 14:44:19,lnpcc,amazon-ratings,0.3,0.380097,54.78,35.2,19.53
2026-04-22 14:44:34,lnpcc,amazon-ratings,0.2,0.358204,38.08,32.02,6.0
2026-04-22 14:44:42,lnpcc,amazon-ratings,0.5,0.368461,36.53,33.04,3.43
2026-04-22 14:45:05,lnpcc,amazon-ratings,0.3,0.369941,38.39,34.98,3.35
2026-04-22 14:45:33,lnpcc,amazon-ratings,0.1,0.367951,35.39,29.39,5.94
2026-04-22 14:45:34,lnpcc,amazon-ratings,0.4,0.37678,70.51,60.77,9.68
2026-04-22 14:45:38,lnpcc,amazon-ratings,0.2,0.389793,56.03,44.85,3.11
2026-04-22 14:46:00,lnpcc,amazon-ratings,0.5,0.327175,71.54,61.02,10.47
2026-04-22 14:46:17,lnpcc,amazon-ratings,0.4,0.363817,36.12,29.78,6.29
2026-04-22 14:46:18,nrgnn,amazon-ratings,0.4,0.358051,255.15,0.06,239.02
2026-04-22 14:46:23,gcn,amazon-ratings,0.3,0.349171,5.3,0.05,5.05
2026-04-22 14:46:28,lnpcc,amazon-ratings,0.3,0.395458,74.61,64.05,10.52
2026-04-22 14:46:31,lnpcc,amazon-ratings,0.1,0.394846,51.4,44.4,2.94
2026-04-22 14:46:33,gcn,amazon-ratings,0.1,0.368512,10.45,0.05,10.17
2026-04-22 14:46:40,gcn,amazon-ratings,0.5,0.336668,6.56,0.05,6.3
2026-04-22 14:46:46,lnpcc,amazon-ratings,0.5,0.341465,38.4,32.25,6.1
2026-04-22 14:47:13,lnpcc,amazon-ratings,0.3,0.373973,36.7,30.46,6.18
2026-04-22 14:47:15,lnpcc,amazon-ratings,0.4,0.375045,49.62,46.16,3.4
2026-04-22 14:47:38,lnpcc,amazon-ratings,0.5,0.344833,44.86,41.83,2.96
2026-04-22 14:48:09,lnpcc,amazon-ratings,0.3,0.379025,49.25,46.27,2.93
2026-04-22 14:48:30,nrgnn,amazon-ratings,0.3,0.379842,279.44,0.04,253.02
2026-04-22 14:48:32,gcn,amazon-ratings,0.2,0.389487,2.94,0.06,2.67
2026-04-22 14:48:37,lnpcc,amazon-ratings,0.2,0.392192,172.41,166.02,6.34
2026-04-22 14:49:31,lnpcc,amazon-ratings,0.2,0.368512,46.71,40.22,6.43
2026-04-22 14:49:32,lnpcc,amazon-ratings,0.1,0.393876,172.95,167.11,5.78
2026-04-22 14:50:02,pignn,amazon-ratings,0.1,0.362746,202.31,0.05,202.05
2026-04-22 14:50:04,gcn,amazon-ratings,0.3,0.370145,2.73,0.05,2.46
2026-04-22 14:50:16,lnpcc,amazon-ratings,0.2,0.38668,37.53,32.89,4.59
2026-04-22 14:50:27,lnpcc,amazon-ratings,0.1,0.368512,48.85,42.99,5.8
2026-04-22 14:50:36,lnpcc,amazon-ratings,0.5,0.354886,169.12,163.35,5.72
2026-04-22 14:50:40,lnpcc,amazon-ratings,0.4,0.366522,190.9,184.8,6.05
2026-04-22 14:50:48,lnpcc,amazon-ratings,0.3,0.389181,151.66,145.85,5.77
2026-04-22 14:51:11,lnpcc,amazon-ratings,0.1,0.39408,36.05,32.1,3.91
2026-04-22 14:51:27,lnpcc,amazon-ratings,0.5,0.368512,43.17,37.39,5.72
2026-04-22 14:51:33,lnpcc,amazon-ratings,0.4,0.368512,44.86,38.39,6.42
2026-04-22 14:51:35,lnpcc,amazon-ratings,0.3,0.368512,40.05,34.38,5.62
2026-04-22 14:52:12,lnpcc,amazon-ratings,0.5,0.384435,37.46,33.3,4.11
2026-04-22 14:52:17,lnpcc,amazon-ratings,0.4,0.374994,36.4,31.71,4.64
2026-04-22 14:52:20,lnpcc,amazon-ratings,0.3,0.377545,38.06,34.1,3.91
2026-04-22 14:52:33,nrgnn,amazon-ratings,0.5,0.325593,255.18,0.04,240.38
2026-04-22 14:52:33,lnpcc,amazon-ratings,0.2,0.384792,130.85,127.66,3.14
2026-04-22 14:53:36,lnpcc,amazon-ratings,0.2,0.386527,55.11,52.24,2.82
2026-04-22 14:53:38,lnpcc,amazon-ratings,0.1,0.389334,139.97,137.12,2.79
2026-04-22 14:54:05,nrgnn,amazon-ratings,0.2,0.384027,268.3,0.04,240.46
2026-04-22 14:54:30,lnpcc,amazon-ratings,0.5,0.37678,130.81,127.89,2.86
2026-04-22 14:54:33,lnpcc,amazon-ratings,0.1,0.392294,48.67,45.99,2.62
2026-04-22 14:54:37,lnpcc,amazon-ratings,0.3,0.377596,129.72,122.96,2.7
2026-04-22 14:54:37,lnpcc,amazon-ratings,0.4,0.374994,133.37,130.1,3.22
2026-04-22 14:54:49,lnpcc,amazon-ratings,0.2,0.359377,66.37,63.06,3.25
2026-04-22 14:55:33,lnpcc,amazon-ratings,0.5,0.337382,55.46,52.84,2.58
2026-04-22 14:55:36,lnpcc,amazon-ratings,0.4,0.368002,52.9,49.81,3.03
2026-04-22 14:55:37,lnpcc,amazon-ratings,0.3,0.372034,53.08,50.56,2.47
2026-04-22 14:55:46,lnpcc,amazon-ratings,0.1,0.374789,65.73,62.91,2.76
2026-04-22 14:56:32,nrgnn,amazon-ratings,0.3,0.357285,253.56,0.04,238.85
2026-04-22 14:56:34,gcn,amazon-ratings,0.4,0.367747,3.06,0.06,2.8
2026-04-22 14:56:42,lnpcc,amazon-ratings,0.5,0.370145,61.56,58.25,3.25
2026-04-22 14:56:48,lnpcc,amazon-ratings,0.3,0.36887,63.67,60.47,3.16
2026-04-22 14:56:56,lnpcc,amazon-ratings,0.4,0.355754,72.95,69.6,3.3
2026-04-22 14:57:15,lnpcc,amazon-ratings,0.2,0.370809,138.77,135.77,2.94
2026-04-22 14:57:21,pignn,amazon-ratings,0.1,0.368512,196.79,0.05,196.54
2026-04-22 14:57:24,gcn,amazon-ratings,0.1,0.389946,2.76,0.06,2.48
2026-04-22 14:57:32,gcn,amazon-ratings,0.3,0.368512,8.9,0.05,8.6
2026-04-22 14:58:15,lnpcc,amazon-ratings,0.2,0.380454,53.02,42.45,10.51
2026-04-22 14:58:31,lnpcc,amazon-ratings,0.1,0.369788,157.77,155.24,2.48
2026-04-22 14:59:12,lnpcc,amazon-ratings,0.5,0.356111,142.21,139.64,2.51
2026-04-22 14:59:31,lnpcc,amazon-ratings,0.1,0.390355,53.59,43.3,10.25
2026-04-22 14:59:38,lnpcc,amazon-ratings,0.2,0.385251,75.23,64.79,10.39
2026-04-22 14:59:42,lnpcc,amazon-ratings,0.4,0.365348,159.61,156.78,2.78
2026-04-22 14:59:45,lnpcc,amazon-ratings,0.3,0.37183,169.44,166.86,2.54
2026-04-22 15:00:07,lnpcc,amazon-ratings,0.5,0.345088,48.11,37.8,10.27
2026-04-22 15:00:38,lnpcc,amazon-ratings,0.4,0.371881,49.39,38.97,10.37
2026-04-22 15:00:39,nrgnn,amazon-ratings,0.5,0.325032,259.16,0.06,244.62
2026-04-22 15:00:43,lnpcc,amazon-ratings,0.3,0.385047,51.02,40.18,10.78
2026-04-22 15:00:46,pignn,amazon-ratings,0.1,0.365961,193.82,0.06,193.53
2026-04-22 15:00:53,lnpcc,amazon-ratings,0.2,0.388926,67.93,57.64,10.23
2026-04-22 15:01:00,lnpcc,amazon-ratings,0.1,0.395611,81.13,69.52,11.56
2026-04-22 15:01:29,lnpcc,amazon-ratings,0.5,0.358561,75.03,64.78,10.19
2026-04-22 15:01:57,lnpcc,amazon-ratings,0.4,0.381679,70.87,60.58,10.23
2026-04-22 15:02:08,lnpcc,amazon-ratings,0.2,0.394795,67.82,63.43,4.33
2026-04-22 15:02:11,lnpcc,amazon-ratings,0.3,0.391375,79.31,68.73,10.53
2026-04-22 15:02:21,lnpcc,amazon-ratings,0.1,0.373463,74.75,55.55,10.13
2026-04-22 15:02:37,lnpcc,amazon-ratings,0.5,0.353304,59.81,49.64,10.12
2026-04-22 15:02:49,lnpcc,amazon-ratings,0.2,0.36989,34.03,29.9,4.09
2026-04-22 15:03:13,lnpcc,amazon-ratings,0.4,0.375351,68.64,58.32,10.27
2026-04-22 15:03:16,lnpcc,amazon-ratings,0.3,0.35652,57.82,47.72,10.05
2026-04-22 15:03:26,lnpcc,amazon-ratings,0.1,0.394897,57.89,53.84,4.01
2026-04-22 15:03:36,lnpcc,amazon-ratings,0.2,0.382496,38.62,35.81,2.76
2026-04-22 15:03:41,lnpcc,amazon-ratings,0.5,0.380148,55.59,51.6,3.93
2026-04-22 15:04:10,lnpcc,amazon-ratings,0.1,0.366063,35.71,31.93,3.73
2026-04-22 15:04:23,lnpcc,amazon-ratings,0.5,0.368461,35.34,31.49,3.79
2026-04-22 15:04:25,lnpcc,amazon-ratings,0.4,0.390406,64.8,60.25,4.49
2026-04-22 15:04:28,lnpcc,amazon-ratings,0.3,0.389334,64.92,60.82,4.04
2026-04-22 15:04:43,nrgnn,amazon-ratings,0.1,0.365603,266.21,0.05,244.24
2026-04-22 15:04:47,nrgnn,amazon-ratings,0.4,0.368257,261.68,0.05,241.33
2026-04-22 15:04:51,gcn,amazon-ratings,0.1,0.393315,4.06,0.04,3.81
2026-04-22 15:04:54,gcn,amazon-ratings,0.3,0.382751,2.8,0.05,2.55
2026-04-22 15:04:56,lnpcc,amazon-ratings,0.1,0.382393,38.97,36.05,2.86
2026-04-22 15:05:08,lnpcc,amazon-ratings,0.5,0.303036,37.47,34.84,2.59
2026-04-22 15:05:10,lnpcc,amazon-ratings,0.4,0.369788,38.19,33.02,5.12
2026-04-22 15:05:12,lnpcc,amazon-ratings,0.3,0.369278,37.77,31.93,3.78
2026-04-22 15:05:53,lnpcc,amazon-ratings,0.3,0.360806,34.26,31.61,2.6
2026-04-22 15:05:55,lnpcc,amazon-ratings,0.4,0.35555,38.25,35.28,2.92
2026-04-22 15:06:11,lnpcc,amazon-ratings,0.2,0.389895,148.41,142.06,6.29
2026-04-22 15:07:23,lnpcc,amazon-ratings,0.1,0.393621,138.26,132.11,6.09
2026-04-22 15:07:50,lnpcc,amazon-ratings,0.5,0.373769,154.56,148.46,6.04
2026-04-22 15:07:52,lnpcc,amazon-ratings,0.2,0.388824,94.2,83.58,10.57
2026-04-22 15:08:09,pignn,amazon-ratings,0.1,0.368512,195.82,0.06,195.52
2026-04-22 15:08:12,gcn,amazon-ratings,0.1,0.372136,2.56,0.05,2.31
2026-04-22 15:08:25,lnpcc,amazon-ratings,0.4,0.362235,143.38,137.38,5.95
2026-04-22 15:08:41,lnpcc,amazon-ratings,0.2,0.360551,42.15,37.89,4.21
2026-04-22 15:08:45,lnpcc,amazon-ratings,0.3,0.389589,164.36,158.28,6.04
2026-04-22 15:08:48,nrgnn,amazon-ratings,0.3,0.36642,260.47,0.04,244.94
2026-04-22 15:08:53,gcn,amazon-ratings,0.2,0.392294,4.99,0.04,4.75
2026-04-22 15:09:02,lnpcc,amazon-ratings,0.1,0.385251,91.39,80.01,11.32
2026-04-22 15:09:18,lnpcc,amazon-ratings,0.5,0.363307,81.56,70.75,10.76
2026-04-22 15:09:49,lnpcc,amazon-ratings,0.2,0.368512,60.85,54.97,5.83
2026-04-22 15:09:54,lnpcc,amazon-ratings,0.1,0.367492,43.47,39.38,4.04
2026-04-22 15:10:02,lnpcc,amazon-ratings,0.4,0.359122,90.72,80.87,9.79
2026-04-22 15:10:10,lnpcc,amazon-ratings,0.5,0.327788,44.26,40.34,3.87
2026-04-22 15:10:26,lnpcc,amazon-ratings,0.3,0.388722,93.99,83.99,9.95
2026-04-22 15:10:52,lnpcc,amazon-ratings,0.2,0.371421,55.74,45.92,9.76
2026-04-22 15:10:54,lnpcc,amazon-ratings,0.1,0.364736,52.06,46.36,5.61
2026-04-22 15:10:57,lnpcc,amazon-ratings,0.4,0.368104,46.37,35.05,4.26
2026-04-22 15:11:14,lnpcc,amazon-ratings,0.3,0.330646,40.93,37.08,3.8
2026-04-22 15:11:20,lnpcc,amazon-ratings,0.5,0.320388,62.87,56.03,5.78
2026-04-22 15:12:01,lnpcc,amazon-ratings,0.1,0.379587,61.21,51.48,9.67
2026-04-22 15:12:02,lnpcc,amazon-ratings,0.2,0.368819,63.56,60.13,3.38
2026-04-22 15:12:04,nrgnn,amazon-ratings,0.4,0.368512,249.24,0.05,232.06
2026-04-22 15:12:12,lnpcc,amazon-ratings,0.4,0.36101,67.92,55.2,9.66
2026-04-22 15:12:12,gcn,amazon-ratings,0.3,0.380709,8.77,0.05,8.53
2026-04-22 15:12:16,lnpcc,amazon-ratings,0.3,0.351365,55.0,49.33,5.62
2026-04-22 15:12:19,gcn,amazon-ratings,0.1,0.368563,6.45,0.04,6.19
2026-04-22 15:12:34,lnpcc,amazon-ratings,0.5,0.308854,66.88,57.05,9.77
2026-04-22 15:12:47,nrgnn,amazon-ratings,0.1,0.368512,250.29,0.04,233.83
2026-04-22 15:13:11,lnpcc,amazon-ratings,0.1,0.372442,62.26,59.18,3.02
2026-04-22 15:13:21,lnpcc,amazon-ratings,0.4,0.378668,60.99,51.19,9.74
2026-04-22 15:13:36,lnpcc,amazon-ratings,0.3,0.357234,72.48,62.67,9.75
2026-04-22 15:13:53,lnpcc,amazon-ratings,0.5,0.277316,72.0,68.72,3.23
2026-04-22 15:14:38,lnpcc,amazon-ratings,0.4,0.355244,70.26,66.82,3.38
2026-04-22 15:14:44,lnpcc,amazon-ratings,0.3,0.356468,60.8,57.53,3.22
2026-04-22 15:14:57,lnpcc,amazon-ratings,0.2,0.3901,167.78,158.07,9.66
2026-04-22 15:15:26,lnpcc,amazon-ratings,0.1,0.394693,128.95,118.46,10.42
2026-04-22 15:15:55,lnpcc,amazon-ratings,0.2,0.367237,51.67,45.87,5.75
2026-04-22 15:16:08,nrgnn,amazon-ratings,0.2,0.369431,243.66,0.05,229.44
2026-04-22 15:16:10,gcn,amazon-ratings,0.5,0.364481,2.65,0.05,2.4
2026-04-22 15:16:13,lnpcc,amazon-ratings,0.5,0.337586,133.6,123.65,9.9
2026-04-22 15:16:22,lnpcc,amazon-ratings,0.1,0.390763,48.95,43.12,5.78
2026-04-22 15:16:41,lnpcc,amazon-ratings,0.2,0.371013,38.85,36.13,2.67
2026-04-22 15:16:43,nrgnn,amazon-ratings,0.5,0.368512,254.85,0.04,235.6
2026-04-22 15:16:52,gcn,amazon-ratings,0.4,0.368512,9.47,0.06,9.21
2026-04-22 15:17:13,lnpcc,amazon-ratings,0.4,0.388262,148.31,138.58,9.68
2026-04-22 15:17:15,lnpcc,amazon-ratings,0.3,0.393672,144.65,135.08,9.51
2026-04-22 15:17:18,lnpcc,amazon-ratings,0.2,0.391426,30.08,24.82,4.2
2026-04-22 15:17:18,lnpcc,amazon-ratings,0.1,0.371013,48.74,38.31,2.35
2026-04-22 15:17:25,lnpcc,amazon-ratings,0.5,0.350804,64.56,48.75,5.75
2026-04-22 15:17:58,lnpcc,amazon-ratings,0.1,0.387038,32.82,28.62,4.14
2026-04-22 15:18:00,lnpcc,amazon-ratings,0.4,0.361929,40.56,34.67,5.84
2026-04-22 15:18:07,lnpcc,amazon-ratings,0.5,0.355295,36.66,34.38,2.24
2026-04-22 15:18:13,lnpcc,amazon-ratings,0.3,0.373718,51.2,45.59,5.57
2026-04-22 15:18:45,lnpcc,amazon-ratings,0.5,0.349732,31.25,27.5,3.7
2026-04-22 15:18:53,lnpcc,amazon-ratings,0.3,0.37183,33.55,30.98,2.53
2026-04-22 15:19:30,lnpcc,amazon-ratings,0.3,0.391784,31.11,27.16,3.9
2026-04-22 15:19:49,lnpcc,amazon-ratings,0.2,0.392804,143.91,140.1,3.76
2026-04-22 15:19:55,nrgnn,amazon-ratings,0.4,0.354937,240.86,0.05,224.02
2026-04-22 15:20:28,lnpcc,amazon-ratings,0.1,0.394386,143.15,139.43,3.67
2026-04-22 15:20:38,nrgnn,amazon-ratings,0.1,0.373361,240.25,0.05,226.55
2026-04-22 15:20:41,gcn,amazon-ratings,0.4,0.366471,3.02,0.04,2.78
2026-04-22 15:21:01,lnpcc,amazon-ratings,0.5,0.376984,129.17,125.03,4.09
2026-04-22 15:21:38,lnpcc,amazon-ratings,0.4,0.374483,127.31,122.93,4.32
2026-04-22 15:21:59,lnpcc,amazon-ratings,0.3,0.374381,141.93,138.08,3.8
2026-04-22 15:22:13,lnpcc,amazon-ratings,0.2,0.39556,137.91,133.32,4.55
2026-04-22 15:23:02,lnpcc,amazon-ratings,0.1,0.396836,146.92,142.93,3.94
2026-04-22 15:23:04,lnpcc,amazon-ratings,0.2,0.386068,42.94,32.59,10.3
2026-04-22 15:23:50,lnpcc,amazon-ratings,0.1,0.37382,41.07,31.11,9.91
2026-04-22 15:23:52,nrgnn,amazon-ratings,0.2,0.368819,251.12,0.05,237.67
2026-04-22 15:23:55,lnpcc,amazon-ratings,0.5,0.374534,166.35,152.2,4.1
2026-04-22 15:23:59,gcn,amazon-ratings,0.1,0.368512,6.98,0.05,6.74
2026-04-22 15:24:00,lnpcc,amazon-ratings,0.2,0.385098,49.14,42.54,6.55
2026-04-22 15:24:18,lnpcc,amazon-ratings,0.4,0.384333,153.29,148.4,4.85
2026-04-22 15:24:30,lnpcc,amazon-ratings,0.3,0.392957,143.23,139.28,3.9
2026-04-22 15:24:39,lnpcc,amazon-ratings,0.2,0.36841,31.24,26.66,4.53
2026-04-22 15:24:41,nrgnn,amazon-ratings,0.3,0.368512,258.95,0.05,239.64
2026-04-22 15:24:46,gcn,amazon-ratings,0.2,0.383618,5.09,0.05,4.84
2026-04-22 15:24:51,lnpcc,amazon-ratings,0.5,0.366522,48.93,35.13,13.74
2026-04-22 15:24:53,gcn,amazon-ratings,0.4,0.349528,7.37,0.04,7.12
2026-04-22 15:24:56,lnpcc,amazon-ratings,0.1,0.3926,58.67,41.98,4.61
2026-04-22 15:25:07,lnpcc,amazon-ratings,0.4,0.370809,41.37,30.91,10.4
2026-04-22 15:25:22,lnpcc,amazon-ratings,0.3,0.374483,45.5,34.93,10.49
2026-04-22 15:25:34,lnpcc,amazon-ratings,0.1,0.354733,30.48,26.25,4.18
2026-04-22 15:25:44,lnpcc,amazon-ratings,0.5,0.367645,45.51,41.56,3.9
2026-04-22 15:26:01,lnpcc,amazon-ratings,0.2,0.368512,75.42,72.0,3.37
2026-04-22 15:26:05,lnpcc,amazon-ratings,0.4,0.370043,51.07,46.82,4.2
2026-04-22 15:26:18,lnpcc,amazon-ratings,0.3,0.376678,48.19,44.25,3.89
2026-04-22 15:26:22,lnpcc,amazon-ratings,0.5,0.358612,31.66,26.55,4.05
2026-04-22 15:26:44,lnpcc,amazon-ratings,0.4,0.368512,32.07,27.43,4.59
2026-04-22 15:26:49,lnpcc,amazon-ratings,0.2,0.370196,40.57,33.6,3.91
2026-04-22 15:26:54,lnpcc,amazon-ratings,0.3,0.368665,29.44,25.33,4.06
2026-04-22 15:26:58,lnpcc,amazon-ratings,0.1,0.368512,76.48,69.48,2.95
2026-04-22 15:27:15,pignn,amazon-ratings,0.1,0.368512,196.53,0.05,196.27
2026-04-22 15:27:43,lnpcc,amazon-ratings,0.1,0.37974,37.74,34.24,3.44
2026-04-22 15:27:48,lnpcc,amazon-ratings,0.5,0.365603,77.89,74.89,2.95
2026-04-22 15:28:11,lnpcc,amazon-ratings,0.4,0.368512,79.79,76.57,3.16
2026-04-22 15:28:22,lnpcc,amazon-ratings,0.3,0.368512,80.28,77.34,2.88
2026-04-22 15:28:35,lnpcc,amazon-ratings,0.5,0.337586,41.01,37.84,3.12
2026-04-22 15:28:39,lnpcc,amazon-ratings,0.2,0.379025,103.0,92.87,10.07
2026-04-22 15:28:55,nrgnn,amazon-ratings,0.1,0.368819,257.24,0.06,241.83
2026-04-22 15:28:57,gcn,amazon-ratings,0.4,0.364787,2.53,0.05,2.28
2026-04-22 15:29:00,lnpcc,amazon-ratings,0.4,0.308089,41.61,37.88,3.68
2026-04-22 15:29:02,gcn,amazon-ratings,0.2,0.368819,5.64,0.06,5.36
2026-04-22 15:29:08,lnpcc,amazon-ratings,0.3,0.35606,38.25,34.64,3.56
2026-04-22 15:29:27,lnpcc,amazon-ratings,0.2,0.369431,41.32,31.14,10.12
2026-04-22 15:29:30,lnpcc,amazon-ratings,0.1,0.379485,99.45,89.56,9.84
2026-04-22 15:30:18,lnpcc,amazon-ratings,0.1,0.368665,41.96,31.65,10.26
2026-04-22 15:30:29,lnpcc,amazon-ratings,0.5,0.316203,106.39,92.49,9.84
2026-04-22 15:30:46,lnpcc,amazon-ratings,0.2,0.368512,71.45,61.43,9.97
2026-04-22 15:30:56,lnpcc,amazon-ratings,0.4,0.348048,107.7,91.62,10.0
2026-04-22 15:31:00,lnpcc,amazon-ratings,0.3,0.376065,103.99,94.27,9.67
2026-04-22 15:31:12,nrgnn,amazon-ratings,0.4,0.368461,250.07,0.04,236.85
2026-04-22 15:31:13,lnpcc,amazon-ratings,0.5,0.369074,37.66,27.54,10.07
2026-04-22 15:31:21,gcn,amazon-ratings,0.5,0.368512,9.12,0.04,8.87
2026-04-22 15:31:31,lnpcc,amazon-ratings,0.1,0.368512,66.02,56.05,9.91
2026-04-22 15:31:44,lnpcc,amazon-ratings,0.4,0.368972,41.31,31.67,9.59
2026-04-22 15:31:47,lnpcc,amazon-ratings,0.3,0.36841,40.0,30.29,9.67
2026-04-22 15:32:24,lnpcc,amazon-ratings,0.2,0.395203,91.05,86.65,4.35
2026-04-22 15:32:29,lnpcc,amazon-ratings,0.5,0.326716,68.37,58.51,9.82
2026-04-22 15:32:56,lnpcc,amazon-ratings,0.4,0.318755,65.52,55.61,9.86
2026-04-22 15:32:57,nrgnn,amazon-ratings,0.3,0.367288,251.24,0.04,234.17
2026-04-22 15:33:03,lnpcc,amazon-ratings,0.3,0.368512,69.31,59.43,9.83
2026-04-22 15:33:08,lnpcc,amazon-ratings,0.1,0.398979,89.51,80.99,4.46
2026-04-22 15:33:11,lnpcc,amazon-ratings,0.2,0.375096,40.28,34.52,5.71
2026-04-22 15:33:52,lnpcc,amazon-ratings,0.1,0.383057,37.21,31.5,5.66
2026-04-22 15:34:24,lnpcc,amazon-ratings,0.2,0.37137,65.72,61.57,4.1
2026-04-22 15:34:27,lnpcc,amazon-ratings,0.5,0.373258,110.17,106.05,4.06
2026-04-22 15:34:35,lnpcc,amazon-ratings,0.4,0.379127,91.08,86.66,4.36
2026-04-22 15:34:51,lnpcc,amazon-ratings,0.3,0.39112,100.9,96.92,3.92
2026-04-22 15:34:58,lnpcc,amazon-ratings,0.1,0.373054,59.14,55.36,3.72
2026-04-22 15:35:12,nrgnn,amazon-ratings,0.2,0.368512,247.27,0.05,231.34
2026-04-22 15:35:17,lnpcc,amazon-ratings,0.5,0.305996,42.24,36.43,5.76
2026-04-22 15:35:24,lnpcc,amazon-ratings,0.4,0.359377,42.97,35.84,7.08
2026-04-22 15:35:42,lnpcc,amazon-ratings,0.3,0.385864,43.83,38.04,5.73
2026-04-22 15:36:23,lnpcc,amazon-ratings,0.2,0.389793,111.75,101.14,10.55
2026-04-22 15:36:28,lnpcc,amazon-ratings,0.5,0.352794,63.78,60.01,3.71
2026-04-22 15:36:35,lnpcc,amazon-ratings,0.4,0.368717,63.65,59.35,4.25
2026-04-22 15:36:49,lnpcc,amazon-ratings,0.1,0.389436,103.93,93.92,9.96
2026-04-22 15:36:53,lnpcc,amazon-ratings,0.3,0.370554,63.14,55.4,3.68
2026-04-22 15:36:53,nrgnn,amazon-ratings,0.5,0.318398,250.98,0.04,236.77
2026-04-22 15:36:57,gcn,amazon-ratings,0.2,0.368717,3.96,0.05,3.73
2026-04-22 15:37:00,lnpcc,amazon-ratings,0.2,0.378464,29.63,26.5,3.08
2026-04-22 15:37:26,lnpcc,amazon-ratings,0.1,0.378566,30.43,27.74,2.64
2026-04-22 15:37:50,lnpcc,amazon-ratings,0.2,0.368512,43.23,38.9,4.28
2026-04-22 15:38:06,lnpcc,amazon-ratings,0.5,0.373361,90.51,80.36,10.1
2026-04-22 15:38:11,lnpcc,amazon-ratings,0.1,0.368512,38.38,34.57,3.76
2026-04-22 15:38:27,lnpcc,amazon-ratings,0.4,0.363562,104.79,94.15,10.59
2026-04-22 15:38:30,pignn,amazon-ratings,0.1,0.368512,197.43,0.06,197.15
2026-04-22 15:38:38,gcn,amazon-ratings,0.1,0.393468,9.0,0.05,8.74
2026-04-22 15:38:45,lnpcc,amazon-ratings,0.3,0.392192,105.03,94.99,9.99
2026-04-22 15:38:48,lnpcc,amazon-ratings,0.5,0.328196,35.43,26.8,2.57
2026-04-22 15:38:53,lnpcc,amazon-ratings,0.2,0.393927,55.6,51.2,4.34
2026-04-22 15:39:03,lnpcc,amazon-ratings,0.4,0.358255,28.44,25.58,2.81
2026-04-22 15:39:14,lnpcc,amazon-ratings,0.1,0.3926,55.41,51.22,4.14
2026-04-22 15:39:23,lnpcc,amazon-ratings,0.3,0.365757,31.03,28.18,2.8
2026-04-22 15:39:33,lnpcc,amazon-ratings,0.2,0.368257,33.18,29.9,3.22
2026-04-22 15:39:37,lnpcc,amazon-ratings,0.5,0.368512,42.21,38.46,3.7
2026-04-22 15:39:51,lnpcc,amazon-ratings,0.4,0.368512,41.47,37.53,3.88
2026-04-22 15:39:55,lnpcc,amazon-ratings,0.1,0.366777,32.96,30.13,2.77
2026-04-22 15:40:12,lnpcc,amazon-ratings,0.3,0.366675,41.59,37.97,3.57
2026-04-22 15:40:33,lnpcc,amazon-ratings,0.5,0.373514,49.48,45.51,3.91
2026-04-22 15:40:50,lnpcc,amazon-ratings,0.2,0.368512,70.89,64.88,5.95
2026-04-22 15:40:55,nrgnn,amazon-ratings,0.1,0.38372,253.27,0.05,238.3
2026-04-22 15:40:55,lnpcc,amazon-ratings,0.4,0.38173,57.2,47.84,4.3
2026-04-22 15:41:01,gcn,amazon-ratings,0.4,0.368512,5.49,0.05,5.24
2026-04-22 15:41:12,gcn,amazon-ratings,0.2,0.391579,11.32,0.05,11.09
2026-04-22 15:41:14,lnpcc,amazon-ratings,0.3,0.389895,54.67,48.91,5.71
2026-04-22 15:41:18,lnpcc,amazon-ratings,0.5,0.368206,36.99,31.72,3.21
2026-04-22 15:41:24,lnpcc,amazon-ratings,0.1,0.368512,82.72,70.41,6.23
2026-04-22 15:41:38,lnpcc,amazon-ratings,0.4,0.368359,35.29,32.1,3.14
2026-04-22 15:41:53,lnpcc,amazon-ratings,0.3,0.367594,31.01,28.02,2.94
2026-04-22 15:42:31,nrgnn,amazon-ratings,0.2,0.378719,249.85,0.04,233.08
2026-04-22 15:42:47,lnpcc,amazon-ratings,0.5,0.367594,81.66,75.69,5.91
2026-04-22 15:42:51,lnpcc,amazon-ratings,0.1,0.398826,80.19,74.88,4.26
2026-04-22 15:43:08,lnpcc,amazon-ratings,0.4,0.368512,83.56,77.27,6.24
2026-04-22 15:43:24,lnpcc,amazon-ratings,0.3,0.368512,83.3,77.51,5.73
2026-04-22 15:43:27,lnpcc,amazon-ratings,0.2,0.397499,149.02,144.57,4.4
2026-04-22 15:44:03,lnpcc,amazon-ratings,0.1,0.397908,63.91,59.9,3.97
2026-04-22 15:44:28,lnpcc,amazon-ratings,0.3,0.394437,56.8,52.79,3.95
2026-04-22 15:45:15,nrgnn,amazon-ratings,0.3,0.368512,258.3,0.06,243.32
2026-04-22 15:45:16,lnpcc,amazon-ratings,0.1,0.40051,66.0,61.77,4.18
2026-04-22 15:45:41,lnpcc,amazon-ratings,0.5,0.383261,165.72,161.54,4.12
2026-04-22 15:45:48,lnpcc,amazon-ratings,0.3,0.393264,73.64,69.57,4.02
2026-04-22 15:46:00,lnpcc,amazon-ratings,0.4,0.347027,164.55,160.13,4.36
2026-04-22 15:46:24,nrgnn,amazon-ratings,0.4,0.364787,246.92,0.05,232.7
2026-04-22 15:46:27,gcn,amazon-ratings,0.3,0.369737,2.67,0.06,2.43
2026-04-22 15:46:29,lnpcc,amazon-ratings,0.1,0.396683,65.55,61.34,4.15
2026-04-22 15:46:29,gcn,amazon-ratings,0.5,0.352998,2.73,0.05,2.46
2026-04-22 15:47:03,lnpcc,amazon-ratings,0.2,0.394948,75.6,70.96,4.59
2026-04-22 15:47:06,lnpcc,amazon-ratings,0.3,0.385353,70.52,66.48,4.0
2026-04-22 15:47:22,lnpcc,amazon-ratings,0.4,0.394897,74.98,70.28,4.65
2026-04-22 15:47:45,lnpcc,amazon-ratings,0.1,0.398418,68.62,64.42,4.15
2026-04-22 15:48:24,lnpcc,amazon-ratings,0.2,0.394744,74.12,69.32,4.75
2026-04-22 15:48:32,lnpcc,amazon-ratings,0.5,0.382649,163.97,159.59,4.32
2026-04-22 15:48:43,lnpcc,amazon-ratings,0.4,0.392651,73.94,69.22,4.66
2026-04-22 15:49:16,lnpcc,amazon-ratings,0.1,0.391579,82.51,78.19,4.26
2026-04-22 15:49:19,nrgnn,amazon-ratings,0.5,0.368512,258.41,0.04,244.22
2026-04-22 15:49:23,gcn,amazon-ratings,0.4,0.368512,4.15,0.05,3.91
2026-04-22 15:49:47,pignn,amazon-ratings,0.1,0.368512,198.52,0.05,198.24
2026-04-22 15:49:56,lnpcc,amazon-ratings,0.3,0.391835,163.79,159.57,4.18
2026-04-22 15:50:02,lnpcc,amazon-ratings,0.5,0.382853,82.85,78.79,4.0
2026-04-22 15:50:27,lnpcc,amazon-ratings,0.4,0.392498,96.38,91.58,4.74
2026-04-22 15:50:34,lnpcc,amazon-ratings,0.2,0.396121,121.92,117.35,4.51
2026-04-22 15:52:02,lnpcc,amazon-ratings,0.1,0.38668,157.95,153.91,3.99
2026-04-22 15:52:09,lnpcc,amazon-ratings,0.4,0.392651,94.65,90.02,4.56
2026-04-22 15:52:17,lnpcc,amazon-ratings,0.3,0.393008,133.55,129.74,3.76
2026-04-22 15:52:29,lnpcc,amazon-ratings,0.5,0.383873,140.65,136.74,3.86
2026-04-22 15:52:37,lnpcc,amazon-ratings,0.2,0.395662,116.07,111.62,4.4
2026-04-22 15:53:17,lnpcc,amazon-ratings,0.1,0.396224,67.85,63.9,3.89
2026-04-22 15:53:20,nrgnn,amazon-ratings,0.1,0.382751,257.16,0.05,236.73
2026-04-22 15:53:23,lnpcc,amazon-ratings,0.4,0.391886,67.22,62.6,4.57
2026-04-22 15:53:30,gcn,amazon-ratings,0.4,0.374789,9.67,0.05,9.42
2026-04-22 15:53:33,gcn,amazon-ratings,0.2,0.368512,3.61,0.05,3.35
2026-04-22 15:53:43,nrgnn,amazon-ratings,0.2,0.368512,250.49,0.05,235.51
2026-04-22 15:53:45,lnpcc,amazon-ratings,0.5,0.383822,69.04,64.44,4.56
2026-04-22 15:54:02,lnpcc,amazon-ratings,0.3,0.393366,98.38,94.24,4.08
2026-04-22 15:54:51,lnpcc,amazon-ratings,0.1,0.394488,85.53,81.44,4.04
2026-04-22 15:55:01,lnpcc,amazon-ratings,0.4,0.392702,91.02,86.67,4.29
2026-04-22 15:55:09,lnpcc,amazon-ratings,0.5,0.382853,76.19,72.14,4.0
2026-04-22 15:55:20,lnpcc,amazon-ratings,0.3,0.39061,70.81,66.74,4.01
2026-04-22 15:55:28,lnpcc,amazon-ratings,0.2,0.397499,164.84,160.26,4.53
2026-04-22 15:56:30,lnpcc,amazon-ratings,0.5,0.383057,74.83,70.86,3.92
2026-04-22 15:56:30,lnpcc,amazon-ratings,0.4,0.3926,81.79,77.49,4.24
2026-04-22 15:56:45,lnpcc,amazon-ratings,0.1,0.396683,106.86,102.9,3.9
2026-04-22 15:57:31,lnpcc,amazon-ratings,0.3,0.389487,123.03,118.99,3.97
2026-04-22 15:57:33,nrgnn,amazon-ratings,0.3,0.374483,255.69,0.05,240.46
2026-04-22 15:57:34,nrgnn,amazon-ratings,0.4,0.349681,247.4,0.05,231.44
2026-04-22 15:57:37,gcn,amazon-ratings,0.2,0.391579,3.95,0.05,3.67
2026-04-22 15:57:51,lnpcc,amazon-ratings,0.1,0.398265,58.64,54.0,4.57
2026-04-22 15:57:52,lnpcc,amazon-ratings,0.4,0.392753,74.24,68.84,5.35
2026-04-22 15:58:15,lnpcc,amazon-ratings,0.2,0.396275,160.38,156.02,4.31
2026-04-22 15:58:16,lnpcc,amazon-ratings,0.5,0.383363,98.34,94.27,4.01
2026-04-22 15:59:14,lnpcc,amazon-ratings,0.1,0.396734,74.81,70.71,4.05
2026-04-22 15:59:19,lnpcc,amazon-ratings,0.3,0.39459,100.77,93.45,4.25
2026-04-22 15:59:28,lnpcc,amazon-ratings,0.4,0.387497,88.65,84.32,4.27
2026-04-22 16:00:14,lnpcc,amazon-ratings,0.5,0.383618,111.75,107.5,4.2
2026-04-22 16:00:49,lnpcc,amazon-ratings,0.3,0.393672,82.41,71.41,3.94
2026-04-22 16:00:50,lnpcc,amazon-ratings,0.2,0.392906,147.47,143.06,4.37
2026-04-22 16:00:57,lnpcc,amazon-ratings,0.4,0.394999,81.89,77.49,4.34
2026-04-22 16:01:27,nrgnn,amazon-ratings,0.2,0.382598,246.9,0.04,232.18
2026-04-22 16:01:31,gcn,amazon-ratings,0.5,0.355499,4.17,0.05,3.9
2026-04-22 16:01:35,nrgnn,amazon-ratings,0.1,0.368512,256.92,0.05,238.31
2026-04-22 16:01:57,lnpcc,amazon-ratings,0.1,0.387293,66.07,61.7,4.32
2026-04-22 16:02:02,lnpcc,amazon-ratings,0.5,0.382393,99.87,92.68,4.12
2026-04-22 16:02:15,lnpcc,amazon-ratings,0.3,0.390508,79.33,75.45,3.82
2026-04-22 16:02:23,lnpcc,amazon-ratings,0.4,0.393978,79.41,74.96,4.4
2026-04-22 16:02:44,lnpcc,amazon-ratings,0.2,0.396479,106.89,102.42,4.42
2026-04-22 16:03:10,lnpcc,amazon-ratings,0.1,0.396734,65.45,61.52,3.89
2026-04-22 16:03:36,lnpcc,amazon-ratings,0.5,0.383159,86.99,82.9,4.04
2026-04-22 16:03:44,lnpcc,amazon-ratings,0.3,0.392957,81.52,77.53,3.93
2026-04-22 16:03:47,lnpcc,amazon-ratings,0.4,0.393927,76.9,72.45,4.39
2026-04-22 16:04:12,lnpcc,amazon-ratings,0.1,0.397397,55.63,51.61,3.98
2026-04-22 16:04:15,lnpcc,amazon-ratings,0.2,0.394897,83.38,78.97,4.36
2026-04-22 16:05:11,lnpcc,amazon-ratings,0.3,0.395305,80.38,76.24,4.09
2026-04-22 16:05:16,lnpcc,amazon-ratings,0.4,0.393468,81.9,77.4,4.46
2026-04-22 16:05:21,nrgnn,amazon-ratings,0.4,0.368512,247.96,0.05,230.49
2026-04-22 16:05:22,lnpcc,amazon-ratings,0.5,0.382496,98.26,94.21,3.99
2026-04-22 16:05:27,nrgnn,amazon-ratings,0.5,0.35902,247.36,0.05,231.79
2026-04-22 16:05:29,lnpcc,amazon-ratings,0.1,0.393927,69.81,65.19,4.56
2026-04-22 16:05:31,gcn,amazon-ratings,0.4,0.368563,4.16,0.05,3.88
2026-04-22 16:06:26,lnpcc,amazon-ratings,0.2,0.39607,124.22,119.75,4.43
2026-04-22 16:06:44,lnpcc,amazon-ratings,0.3,0.393008,84.93,80.81,4.07
2026-04-22 16:06:46,lnpcc,amazon-ratings,0.4,0.393774,82.39,77.92,4.41
2026-04-22 16:06:48,lnpcc,amazon-ratings,0.1,0.394897,71.78,65.73,3.99
2026-04-22 16:07:09,lnpcc,amazon-ratings,0.5,0.345956,100.24,96.13,4.04
2026-04-22 16:08:01,lnpcc,amazon-ratings,0.1,0.395713,65.75,61.66,4.04
2026-04-22 16:08:06,lnpcc,amazon-ratings,0.3,0.391682,75.33,71.33,3.94
2026-04-22 16:08:13,lnpcc,amazon-ratings,0.2,0.396785,98.21,93.96,4.19
2026-04-22 16:08:18,lnpcc,amazon-ratings,0.4,0.392192,83.77,79.49,4.23
2026-04-22 16:08:46,lnpcc,amazon-ratings,0.5,0.383057,88.71,84.69,3.97
2026-04-22 16:09:12,nrgnn,amazon-ratings,0.2,0.37974,246.66,0.05,230.89
2026-04-22 16:09:17,gcn,amazon-ratings,0.3,0.369584,5.35,0.05,5.09
2026-04-22 16:09:20,gcn,amazon-ratings,0.5,0.380556,2.81,0.06,2.53
2026-04-22 16:09:24,gcn,amazon-ratings,0.1,0.368512,4.13,0.03,3.9
2026-04-22 16:09:27,nrgnn,amazon-ratings,0.1,0.368512,251.78,0.04,235.64
2026-04-22 16:09:33,lnpcc,amazon-ratings,0.1,0.396479,84.46,80.24,4.17
2026-04-22 16:09:43,lnpcc,amazon-ratings,0.3,0.393876,89.59,85.03,4.51
2026-04-22 16:09:57,lnpcc,amazon-ratings,0.2,0.395509,96.74,92.42,4.28
2026-04-22 16:10:08,lnpcc,amazon-ratings,0.4,0.39459,103.21,98.95,4.21
2026-04-22 16:10:22,lnpcc,amazon-ratings,0.5,0.382547,89.45,85.54,3.86
2026-04-22 16:10:39,lnpcc,amazon-ratings,0.1,0.390661,57.78,53.55,4.17
2026-04-22 16:11:10,lnpcc,amazon-ratings,0.3,0.397959,79.32,75.17,4.08
2026-04-22 16:11:22,lnpcc,amazon-ratings,0.2,0.395509,78.28,73.85,4.37
2026-04-22 16:11:40,lnpcc,amazon-ratings,0.5,0.382036,71.13,67.16,3.91
2026-04-22 16:12:02,lnpcc,amazon-ratings,0.4,0.392498,107.69,103.33,4.31
2026-04-22 16:12:02,lnpcc,amazon-ratings,0.1,0.392906,75.44,71.48,3.91
2026-04-22 16:12:40,lnpcc,amazon-ratings,0.3,0.39903,83.03,79.15,3.83
2026-04-22 16:13:04,lnpcc,amazon-ratings,0.2,0.395458,94.4,90.0,4.34
2026-04-22 16:13:15,nrgnn,amazon-ratings,0.4,0.367237,246.94,0.05,231.04
2026-04-22 16:13:17,lnpcc,amazon-ratings,0.1,0.393468,67.79,63.78,3.96
2026-04-22 16:13:19,nrgnn,amazon-ratings,0.3,0.373207,249.59,0.05,232.53
2026-04-22 16:13:39,lnpcc,amazon-ratings,0.4,0.393213,89.97,84.02,5.91
2026-04-22 16:14:13,lnpcc,amazon-ratings,0.3,0.4,85.1,81.17,3.88
2026-04-22 16:14:25,lnpcc,amazon-ratings,0.5,0.38418,157.68,153.54,4.08
2026-04-22 16:14:29,lnpcc,amazon-ratings,0.1,0.398622,64.47,60.5,3.92
2026-04-22 16:14:36,lnpcc,amazon-ratings,0.2,0.393366,84.28,79.58,4.64
2026-04-22 16:14:53,lnpcc,amazon-ratings,0.4,0.392957,66.55,61.79,4.71
2026-04-22 16:15:43,lnpcc,amazon-ratings,0.3,0.399541,83.76,79.64,4.07
2026-04-22 16:15:48,lnpcc,amazon-ratings,0.1,0.393059,72.38,67.26,4.07
2026-04-22 16:16:01,lnpcc,amazon-ratings,0.2,0.399183,78.83,73.93,4.84
2026-04-22 16:16:31,lnpcc,amazon-ratings,0.5,0.384129,118.37,114.35,3.97
2026-04-22 16:16:31,pignn,amazon-ratings,0.1,0.368512,196.79,0.05,196.5
2026-04-22 16:16:36,gcn,amazon-ratings,0.5,0.365144,5.32,0.05,5.07
2026-04-22 16:16:40,gcn,amazon-ratings,0.3,0.368512,4.17,0.05,3.91
2026-04-22 16:16:44,gcn,amazon-ratings,0.1,0.395713,3.75,0.06,3.48
2026-04-22 16:17:02,lnpcc,amazon-ratings,0.1,0.393213,66.19,62.31,3.84
2026-04-22 16:17:04,lnpcc,amazon-ratings,0.4,0.392855,123.45,119.07,4.33
2026-04-22 16:17:10,lnpcc,amazon-ratings,0.3,0.397601,78.95,75.03,3.87
2026-04-22 16:17:12,nrgnn,amazon-ratings,0.5,0.3432,248.61,0.05,232.8
2026-04-22 16:17:27,lnpcc,amazon-ratings,0.2,0.395407,78.8,74.35,4.4
2026-04-22 16:18:25,lnpcc,amazon-ratings,0.1,0.38714,75.75,71.67,4.02
2026-04-22 16:18:30,lnpcc,amazon-ratings,0.4,0.392549,78.74,74.28,4.41
2026-04-22 16:18:37,lnpcc,amazon-ratings,0.3,0.397295,80.25,76.31,3.89
2026-04-22 16:18:47,lnpcc,amazon-ratings,0.5,0.38372,129.28,125.36,3.86
2026-04-22 16:18:52,lnpcc,amazon-ratings,0.2,0.393366,77.92,73.45,4.42
2026-04-22 16:19:35,lnpcc,amazon-ratings,0.1,0.397244,62.61,58.6,3.96
2026-04-22 16:19:55,lnpcc,amazon-ratings,0.3,0.399286,71.52,67.52,3.96
2026-04-22 16:20:09,lnpcc,amazon-ratings,0.4,0.392294,92.51,88.12,4.35
2026-04-22 16:20:34,nrgnn,amazon-ratings,0.2,0.368972,246.92,0.05,229.75
2026-04-22 16:20:38,lnpcc,amazon-ratings,0.1,0.397397,57.1,52.76,4.28
2026-04-22 16:20:54,lnpcc,amazon-ratings,0.5,0.383261,120.19,115.99,4.15
2026-04-22 16:21:12,nrgnn,amazon-ratings,0.1,0.368512,255.4,0.04,239.35
2026-04-22 16:21:15,lnpcc,amazon-ratings,0.3,0.396632,71.96,66.59,5.32
2026-04-22 16:21:16,gcn,amazon-ratings,0.4,0.353866,4.78,0.05,4.54
2026-04-22 16:21:26,gcn,amazon-ratings,0.2,0.392345,10.22,0.04,9.96
2026-04-22 16:21:42,lnpcc,amazon-ratings,0.2,0.399234,162.84,158.28,4.51
2026-04-22 16:21:43,lnpcc,amazon-ratings,0.1,0.397806,56.53,52.46,4.01
2026-04-22 16:22:03,lnpcc,amazon-ratings,0.4,0.395101,106.22,101.63,4.53
2026-04-22 16:22:19,lnpcc,amazon-ratings,0.5,0.383261,77.35,73.28,4.02
2026-04-22 16:22:35,lnpcc,amazon-ratings,0.3,0.397755,71.65,67.48,4.1
2026-04-22 16:22:43,lnpcc,amazon-ratings,0.1,0.394437,53.73,49.72,3.97
2026-04-22 16:23:45,lnpcc,amazon-ratings,0.4,0.392804,94.79,90.09,4.66
2026-04-22 16:23:48,lnpcc,amazon-ratings,0.3,0.398418,64.47,60.33,4.09
2026-04-22 16:23:51,pignn,amazon-ratings,0.1,0.36841,197.87,0.04,197.61
2026-04-22 16:23:55,gcn,amazon-ratings,0.5,0.367594,4.15,0.05,3.89
2026-04-22 16:24:08,lnpcc,amazon-ratings,0.2,0.390916,139.11,129.63,9.43
2026-04-22 16:24:09,lnpcc,amazon-ratings,0.1,0.395815,78.31,74.42,3.84
2026-04-22 16:24:09,gcn,amazon-ratings,0.3,0.386272,13.77,0.05,13.5
2026-04-22 16:24:26,lnpcc,amazon-ratings,0.5,0.382955,119.3,115.27,3.97
2026-04-22 16:25:01,lnpcc,amazon-ratings,0.3,0.398367,66.34,62.2,4.09
2026-04-22 16:25:06,lnpcc,amazon-ratings,0.1,0.400459,50.81,41.62,4.12
2026-04-22 16:25:08,lnpcc,amazon-ratings,0.4,0.392039,74.66,70.19,4.42
2026-04-22 16:25:23,nrgnn,amazon-ratings,0.5,0.368512,251.39,0.05,237.1
2026-04-22 16:25:28,gcn,amazon-ratings,0.2,0.389997,4.67,0.06,4.39
2026-04-22 16:25:48,lnpcc,amazon-ratings,0.2,0.396172,92.91,88.5,4.36
2026-04-22 16:25:55,lnpcc,amazon-ratings,0.1,0.398061,41.84,37.88,3.91
2026-04-22 16:26:00,lnpcc,amazon-ratings,0.5,0.382547,86.83,79.79,3.98
2026-04-22 16:26:15,lnpcc,amazon-ratings,0.3,0.394846,67.09,63.11,3.94
2026-04-22 16:26:25,lnpcc,amazon-ratings,0.4,0.392855,70.12,65.73,4.34
2026-04-22 16:26:48,lnpcc,amazon-ratings,0.1,0.397091,45.46,41.34,4.06
2026-04-22 16:27:28,lnpcc,amazon-ratings,0.3,0.397908,65.54,61.47,4.02
2026-04-22 16:27:29,lnpcc,amazon-ratings,0.2,0.396019,93.25,88.8,4.4
2026-04-22 16:27:42,lnpcc,amazon-ratings,0.1,0.392396,46.16,42.09,4.02
2026-04-22 16:27:44,lnpcc,amazon-ratings,0.4,0.393927,72.78,68.61,4.11
2026-04-22 16:27:58,nrgnn,amazon-ratings,0.2,0.368512,244.13,0.04,229.2
2026-04-22 16:28:01,gcn,amazon-ratings,0.3,0.368512,3.5,0.05,3.26
2026-04-22 16:28:11,gcn,amazon-ratings,0.1,0.391733,9.95,0.04,9.69
2026-04-22 16:28:15,gcn,amazon-ratings,0.3,0.373922,4.55,0.05,4.27
2026-04-22 16:28:30,lnpcc,amazon-ratings,0.3,0.398418,55.51,51.3,4.16
2026-04-22 16:28:43,lnpcc,amazon-ratings,0.5,0.382087,157.15,152.99,4.11
2026-04-22 16:28:52,lnpcc,amazon-ratings,0.2,0.398265,75.81,71.15,4.61
2026-04-22 16:29:01,lnpcc,amazon-ratings,0.1,0.391579,72.21,68.23,3.93
2026-04-22 16:29:26,nrgnn,amazon-ratings,0.3,0.368512,253.1,0.06,237.94
2026-04-22 16:29:34,lnpcc,amazon-ratings,0.3,0.399745,56.17,51.87,4.25
2026-04-22 16:29:53,lnpcc,amazon-ratings,0.4,0.393213,121.74,117.02,4.66
2026-04-22 16:30:15,lnpcc,amazon-ratings,0.1,0.396581,66.95,62.92,3.99
2026-04-22 16:30:25,lnpcc,amazon-ratings,0.2,0.39704,86.11,81.44,4.63
2026-04-22 16:30:34,lnpcc,amazon-ratings,0.3,0.39357,53.1,48.96,4.08
2026-04-22 16:31:02,lnpcc,amazon-ratings,0.5,0.383108,131.26,127.09,4.11
2026-04-22 16:31:03,lnpcc,amazon-ratings,0.4,0.394386,62.24,57.66,4.53
2026-04-22 16:31:08,lnpcc,amazon-ratings,0.1,0.388977,46.33,42.38,3.9
2026-04-22 16:31:31,pignn,amazon-ratings,0.1,0.359377,195.74,0.05,195.48
2026-04-22 16:31:34,lnpcc,amazon-ratings,0.3,0.397499,52.61,48.52,4.05
2026-04-22 16:31:44,lnpcc,amazon-ratings,0.2,0.396479,72.2,67.76,4.39
2026-04-22 16:32:17,lnpcc,amazon-ratings,0.4,0.392294,66.88,62.47,4.35
2026-04-22 16:32:26,lnpcc,amazon-ratings,0.1,0.392906,71.23,67.98,3.19
2026-04-22 16:32:34,lnpcc,amazon-ratings,0.3,0.394948,53.42,49.52,3.85
2026-04-22 16:32:39,lnpcc,amazon-ratings,0.5,0.383873,89.94,85.98,3.91
2026-04-22 16:33:03,lnpcc,amazon-ratings,0.2,0.396121,71.33,66.65,4.63
2026-04-22 16:33:20,nrgnn,amazon-ratings,0.5,0.355805,249.19,0.04,234.45
2026-04-22 16:33:33,lnpcc,amazon-ratings,0.3,0.398265,51.46,46.88,4.53
2026-04-22 16:33:58,lnpcc,amazon-ratings,0.1,0.390559,84.65,79.64,3.97
2026-04-22 16:34:30,lnpcc,amazon-ratings,0.2,0.399643,79.29,74.89,4.34
2026-04-22 16:34:35,lnpcc,amazon-ratings,0.4,0.386272,130.3,121.81,4.44
2026-04-22 16:34:41,lnpcc,amazon-ratings,0.3,0.39556,60.46,56.6,3.81
2026-04-22 16:34:51,lnpcc,amazon-ratings,0.1,0.395203,46.76,42.83,3.89
2026-04-22 16:35:10,lnpcc,amazon-ratings,0.5,0.384078,69.72,65.71,3.96
2026-04-22 16:35:23,nrgnn,amazon-ratings,0.4,0.368512,249.72,0.04,231.92
2026-04-22 16:35:31,gcn,amazon-ratings,0.5,0.356673,8.97,0.04,8.69
2026-04-22 16:35:36,gcn,amazon-ratings,0.1,0.39112,4.99,0.05,4.74
2026-04-22 16:35:47,lnpcc,amazon-ratings,0.2,0.399694,70.03,64.43,5.55
2026-04-22 16:35:50,lnpcc,amazon-ratings,0.1,0.398673,51.97,48.03,3.88
2026-04-22 16:35:53,lnpcc,amazon-ratings,0.4,0.394948,70.92,63.34,4.51
2026-04-22 16:36:04,lnpcc,amazon-ratings,0.3,0.397959,76.77,72.77,3.95
2026-04-22 16:36:38,lnpcc,amazon-ratings,0.1,0.390253,40.74,36.82,3.87
2026-04-22 16:36:42,lnpcc,amazon-ratings,0.5,0.383924,85.21,78.37,3.78
2026-04-22 16:37:02,lnpcc,amazon-ratings,0.4,0.39357,62.06,57.65,4.37
2026-04-22 16:37:06,lnpcc,amazon-ratings,0.2,0.38913,71.66,66.23,4.37
2026-04-22 16:37:13,nrgnn,amazon-ratings,0.3,0.36841,248.07,0.06,233.17
2026-04-22 16:37:24,lnpcc,amazon-ratings,0.3,0.394488,72.65,68.11,4.48
2026-04-22 16:37:57,lnpcc,amazon-ratings,0.5,0.383567,68.83,64.81,3.97
2026-04-22 16:38:02,lnpcc,amazon-ratings,0.1,0.397448,77.37,73.3,4.02
2026-04-22 16:38:02,lnpcc,amazon-ratings,0.4,0.395152,53.38,48.77,4.56
2026-04-22 16:38:28,lnpcc,amazon-ratings,0.3,0.397193,56.42,52.2,4.15
2026-04-22 16:38:39,lnpcc,amazon-ratings,0.2,0.39852,85.79,81.35,4.39
2026-04-22 16:38:57,lnpcc,amazon-ratings,0.4,0.394437,48.21,43.68,4.47
2026-04-22 16:39:14,lnpcc,amazon-ratings,0.1,0.393468,64.6,60.63,3.93
2026-04-22 16:39:28,lnpcc,amazon-ratings,0.3,0.393213,51.49,48.36,3.07
2026-04-22 16:39:31,nrgnn,amazon-ratings,0.2,0.368512,255.53,0.04,235.15
2026-04-22 16:39:33,lnpcc,amazon-ratings,0.5,0.383006,88.25,81.11,4.08
2026-04-22 16:39:50,lnpcc,amazon-ratings,0.4,0.391579,45.56,39.77,5.75
2026-04-22 16:39:56,lnpcc,amazon-ratings,0.2,0.395968,69.97,62.1,5.8
2026-04-22 16:40:03,lnpcc,amazon-ratings,0.1,0.382138,42.9,38.9,3.95
2026-04-22 16:40:42,lnpcc,amazon-ratings,0.4,0.39061,44.32,39.38,4.89
2026-04-22 16:40:50,lnpcc,amazon-ratings,0.3,0.396581,73.94,69.77,4.12
2026-04-22 16:40:54,lnpcc,amazon-ratings,0.5,0.384078,74.01,68.99,3.96
2026-04-22 16:40:58,lnpcc,amazon-ratings,0.1,0.399388,48.39,43.31,4.02
2026-04-22 16:41:13,nrgnn,amazon-ratings,0.5,0.289615,255.89,0.04,239.65
2026-04-22 16:41:22,gcn,amazon-ratings,0.4,0.388977,9.48,0.05,9.22
2026-04-22 16:41:24,lnpcc,amazon-ratings,0.2,0.396275,80.85,76.09,4.71
2026-04-22 16:41:55,lnpcc,amazon-ratings,0.1,0.394795,49.86,45.87,3.93
2026-04-22 16:41:56,lnpcc,amazon-ratings,0.4,0.389691,65.64,60.8,4.79
2026-04-22 16:42:00,lnpcc,amazon-ratings,0.3,0.398673,63.39,56.12,4.21
2026-04-22 16:42:07,lnpcc,amazon-ratings,0.5,0.382496,65.96,61.98,3.93
2026-04-22 16:42:49,lnpcc,amazon-ratings,0.2,0.398061,77.11,72.39,4.68
2026-04-22 16:42:50,lnpcc,amazon-ratings,0.3,0.395764,43.32,39.27,4.0
2026-04-22 16:42:50,pignn,amazon-ratings,0.1,0.368512,199.3,0.05,199.06
2026-04-22 16:42:54,gcn,amazon-ratings,0.5,0.369329,3.38,0.05,3.1
2026-04-22 16:43:00,lnpcc,amazon-ratings,0.1,0.394335,57.73,52.0,5.67
2026-04-22 16:43:02,lnpcc,amazon-ratings,0.4,0.375657,58.6,50.81,7.74
2026-04-22 16:43:06,gcn,amazon-ratings,0.1,0.368512,12.58,0.04,12.27
2026-04-22 16:43:09,gcn,amazon-ratings,0.5,0.359326,3.69,0.04,3.43
2026-04-22 16:43:33,lnpcc,amazon-ratings,0.5,0.383057,78.99,74.91,4.03
2026-04-22 16:43:54,lnpcc,amazon-ratings,0.3,0.392345,56.66,52.73,3.88
2026-04-22 16:43:58,lnpcc,amazon-ratings,0.4,0.390967,49.02,44.66,4.3
2026-04-22 16:44:01,lnpcc,amazon-ratings,0.1,0.368512,54.68,50.64,3.98
2026-04-22 16:44:22,lnpcc,amazon-ratings,0.2,0.397959,86.1,82.31,3.75
2026-04-22 16:44:56,lnpcc,amazon-ratings,0.1,0.390661,48.69,44.68,3.96
2026-04-22 16:45:00,lnpcc,amazon-ratings,0.4,0.392549,54.77,50.43,4.29
2026-04-22 16:45:01,lnpcc,amazon-ratings,0.5,0.347027,79.56,74.74,3.76
2026-04-22 16:45:05,lnpcc,amazon-ratings,0.3,0.39755,63.73,57.82,3.85
2026-04-22 16:45:16,nrgnn,amazon-ratings,0.1,0.368563,252.05,0.05,234.26
2026-04-22 16:45:48,lnpcc,amazon-ratings,0.2,0.398469,78.86,75.15,3.64
2026-04-22 16:45:52,lnpcc,amazon-ratings,0.1,0.393876,49.05,44.86,4.15
2026-04-22 16:45:56,lnpcc,amazon-ratings,0.4,0.394795,48.97,44.46,4.46
2026-04-22 16:46:18,lnpcc,amazon-ratings,0.3,0.397295,66.54,62.63,3.85
2026-04-22 16:46:29,lnpcc,amazon-ratings,0.5,0.381985,82.21,78.12,4.05
2026-04-22 16:46:37,lnpcc,amazon-ratings,0.1,0.386323,37.92,33.92,3.95
2026-04-22 16:46:56,lnpcc,amazon-ratings,0.4,0.388875,52.58,48.2,4.33
2026-04-22 16:47:00,nrgnn,amazon-ratings,0.4,0.368717,249.53,0.04,230.59
2026-04-22 16:47:10,lnpcc,amazon-ratings,0.2,0.399132,74.57,70.5,4.02
2026-04-22 16:47:23,lnpcc,amazon-ratings,0.3,0.392804,58.25,54.27,3.93
2026-04-22 16:47:41,lnpcc,amazon-ratings,0.5,0.382649,64.34,60.37,3.92
2026-04-22 16:47:46,lnpcc,amazon-ratings,0.4,0.384894,43.6,39.18,4.36
2026-04-22 16:47:54,lnpcc,amazon-ratings,0.1,0.399847,69.97,66.06,3.86
2026-04-22 16:48:33,lnpcc,amazon-ratings,0.2,0.397959,75.42,71.79,3.57
2026-04-22 16:48:36,lnpcc,amazon-ratings,0.3,0.397806,65.52,61.52,3.95
2026-04-22 16:48:50,lnpcc,amazon-ratings,0.4,0.391018,56.89,52.41,4.44
2026-04-22 16:49:00,lnpcc,amazon-ratings,0.1,0.368512,59.01,54.94,4.01
2026-04-22 16:49:07,lnpcc,amazon-ratings,0.5,0.38418,77.92,74.03,3.84
2026-04-22 16:49:09,nrgnn,amazon-ratings,0.5,0.368717,247.61,0.05,232.48
2026-04-22 16:49:13,gcn,amazon-ratings,0.4,0.370043,4.32,0.05,4.05
2026-04-22 16:49:23,gcn,amazon-ratings,0.2,0.368512,10.05,0.05,9.82
2026-04-22 16:49:41,lnpcc,amazon-ratings,0.3,0.396989,59.13,55.11,3.98
2026-04-22 16:49:53,lnpcc,amazon-ratings,0.4,0.3926,55.16,50.81,4.29
2026-04-22 16:50:03,lnpcc,amazon-ratings,0.2,0.398979,82.41,78.65,3.71
2026-04-22 16:50:20,lnpcc,amazon-ratings,0.1,0.395509,72.31,69.09,3.17
2026-04-22 16:50:34,lnpcc,amazon-ratings,0.5,0.38418,80.09,76.91,3.12
2026-04-22 16:50:47,lnpcc,amazon-ratings,0.3,0.383057,59.09,53.24,5.82
2026-04-22 16:50:50,nrgnn,amazon-ratings,0.2,0.368563,248.87,0.04,230.22
2026-04-22 16:51:00,lnpcc,amazon-ratings,0.4,0.393978,59.8,49.95,9.79
2026-04-22 16:51:05,gcn,amazon-ratings,0.3,0.39408,15.02,0.05,14.76
2026-04-22 16:51:23,lnpcc,amazon-ratings,0.1,0.396224,55.72,51.57,4.09
2026-04-22 16:51:24,lnpcc,amazon-ratings,0.2,0.396479,74.36,70.55,3.75
2026-04-22 16:51:47,lnpcc,amazon-ratings,0.5,0.381832,66.0,62.71,3.24
2026-04-22 16:52:05,lnpcc,amazon-ratings,0.3,0.397295,70.8,66.64,4.12
2026-04-22 16:52:06,lnpcc,amazon-ratings,0.4,0.383618,58.19,53.47,4.66
2026-04-22 16:52:23,lnpcc,amazon-ratings,0.1,0.397091,53.15,49.0,4.1
2026-04-22 16:52:54,lnpcc,amazon-ratings,0.2,0.397499,81.43,77.57,3.8
2026-04-22 16:52:58,lnpcc,amazon-ratings,0.5,0.385098,63.44,60.05,3.34
2026-04-22 16:53:11,lnpcc,amazon-ratings,0.4,0.374483,58.36,51.87,6.45
2026-04-22 16:53:20,nrgnn,amazon-ratings,0.3,0.368512,252.95,0.05,237.26
2026-04-22 16:53:23,gcn,amazon-ratings,0.2,0.384333,2.73,0.05,2.5
2026-04-22 16:53:35,lnpcc,amazon-ratings,0.1,0.393008,64.48,56.17,8.27
2026-04-22 16:53:36,gcn,amazon-ratings,0.4,0.368512,13.17,0.04,12.93
2026-04-22 16:53:40,lnpcc,amazon-ratings,0.3,0.399183,87.85,78.24,4.57
2026-04-22 16:54:04,lnpcc,amazon-ratings,0.2,0.395917,63.17,59.34,3.77
2026-04-22 16:54:21,pignn,amazon-ratings,0.1,0.368512,196.33,0.05,196.07
2026-04-22 16:54:22,lnpcc,amazon-ratings,0.4,0.392243,64.22,59.42,4.75
2026-04-22 16:54:22,lnpcc,amazon-ratings,0.5,0.38173,76.99,73.7,3.25
2026-04-22 16:54:24,gcn,amazon-ratings,0.1,0.391324,2.88,0.05,2.64
2026-04-22 16:54:35,lnpcc,amazon-ratings,0.1,0.398469,52.43,48.59,3.78
2026-04-22 16:55:18,lnpcc,amazon-ratings,0.2,0.39801,65.82,62.22,3.55
2026-04-22 16:55:23,lnpcc,amazon-ratings,0.4,0.394539,53.2,47.93,4.21
2026-04-22 16:55:31,lnpcc,amazon-ratings,0.5,0.384588,61.14,58.11,2.97
2026-04-22 16:55:35,lnpcc,amazon-ratings,0.1,0.391069,53.04,47.19,3.79
2026-04-22 16:56:22,lnpcc,amazon-ratings,0.4,0.393927,51.97,47.53,4.37
2026-04-22 16:56:29,lnpcc,amazon-ratings,0.3,0.397499,94.1,90.16,3.9
2026-04-22 16:56:35,lnpcc,amazon-ratings,0.1,0.391273,52.58,48.68,3.85
2026-04-22 16:56:42,lnpcc,amazon-ratings,0.2,0.393876,76.96,73.6,3.3
2026-04-22 16:56:42,lnpcc,amazon-ratings,0.5,0.383771,64.93,61.85,3.03
2026-04-22 16:57:20,lnpcc,amazon-ratings,0.4,0.395101,50.64,46.2,4.39
2026-04-22 16:57:24,nrgnn,amazon-ratings,0.1,0.365399,242.71,0.05,228.64
2026-04-22 16:57:27,gcn,amazon-ratings,0.4,0.365042,2.95,0.04,2.73
2026-04-22 16:57:30,gcn,amazon-ratings,0.2,0.378821,3.16,0.04,2.89
2026-04-22 16:57:47,lnpcc,amazon-ratings,0.1,0.391426,64.91,60.56,4.3
2026-04-22 16:58:05,lnpcc,amazon-ratings,0.2,0.382087,76.42,72.88,3.49
2026-04-22 16:58:06,lnpcc,amazon-ratings,0.5,0.342689,77.37,74.29,3.03
2026-04-22 16:58:10,lnpcc,amazon-ratings,0.3,0.398979,94.77,87.89,3.82
2026-04-22 16:58:11,nrgnn,amazon-ratings,0.2,0.368972,246.4,0.05,227.48
2026-04-22 16:58:24,lnpcc,amazon-ratings,0.4,0.394999,56.62,50.91,5.66
2026-04-22 16:58:38,lnpcc,amazon-ratings,0.1,0.397142,43.33,39.3,3.98
2026-04-22 16:59:22,lnpcc,amazon-ratings,0.4,0.356928,49.84,44.88,4.9
2026-04-22 16:59:25,lnpcc,amazon-ratings,0.3,0.397601,67.28,63.21,4.03
2026-04-22 16:59:28,lnpcc,amazon-ratings,0.5,0.311763,75.08,67.72,3.3
2026-04-22 16:59:33,lnpcc,amazon-ratings,0.2,0.396377,80.98,77.14,3.78
2026-04-22 16:59:45,lnpcc,amazon-ratings,0.1,0.395152,59.99,56.05,3.88
2026-04-22 17:00:17,lnpcc,amazon-ratings,0.4,0.369227,48.04,44.09,3.9
2026-04-22 17:00:42,lnpcc,amazon-ratings,0.3,0.387395,69.79,66.35,3.39
2026-04-22 17:00:48,lnpcc,amazon-ratings,0.5,0.383873,72.43,69.09,3.29
2026-04-22 17:00:59,lnpcc,amazon-ratings,0.2,0.39607,78.42,74.56,3.81
2026-04-22 17:01:08,lnpcc,amazon-ratings,0.1,0.395152,75.97,72.03,3.89
2026-04-22 17:01:16,lnpcc,amazon-ratings,0.4,0.394437,51.25,46.51,4.69
2026-04-22 17:01:23,nrgnn,amazon-ratings,0.5,0.368819,249.46,0.05,232.51
2026-04-22 17:01:31,pignn,amazon-ratings,0.1,0.368563,199.5,0.05,199.25
2026-04-22 17:01:35,lnpcc,amazon-ratings,0.3,0.393213,45.07,40.46,4.55
2026-04-22 17:01:39,gcn,amazon-ratings,0.5,0.364379,8.84,0.04,8.6
2026-04-22 17:01:42,gcn,amazon-ratings,0.1,0.389895,2.73,0.05,2.5
2026-04-22 17:01:46,gcn,amazon-ratings,0.3,0.389538,4.35,0.04,4.08
2026-04-22 17:02:02,lnpcc,amazon-ratings,0.5,0.382189,67.1,63.87,3.17
2026-04-22 17:02:15,lnpcc,amazon-ratings,0.4,0.393672,52.45,48.07,4.32
2026-04-22 17:02:16,lnpcc,amazon-ratings,0.1,0.396989,60.83,56.96,3.83
2026-04-22 17:02:23,lnpcc,amazon-ratings,0.2,0.397908,77.3,73.77,3.46
2026-04-22 17:03:00,lnpcc,amazon-ratings,0.3,0.394488,77.01,72.99,3.97
2026-04-22 17:03:17,lnpcc,amazon-ratings,0.5,0.34422,68.32,65.01,3.26
2026-04-22 17:03:30,lnpcc,amazon-ratings,0.4,0.379434,66.42,62.0,4.36
2026-04-22 17:03:47,lnpcc,amazon-ratings,0.2,0.368512,77.37,67.27,10.05
2026-04-22 17:03:50,lnpcc,amazon-ratings,0.1,0.392702,86.79,81.07,5.67
2026-04-22 17:04:20,lnpcc,amazon-ratings,0.4,0.390559,42.62,38.2,4.36
2026-04-22 17:04:23,lnpcc,amazon-ratings,0.3,0.397346,75.76,71.75,3.96
2026-04-22 17:04:30,lnpcc,amazon-ratings,0.5,0.363511,66.09,62.84,3.2
2026-04-22 17:04:55,lnpcc,amazon-ratings,0.2,0.369686,60.64,56.74,3.84
2026-04-22 17:05:17,lnpcc,amazon-ratings,0.1,0.400714,80.17,76.2,3.92
2026-04-22 17:05:18,nrgnn,amazon-ratings,0.1,0.368512,250.89,0.05,235.53
2026-04-22 17:05:21,lnpcc,amazon-ratings,0.4,0.395254,53.36,48.73,4.57
2026-04-22 17:05:21,gcn,amazon-ratings,0.4,0.372136,2.64,0.05,2.39
2026-04-22 17:05:38,nrgnn,amazon-ratings,0.2,0.368512,249.52,0.05,232.49
2026-04-22 17:05:46,lnpcc,amazon-ratings,0.3,0.399081,76.07,72.09,3.93
2026-04-22 17:05:47,gcn,amazon-ratings,0.3,0.368512,8.86,0.04,8.65
2026-04-22 17:05:49,lnpcc,amazon-ratings,0.5,0.368921,71.75,65.27,3.41
2026-04-22 17:06:12,lnpcc,amazon-ratings,0.2,0.391886,69.54,63.15,6.34
2026-04-22 17:06:19,lnpcc,amazon-ratings,0.4,0.391784,51.13,46.4,4.67
2026-04-22 17:06:37,lnpcc,amazon-ratings,0.1,0.399694,72.01,68.03,3.93
2026-04-22 17:06:58,lnpcc,amazon-ratings,0.3,0.397142,64.49,60.44,3.99
2026-04-22 17:07:12,lnpcc,amazon-ratings,0.5,0.384996,75.75,72.51,3.19
2026-04-22 17:07:19,lnpcc,amazon-ratings,0.4,0.395458,53.49,48.88,4.56
2026-04-22 17:07:26,lnpcc,amazon-ratings,0.2,0.397193,66.34,62.63,3.66
2026-04-22 17:08:02,lnpcc,amazon-ratings,0.1,0.399541,78.45,74.23,4.15
2026-04-22 17:08:19,lnpcc,amazon-ratings,0.4,0.39653,52.98,48.47,4.47
2026-04-22 17:08:21,lnpcc,amazon-ratings,0.3,0.397959,76.32,72.08,4.18
2026-04-22 17:08:42,lnpcc,amazon-ratings,0.5,0.386374,82.74,79.6,3.09
2026-04-22 17:08:46,lnpcc,amazon-ratings,0.2,0.382802,73.39,63.09,10.24
2026-04-22 17:09:01,pignn,amazon-ratings,0.1,0.367339,194.55,0.05,194.31
2026-04-22 17:09:20,lnpcc,amazon-ratings,0.4,0.394795,52.71,48.4,4.26
2026-04-22 17:09:22,nrgnn,amazon-ratings,0.5,0.368512,258.09,0.05,241.12
2026-04-22 17:09:22,lnpcc,amazon-ratings,0.1,0.391069,72.81,68.59,4.16
2026-04-22 17:10:03,lnpcc,amazon-ratings,0.3,0.398418,94.93,90.8,4.06
2026-04-22 17:10:06,lnpcc,amazon-ratings,0.2,0.396836,73.18,69.06,4.08
2026-04-22 17:10:06,lnpcc,amazon-ratings,0.5,0.332432,77.11,74.08,2.98
2026-04-22 17:10:16,lnpcc,amazon-ratings,0.4,0.394744,49.39,45.26,4.08
2026-04-22 17:10:39,lnpcc,amazon-ratings,0.1,0.398214,69.77,65.78,3.94
2026-04-22 17:11:10,lnpcc,amazon-ratings,0.4,0.370911,46.76,42.43,4.27
2026-04-22 17:11:28,lnpcc,amazon-ratings,0.3,0.399132,78.08,74.12,3.91
2026-04-22 17:11:33,lnpcc,amazon-ratings,0.5,0.385762,79.8,76.53,3.21
2026-04-22 17:11:39,lnpcc,amazon-ratings,0.2,0.39653,86.11,81.81,4.25
2026-04-22 17:12:13,lnpcc,amazon-ratings,0.1,0.396326,86.19,82.01,4.14
2026-04-22 17:12:20,lnpcc,amazon-ratings,0.4,0.380505,64.22,58.13,6.04
2026-04-22 17:12:42,lnpcc,amazon-ratings,0.3,0.399592,66.39,62.31,4.02
2026-04-22 17:12:49,nrgnn,amazon-ratings,0.4,0.36989,241.99,0.05,227.21
2026-04-22 17:12:52,lnpcc,amazon-ratings,0.5,0.385813,72.49,69.13,3.31
2026-04-22 17:13:04,lnpcc,amazon-ratings,0.2,0.40051,77.68,73.19,4.44
2026-04-22 17:13:14,nrgnn,amazon-ratings,0.3,0.368717,251.13,0.05,231.94
2026-04-22 17:13:30,lnpcc,amazon-ratings,0.4,0.395815,63.05,58.4,4.61
2026-04-22 17:13:39,lnpcc,amazon-ratings,0.1,0.396121,77.83,73.75,4.03
2026-04-22 17:14:09,lnpcc,amazon-ratings,0.3,0.392447,79.38,75.44,3.88
2026-04-22 17:14:13,lnpcc,amazon-ratings,0.5,0.385404,73.02,65.78,3.17
2026-04-22 17:14:32,lnpcc,amazon-ratings,0.4,0.392906,53.86,49.45,4.36
2026-04-22 17:14:41,lnpcc,amazon-ratings,0.2,0.398826,89.11,85.31,3.75
2026-04-22 17:15:02,lnpcc,amazon-ratings,0.1,0.396019,76.64,72.7,3.89
2026-04-22 17:15:25,lnpcc,amazon-ratings,0.5,0.385711,66.07,62.8,3.21
2026-04-22 17:15:30,lnpcc,amazon-ratings,0.3,0.367951,73.61,68.53,4.03
2026-04-22 17:15:33,lnpcc,amazon-ratings,0.4,0.396632,54.29,49.63,4.6
2026-04-22 17:16:00,pignn,amazon-ratings,0.1,0.368512,191.59,0.04,191.35
2026-04-22 17:16:02,gcn,amazon-ratings,0.3,0.37382,2.53,0.04,2.29
2026-04-22 17:16:08,gcn,amazon-ratings,0.5,0.380403,6.12,0.05,5.87
2026-04-22 17:16:09,lnpcc,amazon-ratings,0.2,0.396887,81.55,75.99,5.5
2026-04-22 17:16:16,lnpcc,amazon-ratings,0.1,0.393621,65.83,61.75,4.02
2026-04-22 17:16:31,lnpcc,amazon-ratings,0.4,0.392141,51.35,47.17,4.14
2026-04-22 17:16:34,lnpcc,amazon-ratings,0.5,0.385455,61.84,58.53,3.26
2026-04-22 17:16:51,lnpcc,amazon-ratings,0.3,0.36841,74.59,69.03,5.51
2026-04-22 17:17:06,nrgnn,amazon-ratings,0.1,0.368512,246.73,0.05,232.34
2026-04-22 17:17:25,lnpcc,amazon-ratings,0.4,0.391937,47.05,42.61,4.38
2026-04-22 17:17:33,lnpcc,amazon-ratings,0.2,0.397806,76.17,72.77,3.35
2026-04-22 17:17:41,lnpcc,amazon-ratings,0.1,0.382342,77.88,74.63,3.2
2026-04-22 17:17:45,lnpcc,amazon-ratings,0.5,0.379229,64.3,61.12,3.14
2026-04-22 17:18:09,lnpcc,amazon-ratings,0.3,0.384792,70.52,66.56,3.91
2026-04-22 17:18:22,lnpcc,amazon-ratings,0.4,0.394897,49.66,45.06,4.56
2026-04-22 17:18:51,lnpcc,amazon-ratings,0.2,0.370809,71.85,68.33,3.47
2026-04-22 17:18:52,lnpcc,amazon-ratings,0.5,0.294718,60.69,57.48,3.16
2026-04-22 17:19:20,lnpcc,amazon-ratings,0.4,0.384282,50.54,46.25,4.25
2026-04-22 17:19:32,lnpcc,amazon-ratings,0.1,0.394539,103.95,100.04,3.86
2026-04-22 17:19:37,lnpcc,amazon-ratings,0.3,0.395713,81.82,77.95,3.82
2026-04-22 17:19:56,nrgnn,amazon-ratings,0.2,0.368512,243.96,0.04,227.96
2026-04-22 17:20:01,gcn,amazon-ratings,0.1,0.347436,5.23,0.05,4.99
2026-04-22 17:20:11,gcn,amazon-ratings,0.5,0.367594,10.39,0.05,10.12
2026-04-22 17:20:13,lnpcc,amazon-ratings,0.5,0.378821,73.66,70.3,3.31
2026-04-22 17:20:14,gcn,amazon-ratings,0.3,0.380046,3.05,0.05,2.78
2026-04-22 17:20:27,lnpcc,amazon-ratings,0.4,0.390508,60.27,55.68,4.55
2026-04-22 17:20:31,lnpcc,amazon-ratings,0.2,0.398928,92.61,89.0,3.56
2026-04-22 17:21:00,lnpcc,amazon-ratings,0.1,0.392702,79.95,75.61,4.29
2026-04-22 17:21:00,nrgnn,amazon-ratings,0.5,0.360551,247.71,0.05,233.63
2026-04-22 17:21:17,lnpcc,amazon-ratings,0.3,0.395611,92.85,88.29,4.5
2026-04-22 17:21:35,lnpcc,amazon-ratings,0.4,0.356264,60.26,55.74,4.46
2026-04-22 17:21:35,lnpcc,amazon-ratings,0.5,0.378668,74.09,70.93,3.1
2026-04-22 17:22:06,lnpcc,amazon-ratings,0.2,0.398622,88.03,84.38,3.59
2026-04-22 17:22:19,lnpcc,amazon-ratings,0.1,0.398163,72.49,68.57,3.86
2026-04-22 17:22:33,lnpcc,amazon-ratings,0.4,0.368717,51.31,47.69,3.56
2026-04-22 17:22:48,lnpcc,amazon-ratings,0.3,0.391222,83.29,79.46,3.78
2026-04-22 17:22:52,lnpcc,amazon-ratings,0.5,0.389538,69.75,66.61,3.08
2026-04-22 17:23:25,lnpcc,amazon-ratings,0.2,0.39556,70.92,67.29,3.59
2026-04-22 17:23:33,lnpcc,amazon-ratings,0.1,0.394744,66.79,62.83,3.9
2026-04-22 17:24:03,lnpcc,amazon-ratings,0.5,0.391528,63.27,59.99,3.23
2026-04-22 17:24:08,nrgnn,amazon-ratings,0.4,0.368002,250.44,0.05,234.09
2026-04-22 17:24:13,lnpcc,amazon-ratings,0.3,0.397397,77.92,73.76,4.11
2026-04-22 17:24:19,lnpcc,amazon-ratings,0.4,0.394999,98.82,93.83,4.95
2026-04-22 17:24:41,lnpcc,amazon-ratings,0.2,0.39653,68.24,64.37,3.82
2026-04-22 17:24:51,nrgnn,amazon-ratings,0.3,0.371779,245.61,0.05,230.75
2026-04-22 17:24:51,lnpcc,amazon-ratings,0.1,0.39607,71.49,67.45,3.99
2026-04-22 17:25:23,lnpcc,amazon-ratings,0.5,0.390508,71.83,68.3,3.47
2026-04-22 17:25:51,lnpcc,amazon-ratings,0.3,0.399694,90.21,85.99,4.16
2026-04-22 17:25:55,lnpcc,amazon-ratings,0.1,0.368512,56.13,50.99,4.07
2026-04-22 17:26:05,lnpcc,amazon-ratings,0.4,0.395509,97.97,93.2,4.71
2026-04-22 17:26:22,lnpcc,amazon-ratings,0.2,0.397857,93.46,89.59,3.82
2026-04-22 17:26:47,lnpcc,amazon-ratings,0.5,0.388007,76.83,73.5,3.28
2026-04-22 17:27:12,lnpcc,amazon-ratings,0.1,0.368512,70.11,66.05,4.02
2026-04-22 17:27:24,pignn,amazon-ratings,0.1,0.368461,196.22,0.05,195.95
2026-04-22 17:27:28,gcn,amazon-ratings,0.1,0.391222,3.77,0.05,3.51
2026-04-22 17:27:31,lnpcc,amazon-ratings,0.3,0.39311,91.81,87.51,4.24
2026-04-22 17:27:48,lnpcc,amazon-ratings,0.2,0.394539,78.36,74.74,3.56
2026-04-22 17:28:07,lnpcc,amazon-ratings,0.5,0.391937,72.77,69.6,3.11
2026-04-22 17:28:08,lnpcc,amazon-ratings,0.4,0.394795,114.92,110.51,4.35
2026-04-22 17:28:39,lnpcc,amazon-ratings,0.1,0.390559,78.94,76.02,2.86
2026-04-22 17:28:49,nrgnn,amazon-ratings,0.5,0.33284,253.64,0.04,238.2
2026-04-22 17:28:57,gcn,amazon-ratings,0.4,0.368053,8.41,0.05,8.16
2026-04-22 17:28:57,lnpcc,amazon-ratings,0.3,0.399643,79.76,72.48,7.24
2026-04-22 17:29:03,gcn,amazon-ratings,0.2,0.340699,6.2,0.05,5.96
2026-04-22 17:29:13,lnpcc,amazon-ratings,0.2,0.399286,78.23,74.47,3.7
2026-04-22 17:29:31,lnpcc,amazon-ratings,0.5,0.372136,77.55,74.21,3.28
2026-04-22 17:29:46,lnpcc,amazon-ratings,0.4,0.391937,92.08,87.38,4.65
2026-04-22 17:30:00,lnpcc,amazon-ratings,0.1,0.397499,74.14,70.11,3.98
2026-04-22 17:30:48,lnpcc,amazon-ratings,0.3,0.399439,103.18,99.04,4.09
2026-04-22 17:30:53,lnpcc,amazon-ratings,0.5,0.391528,74.55,71.28,3.22
2026-04-22 17:30:55,lnpcc,amazon-ratings,0.2,0.388211,94.94,91.43,3.46
2026-04-22 17:31:12,lnpcc,amazon-ratings,0.1,0.393672,65.56,61.51,4.0
2026-04-22 17:31:20,lnpcc,amazon-ratings,0.4,0.391835,86.57,82.09,4.43
2026-04-22 17:31:21,nrgnn,amazon-ratings,0.2,0.391426,253.49,0.05,233.24
2026-04-22 17:31:30,gcn,amazon-ratings,0.1,0.380352,9.25,0.04,9.01
2026-04-22 17:32:10,lnpcc,amazon-ratings,0.5,0.390304,70.49,67.11,3.32
2026-04-22 17:32:24,lnpcc,amazon-ratings,0.2,0.39755,81.34,77.91,3.39
2026-04-22 17:32:26,lnpcc,amazon-ratings,0.1,0.395254,66.93,62.95,3.93
2026-04-22 17:32:56,lnpcc,amazon-ratings,0.4,0.385507,88.39,84.07,4.27
2026-04-22 17:32:58,nrgnn,amazon-ratings,0.3,0.368512,250.72,0.06,235.4
2026-04-22 17:32:59,lnpcc,amazon-ratings,0.3,0.394437,123.56,119.87,3.65
2026-04-22 17:33:02,gcn,amazon-ratings,0.4,0.376474,3.87,0.05,3.64
2026-04-22 17:33:05,gcn,amazon-ratings,0.2,0.390304,3.63,0.05,3.36
2026-04-22 17:33:30,lnpcc,amazon-ratings,0.5,0.391784,73.7,70.44,3.2
2026-04-22 17:33:56,lnpcc,amazon-ratings,0.1,0.396989,82.75,76.97,5.72
2026-04-22 17:34:39,lnpcc,amazon-ratings,0.4,0.394693,95.46,91.19,4.21
2026-04-22 17:34:40,lnpcc,amazon-ratings,0.3,0.399439,92.68,88.57,4.05
2026-04-22 17:34:45,lnpcc,amazon-ratings,0.5,0.38964,67.83,64.77,3.01
2026-04-22 17:34:51,lnpcc,amazon-ratings,0.2,0.399132,140.9,137.42,3.43
2026-04-22 17:35:15,lnpcc,amazon-ratings,0.1,0.396479,72.92,68.85,4.02
2026-04-22 17:35:15,nrgnn,amazon-ratings,0.4,0.368512,241.11,0.05,225.17
2026-04-22 17:35:18,gcn,amazon-ratings,0.1,0.391937,3.31,0.05,3.07
2026-04-22 17:35:59,lnpcc,amazon-ratings,0.3,0.39801,72.27,68.12,4.1
2026-04-22 17:36:04,lnpcc,amazon-ratings,0.5,0.391375,71.66,68.38,3.24
2026-04-22 17:36:20,lnpcc,amazon-ratings,0.4,0.392651,93.84,89.21,4.57
2026-04-22 17:36:38,lnpcc,amazon-ratings,0.1,0.39704,75.31,71.27,3.98
2026-04-22 17:37:00,nrgnn,amazon-ratings,0.1,0.385353,248.42,0.06,234.18
2026-04-22 17:37:06,lnpcc,amazon-ratings,0.2,0.39852,127.76,123.93,3.79
2026-04-22 17:37:16,lnpcc,amazon-ratings,0.5,0.390253,65.08,61.62,3.41
2026-04-22 17:37:26,lnpcc,amazon-ratings,0.3,0.398316,79.68,75.67,3.97
2026-04-22 17:38:06,lnpcc,amazon-ratings,0.1,0.39556,81.02,77.1,3.87
2026-04-22 17:38:12,lnpcc,amazon-ratings,0.4,0.375198,106.07,102.79,3.23
2026-04-22 17:38:25,lnpcc,amazon-ratings,0.5,0.391375,62.28,58.97,3.26
2026-04-22 17:38:28,pignn,amazon-ratings,0.1,0.368155,189.89,0.04,189.67
2026-04-22 17:38:33,gcn,amazon-ratings,0.1,0.368512,5.3,0.05,5.04
2026-04-22 17:39:05,lnpcc,amazon-ratings,0.3,0.394641,92.25,88.24,3.96
2026-04-22 17:39:09,lnpcc,amazon-ratings,0.2,0.398316,116.28,112.7,3.52
2026-04-22 17:39:29,lnpcc,amazon-ratings,0.1,0.390865,77.06,73.09,3.9
2026-04-22 17:39:34,lnpcc,amazon-ratings,0.5,0.337433,61.0,57.91,3.04
2026-04-22 17:39:34,lnpcc,amazon-ratings,0.4,0.370962,75.1,70.77,4.28
2026-04-22 17:40:19,lnpcc,amazon-ratings,0.1,0.39357,43.04,39.19,3.8
2026-04-22 17:40:33,lnpcc,amazon-ratings,0.3,0.398265,81.91,78.11,3.75
2026-04-22 17:40:36,lnpcc,amazon-ratings,0.2,0.394846,78.82,75.4,3.37
2026-04-22 17:40:40,lnpcc,amazon-ratings,0.4,0.383159,59.25,52.06,4.12
2026-04-22 17:40:42,lnpcc,amazon-ratings,0.5,0.391988,60.58,57.44,3.09
2026-04-22 17:40:45,nrgnn,amazon-ratings,0.5,0.32937,242.98,0.05,225.26
2026-04-22 17:40:54,gcn,amazon-ratings,0.4,0.387803,9.47,0.05,9.23
2026-04-22 17:41:04,gcn,amazon-ratings,0.2,0.384537,10.43,0.06,10.19
2026-04-22 17:41:12,lnpcc,amazon-ratings,0.1,0.397652,45.57,41.58,3.94
2026-04-22 17:41:56,lnpcc,amazon-ratings,0.5,0.38816,68.04,64.98,3.01
2026-04-22 17:42:08,lnpcc,amazon-ratings,0.2,0.396479,85.82,82.47,3.3
2026-04-22 17:42:13,lnpcc,amazon-ratings,0.4,0.393162,84.82,79.58,4.19
2026-04-22 17:42:15,lnpcc,amazon-ratings,0.3,0.398469,94.21,90.42,3.74
2026-04-22 17:42:17,nrgnn,amazon-ratings,0.2,0.369584,237.96,0.04,223.43
2026-04-22 17:42:26,lnpcc,amazon-ratings,0.1,0.392294,67.36,63.42,3.89
2026-04-22 17:43:07,lnpcc,amazon-ratings,0.5,0.391018,64.01,60.96,2.99
2026-04-22 17:43:15,lnpcc,amazon-ratings,0.4,0.394795,55.56,51.1,4.41
2026-04-22 17:43:34,lnpcc,amazon-ratings,0.1,0.394437,60.66,56.79,3.81
2026-04-22 17:43:44,lnpcc,amazon-ratings,0.2,0.396938,88.23,84.83,3.35
2026-04-22 17:43:44,lnpcc,amazon-ratings,0.3,0.396326,83.31,79.42,3.83
2026-04-22 17:44:15,lnpcc,amazon-ratings,0.5,0.391579,61.17,57.82,3.3
2026-04-22 17:44:21,lnpcc,amazon-ratings,0.4,0.394948,59.04,54.39,4.58
2026-04-22 17:44:48,lnpcc,amazon-ratings,0.1,0.373207,67.26,57.52,9.68
2026-04-22 17:44:52,nrgnn,amazon-ratings,0.3,0.368512,242.08,0.05,228.08
2026-04-22 17:45:12,lnpcc,amazon-ratings,0.3,0.393213,80.68,76.24,4.39
2026-04-22 17:45:25,lnpcc,amazon-ratings,0.4,0.394182,56.11,51.63,4.42
2026-04-22 17:45:36,lnpcc,amazon-ratings,0.5,0.391222,71.85,68.76,3.04
2026-04-22 17:45:58,lnpcc,amazon-ratings,0.1,0.392243,63.24,59.14,4.05
2026-04-22 17:46:07,nrgnn,amazon-ratings,0.4,0.374075,245.34,0.05,230.62
2026-04-22 17:46:25,lnpcc,amazon-ratings,0.4,0.392141,53.2,47.35,5.8
2026-04-22 17:46:32,lnpcc,amazon-ratings,0.2,0.396938,162.48,157.83,4.59
2026-04-22 17:46:37,lnpcc,amazon-ratings,0.3,0.381577,78.4,75.47,2.88
2026-04-22 17:47:06,lnpcc,amazon-ratings,0.5,0.388977,83.17,79.9,3.22
2026-04-22 17:47:34,lnpcc,amazon-ratings,0.1,0.396734,88.87,84.84,3.98
2026-04-22 17:47:41,lnpcc,amazon-ratings,0.4,0.394131,67.78,62.89,4.84
2026-04-22 17:47:53,lnpcc,amazon-ratings,0.3,0.368512,69.07,65.07,3.96
2026-04-22 17:48:01,lnpcc,amazon-ratings,0.2,0.39949,81.22,77.22,3.93
2026-04-22 17:48:25,lnpcc,amazon-ratings,0.5,0.392498,72.6,69.21,3.34
2026-04-22 17:48:45,nrgnn,amazon-ratings,0.1,0.385609,247.35,0.05,233.05
2026-04-22 17:48:49,gcn,amazon-ratings,0.4,0.388926,4.06,0.05,3.82
2026-04-22 17:48:57,lnpcc,amazon-ratings,0.1,0.400102,74.92,70.26,4.61
2026-04-22 17:49:03,lnpcc,amazon-ratings,0.4,0.376474,75.6,68.84,6.72
2026-04-22 17:49:27,pignn,amazon-ratings,0.1,0.388211,199.67,0.05,199.44
2026-04-22 17:49:42,lnpcc,amazon-ratings,0.5,0.392702,69.46,66.16,3.24
2026-04-22 17:49:42,lnpcc,amazon-ratings,0.2,0.395815,94.98,91.38,3.55
2026-04-22 17:49:47,lnpcc,amazon-ratings,0.3,0.396989,106.61,101.37,4.18
2026-04-22 17:50:33,lnpcc,amazon-ratings,0.1,0.395968,88.14,84.11,3.97
2026-04-22 17:50:46,lnpcc,amazon-ratings,0.4,0.394795,95.16,90.71,4.4
2026-04-22 17:51:02,lnpcc,amazon-ratings,0.5,0.391273,73.04,69.77,3.22
2026-04-22 17:51:08,lnpcc,amazon-ratings,0.2,0.398214,78.02,74.47,3.5
2026-04-22 17:51:34,lnpcc,amazon-ratings,0.3,0.354937,99.92,95.7,4.15
2026-04-22 17:51:48,lnpcc,amazon-ratings,0.4,0.396632,54.77,50.4,4.33
2026-04-22 17:52:07,lnpcc,amazon-ratings,0.1,0.399949,87.59,83.67,3.87
2026-04-22 17:52:20,lnpcc,amazon-ratings,0.5,0.391784,70.4,67.39,2.96
2026-04-22 17:52:33,lnpcc,amazon-ratings,0.2,0.397703,77.74,74.15,3.55
2026-04-22 17:52:45,nrgnn,amazon-ratings,0.5,0.360755,254.48,0.03,235.96
2026-04-22 17:52:47,lnpcc,amazon-ratings,0.4,0.382853,52.65,42.37,10.23
2026-04-22 17:53:01,lnpcc,amazon-ratings,0.3,0.397652,80.46,75.98,4.42
2026-04-22 17:53:18,nrgnn,amazon-ratings,0.2,0.371779,244.88,0.04,231.6
2026-04-22 17:53:21,gcn,amazon-ratings,0.5,0.349936,2.59,0.06,2.33
2026-04-22 17:53:23,gcn,amazon-ratings,0.1,0.372544,2.72,0.04,2.49
2026-04-22 17:53:33,lnpcc,amazon-ratings,0.5,0.37729,66.0,63.47,2.49
2026-04-22 17:53:37,lnpcc,amazon-ratings,0.1,0.389385,82.92,76.84,4.02
2026-04-22 17:53:44,lnpcc,amazon-ratings,0.4,0.392651,49.12,44.78,4.28
2026-04-22 17:53:58,lnpcc,amazon-ratings,0.2,0.399286,77.74,74.27,3.42
2026-04-22 17:54:36,lnpcc,amazon-ratings,0.5,0.380199,55.44,52.2,3.19
2026-04-22 17:54:39,lnpcc,amazon-ratings,0.4,0.392447,48.77,44.58,4.14
2026-04-22 17:54:43,lnpcc,amazon-ratings,0.3,0.397652,93.96,90.0,3.9
2026-04-22 17:55:08,lnpcc,amazon-ratings,0.1,0.368512,84.63,80.51,4.07
2026-04-22 17:55:15,lnpcc,amazon-ratings,0.2,0.395662,70.7,67.17,3.47
2026-04-22 17:55:43,lnpcc,amazon-ratings,0.4,0.394233,56.66,52.44,4.17
2026-04-22 17:55:54,lnpcc,amazon-ratings,0.5,0.391477,71.57,68.51,3.0
2026-04-22 17:56:03,lnpcc,amazon-ratings,0.1,0.3901,48.22,45.1,3.07
2026-04-22 17:56:08,lnpcc,amazon-ratings,0.3,0.393468,78.65,71.63,3.97
2026-04-22 17:56:36,lnpcc,amazon-ratings,0.2,0.39903,73.15,69.85,3.24
2026-04-22 17:56:37,nrgnn,amazon-ratings,0.3,0.385353,246.92,0.05,231.78
2026-04-22 17:56:40,gcn,amazon-ratings,0.2,0.382393,3.04,0.04,2.8
2026-04-22 17:56:52,lnpcc,amazon-ratings,0.4,0.394897,61.88,57.41,4.43
2026-04-22 17:57:07,lnpcc,amazon-ratings,0.5,0.391477,66.06,63.01,2.99
2026-04-22 17:57:08,nrgnn,amazon-ratings,0.4,0.355754,243.8,0.04,225.04
2026-04-22 17:57:11,gcn,amazon-ratings,0.5,0.351416,2.63,0.05,2.38
2026-04-22 17:57:15,lnpcc,amazon-ratings,0.1,0.395866,65.13,62.25,2.83
2026-04-22 17:57:20,gcn,amazon-ratings,0.1,0.368717,9.72,0.05,9.47
2026-04-22 17:57:26,gcn,amazon-ratings,0.3,0.368512,6.45,0.05,6.17
2026-04-22 17:57:45,lnpcc,amazon-ratings,0.3,0.398316,90.59,86.71,3.82
2026-04-22 17:57:57,lnpcc,amazon-ratings,0.2,0.397091,73.66,70.13,3.49
2026-04-22 17:58:26,lnpcc,amazon-ratings,0.5,0.390967,70.63,67.52,3.05
2026-04-22 17:58:30,lnpcc,amazon-ratings,0.1,0.368512,67.43,60.44,3.91
2026-04-22 17:58:34,lnpcc,amazon-ratings,0.4,0.391682,94.68,90.34,4.29
2026-04-22 17:59:06,lnpcc,amazon-ratings,0.3,0.398877,74.05,70.16,3.85
2026-04-22 17:59:29,lnpcc,amazon-ratings,0.1,0.394335,52.39,48.56,3.79
2026-04-22 17:59:33,lnpcc,amazon-ratings,0.2,0.397346,89.18,85.69,3.43
2026-04-22 17:59:43,lnpcc,amazon-ratings,0.5,0.392702,69.73,66.47,3.2
2026-04-22 17:59:51,lnpcc,amazon-ratings,0.4,0.39459,70.52,66.31,4.16
2026-04-22 18:00:27,nrgnn,amazon-ratings,0.5,0.368512,242.1,0.05,227.32
2026-04-22 18:00:34,lnpcc,amazon-ratings,0.3,0.379842,81.23,75.42,5.76
2026-04-22 18:00:45,lnpcc,amazon-ratings,0.5,0.39061,55.28,51.75,3.49
2026-04-22 18:00:52,lnpcc,amazon-ratings,0.1,0.388671,75.35,71.31,4.0
2026-04-22 18:01:11,nrgnn,amazon-ratings,0.2,0.368512,238.36,0.04,224.18
2026-04-22 18:01:13,lnpcc,amazon-ratings,0.4,0.384537,75.43,69.83,5.55
2026-04-22 18:01:17,gcn,amazon-ratings,0.5,0.328451,6.25,0.05,5.99
2026-04-22 18:01:28,gcn,amazon-ratings,0.1,0.364328,11.63,0.05,11.29
2026-04-22 18:01:31,lnpcc,amazon-ratings,0.2,0.39505,110.57,105.57,4.94
2026-04-22 18:02:01,lnpcc,amazon-ratings,0.5,0.340699,67.99,62.33,5.61
2026-04-22 18:02:05,lnpcc,amazon-ratings,0.3,0.39801,82.88,73.73,4.08
2026-04-22 18:02:07,lnpcc,amazon-ratings,0.4,0.392141,46.95,42.2,4.69
2026-04-22 18:02:56,lnpcc,amazon-ratings,0.2,0.381934,77.42,74.62,2.75
2026-04-22 18:03:06,lnpcc,amazon-ratings,0.4,0.368512,52.21,49.0,3.16
2026-04-22 18:03:10,lnpcc,amazon-ratings,0.5,0.391784,61.65,58.38,3.21
2026-04-22 18:03:48,lnpcc,amazon-ratings,0.3,0.38964,96.48,92.33,4.1
2026-04-22 18:04:16,lnpcc,amazon-ratings,0.1,0.390814,67.87,63.86,3.95
2026-04-22 18:04:20,lnpcc,amazon-ratings,0.5,0.390304,63.14,57.75,3.32
2026-04-22 18:04:22,lnpcc,amazon-ratings,0.2,0.384894,79.67,73.19,6.43
2026-04-22 18:04:23,nrgnn,amazon-ratings,0.1,0.374279,250.83,0.05,235.26
2026-04-22 18:04:39,lnpcc,amazon-ratings,0.4,0.369125,85.46,81.88,3.54
2026-04-22 18:05:09,lnpcc,amazon-ratings,0.3,0.392243,73.34,63.56,9.74
2026-04-22 18:05:20,nrgnn,amazon-ratings,0.4,0.362592,251.22,0.06,231.48
2026-04-22 18:05:29,lnpcc,amazon-ratings,0.1,0.394641,65.26,61.21,3.99
2026-04-22 18:05:33,lnpcc,amazon-ratings,0.5,0.391631,65.67,59.13,3.48
2026-04-22 18:05:47,lnpcc,amazon-ratings,0.4,0.393825,60.87,56.47,4.35
2026-04-22 18:06:02,lnpcc,amazon-ratings,0.2,0.397193,92.5,89.0,3.45
2026-04-22 18:06:28,lnpcc,amazon-ratings,0.1,0.397346,51.18,47.26,3.88
2026-04-22 18:06:39,lnpcc,amazon-ratings,0.3,0.382393,82.92,79.04,3.83
2026-04-22 18:06:43,lnpcc,amazon-ratings,0.5,0.391682,62.56,59.52,2.99
2026-04-22 18:06:48,lnpcc,amazon-ratings,0.4,0.394437,53.64,49.28,4.3
2026-04-22 18:07:44,lnpcc,amazon-ratings,0.4,0.394284,49.57,45.31,4.21
2026-04-22 18:07:46,lnpcc,amazon-ratings,0.1,0.391171,70.39,66.4,3.94
2026-04-22 18:07:56,lnpcc,amazon-ratings,0.5,0.390457,66.25,63.11,3.1
2026-04-22 18:08:09,lnpcc,amazon-ratings,0.3,0.400102,82.76,78.82,3.9
2026-04-22 18:08:13,nrgnn,amazon-ratings,0.5,0.365706,245.0,0.04,230.27
2026-04-22 18:08:18,lnpcc,amazon-ratings,0.2,0.368512,128.75,125.36,3.33
2026-04-22 18:08:18,gcn,amazon-ratings,0.4,0.359786,5.71,0.04,5.46
2026-04-22 18:08:46,lnpcc,amazon-ratings,0.4,0.394897,54.48,50.07,4.36
2026-04-22 18:09:07,lnpcc,amazon-ratings,0.1,0.390355,73.74,69.72,3.97
2026-04-22 18:09:07,nrgnn,amazon-ratings,0.2,0.364991,247.66,0.05,227.71
2026-04-22 18:09:11,gcn,amazon-ratings,0.5,0.356979,3.86,0.04,3.6
2026-04-22 18:09:11,lnpcc,amazon-ratings,0.5,0.319929,67.92,64.4,3.47
2026-04-22 18:09:54,lnpcc,amazon-ratings,0.2,0.397908,88.97,85.5,3.4
2026-04-22 18:09:56,lnpcc,amazon-ratings,0.3,0.39903,99.73,95.69,3.99
2026-04-22 18:09:58,lnpcc,amazon-ratings,0.4,0.393059,65.44,57.96,4.42
2026-04-22 18:10:05,lnpcc,amazon-ratings,0.1,0.389895,50.36,46.51,3.79
2026-04-22 18:10:20,lnpcc,amazon-ratings,0.5,0.39112,60.83,57.69,3.09
2026-04-22 18:11:06,lnpcc,amazon-ratings,0.4,0.394437,60.52,56.03,4.44
2026-04-22 18:11:18,lnpcc,amazon-ratings,0.3,0.391171,75.44,71.46,3.93
2026-04-22 18:11:22,lnpcc,amazon-ratings,0.2,0.396785,80.77,77.06,3.66
2026-04-22 18:11:42,lnpcc,amazon-ratings,0.5,0.387701,74.81,71.48,3.27
2026-04-22 18:12:11,nrgnn,amazon-ratings,0.3,0.365144,245.96,0.05,232.29
2026-04-22 18:12:17,lnpcc,amazon-ratings,0.1,0.395101,124.47,120.29,4.13
2026-04-22 18:12:22,lnpcc,amazon-ratings,0.4,0.393672,68.17,63.72,4.39
2026-04-22 18:12:44,lnpcc,amazon-ratings,0.5,0.390763,54.78,51.38,3.35
2026-04-22 18:12:50,lnpcc,amazon-ratings,0.2,0.397193,80.61,77.12,3.44
2026-04-22 18:12:55,lnpcc,amazon-ratings,0.3,0.397346,89.26,85.21,4.0
2026-04-22 18:13:03,nrgnn,amazon-ratings,0.4,0.366012,246.06,0.06,231.65
2026-04-22 18:13:27,lnpcc,amazon-ratings,0.4,0.39209,56.84,51.64,5.14
2026-04-22 18:13:41,lnpcc,amazon-ratings,0.1,0.39755,75.79,71.82,3.92
2026-04-22 18:13:59,lnpcc,amazon-ratings,0.5,0.390916,68.07,64.74,3.27
2026-04-22 18:14:15,lnpcc,amazon-ratings,0.3,0.398112,73.4,69.35,4.0
2026-04-22 18:14:27,lnpcc,amazon-ratings,0.2,0.396734,89.94,86.2,3.69
2026-04-22 18:14:36,lnpcc,amazon-ratings,0.4,0.380658,61.55,56.92,4.58
2026-04-22 18:15:01,lnpcc,amazon-ratings,0.1,0.392243,73.09,68.98,4.06
2026-04-22 18:15:11,lnpcc,amazon-ratings,0.5,0.388517,64.52,61.11,3.34
2026-04-22 18:15:43,lnpcc,amazon-ratings,0.3,0.398877,80.72,76.69,3.99
2026-04-22 18:15:49,lnpcc,amazon-ratings,0.4,0.394693,66.03,61.44,4.54
2026-04-22 18:15:53,lnpcc,amazon-ratings,0.2,0.36841,79.44,74.66,3.71
2026-04-22 18:16:05,nrgnn,amazon-ratings,0.1,0.366522,247.6,0.04,233.91
2026-04-22 18:16:10,gcn,amazon-ratings,0.2,0.368512,5.78,0.06,5.5
2026-04-22 18:16:13,gcn,amazon-ratings,0.4,0.353355,2.62,0.04,2.39
2026-04-22 18:16:18,pignn,amazon-ratings,0.1,0.368512,195.93,0.04,195.72
2026-04-22 18:16:21,lnpcc,amazon-ratings,0.1,0.396938,73.51,68.86,4.59
2026-04-22 18:16:22,gcn,amazon-ratings,0.3,0.383516,3.86,0.04,3.63
2026-04-22 18:16:25,gcn,amazon-ratings,0.1,0.390661,2.77,0.04,2.55
2026-04-22 18:16:27,lnpcc,amazon-ratings,0.5,0.390559,68.1,64.37,3.68
2026-04-22 18:16:47,lnpcc,amazon-ratings,0.4,0.39505,51.12,46.61,4.46
2026-04-22 18:17:08,lnpcc,amazon-ratings,0.3,0.398112,77.74,73.75,3.94
2026-04-22 18:17:33,lnpcc,amazon-ratings,0.5,0.390916,58.97,55.72,3.21
2026-04-22 18:17:37,lnpcc,amazon-ratings,0.4,0.394386,43.37,39.03,4.29
2026-04-22 18:17:41,lnpcc,amazon-ratings,0.2,0.396989,101.07,92.61,3.4
2026-04-22 18:17:48,lnpcc,amazon-ratings,0.1,0.397857,78.75,74.91,3.79
2026-04-22 18:18:34,lnpcc,amazon-ratings,0.3,0.381781,78.7,75.79,2.85
2026-04-22 18:18:35,lnpcc,amazon-ratings,0.4,0.393417,51.23,46.67,4.51
2026-04-22 18:18:50,lnpcc,amazon-ratings,0.5,0.378413,69.37,66.84,2.47
2026-04-22 18:19:02,lnpcc,amazon-ratings,0.1,0.394029,67.67,63.69,3.93
2026-04-22 18:19:03,lnpcc,amazon-ratings,0.2,0.398571,75.45,71.75,3.65
2026-04-22 18:19:28,lnpcc,amazon-ratings,0.4,0.38122,46.01,41.58,4.38
2026-04-22 18:19:59,lnpcc,amazon-ratings,0.1,0.398163,49.44,45.45,3.94
2026-04-22 18:20:03,lnpcc,amazon-ratings,0.5,0.385558,65.89,62.72,3.11
2026-04-22 18:20:08,nrgnn,amazon-ratings,0.5,0.368717,250.0,0.05,235.8
2026-04-22 18:20:15,nrgnn,amazon-ratings,0.2,0.366369,245.23,0.05,230.36
2026-04-22 18:20:19,lnpcc,amazon-ratings,0.3,0.395866,97.31,90.82,6.45
2026-04-22 18:20:20,gcn,amazon-ratings,0.4,0.368512,12.08,0.05,11.84
2026-04-22 18:20:32,lnpcc,amazon-ratings,0.4,0.393927,56.03,50.22,5.76
2026-04-22 18:20:37,lnpcc,amazon-ratings,0.2,0.391069,86.51,81.85,4.62
2026-04-22 18:21:16,lnpcc,amazon-ratings,0.5,0.391835,67.18,63.99,3.13
2026-04-22 18:21:22,lnpcc,amazon-ratings,0.1,0.392957,76.46,67.39,6.01
2026-04-22 18:21:30,lnpcc,amazon-ratings,0.3,0.395203,63.79,59.66,4.07
2026-04-22 18:21:31,lnpcc,amazon-ratings,0.4,0.3926,50.62,45.96,4.61
2026-04-22 18:22:26,lnpcc,amazon-ratings,0.2,0.399234,102.19,98.39,3.76
2026-04-22 18:22:29,lnpcc,amazon-ratings,0.5,0.391733,64.3,60.8,3.45
2026-04-22 18:22:46,lnpcc,amazon-ratings,0.1,0.394897,75.75,71.54,4.16
2026-04-22 18:23:21,lnpcc,amazon-ratings,0.3,0.400051,103.77,99.68,4.04
2026-04-22 18:23:23,lnpcc,amazon-ratings,0.4,0.39505,104.67,100.06,4.56
2026-04-22 18:23:32,pignn,amazon-ratings,0.1,0.368512,197.22,0.06,196.94
2026-04-22 18:23:44,lnpcc,amazon-ratings,0.5,0.391835,67.99,64.74,3.2
2026-04-22 18:23:48,lnpcc,amazon-ratings,0.1,0.393672,55.18,49.01,4.11
2026-04-22 18:24:14,lnpcc,amazon-ratings,0.2,0.39653,100.41,96.84,3.52
2026-04-22 18:24:23,nrgnn,amazon-ratings,0.3,0.368308,256.57,0.05,242.52
2026-04-22 18:24:52,lnpcc,amazon-ratings,0.3,0.397346,83.73,79.56,4.11
2026-04-22 18:25:01,lnpcc,amazon-ratings,0.5,0.390253,69.33,66.08,3.19
2026-04-22 18:25:11,lnpcc,amazon-ratings,0.4,0.392498,101.22,96.84,4.33
2026-04-22 18:26:06,lnpcc,amazon-ratings,0.5,0.391375,58.02,54.75,3.22
2026-04-22 18:26:07,lnpcc,amazon-ratings,0.2,0.398673,106.26,102.67,3.54
2026-04-22 18:26:21,lnpcc,amazon-ratings,0.3,0.399949,81.49,77.77,3.67
2026-04-22 18:26:25,lnpcc,amazon-ratings,0.1,0.391682,149.29,141.26,3.97
2026-04-22 18:26:57,lnpcc,amazon-ratings,0.4,0.393519,99.03,94.71,4.26
2026-04-22 18:27:17,lnpcc,amazon-ratings,0.5,0.338096,63.73,57.95,5.72
2026-04-22 18:27:20,nrgnn,amazon-ratings,0.4,0.368665,244.2,0.05,228.26
2026-04-22 18:27:45,lnpcc,amazon-ratings,0.1,0.393417,73.56,69.61,3.89
2026-04-22 18:27:53,lnpcc,amazon-ratings,0.2,0.398163,99.3,95.85,3.39
2026-04-22 18:28:15,nrgnn,amazon-ratings,0.1,0.368512,249.8,0.04,231.68
2026-04-22 18:28:24,gcn,amazon-ratings,0.4,0.370554,9.45,0.06,9.15
2026-04-22 18:28:30,lnpcc,amazon-ratings,0.5,0.391988,65.22,61.57,3.59
2026-04-22 18:28:36,lnpcc,amazon-ratings,0.4,0.381169,91.6,85.43,6.12
2026-04-22 18:28:43,lnpcc,amazon-ratings,0.1,0.395815,50.59,46.61,3.93
2026-04-22 18:29:17,lnpcc,amazon-ratings,0.3,0.399439,77.31,73.3,3.96
2026-04-22 18:29:29,lnpcc,amazon-ratings,0.2,0.397346,89.65,86.12,3.47
2026-04-22 18:29:34,lnpcc,amazon-ratings,0.1,0.391426,43.43,39.36,4.02
2026-04-22 18:29:47,lnpcc,amazon-ratings,0.5,0.391171,69.58,66.34,3.19
2026-04-22 18:30:14,lnpcc,amazon-ratings,0.4,0.384639,91.39,87.13,4.21
2026-04-22 18:30:26,lnpcc,amazon-ratings,0.1,0.39903,45.72,41.69,3.98
2026-04-22 18:30:53,lnpcc,amazon-ratings,0.5,0.391324,58.77,55.47,3.25
2026-04-22 18:31:08,nrgnn,amazon-ratings,0.2,0.383006,247.91,0.06,228.27
2026-04-22 18:31:10,lnpcc,amazon-ratings,0.3,0.394999,106.48,102.51,3.92
2026-04-22 18:31:15,lnpcc,amazon-ratings,0.1,0.389283,42.1,38.16,3.9
2026-04-22 18:31:20,gcn,amazon-ratings,0.3,0.375351,11.83,0.05,11.56
2026-04-22 18:31:22,lnpcc,amazon-ratings,0.4,0.395407,61.53,53.5,7.97
2026-04-22 18:31:28,lnpcc,amazon-ratings,0.2,0.395152,110.77,101.31,4.4
2026-04-22 18:32:14,nrgnn,amazon-ratings,0.3,0.368512,244.63,0.05,230.25
2026-04-22 18:32:16,lnpcc,amazon-ratings,0.5,0.390508,75.44,71.85,3.54
2026-04-22 18:32:17,gcn,amazon-ratings,0.2,0.370452,2.92,0.04,2.66
2026-04-22 18:32:31,lnpcc,amazon-ratings,0.3,0.398571,73.7,69.2,4.45
2026-04-22 18:32:33,lnpcc,amazon-ratings,0.4,0.395101,63.45,58.67,4.73
2026-04-22 18:32:45,lnpcc,amazon-ratings,0.1,0.39112,83.23,73.13,10.03
2026-04-22 18:33:35,lnpcc,amazon-ratings,0.1,0.389895,41.94,37.89,3.99
2026-04-22 18:33:38,lnpcc,amazon-ratings,0.5,0.39061,75.13,69.9,3.16
2026-04-22 18:33:56,lnpcc,amazon-ratings,0.2,0.396938,141.21,137.4,3.74
2026-04-22 18:34:04,lnpcc,amazon-ratings,0.3,0.397703,85.88,81.88,3.95
2026-04-22 18:34:23,lnpcc,amazon-ratings,0.4,0.395203,102.03,97.51,4.47
2026-04-22 18:34:34,pignn,amazon-ratings,0.1,0.368512,194.12,0.05,193.84
2026-04-22 18:34:50,lnpcc,amazon-ratings,0.1,0.394029,67.87,63.7,4.13
2026-04-22 18:34:56,lnpcc,amazon-ratings,0.5,0.391324,69.83,66.58,3.21
2026-04-22 18:35:25,lnpcc,amazon-ratings,0.3,0.399234,73.8,69.75,4.0
2026-04-22 18:35:36,lnpcc,amazon-ratings,0.2,0.398571,92.11,88.4,3.66
2026-04-22 18:36:08,lnpcc,amazon-ratings,0.5,0.391222,65.23,61.9,3.28
2026-04-22 18:36:11,nrgnn,amazon-ratings,0.5,0.302424,252.45,0.04,234.73
2026-04-22 18:36:13,lnpcc,amazon-ratings,0.1,0.395458,75.53,72.25,3.23
2026-04-22 18:36:14,gcn,amazon-ratings,0.4,0.362031,2.9,0.05,2.66
2026-04-22 18:36:20,lnpcc,amazon-ratings,0.4,0.394641,109.1,104.57,4.48
2026-04-22 18:36:46,lnpcc,amazon-ratings,0.3,0.368512,73.89,69.91,3.95
2026-04-22 18:37:07,lnpcc,amazon-ratings,0.1,0.396224,46.37,42.99,3.33
2026-04-22 18:37:14,lnpcc,amazon-ratings,0.5,0.390967,58.42,55.34,3.02
2026-04-22 18:37:47,lnpcc,amazon-ratings,0.2,0.398622,123.36,117.16,6.15
2026-04-22 18:38:08,lnpcc,amazon-ratings,0.3,0.4,74.45,70.49,3.92
2026-04-22 18:38:17,lnpcc,amazon-ratings,0.4,0.3778,109.68,99.56,10.06
2026-04-22 18:38:25,lnpcc,amazon-ratings,0.1,0.368512,70.8,66.83,3.9
2026-04-22 18:38:26,nrgnn,amazon-ratings,0.4,0.368717,245.32,0.04,232.12
2026-04-22 18:38:30,lnpcc,amazon-ratings,0.5,0.389997,68.8,65.51,3.24
2026-04-22 18:38:35,gcn,amazon-ratings,0.5,0.368461,8.96,0.04,8.73
2026-04-22 18:38:39,gcn,amazon-ratings,0.1,0.39556,4.45,0.05,4.21
2026-04-22 18:38:43,gcn,amazon-ratings,0.3,0.381118,3.93,0.04,3.71
2026-04-22 18:39:20,lnpcc,amazon-ratings,0.4,0.394948,56.27,51.48,4.75
2026-04-22 18:39:23,lnpcc,amazon-ratings,0.1,0.392549,50.33,46.37,3.92
2026-04-22 18:39:23,lnpcc,amazon-ratings,0.2,0.392906,89.86,85.83,2.96
2026-04-22 18:39:31,lnpcc,amazon-ratings,0.3,0.399898,75.19,71.33,3.81
2026-04-22 18:39:39,lnpcc,amazon-ratings,0.5,0.389538,60.88,57.75,3.07
2026-04-22 18:40:10,nrgnn,amazon-ratings,0.1,0.368563,250.28,0.05,235.35
2026-04-22 18:40:13,gcn,amazon-ratings,0.4,0.347282,3.76,0.04,3.54
2026-04-22 18:40:24,lnpcc,amazon-ratings,0.1,0.390355,54.06,45.69,8.32
2026-04-22 18:40:26,gcn,amazon-ratings,0.2,0.368512,13.24,0.05,12.99
2026-04-22 18:40:49,lnpcc,amazon-ratings,0.5,0.334167,63.36,59.97,3.33
2026-04-22 18:40:53,lnpcc,amazon-ratings,0.3,0.399081,75.2,71.16,3.98
2026-04-22 18:41:10,lnpcc,amazon-ratings,0.4,0.395101,103.67,98.86,4.77
2026-04-22 18:41:20,lnpcc,amazon-ratings,0.2,0.394437,109.82,105.93,3.84
2026-04-22 18:41:21,lnpcc,amazon-ratings,0.1,0.388007,49.64,45.62,3.97
2026-04-22 18:41:58,pignn,amazon-ratings,0.1,0.368512,195.48,0.05,195.23
2026-04-22 18:42:12,lnpcc,amazon-ratings,0.3,0.393264,72.88,69.08,3.76
2026-04-22 18:42:17,lnpcc,amazon-ratings,0.1,0.394284,48.87,41.14,3.67
2026-04-22 18:42:21,lnpcc,amazon-ratings,0.5,0.390048,84.06,73.95,3.04
2026-04-22 18:42:56,lnpcc,amazon-ratings,0.4,0.375555,99.41,96.3,3.05
2026-04-22 18:43:05,lnpcc,amazon-ratings,0.2,0.394233,98.13,94.64,3.43
2026-04-22 18:43:15,lnpcc,amazon-ratings,0.1,0.39755,51.48,47.68,3.75
2026-04-22 18:43:34,lnpcc,amazon-ratings,0.3,0.398775,74.65,70.73,3.86
2026-04-22 18:43:38,lnpcc,amazon-ratings,0.5,0.38816,70.34,63.23,3.05
2026-04-22 18:44:17,nrgnn,amazon-ratings,0.5,0.368512,244.77,0.04,230.8
2026-04-22 18:44:29,lnpcc,amazon-ratings,0.1,0.389028,67.14,62.76,4.33
2026-04-22 18:44:32,lnpcc,amazon-ratings,0.4,0.394999,88.32,83.98,4.28
2026-04-22 18:44:36,lnpcc,amazon-ratings,0.2,0.396836,84.41,79.03,3.32
2026-04-22 18:44:48,lnpcc,amazon-ratings,0.5,0.390508,63.21,60.11,3.04
2026-04-22 18:44:52,lnpcc,amazon-ratings,0.3,0.398928,71.16,67.26,3.86
2026-04-22 18:45:26,lnpcc,amazon-ratings,0.1,0.39653,49.97,46.16,3.77
2026-04-22 18:45:40,lnpcc,amazon-ratings,0.4,0.376372,61.01,56.76,4.2
2026-04-22 18:45:42,nrgnn,amazon-ratings,0.4,0.365961,241.47,0.04,223.45
2026-04-22 18:45:50,lnpcc,amazon-ratings,0.2,0.398673,67.54,63.99,3.5
2026-04-22 18:46:06,lnpcc,amazon-ratings,0.5,0.391324,71.66,68.48,3.13
2026-04-22 18:46:14,lnpcc,amazon-ratings,0.3,0.357744,75.6,71.81,3.74
2026-04-22 18:46:33,lnpcc,amazon-ratings,0.1,0.39408,60.6,56.89,3.66
2026-04-22 18:47:16,lnpcc,amazon-ratings,0.5,0.391477,62.58,59.34,3.18
2026-04-22 18:47:22,lnpcc,amazon-ratings,0.4,0.394335,94.11,89.75,4.3
2026-04-22 18:47:27,lnpcc,amazon-ratings,0.2,0.397908,89.71,86.1,3.57
2026-04-22 18:47:30,lnpcc,amazon-ratings,0.3,0.397448,69.23,65.34,3.83
2026-04-22 18:47:41,lnpcc,amazon-ratings,0.1,0.368512,60.89,57.14,3.71
2026-04-22 18:48:04,nrgnn,amazon-ratings,0.1,0.384435,245.57,0.04,227.25
2026-04-22 18:48:30,lnpcc,amazon-ratings,0.5,0.39112,65.88,62.6,3.24
2026-04-22 18:48:51,lnpcc,amazon-ratings,0.4,0.395254,81.79,77.46,4.28
2026-04-22 18:48:59,lnpcc,amazon-ratings,0.2,0.368512,84.12,80.51,3.57
2026-04-22 18:49:04,lnpcc,amazon-ratings,0.3,0.392855,86.64,80.87,5.71
2026-04-22 18:49:11,lnpcc,amazon-ratings,0.1,0.400714,82.7,78.82,3.84
2026-04-22 18:49:28,nrgnn,amazon-ratings,0.2,0.368512,245.7,0.06,226.8
2026-04-22 18:49:54,lnpcc,amazon-ratings,0.5,0.3901,76.33,73.05,3.23
2026-04-22 18:50:23,lnpcc,amazon-ratings,0.2,0.397091,77.51,73.97,3.49
2026-04-22 18:50:32,lnpcc,amazon-ratings,0.1,0.392906,75.31,71.52,3.75
2026-04-22 18:50:35,lnpcc,amazon-ratings,0.4,0.395458,96.55,92.28,4.22
2026-04-22 18:50:37,lnpcc,amazon-ratings,0.3,0.371115,86.73,78.7,3.98
2026-04-22 18:50:52,lnpcc,amazon-ratings,0.5,0.390865,51.54,48.51,2.98
2026-04-22 18:51:25,lnpcc,amazon-ratings,0.2,0.368972,55.57,51.89,3.64
2026-04-22 18:51:49,lnpcc,amazon-ratings,0.3,0.394948,65.16,61.16,3.96
2026-04-22 18:51:53,nrgnn,amazon-ratings,0.5,0.34616,242.34,0.05,228.68
2026-04-22 18:51:57,lnpcc,amazon-ratings,0.1,0.388773,77.83,73.71,4.07
2026-04-22 18:52:13,lnpcc,amazon-ratings,0.4,0.393672,90.9,86.55,4.31
2026-04-22 18:52:18,lnpcc,amazon-ratings,0.5,0.328655,79.13,68.13,10.96
2026-04-22 18:52:54,lnpcc,amazon-ratings,0.2,0.399132,82.24,78.71,3.48
2026-04-22 18:53:15,nrgnn,amazon-ratings,0.4,0.368512,240.07,0.04,226.71
2026-04-22 18:53:16,lnpcc,amazon-ratings,0.3,0.398724,80.37,76.62,3.69
2026-04-22 18:53:20,gcn,amazon-ratings,0.3,0.368512,5.22,0.05,4.95
2026-04-22 18:53:21,lnpcc,amazon-ratings,0.1,0.386884,76.91,72.93,3.92
2026-04-22 18:53:30,lnpcc,amazon-ratings,0.5,0.391477,65.36,62.08,3.23
2026-04-22 18:53:57,lnpcc,amazon-ratings,0.4,0.392039,96.57,92.24,4.29
2026-04-22 18:54:34,lnpcc,amazon-ratings,0.2,0.398214,92.34,88.09,4.2
2026-04-22 18:54:38,lnpcc,amazon-ratings,0.3,0.398979,75.14,71.16,3.93
2026-04-22 18:54:42,lnpcc,amazon-ratings,0.1,0.388875,73.97,69.4,3.51
2026-04-22 18:54:46,lnpcc,amazon-ratings,0.5,0.369584,68.79,59.68,3.05
2026-04-22 18:55:22,lnpcc,amazon-ratings,0.3,0.379382,37.51,33.57,3.9
2026-04-22 18:55:32,lnpcc,amazon-ratings,0.4,0.394897,87.6,84.08,3.46
2026-04-22 18:55:40,nrgnn,amazon-ratings,0.3,0.36545,243.16,0.05,226.81
2026-04-22 18:55:42,gcn,amazon-ratings,0.4,0.369329,2.75,0.05,2.45
2026-04-22 18:56:00,lnpcc,amazon-ratings,0.5,0.286298,67.61,64.97,2.6
2026-04-22 18:56:16,lnpcc,amazon-ratings,0.1,0.387395,87.39,83.54,3.8
2026-04-22 18:56:49,lnpcc,amazon-ratings,0.3,0.38025,79.88,70.07,9.75
2026-04-22 18:56:55,lnpcc,amazon-ratings,0.4,0.395611,76.39,72.09,4.25
2026-04-22 18:57:07,nrgnn,amazon-ratings,0.2,0.390304,240.38,0.05,226.43
2026-04-22 18:57:09,gcn,amazon-ratings,0.3,0.371932,2.51,0.06,2.21
2026-04-22 18:57:14,lnpcc,amazon-ratings,0.5,0.391988,66.63,63.08,3.5
2026-04-22 18:57:17,lnpcc,amazon-ratings,0.2,0.398112,156.45,151.89,4.51
2026-04-22 18:57:30,lnpcc,amazon-ratings,0.1,0.391784,66.85,62.69,4.12
2026-04-22 18:58:07,lnpcc,amazon-ratings,0.3,0.392396,70.4,66.37,3.99
2026-04-22 18:58:31,lnpcc,amazon-ratings,0.5,0.389589,70.05,66.79,3.22
2026-04-22 18:58:37,lnpcc,amazon-ratings,0.4,0.351161,95.48,90.66,4.78
2026-04-22 18:58:57,lnpcc,amazon-ratings,0.1,0.380046,81.0,77.11,3.84
2026-04-22 18:59:16,lnpcc,amazon-ratings,0.3,0.398622,62.7,58.75,3.9
2026-04-22 18:59:29,lnpcc,amazon-ratings,0.2,0.394335,124.54,120.54,3.96
2026-04-22 18:59:37,nrgnn,amazon-ratings,0.1,0.368461,248.53,0.05,234.54
2026-04-22 18:59:39,lnpcc,amazon-ratings,0.5,0.390508,61.49,57.59,3.84
2026-04-22 18:59:40,gcn,amazon-ratings,0.4,0.368512,3.26,0.04,3.03
2026-04-22 19:00:09,lnpcc,amazon-ratings,0.1,0.385507,64.07,60.14,3.89
2026-04-22 19:00:10,lnpcc,amazon-ratings,0.4,0.350191,85.94,81.2,4.68
2026-04-22 19:00:23,pignn,amazon-ratings,0.1,0.368512,194.74,0.04,194.53
2026-04-22 19:00:26,gcn,amazon-ratings,0.1,0.367441,2.92,0.04,2.67
2026-04-22 19:00:35,gcn,amazon-ratings,0.3,0.368512,8.83,0.05,8.54
2026-04-22 19:00:46,lnpcc,amazon-ratings,0.3,0.384282,82.67,79.91,2.71
2026-04-22 19:00:50,lnpcc,amazon-ratings,0.5,0.391477,62.67,58.36,3.24
2026-04-22 19:01:00,lnpcc,amazon-ratings,0.2,0.399234,84.09,80.5,3.54
2026-04-22 19:01:10,lnpcc,amazon-ratings,0.4,0.396275,53.22,48.86,4.3
2026-04-22 19:01:26,lnpcc,amazon-ratings,0.1,0.388262,70.2,66.18,3.97
2026-04-22 19:02:05,lnpcc,amazon-ratings,0.5,0.390253,68.58,65.46,3.06
2026-04-22 19:02:05,lnpcc,amazon-ratings,0.4,0.382598,48.82,44.44,4.34
2026-04-22 19:02:16,lnpcc,amazon-ratings,0.3,0.399745,82.43,78.41,3.96
2026-04-22 19:02:26,lnpcc,amazon-ratings,0.2,0.396734,78.97,75.4,3.53
2026-04-22 19:02:32,lnpcc,amazon-ratings,0.1,0.40051,59.46,55.68,3.74
2026-04-22 19:03:02,lnpcc,amazon-ratings,0.4,0.350651,50.22,45.82,4.35
2026-04-22 19:03:14,lnpcc,amazon-ratings,0.5,0.391579,62.71,59.68,2.98
2026-04-22 19:03:27,nrgnn,amazon-ratings,0.5,0.369482,243.36,0.04,227.1
2026-04-22 19:03:38,lnpcc,amazon-ratings,0.3,0.397142,76.28,71.71,4.52
2026-04-22 19:03:49,lnpcc,amazon-ratings,0.2,0.397703,74.67,71.03,3.6
2026-04-22 19:03:51,lnpcc,amazon-ratings,0.1,0.387293,72.52,68.39,4.08
2026-04-22 19:04:03,lnpcc,amazon-ratings,0.4,0.355958,53.55,49.3,4.2
2026-04-22 19:04:12,lnpcc,amazon-ratings,0.5,0.391631,51.22,48.03,3.14
2026-04-22 19:04:20,nrgnn,amazon-ratings,0.4,0.369125,239.24,0.05,225.41
2026-04-22 19:04:23,gcn,amazon-ratings,0.5,0.363205,3.38,0.05,3.08
2026-04-22 19:04:33,gcn,amazon-ratings,0.3,0.362439,9.95,0.04,9.73
2026-04-22 19:04:39,gcn,amazon-ratings,0.5,0.32595,6.48,0.05,6.23
2026-04-22 19:05:06,lnpcc,amazon-ratings,0.3,0.399286,80.62,76.57,4.0
2026-04-22 19:05:15,lnpcc,amazon-ratings,0.4,0.376576,66.1,61.77,4.28
2026-04-22 19:05:19,lnpcc,amazon-ratings,0.2,0.398214,83.23,75.61,3.57
2026-04-22 19:05:21,lnpcc,amazon-ratings,0.1,0.380913,83.36,79.42,3.89
2026-04-22 19:05:48,lnpcc,amazon-ratings,0.5,0.340087,88.83,83.09,5.69
2026-04-22 19:06:11,lnpcc,amazon-ratings,0.4,0.367543,48.35,43.82,4.47
2026-04-22 19:06:33,lnpcc,amazon-ratings,0.1,0.395101,65.86,61.93,3.89
2026-04-22 19:06:38,lnpcc,amazon-ratings,0.3,0.399643,84.92,77.97,3.89
2026-04-22 19:06:43,lnpcc,amazon-ratings,0.2,0.399541,77.5,73.66,3.79
2026-04-22 19:06:49,lnpcc,amazon-ratings,0.5,0.388466,54.71,51.62,3.04
2026-04-22 19:07:07,lnpcc,amazon-ratings,0.4,0.380658,49.73,45.23,4.45
2026-04-22 19:07:19,nrgnn,amazon-ratings,0.1,0.386068,245.7,0.05,231.94
2026-04-22 19:07:22,gcn,amazon-ratings,0.4,0.366522,2.94,0.04,2.73
2026-04-22 19:07:49,pignn,amazon-ratings,0.1,0.3679,190.24,0.04,189.99
2026-04-22 19:07:49,lnpcc,amazon-ratings,0.5,0.393876,53.95,50.54,3.36
2026-04-22 19:07:52,gcn,amazon-ratings,0.1,0.368512,2.8,0.05,2.54
2026-04-22 19:07:54,gcn,amazon-ratings,0.5,0.34172,2.71,0.05,2.42
2026-04-22 19:08:02,lnpcc,amazon-ratings,0.1,0.388466,82.23,78.18,4.0
2026-04-22 19:08:15,lnpcc,amazon-ratings,0.4,0.376065,60.29,56.07,4.17
2026-04-22 19:08:15,lnpcc,amazon-ratings,0.3,0.398724,90.74,86.75,3.93
2026-04-22 19:08:21,lnpcc,amazon-ratings,0.2,0.396989,90.38,86.18,4.15
2026-04-22 19:09:07,lnpcc,amazon-ratings,0.5,0.391273,70.08,66.91,3.11
2026-04-22 19:09:16,lnpcc,amazon-ratings,0.4,0.364991,53.35,49.18,4.11
2026-04-22 19:09:33,lnpcc,amazon-ratings,0.1,0.388262,83.42,79.44,3.94
2026-04-22 19:09:50,lnpcc,amazon-ratings,0.3,0.399081,87.23,83.15,4.04
2026-04-22 19:10:02,lnpcc,amazon-ratings,0.2,0.397142,94.86,91.44,3.37
2026-04-22 19:10:05,lnpcc,amazon-ratings,0.5,0.393825,51.55,48.34,3.16
2026-04-22 19:10:19,lnpcc,amazon-ratings,0.4,0.382904,55.51,51.22,4.23
2026-04-22 19:10:46,lnpcc,amazon-ratings,0.1,0.397397,65.69,61.54,4.09
2026-04-22 19:11:09,lnpcc,amazon-ratings,0.5,0.368563,56.36,53.19,3.13
2026-04-22 19:11:16,lnpcc,amazon-ratings,0.3,0.397346,78.42,74.52,3.86
2026-04-22 19:11:17,nrgnn,amazon-ratings,0.3,0.368717,249.6,0.04,234.91
2026-04-22 19:11:22,lnpcc,amazon-ratings,0.4,0.396632,55.96,51.59,4.32
2026-04-22 19:11:40,lnpcc,amazon-ratings,0.2,0.398214,89.48,85.95,3.49
2026-04-22 19:11:44,nrgnn,amazon-ratings,0.2,0.368972,245.1,0.04,229.33
2026-04-22 19:11:46,gcn,amazon-ratings,0.1,0.390763,2.64,0.05,2.38
2026-04-22 19:11:47,lnpcc,amazon-ratings,0.1,0.378821,54.11,50.21,3.85
2026-04-22 19:12:12,lnpcc,amazon-ratings,0.5,0.317989,56.33,53.03,3.24
2026-04-22 19:12:24,lnpcc,amazon-ratings,0.4,0.384639,54.34,49.94,4.34
2026-04-22 19:12:29,lnpcc,amazon-ratings,0.3,0.400255,65.92,61.96,3.9
2026-04-22 19:12:53,lnpcc,amazon-ratings,0.2,0.388875,65.66,62.12,3.48
2026-04-22 19:12:58,lnpcc,amazon-ratings,0.1,0.381934,63.46,59.45,3.95
2026-04-22 19:13:18,lnpcc,amazon-ratings,0.5,0.34815,58.43,55.19,3.17
2026-04-22 19:13:27,lnpcc,amazon-ratings,0.4,0.356826,55.37,51.06,4.26
2026-04-22 19:13:50,lnpcc,amazon-ratings,0.3,0.396428,73.93,70.76,3.13
2026-04-22 19:14:12,lnpcc,amazon-ratings,0.2,0.398112,71.89,67.62,4.21
2026-04-22 19:14:17,lnpcc,amazon-ratings,0.1,0.395662,72.49,68.35,4.09
2026-04-22 19:14:21,lnpcc,amazon-ratings,0.5,0.370248,56.07,51.9,3.11
2026-04-22 19:14:29,lnpcc,amazon-ratings,0.4,0.355856,55.55,51.24,4.26
2026-04-22 19:15:07,nrgnn,amazon-ratings,0.1,0.36545,244.75,0.05,230.0
2026-04-22 19:15:09,lnpcc,amazon-ratings,0.3,0.396632,72.75,68.78,3.91
2026-04-22 19:15:14,lnpcc,amazon-ratings,0.1,0.400357,49.88,41.71,4.1
2026-04-22 19:15:22,lnpcc,amazon-ratings,0.5,0.368768,53.65,50.02,3.58
2026-04-22 19:15:34,lnpcc,amazon-ratings,0.4,0.375861,58.17,53.8,4.31
2026-04-22 19:15:37,nrgnn,amazon-ratings,0.4,0.369686,250.41,0.06,230.37
2026-04-22 19:15:39,gcn,amazon-ratings,0.3,0.377188,2.75,0.05,2.48
2026-04-22 19:15:48,lnpcc,amazon-ratings,0.2,0.398979,88.99,80.89,8.05
2026-04-22 19:15:53,gcn,amazon-ratings,0.5,0.368512,13.86,0.06,13.59
2026-04-22 19:16:13,lnpcc,amazon-ratings,0.1,0.376167,51.33,47.2,4.07
2026-04-22 19:16:26,lnpcc,amazon-ratings,0.3,0.39949,69.0,64.85,4.09
2026-04-22 19:16:31,lnpcc,amazon-ratings,0.5,0.366114,61.64,58.33,3.24
2026-04-22 19:16:38,lnpcc,amazon-ratings,0.4,0.36642,55.37,50.87,4.45
2026-04-22 19:17:04,lnpcc,amazon-ratings,0.2,0.397755,67.7,63.88,3.76
2026-04-22 19:17:06,lnpcc,amazon-ratings,0.1,0.38372,46.37,42.15,4.17
2026-04-22 19:17:29,lnpcc,amazon-ratings,0.5,0.323246,50.64,47.21,3.39
2026-04-22 19:17:37,lnpcc,amazon-ratings,0.4,0.364124,52.84,48.28,4.5
2026-04-22 19:17:38,lnpcc,amazon-ratings,0.3,0.400255,65.0,60.85,4.09
2026-04-22 19:17:58,lnpcc,amazon-ratings,0.1,0.384894,44.87,40.87,3.95
2026-04-22 19:18:27,lnpcc,amazon-ratings,0.5,0.359122,50.6,47.2,3.35
2026-04-22 19:18:35,lnpcc,amazon-ratings,0.2,0.397703,83.85,80.07,3.73
2026-04-22 19:18:41,lnpcc,amazon-ratings,0.4,0.375045,56.25,50.44,4.75
2026-04-22 19:18:51,lnpcc,amazon-ratings,0.1,0.394693,45.34,41.28,4.01
2026-04-22 19:19:04,lnpcc,amazon-ratings,0.3,0.389589,77.96,73.78,4.13
2026-04-22 19:19:05,nrgnn,amazon-ratings,0.5,0.368819,253.73,0.04,238.53
2026-04-22 19:19:06,pignn,amazon-ratings,0.1,0.352947,194.1,0.06,193.77
2026-04-22 19:19:15,gcn,amazon-ratings,0.2,0.386578,9.75,0.05,9.52
2026-04-22 19:19:21,gcn,amazon-ratings,0.4,0.368512,6.19,0.05,5.94
2026-04-22 19:19:38,lnpcc,amazon-ratings,0.5,0.368155,63.96,60.56,3.34
2026-04-22 19:19:48,lnpcc,amazon-ratings,0.1,0.397397,49.58,45.4,4.13
2026-04-22 19:19:52,lnpcc,amazon-ratings,0.4,0.365552,63.68,59.02,4.6
2026-04-22 19:19:57,lnpcc,amazon-ratings,0.2,0.395815,74.31,70.77,3.48
2026-04-22 19:20:31,lnpcc,amazon-ratings,0.3,0.374126,79.7,75.75,3.9
2026-04-22 19:20:44,lnpcc,amazon-ratings,0.1,0.389283,47.99,44.07,3.87
2026-04-22 19:20:50,lnpcc,amazon-ratings,0.5,0.392396,65.1,61.89,3.15
2026-04-22 19:20:55,lnpcc,amazon-ratings,0.4,0.382189,55.36,50.96,4.35
2026-04-22 19:21:30,lnpcc,amazon-ratings,0.2,0.397601,85.04,81.3,3.7
2026-04-22 19:21:36,lnpcc,amazon-ratings,0.1,0.386374,45.37,41.32,4.0
2026-04-22 19:21:54,lnpcc,amazon-ratings,0.4,0.396377,51.23,46.82,4.36
2026-04-22 19:21:55,lnpcc,amazon-ratings,0.3,0.374789,77.39,73.21,4.13
2026-04-22 19:22:01,lnpcc,amazon-ratings,0.5,0.369686,64.1,60.96,3.09
2026-04-22 19:22:29,lnpcc,amazon-ratings,0.1,0.383465,46.42,42.37,4.0
2026-04-22 19:22:56,lnpcc,amazon-ratings,0.2,0.395356,78.98,72.59,6.34
2026-04-22 19:22:59,nrgnn,amazon-ratings,0.2,0.368512,246.64,0.06,232.55
2026-04-22 19:23:02,lnpcc,amazon-ratings,0.4,0.380097,61.01,51.06,5.89
2026-04-22 19:23:04,gcn,amazon-ratings,0.3,0.373565,5.26,0.05,4.98
2026-04-22 19:23:10,gcn,amazon-ratings,0.1,0.368512,6.41,0.05,6.15
2026-04-22 19:23:12,nrgnn,amazon-ratings,0.1,0.36887,247.07,0.05,231.62
2026-04-22 19:23:18,lnpcc,amazon-ratings,0.5,0.318653,70.09,66.76,3.28
2026-04-22 19:23:22,lnpcc,amazon-ratings,0.1,0.390661,45.74,39.45,4.22
2026-04-22 19:23:29,lnpcc,amazon-ratings,0.3,0.386068,86.19,81.78,4.36
2026-04-22 19:24:06,lnpcc,amazon-ratings,0.4,0.350089,56.45,51.96,4.44
2026-04-22 19:24:27,lnpcc,amazon-ratings,0.2,0.396938,83.82,80.21,3.55
2026-04-22 19:24:43,lnpcc,amazon-ratings,0.1,0.400102,72.96,68.99,3.91
2026-04-22 19:24:49,lnpcc,amazon-ratings,0.5,0.351263,82.9,79.77,3.07
2026-04-22 19:24:55,lnpcc,amazon-ratings,0.3,0.364532,79.03,74.98,4.0
2026-04-22 19:25:12,lnpcc,amazon-ratings,0.4,0.355856,58.43,53.98,4.4
2026-04-22 19:25:54,lnpcc,amazon-ratings,0.5,0.371319,58.5,55.17,3.28
2026-04-22 19:26:07,lnpcc,amazon-ratings,0.1,0.385609,77.24,73.17,4.01
2026-04-22 19:26:16,lnpcc,amazon-ratings,0.4,0.37678,56.34,52.05,4.24
2026-04-22 19:26:20,lnpcc,amazon-ratings,0.3,0.384078,77.87,73.87,3.95
2026-04-22 19:27:02,nrgnn,amazon-ratings,0.4,0.368359,250.45,0.05,231.42
2026-04-22 19:27:06,nrgnn,amazon-ratings,0.3,0.376984,247.41,0.04,233.91
2026-04-22 19:27:12,gcn,amazon-ratings,0.4,0.368614,5.53,0.05,5.28
2026-04-22 19:27:15,gcn,amazon-ratings,0.2,0.383006,3.68,0.06,3.42
2026-04-22 19:27:16,lnpcc,amazon-ratings,0.5,0.368921,74.19,69.85,4.29
2026-04-22 19:27:16,lnpcc,amazon-ratings,0.2,0.389487,161.64,158.1,3.49
2026-04-22 19:27:22,lnpcc,amazon-ratings,0.4,0.366318,58.7,51.05,5.59
2026-04-22 19:27:34,lnpcc,amazon-ratings,0.1,0.383465,79.71,75.75,3.9
2026-04-22 19:27:50,lnpcc,amazon-ratings,0.3,0.3753,82.48,78.39,4.04
2026-04-22 19:28:22,lnpcc,amazon-ratings,0.4,0.380913,52.44,47.89,4.49
2026-04-22 19:28:29,lnpcc,amazon-ratings,0.5,0.365399,64.41,61.1,3.26
2026-04-22 19:28:44,lnpcc,amazon-ratings,0.1,0.38173,62.82,58.78,3.99
2026-04-22 19:28:48,lnpcc,amazon-ratings,0.2,0.39704,83.68,79.13,4.48
2026-04-22 19:29:14,lnpcc,amazon-ratings,0.3,0.372595,76.93,72.9,3.97
2026-04-22 19:29:27,lnpcc,amazon-ratings,0.4,0.373258,57.5,52.8,4.64
2026-04-22 19:29:35,lnpcc,amazon-ratings,0.5,0.322531,59.25,55.96,3.24
2026-04-22 19:30:12,lnpcc,amazon-ratings,0.1,0.397857,80.67,76.6,4.02
2026-04-22 19:30:17,pignn,amazon-ratings,0.1,0.36739,195.75,0.04,195.51
2026-04-22 19:30:20,gcn,amazon-ratings,0.3,0.367849,3.06,0.06,2.79
2026-04-22 19:30:26,lnpcc,amazon-ratings,0.3,0.386527,64.33,60.2,4.07
2026-04-22 19:30:26,lnpcc,amazon-ratings,0.4,0.36545,51.89,47.41,4.42
2026-04-22 19:30:44,lnpcc,amazon-ratings,0.5,0.358867,62.35,59.14,3.15
2026-04-22 19:30:53,lnpcc,amazon-ratings,0.2,0.398061,117.61,113.98,3.58
2026-04-22 19:31:09,nrgnn,amazon-ratings,0.1,0.38076,249.1,0.05,233.4
2026-04-22 19:31:13,gcn,amazon-ratings,0.4,0.332891,4.24,0.05,3.99
2026-04-22 19:31:20,lnpcc,amazon-ratings,0.4,0.382087,47.27,42.64,4.58
2026-04-22 19:31:38,lnpcc,amazon-ratings,0.1,0.383976,78.9,74.85,4.0
2026-04-22 19:32:00,lnpcc,amazon-ratings,0.5,0.368155,68.85,65.85,2.94
2026-04-22 19:32:04,lnpcc,amazon-ratings,0.3,0.400102,91.07,85.02,3.99
2026-04-22 19:32:09,lnpcc,amazon-ratings,0.2,0.398112,67.96,64.49,3.43
2026-04-22 19:32:27,lnpcc,amazon-ratings,0.4,0.395611,58.29,53.93,4.29
2026-04-22 19:32:55,lnpcc,amazon-ratings,0.1,0.375504,69.81,65.63,4.14
2026-04-22 19:33:26,lnpcc,amazon-ratings,0.5,0.390865,78.6,74.98,3.56
2026-04-22 19:33:37,lnpcc,amazon-ratings,0.3,0.388007,86.41,82.18,4.19
2026-04-22 19:33:45,lnpcc,amazon-ratings,0.4,0.384231,70.9,66.37,4.48
2026-04-22 19:33:49,lnpcc,amazon-ratings,0.2,0.397499,92.93,89.13,3.76
2026-04-22 19:34:13,lnpcc,amazon-ratings,0.1,0.386425,70.98,66.86,4.07
2026-04-22 19:34:15,nrgnn,amazon-ratings,0.2,0.379689,251.73,0.05,235.3
2026-04-22 19:34:18,gcn,amazon-ratings,0.3,0.368512,2.74,0.05,2.5
2026-04-22 19:34:28,gcn,amazon-ratings,0.5,0.336821,9.81,0.05,9.56
2026-04-22 19:34:30,gcn,amazon-ratings,0.3,0.375708,3.1,0.05,2.84
2026-04-22 19:34:58,lnpcc,amazon-ratings,0.4,0.349222,65.89,61.4,4.43
2026-04-22 19:35:12,lnpcc,amazon-ratings,0.3,0.372238,87.59,83.36,4.18
2026-04-22 19:35:13,nrgnn,amazon-ratings,0.5,0.327328,258.77,0.04,240.64
2026-04-22 19:35:27,lnpcc,amazon-ratings,0.2,0.398316,90.31,86.57,3.69
2026-04-22 19:35:50,lnpcc,amazon-ratings,0.1,0.366114,88.8,84.53,4.21
2026-04-22 19:36:09,lnpcc,amazon-ratings,0.5,0.316969,59.28,55.94,3.28
2026-04-22 19:36:10,lnpcc,amazon-ratings,0.4,0.354937,64.1,59.72,4.33
2026-04-22 19:36:56,lnpcc,amazon-ratings,0.3,0.367798,96.18,91.93,4.19
2026-04-22 19:37:11,lnpcc,amazon-ratings,0.2,0.398061,95.38,91.8,3.52
2026-04-22 19:37:15,lnpcc,amazon-ratings,0.1,0.394029,77.03,72.83,4.15
2026-04-22 19:37:22,lnpcc,amazon-ratings,0.4,0.375963,64.4,60.08,4.27
2026-04-22 19:37:29,lnpcc,amazon-ratings,0.5,0.350344,72.84,69.74,3.05
2026-04-22 19:38:27,lnpcc,amazon-ratings,0.3,0.379485,83.68,79.29,4.34
2026-04-22 19:38:31,nrgnn,amazon-ratings,0.4,0.361776,259.81,0.05,240.84
2026-04-22 19:38:35,lnpcc,amazon-ratings,0.4,0.3679,66.39,61.92,4.41
2026-04-22 19:38:52,lnpcc,amazon-ratings,0.2,0.400817,93.97,89.54,4.36
2026-04-22 19:38:53,lnpcc,amazon-ratings,0.5,0.371268,77.27,73.78,3.43
2026-04-22 19:39:02,lnpcc,amazon-ratings,0.1,0.399949,100.62,96.44,4.13
2026-04-22 19:39:19,nrgnn,amazon-ratings,0.3,0.368512,261.64,0.06,245.58
2026-04-22 19:39:21,gcn,amazon-ratings,0.4,0.36841,2.89,0.06,2.58
2026-04-22 19:39:25,gcn,amazon-ratings,0.2,0.391784,4.25,0.06,3.99
2026-04-22 19:39:51,lnpcc,amazon-ratings,0.4,0.369278,66.45,61.74,4.66
2026-04-22 19:40:06,lnpcc,amazon-ratings,0.3,0.37086,90.35,86.02,4.27
2026-04-22 19:40:22,lnpcc,amazon-ratings,0.5,0.369023,80.11,76.65,3.42
2026-04-22 19:40:33,lnpcc,amazon-ratings,0.2,0.397755,92.8,88.99,3.76
2026-04-22 19:40:41,lnpcc,amazon-ratings,0.1,0.389895,91.47,87.32,4.09
2026-04-22 19:41:01,lnpcc,amazon-ratings,0.4,0.374738,63.35,58.93,4.35
2026-04-22 19:41:46,lnpcc,amazon-ratings,0.5,0.365297,76.1,72.68,3.35
2026-04-22 19:41:54,lnpcc,amazon-ratings,0.3,0.375657,100.18,96.06,4.07
2026-04-22 19:42:16,lnpcc,amazon-ratings,0.1,0.387599,87.42,83.56,3.81
2026-04-22 19:42:18,lnpcc,amazon-ratings,0.2,0.391069,96.35,86.7,9.6
2026-04-22 19:42:34,nrgnn,amazon-ratings,0.2,0.365144,261.35,0.06,242.42
2026-04-22 19:43:25,nrgnn,amazon-ratings,0.1,0.370145,254.97,0.05,239.39
2026-04-22 19:45:25,pignn,amazon-ratings,0.1,0.368512,171.12,0.05,170.85
2026-04-22 19:45:37,gcn,amazon-ratings,0.3,0.368512,5.21,0.04,4.96
2026-04-22 19:45:40,lnpcc,amazon-ratings,0.2,0.399132,195.27,78.96,2.85
2026-04-22 19:45:43,lnpcc,amazon-ratings,0.4,0.365399,274.05,58.18,3.59
2026-04-22 19:45:48,gcn,amazon-ratings,0.1,0.368512,4.96,0.05,4.67
2026-04-22 19:45:51,gcn,amazon-ratings,0.5,0.374892,3.43,0.04,3.2
2026-04-22 19:46:52,nrgnn,amazon-ratings,0.5,0.295024,224.19,0.04,207.48
2026-04-22 19:48:39,pignn,amazon-ratings,0.1,0.368512,168.12,0.04,167.86
2026-04-22 19:50:07,nrgnn,amazon-ratings,0.3,0.383976,212.79,0.06,195.07
2026-04-22 19:51:46,nrgnn,amazon-ratings,0.4,0.367849,203.83,0.05,187.13
2026-04-22 19:51:49,gcn,amazon-ratings,0.1,0.351978,3.42,0.04,3.19
2026-04-22 19:51:52,gcn,amazon-ratings,0.5,0.368614,2.59,0.04,2.38
2026-04-22 19:53:22,nrgnn,amazon-ratings,0.5,0.368512,204.79,0.04,194.3
2026-04-22 19:54:32,pignn,amazon-ratings,0.1,0.366777,160.9,0.04,160.68
2026-04-22 19:54:36,lnpcc,amazon-ratings,0.4,0.381169,526.59,40.27,3.53
2026-04-22 19:54:38,gcn,amazon-ratings,0.1,0.371625,2.28,0.04,2.09
2026-04-22 19:54:42,lnpcc,amazon-ratings,0.2,0.393876,536.15,68.97,3.72
2026-04-22 19:54:44,gcn,amazon-ratings,0.5,0.368512,2.42,0.04,2.19
2026-04-22 19:56:42,nrgnn,amazon-ratings,0.3,0.372136,210.91,0.05,199.81
2026-04-22 19:56:45,lnpcc,amazon-ratings,0.1,0.385609,861.8,88.7,3.28
2026-04-22 19:56:47,gcn,amazon-ratings,0.2,0.367083,2.48,0.05,2.22
2026-04-22 19:57:31,pignn,amazon-ratings,0.1,0.368512,166.76,0.04,166.54
2026-04-22 19:57:35,gcn,amazon-ratings,0.3,0.368512,4.9,0.03,4.7
2026-04-22 19:57:38,gcn,amazon-ratings,0.1,0.381985,2.57,0.04,2.35
2026-04-22 19:59:58,nrgnn,amazon-ratings,0.1,0.368512,202.91,0.04,190.61
2026-04-22 20:00:00,gcn,amazon-ratings,0.2,0.368512,2.34,0.04,2.14
2026-04-22 20:00:02,gcn,amazon-ratings,0.4,0.374024,2.76,0.05,2.5
2026-04-22 20:00:06,lnpcc,amazon-ratings,0.1,0.391222,55.72,51.83,3.85
2026-04-22 20:00:41,nrgnn,amazon-ratings,0.4,0.368512,193.93,0.05,182.75
2026-04-22 20:00:43,gcn,amazon-ratings,0.5,0.358816,2.27,0.04,2.01
2026-04-22 20:00:46,lnpcc,amazon-ratings,0.4,0.395458,63.6,59.91,3.64
2026-04-22 20:03:24,nrgnn,amazon-ratings,0.5,0.3679,208.06,0.03,197.52
2026-04-22 20:03:27,lnpcc,amazon-ratings,0.3,0.37678,1285.69,73.51,3.36
2026-04-22 20:03:28,pignn,amazon-ratings,0.1,0.368308,161.52,0.04,161.28
2026-04-22 20:03:31,lnpcc,amazon-ratings,0.1,0.382955,73.55,70.12,3.39
2026-04-22 20:03:33,gcn,amazon-ratings,0.5,0.368512,5.31,0.04,5.08
2026-04-22 20:06:36,nrgnn,amazon-ratings,0.4,0.370452,195.48,0.04,182.99
2026-04-22 20:06:38,gcn,amazon-ratings,0.1,0.372697,2.16,0.04,1.94
2026-04-22 20:06:43,gcn,amazon-ratings,0.5,0.363154,5.05,0.03,4.85
2026-04-22 20:06:44,nrgnn,amazon-ratings,0.1,0.370503,205.73,0.03,193.38
2026-04-22 20:06:47,lnpcc,amazon-ratings,0.4,0.385353,75.08,70.46,4.58
2026-04-22 20:06:48,lnpcc,amazon-ratings,0.3,0.378056,52.76,49.2,3.51
2026-04-22 20:06:51,lnpcc,amazon-ratings,0.5,0.320796,1497.62,62.66,2.85
2026-04-22 20:06:52,gcn,amazon-ratings,0.3,0.350344,4.65,0.03,4.46
2026-04-22 20:06:53,gcn,amazon-ratings,0.4,0.362644,2.32,0.05,2.11
2026-04-22 20:06:57,lnpcc,amazon-ratings,0.1,0.376933,66.8,62.88,3.88
2026-04-22 20:10:03,nrgnn,amazon-ratings,0.2,0.368512,206.41,0.05,191.52
2026-04-22 20:10:12,gcn,amazon-ratings,0.1,0.368308,9.02,0.04,8.78
2026-04-22 20:10:17,gcn,amazon-ratings,0.5,0.354223,4.78,0.05,4.54
2026-04-22 20:10:17,nrgnn,amazon-ratings,0.3,0.368512,211.97,0.04,200.62
2026-04-22 20:10:22,gcn,amazon-ratings,0.2,0.379689,4.83,0.05,4.61
2026-04-22 20:10:24,lnpcc,amazon-ratings,0.4,0.367747,84.08,76.99,7.04
2026-04-22 20:13:21,nrgnn,amazon-ratings,0.4,0.364532,193.15,0.03,177.0
2026-04-22 20:13:27,nrgnn,amazon-ratings,0.1,0.385047,197.65,0.04,185.16
2026-04-22 20:13:32,gcn,amazon-ratings,0.2,0.368512,4.97,0.04,4.75
2026-04-22 20:13:35,lnpcc,amazon-ratings,0.5,0.354427,52.99,49.98,2.96
2026-04-22 20:13:39,lnpcc,amazon-ratings,0.3,0.389589,55.67,51.52,4.1
2026-04-22 20:13:43,lnpcc,amazon-ratings,0.1,0.382393,70.12,66.07,3.99
2026-04-22 20:13:49,gcn,amazon-ratings,0.2,0.368819,6.01,0.04,5.76
2026-04-22 20:16:10,pignn,amazon-ratings,0.1,0.25185,169.27,0.04,169.05
2026-04-22 20:16:13,lnpcc,amazon-ratings,0.2,0.400817,66.88,63.96,2.86
2026-04-22 20:16:16,lnpcc,amazon-ratings,0.4,0.354784,53.98,50.13,3.8
2026-04-22 20:16:21,gcn,amazon-ratings,0.1,0.389997,5.01,0.04,4.78
2026-04-22 20:16:23,gcn,amazon-ratings,0.5,0.362695,2.49,0.04,2.24
2026-04-22 20:16:26,gcn,amazon-ratings,0.3,0.370401,2.47,0.05,2.22
2026-04-22 20:17:13,nrgnn,amazon-ratings,0.3,0.369023,214.92,0.04,204.45
2026-04-22 20:17:17,lnpcc,amazon-ratings,0.3,0.400051,85.58,81.9,3.63
2026-04-22 20:19:38,nrgnn,amazon-ratings,0.4,0.355448,204.39,0.04,191.92
2026-04-22 20:19:41,gcn,amazon-ratings,0.1,0.368512,3.6,0.05,3.3
2026-04-22 20:19:43,gcn,amazon-ratings,0.5,0.351927,2.46,0.04,2.26
2026-04-22 20:19:47,lnpcc,amazon-ratings,0.2,0.383261,59.96,56.28,3.63
2026-04-22 20:19:50,gcn,amazon-ratings,0.3,0.374228,3.36,0.04,3.15
2026-04-22 20:20:32,nrgnn,amazon-ratings,0.5,0.346517,207.27,0.04,195.52
2026-04-22 20:20:41,gcn,amazon-ratings,0.4,0.35902,9.37,0.04,9.15
2026-04-22 20:20:45,gcn,amazon-ratings,0.2,0.354223,3.95,0.05,3.73
2026-04-22 20:20:49,lnpcc,amazon-ratings,0.1,0.38566,68.04,64.14,3.85
2026-04-22 20:20:53,lnpcc,amazon-ratings,0.3,0.381424,60.16,56.15,3.96
2026-04-22 20:22:34,pignn,amazon-ratings,0.1,0.367951,164.08,0.04,163.85
2026-04-22 20:22:37,lnpcc,amazon-ratings,0.4,0.376167,80.94,77.59,3.31
2026-04-22 20:24:07,nrgnn,amazon-ratings,0.3,0.368053,207.29,0.04,193.72
2026-04-22 20:25:39,nrgnn,amazon-ratings,0.2,0.369635,198.12,0.04,181.83
2026-04-22 20:25:44,gcn,amazon-ratings,0.1,0.386476,4.78,0.03,4.54
2026-04-22 20:25:46,gcn,amazon-ratings,0.3,0.370145,2.31,0.05,2.07
2026-04-22 20:27:19,nrgnn,amazon-ratings,0.1,0.369023,208.42,0.04,191.71
2026-04-22 20:27:22,lnpcc,amazon-ratings,0.1,0.394284,64.86,61.53,3.29
2026-04-22 20:27:27,gcn,amazon-ratings,0.4,0.366012,5.6,0.03,5.4
2026-04-22 20:28:22,pignn,amazon-ratings,0.1,0.36295,155.88,0.04,155.65
2026-04-22 20:28:26,gcn,amazon-ratings,0.1,0.391273,4.86,0.03,4.65
2026-04-22 20:28:30,lnpcc,amazon-ratings,0.4,0.364226,64.77,61.33,3.41
2026-04-22 20:28:38,gcn,amazon-ratings,0.3,0.373616,8.19,0.04,7.98
2026-04-22 20:28:40,gcn,amazon-ratings,0.1,0.369839,2.88,0.03,2.69
2026-04-22 20:30:35,nrgnn,amazon-ratings,0.5,0.350396,203.67,0.04,188.14
2026-04-22 20:30:39,gcn,amazon-ratings,0.4,0.368512,3.61,0.04,3.39
2026-04-22 20:31:43,nrgnn,amazon-ratings,0.4,0.346364,196.99,0.04,182.65
2026-04-22 20:31:46,gcn,amazon-ratings,0.1,0.368921,3.27,0.03,3.09
2026-04-22 20:31:50,lnpcc,amazon-ratings,0.4,0.365348,59.41,55.63,3.75
2026-04-22 20:33:43,nrgnn,amazon-ratings,0.3,0.368512,195.08,0.04,184.56
2026-04-22 20:33:48,gcn,amazon-ratings,0.4,0.373156,4.76,0.03,4.55
2026-04-22 20:33:51,lnpcc,amazon-ratings,0.5,0.367237,55.51,52.89,2.58
2026-04-22 20:33:54,lnpcc,amazon-ratings,0.3,0.370554,59.72,55.89,3.79
2026-04-22 20:33:56,gcn,amazon-ratings,0.2,0.371166,2.3,0.04,2.09
2026-04-22 20:34:50,nrgnn,amazon-ratings,0.2,0.37678,191.61,0.03,180.36
2026-04-22 20:37:03,nrgnn,amazon-ratings,0.1,0.368359,198.18,0.03,186.95
2026-04-22 20:37:25,pignn,amazon-ratings,0.1,0.368512,155.1,0.03,154.9
2026-04-22 20:40:07,nrgnn,amazon-ratings,0.5,0.35953,193.73,0.03,183.89
2026-04-22 20:40:10,gcn,amazon-ratings,0.2,0.3827,2.6,0.04,2.43
2026-04-22 20:40:15,gcn,amazon-ratings,0.4,0.371676,5.31,0.04,5.09
2026-04-22 20:40:20,nrgnn,amazon-ratings,0.2,0.382445,185.42,0.04,174.98
2026-04-22 20:40:23,lnpcc,amazon-ratings,0.2,0.379995,53.45,50.64,2.77
2026-04-22 20:40:26,lnpcc,amazon-ratings,0.4,0.367849,55.65,52.08,3.53
2026-04-22 20:43:23,nrgnn,amazon-ratings,0.1,0.368512,197.03,0.04,187.57
2026-04-22 20:43:26,nrgnn,amazon-ratings,0.4,0.348558,189.74,0.04,179.13
2026-04-22 20:43:26,gcn,amazon-ratings,0.4,0.369125,3.42,0.05,3.21
2026-04-22 20:43:28,gcn,amazon-ratings,0.5,0.364379,2.28,0.04,2.05
2026-04-22 20:43:28,gcn,amazon-ratings,0.2,0.370962,2.42,0.04,2.23
2026-04-22 20:43:31,lnpcc,amazon-ratings,0.5,0.392549,53.09,49.93,3.12
2026-04-22 20:46:05,pignn,amazon-ratings,0.1,0.392345,157.2,0.04,156.99
2026-04-22 20:46:08,lnpcc,amazon-ratings,0.4,0.365603,67.37,63.91,3.42
2026-04-22 20:46:13,gcn,amazon-ratings,0.3,0.371523,4.77,0.04,4.55
2026-04-22 20:46:15,gcn,amazon-ratings,0.1,0.38668,2.45,0.04,2.23
2026-04-22 20:46:20,pignn,amazon-ratings,0.2,0.369176,169.44,0.04,169.21
2026-04-22 20:46:23,gcn,amazon-ratings,0.5,0.296759,8.29,0.04,8.04
2026-04-22 20:49:17,nrgnn,amazon-ratings,0.4,0.368512,185.51,0.04,173.63
2026-04-22 20:49:19,gcn,amazon-ratings,0.1,0.39357,2.74,0.05,2.49
2026-04-22 20:49:21,nrgnn,amazon-ratings,0.5,0.347691,191.86,0.03,180.8
2026-04-22 20:49:24,gcn,amazon-ratings,0.4,0.370196,3.33,0.04,3.11
2026-04-22 20:49:30,gcn,amazon-ratings,0.1,0.366879,4.27,0.05,4.06
2026-04-22 20:49:36,gcn,amazon-ratings,0.5,0.347078,6.45,0.04,6.23
2026-04-22 20:49:39,lnpcc,amazon-ratings,0.2,0.387905,58.56,55.7,2.82
2026-04-22 20:52:12,pignn,amazon-ratings,0.1,0.368512,152.8,0.03,152.61
2026-04-22 20:52:15,lnpcc,amazon-ratings,0.4,0.383669,55.01,51.67,3.3
2026-04-22 20:52:18,gcn,amazon-ratings,0.1,0.392702,3.22,0.05,2.96
2026-04-22 20:52:21,lnpcc,amazon-ratings,0.2,0.391477,48.48,45.82,2.6
2026-04-22 20:52:28,nrgnn,amazon-ratings,0.3,0.370554,196.69,0.03,184.11
2026-04-22 20:55:06,pignn,amazon-ratings,0.2,0.368512,157.65,0.03,157.44
2026-04-22 20:55:15,nrgnn,amazon-ratings,0.2,0.369788,184.84,0.05,173.85
2026-04-22 20:55:18,gcn,amazon-ratings,0.5,0.368512,3.41,0.03,3.22
2026-04-22 20:55:24,gcn,amazon-ratings,0.1,0.368512,5.93,0.03,5.75
2026-04-22 20:55:30,gcn,amazon-ratings,0.3,0.382087,6.53,0.03,6.31
2026-04-22 20:58:00,pignn,amazon-ratings,0.1,0.376372,150.48,0.04,150.23
2026-04-22 20:58:06,nrgnn,amazon-ratings,0.3,0.374177,190.05,0.04,179.82
2026-04-22 21:00:56,nrgnn,amazon-ratings,0.4,0.362592,190.53,0.03,175.49
2026-04-22 21:00:59,lnpcc,amazon-ratings,0.2,0.383261,58.74,55.9,2.81
2026-04-22 21:01:04,gcn,amazon-ratings,0.3,0.352794,5.17,0.04,4.95
2026-04-22 21:01:08,nrgnn,amazon-ratings,0.5,0.368512,193.35,0.04,182.62
2026-04-22 21:03:49,pignn,amazon-ratings,0.1,0.368665,165.81,0.03,165.63
2026-04-22 21:03:54,gcn,amazon-ratings,0.5,0.381934,4.88,0.04,4.67
2026-04-22 21:04:24,nrgnn,amazon-ratings,0.3,0.37331,204.93,0.03,195.93
2026-04-22 21:04:28,lnpcc,amazon-ratings,0.3,0.372544,63.42,60.04,3.34
2026-04-22 21:04:30,lnpcc,amazon-ratings,0.5,0.369278,39.39,36.76,2.58
2026-04-22 21:07:07,nrgnn,amazon-ratings,0.4,0.368104,205.56,0.04,192.53
2026-04-22 21:07:09,gcn,amazon-ratings,0.3,0.369074,2.97,0.04,2.75
2026-04-22 21:07:52,nrgnn,amazon-ratings,0.5,0.358816,213.4,0.04,201.2
2026-04-22 21:09:51,pignn,amazon-ratings,0.3,0.368819,161.52,0.04,161.23
2026-04-22 21:09:54,lnpcc,amazon-ratings,0.2,0.399949,61.6,58.69,2.87
2026-04-22 21:09:57,gcn,amazon-ratings,0.3,0.369278,3.38,0.05,3.15
2026-04-22 21:11:08,nrgnn,amazon-ratings,0.3,0.364021,207.61,0.04,196.23
2026-04-22 21:11:11,lnpcc,amazon-ratings,0.3,0.37974,69.92,66.55,3.33
2026-04-22 21:12:41,pignn,amazon-ratings,0.1,0.368461,164.61,0.04,164.4
2026-04-22 21:13:53,pignn,amazon-ratings,0.2,0.263179,161.87,0.04,161.7
2026-04-22 21:13:55,gcn,amazon-ratings,0.4,0.372136,2.43,0.05,2.23
2026-04-22 21:15:43,nrgnn,amazon-ratings,0.4,0.348609,193.26,0.04,181.91
2026-04-22 21:17:00,nrgnn,amazon-ratings,0.1,0.369737,197.92,0.05,185.27
2026-04-22 21:18:42,nrgnn,amazon-ratings,0.2,0.36989,193.38,0.03,178.69
2026-04-22 21:20:59,nrgnn,amazon-ratings,0.5,0.334269,249.22,0.03,238.87
2026-04-22 21:21:09,gcn,amazon-ratings,0.2,0.387344,9.44,0.04,9.23
2026-04-22 21:21:12,lnpcc,amazon-ratings,0.3,0.366828,58.31,54.45,3.82
2026-04-22 21:21:16,lnpcc,amazon-ratings,0.5,0.318653,66.58,63.39,3.14
2026-04-22 21:22:14,pignn,amazon-ratings,0.3,0.368512,212.16,0.03,211.93
2026-04-22 21:22:16,gcn,amazon-ratings,0.3,0.373769,2.58,0.03,2.38
2026-04-22 21:24:38,nrgnn,amazon-ratings,0.1,0.395356,212.33,0.03,202.75
2026-04-22 21:24:58,pignn,amazon-ratings,0.1,0.367696,161.83,0.03,161.64
2026-04-22 21:25:01,gcn,amazon-ratings,0.3,0.378413,3.18,0.03,2.94
2026-04-22 21:25:04,lnpcc,amazon-ratings,0.2,0.360092,56.29,53.4,2.84
2026-04-22 21:25:07,gcn,amazon-ratings,0.1,0.385762,3.56,0.03,3.33
2026-04-22 21:27:48,pignn,amazon-ratings,0.1,0.367747,160.93,0.04,160.69
2026-04-22 21:27:53,gcn,amazon-ratings,0.1,0.391324,5.23,0.04,5.02
2026-04-22 21:27:58,nrgnn,amazon-ratings,0.5,0.35458,213.62,0.03,199.48
2026-04-22 21:28:01,gcn,amazon-ratings,0.4,0.374024,3.05,0.03,2.88
2026-04-22 21:30:52,nrgnn,amazon-ratings,0.4,0.368512,189.41,0.03,179.6
2026-04-22 21:31:11,nrgnn,amazon-ratings,0.3,0.368768,201.78,0.04,190.67
2026-04-22 21:31:14,lnpcc,amazon-ratings,0.5,0.350089,53.19,50.61,2.53
2026-04-22 21:31:17,gcn,amazon-ratings,0.4,0.36693,3.2,0.04,2.99
2026-04-22 21:31:21,lnpcc,amazon-ratings,0.3,0.374228,60.72,56.77,3.91
2026-04-22 21:33:58,nrgnn,amazon-ratings,0.2,0.368512,196.46,0.04,185.9
2026-04-22 21:34:03,gcn,amazon-ratings,0.1,0.394539,5.07,0.03,4.89
2026-04-22 21:34:07,lnpcc,amazon-ratings,0.2,0.389436,63.02,59.55,3.43
2026-04-22 21:34:09,pignn,amazon-ratings,0.2,0.357948,168.65,0.03,168.46
2026-04-22 21:36:47,pignn,amazon-ratings,0.1,0.368512,160.26,0.03,160.07
2026-04-22 21:37:21,nrgnn,amazon-ratings,0.5,0.346568,201.44,0.03,191.8
2026-04-22 21:39:48,nrgnn,amazon-ratings,0.4,0.368512,191.04,0.04,181.02
2026-04-22 21:40:31,nrgnn,amazon-ratings,0.1,0.373667,200.42,0.05,189.66
2026-04-22 21:40:36,gcn,amazon-ratings,0.2,0.37877,5.09,0.04,4.84
2026-04-22 21:42:26,pignn,amazon-ratings,0.1,0.368206,158.45,0.04,158.18
2026-04-22 21:43:46,nrgnn,amazon-ratings,0.3,0.368512,203.17,0.04,190.57
2026-04-22 21:45:09,pignn,amazon-ratings,0.3,0.231692,162.94,0.03,162.73
2026-04-22 21:45:14,gcn,amazon-ratings,0.5,0.323909,5.05,0.03,4.87
2026-04-22 21:45:17,gcn,amazon-ratings,0.3,0.368461,3.42,0.04,3.17
2026-04-22 21:47:01,nrgnn,amazon-ratings,0.1,0.368512,205.11,0.04,194.88
2026-04-22 21:48:16,nrgnn,amazon-ratings,0.4,0.310436,189.51,0.04,178.65
2026-04-22 21:48:18,gcn,amazon-ratings,0.5,0.368972,2.72,0.04,2.47
2026-04-22 21:50:09,nrgnn,amazon-ratings,0.5,0.348456,197.23,0.04,187.31
2026-04-22 21:50:11,lnpcc,amazon-ratings,0.5,0.371983,56.32,53.52,2.75
2026-04-22 21:50:57,pignn,amazon-ratings,0.1,0.368257,159.49,0.03,159.29
2026-04-22 21:51:03,gcn,amazon-ratings,0.1,0.395764,5.26,0.04,5.03
2026-04-22 21:53:16,nrgnn,amazon-ratings,0.1,0.368512,194.37,0.03,184.81
2026-04-22 21:53:19,lnpcc,amazon-ratings,0.3,0.373258,63.09,59.98,3.07
2026-04-22 21:53:59,nrgnn,amazon-ratings,0.2,0.369941,188.27,0.04,176.01
2026-04-22 21:55:57,pignn,amazon-ratings,0.2,0.366267,157.74,0.04,157.51
2026-04-22 21:56:00,gcn,amazon-ratings,0.4,0.361776,3.41,0.04,3.18
2026-04-22 21:56:03,gcn,amazon-ratings,0.2,0.365603,3.1,0.04,2.91
2026-04-22 21:56:33,pignn,amazon-ratings,0.3,0.368512,154.65,0.04,154.4
2026-04-22 21:58:37,pignn,amazon-ratings,0.2,0.368512,154.61,0.03,154.43
2026-04-22 21:59:07,pignn,amazon-ratings,0.1,0.367492,153.79,0.04,153.59
2026-04-22 22:01:38,nrgnn,amazon-ratings,0.5,0.325746,190.83,0.03,180.32
2026-04-22 22:01:41,lnpcc,amazon-ratings,0.3,0.375198,59.47,56.35,3.09
2026-04-22 22:01:46,gcn,amazon-ratings,0.2,0.383873,5.32,0.03,5.16
2026-04-22 22:02:02,nrgnn,amazon-ratings,0.4,0.369584,185.28,0.03,174.9
2026-04-22 22:02:06,gcn,amazon-ratings,0.1,0.395203,4.98,0.03,4.79
2026-04-22 22:02:10,lnpcc,amazon-ratings,0.2,0.383873,52.07,48.72,3.31
2026-04-22 22:04:44,pignn,amazon-ratings,0.1,0.367849,154.7,0.04,154.48
2026-04-22 22:04:47,gcn,amazon-ratings,0.5,0.362797,3.18,0.04,2.95
2026-04-22 22:04:50,lnpcc,amazon-ratings,0.2,0.40051,51.59,48.76,2.79
2026-04-22 22:04:53,nrgnn,amazon-ratings,0.3,0.366726,196.51,0.04,186.85
2026-04-22 22:04:55,gcn,amazon-ratings,0.1,0.394693,5.1,0.04,4.82
2026-04-22 22:04:58,gcn,amazon-ratings,0.2,0.376933,4.85,0.03,4.68
2026-04-22 22:05:03,gcn,amazon-ratings,0.4,0.36841,5.54,0.04,5.35
2026-04-22 22:05:07,lnpcc,amazon-ratings,0.3,0.388517,57.18,53.52,3.61
2026-04-22 22:08:05,nrgnn,amazon-ratings,0.2,0.394948,201.67,0.03,190.44
2026-04-22 22:08:08,lnpcc,amazon-ratings,0.2,0.390661,46.08,43.27,2.76
2026-04-22 22:08:10,gcn,amazon-ratings,0.5,0.378821,2.56,0.04,2.34
2026-04-22 22:08:21,nrgnn,amazon-ratings,0.1,0.365399,204.51,0.03,194.36
2026-04-22 22:08:24,gcn,amazon-ratings,0.4,0.375453,3.28,0.04,3.07
2026-04-22 22:11:18,nrgnn,amazon-ratings,0.4,0.357999,200.0,0.04,187.25
2026-04-22 22:11:41,nrgnn,amazon-ratings,0.3,0.389742,210.27,0.04,197.39
2026-04-22 22:13:58,pignn,amazon-ratings,0.3,0.362848,160.76,0.04,160.57
2026-04-22 22:14:54,nrgnn,amazon-ratings,0.1,0.368512,203.71,0.04,192.23
2026-04-22 22:14:57,lnpcc,amazon-ratings,0.3,0.4,59.34,56.07,3.22
2026-04-22 22:17:04,nrgnn,amazon-ratings,0.4,0.348456,196.62,0.04,185.43
2026-04-22 22:18:13,nrgnn,amazon-ratings,0.3,0.360041,206.74,0.04,196.09
2026-04-22 22:18:16,lnpcc,amazon-ratings,0.3,0.392039,54.13,50.77,3.32
2026-04-22 22:20:16,nrgnn,amazon-ratings,0.2,0.375402,202.74,0.04,191.77
2026-04-22 22:21:05,pignn,amazon-ratings,0.2,0.368512,169.12,0.05,168.91
2026-04-22 22:21:08,gcn,amazon-ratings,0.2,0.369992,2.99,0.03,2.78
2026-04-22 22:22:58,pignn,amazon-ratings,0.3,0.368512,162.24,0.04,162.03
2026-04-22 22:23:01,lnpcc,amazon-ratings,0.2,0.383924,54.13,51.2,2.89
2026-04-22 22:23:03,gcn,amazon-ratings,0.5,0.376014,2.91,0.03,2.7
2026-04-22 22:24:24,nrgnn,amazon-ratings,0.3,0.368512,207.39,0.03,195.99
2026-04-22 22:25:47,pignn,amazon-ratings,0.1,0.368512,163.93,0.03,163.73
2026-04-22 22:27:08,pignn,amazon-ratings,0.2,0.368512,164.56,0.04,164.33
2026-04-22 22:27:13,gcn,amazon-ratings,0.4,0.388262,5.09,0.04,4.87
2026-04-22 22:28:52,nrgnn,amazon-ratings,0.4,0.368461,194.97,0.04,184.44
2026-04-22 22:28:55,gcn,amazon-ratings,0.3,0.3753,3.33,0.03,3.1
2026-04-22 22:30:29,nrgnn,amazon-ratings,0.1,0.36443,206.32,0.04,195.82
2026-04-22 22:31:35,pignn,amazon-ratings,0.3,0.368512,160.86,0.03,160.68
2026-04-22 22:33:45,nrgnn,amazon-ratings,0.3,0.368512,206.36,0.04,195.66
2026-04-22 22:34:39,nrgnn,amazon-ratings,0.4,0.368512,195.29,0.04,184.03
2026-04-22 22:40:57,gcn,amazon-ratings,0.1,0.395764,10.56,0.04,10.38
2026-04-22 22:40:59,gcn,amazon-ratings,0.2,0.393927,11.37,0.04,11.16
2026-04-22 22:41:10,gcn,amazon-ratings,0.5,0.354223,13.05,0.05,12.84
2026-04-22 22:41:12,gcn,amazon-ratings,0.4,0.378719,13.25,0.04,13.01
2026-04-22 22:41:18,gcn,amazon-ratings,0.1,0.343302,7.44,0.04,7.25
2026-04-22 22:41:19,gcn,amazon-ratings,0.2,0.354274,6.86,0.04,6.59
2026-04-22 22:41:26,gcn,amazon-ratings,0.3,0.387344,8.69,0.04,8.52
2026-04-22 22:41:28,gcn,amazon-ratings,0.1,0.372748,2.3,0.03,2.14
2026-04-22 22:41:33,gcn,amazon-ratings,0.5,0.336668,5.12,0.04,4.96
2026-04-22 22:44:44,nrgnn,amazon-ratings,0.1,0.391631,231.05,0.04,205.19
2026-04-22 22:44:49,gcn,amazon-ratings,0.4,0.348609,5.19,0.04,4.95
2026-04-22 22:44:51,nrgnn,amazon-ratings,0.2,0.384231,224.7,0.04,197.74
2026-04-22 22:45:00,gcn,amazon-ratings,0.1,0.368512,9.09,0.05,8.87
2026-04-22 22:45:00,lnpcc,amazon-ratings,0.1,0.393315,78.07,66.75,11.28
2026-04-22 22:48:17,nrgnn,amazon-ratings,0.4,0.351416,224.38,0.04,197.4
2026-04-22 22:48:23,nrgnn,amazon-ratings,0.3,0.379893,228.9,0.05,202.94
2026-04-22 22:48:25,gcn,amazon-ratings,0.2,0.371013,2.19,0.05,1.95
2026-04-22 22:48:26,lnpcc,amazon-ratings,0.4,0.373514,78.44,69.53,8.85
2026-04-22 22:48:29,gcn,amazon-ratings,0.5,0.364481,2.76,0.04,2.56
2026-04-22 22:48:35,lnpcc,amazon-ratings,0.5,0.340189,76.45,66.63,9.77
2026-04-22 22:51:39,nrgnn,amazon-ratings,0.2,0.374943,203.55,0.04,189.92
2026-04-22 22:51:41,gcn,amazon-ratings,0.1,0.389946,1.99,0.03,1.83
2026-04-22 22:51:51,nrgnn,amazon-ratings,0.1,0.37928,212.68,0.04,195.68
2026-04-22 22:52:00,lnpcc,amazon-ratings,0.3,0.389487,79.86,70.49,9.33
2026-04-22 22:52:10,gcn,amazon-ratings,0.2,0.368512,10.7,0.04,10.46
2026-04-22 22:54:55,nrgnn,amazon-ratings,0.4,0.358051,208.94,0.04,194.6
2026-04-22 22:55:57,nrgnn,amazon-ratings,0.3,0.357438,240.69,0.05,226.31
2026-04-22 22:55:59,lnpcc,amazon-ratings,0.5,0.36346,39.28,36.63,2.6
2026-04-22 22:58:29,pignn,amazon-ratings,0.1,0.368512,213.87,0.05,213.63
2026-04-22 22:58:46,lnpcc,amazon-ratings,0.4,0.369227,38.66,35.24,3.35
2026-04-22 23:02:40,gcn,amazon-ratings,0.2,0.393927,10.58,0.04,10.38
2026-04-22 23:03:55,gcn,amazon-ratings,0.3,0.387344,10.83,0.04,10.66
2026-04-22 23:03:57,gcn,amazon-ratings,0.2,0.393774,13.37,0.04,13.15
2026-04-22 23:04:06,gcn,amazon-ratings,0.1,0.395764,11.21,0.04,11.03
2026-04-22 23:04:17,gcn,amazon-ratings,0.3,0.349171,5.56,0.06,5.32
2026-04-22 23:04:18,gcn,amazon-ratings,0.2,0.354274,5.82,0.05,5.56
2026-04-22 23:04:25,gcn,amazon-ratings,0.1,0.343302,5.78,0.04,5.57
2026-04-22 23:04:32,gcn,amazon-ratings,0.2,0.371013,3.13,0.05,2.87
2026-04-22 23:04:32,gcn,amazon-ratings,0.3,0.370145,3.14,0.05,2.92
2026-04-22 23:04:41,gcn,amazon-ratings,0.1,0.372748,2.91,0.04,2.7
2026-04-22 23:04:51,gcn,amazon-ratings,0.3,0.368512,8.92,0.04,8.72
2026-04-22 23:04:52,gcn,amazon-ratings,0.2,0.368512,9.71,0.05,9.43
2026-04-22 23:05:01,gcn,amazon-ratings,0.1,0.368512,10.22,0.04,10.03
2026-04-22 23:05:06,gcn,amazon-ratings,0.2,0.389487,3.35,0.05,3.05
2026-04-22 23:05:06,gcn,amazon-ratings,0.3,0.382751,3.35,0.05,3.12
2026-04-22 23:05:15,lnpcc,amazon-ratings,0.1,0.393315,90.43,80.99,9.39
2026-04-22 23:05:15,lnpcc,amazon-ratings,0.2,0.398316,89.59,80.24,9.29
2026-04-22 23:05:17,gcn,amazon-ratings,0.1,0.389946,2.43,0.04,2.21
2026-04-22 23:05:21,gcn,amazon-ratings,0.3,0.374075,3.81,0.03,3.64
2026-04-22 23:05:24,lnpcc,amazon-ratings,0.5,0.340189,93.93,84.86,9.03
2026-04-22 23:05:29,gcn,amazon-ratings,0.2,0.392498,5.08,0.04,4.87
2026-04-22 23:05:33,lnpcc,amazon-ratings,0.4,0.37331,99.98,88.4,11.52
2026-04-22 23:05:36,gcn,amazon-ratings,0.1,0.390763,3.79,0.03,3.6
2026-04-22 23:05:38,lnpcc,amazon-ratings,0.3,0.38173,95.55,86.44,9.07
2026-04-22 23:05:39,gcn,amazon-ratings,0.3,0.369737,2.52,0.04,2.32
2026-04-22 23:05:40,gcn,amazon-ratings,0.2,0.383618,2.5,0.04,2.27
2026-04-22 23:05:59,gcn,amazon-ratings,0.1,0.372136,2.64,0.05,2.44
2026-04-22 23:06:02,gcn,amazon-ratings,0.2,0.368819,5.52,0.05,5.29
2026-04-22 23:06:08,gcn,amazon-ratings,0.3,0.369584,5.15,0.04,4.96
2026-04-22 23:06:13,gcn,amazon-ratings,0.1,0.368563,5.14,0.04,4.94
2026-04-22 23:06:17,lnpcc,amazon-ratings,0.2,0.370043,53.94,50.72,3.16
2026-04-22 23:06:18,lnpcc,amazon-ratings,0.1,0.369992,54.61,51.62,2.94
2026-04-22 23:06:23,gcn,amazon-ratings,0.2,0.368717,3.76,0.04,3.53
2026-04-22 23:06:29,lnpcc,amazon-ratings,0.5,0.36346,52.44,49.26,3.13
2026-04-22 23:06:30,gcn,amazon-ratings,0.3,0.368512,4.13,0.04,3.92
2026-04-22 23:06:35,gcn,amazon-ratings,0.1,0.368512,4.97,0.04,4.76
2026-04-22 23:06:49,gcn,amazon-ratings,0.2,0.384945,14.23,0.04,14.0
2026-04-22 23:06:52,lnpcc,amazon-ratings,0.4,0.369227,71.86,68.64,3.14
2026-04-22 23:06:55,lnpcc,amazon-ratings,0.3,0.370043,52.33,49.16,3.12
2026-04-22 23:07:01,gcn,amazon-ratings,0.1,0.393468,8.92,0.05,8.68
2026-04-22 23:07:02,gcn,amazon-ratings,0.2,0.368512,3.24,0.04,2.97
2026-04-22 23:07:10,gcn,amazon-ratings,0.3,0.389793,8.95,0.05,8.7
2026-04-22 23:07:21,gcn,amazon-ratings,0.1,0.368512,10.76,0.05,10.53
2026-04-22 23:07:26,gcn,amazon-ratings,0.2,0.391579,14.05,0.05,13.75
2026-04-22 23:07:35,gcn,amazon-ratings,0.1,0.395713,3.85,0.05,3.63
2026-04-22 23:07:39,gcn,amazon-ratings,0.3,0.368512,3.4,0.05,3.17
2026-04-22 23:07:43,gcn,amazon-ratings,0.2,0.391171,10.29,0.05,10.04
2026-04-22 23:08:01,gcn,amazon-ratings,0.2,0.388415,4.18,0.05,3.94
2026-04-22 23:08:14,gcn,amazon-ratings,0.1,0.391733,16.28,0.04,16.1
2026-04-22 23:08:19,gcn,amazon-ratings,0.3,0.377392,5.83,0.05,5.61
2026-04-22 23:08:29,gcn,amazon-ratings,0.1,0.3926,4.15,0.04,3.95
2026-04-22 23:08:34,gcn,amazon-ratings,0.2,0.368512,9.52,0.06,9.25
2026-04-22 23:08:38,gcn,amazon-ratings,0.3,0.393978,8.99,0.05,8.75
2026-04-22 23:08:46,gcn,amazon-ratings,0.2,0.384333,2.72,0.05,2.44
2026-04-22 23:08:47,gcn,amazon-ratings,0.1,0.368512,9.91,0.04,9.7
2026-04-22 23:08:59,gcn,amazon-ratings,0.2,0.378821,2.63,0.04,2.39
2026-04-22 23:08:59,gcn,amazon-ratings,0.1,0.391324,2.69,0.05,2.5
2026-04-22 23:09:03,gcn,amazon-ratings,0.3,0.389538,4.2,0.05,3.99
2026-04-22 23:09:11,gcn,amazon-ratings,0.1,0.389895,2.84,0.05,2.62
2026-04-22 23:09:14,gcn,amazon-ratings,0.2,0.340699,6.14,0.04,5.88
2026-04-22 23:09:23,gcn,amazon-ratings,0.3,0.368512,10.3,0.05,10.1
2026-04-22 23:09:26,gcn,amazon-ratings,0.2,0.390202,3.72,0.05,3.45
2026-04-22 23:09:28,gcn,amazon-ratings,0.1,0.347436,5.29,0.05,5.09
2026-04-22 23:09:34,gcn,amazon-ratings,0.3,0.37382,2.78,0.04,2.6
2026-04-22 23:09:41,gcn,amazon-ratings,0.1,0.391222,3.79,0.04,3.61
2026-04-22 23:09:45,gcn,amazon-ratings,0.2,0.383669,9.68,0.05,9.43
2026-04-22 23:09:46,gcn,amazon-ratings,0.3,0.380046,2.8,0.05,2.57
2026-04-22 23:10:02,gcn,amazon-ratings,0.2,0.382393,3.41,0.05,3.16
2026-04-22 23:10:03,gcn,amazon-ratings,0.3,0.368512,5.34,0.03,5.15
2026-04-22 23:10:12,gcn,amazon-ratings,0.1,0.386272,8.93,0.05,8.65
2026-04-22 23:10:14,gcn,amazon-ratings,0.2,0.368512,5.56,0.04,5.35
2026-04-22 23:10:16,gcn,amazon-ratings,0.3,0.38372,3.75,0.04,3.57
2026-04-22 23:10:24,gcn,amazon-ratings,0.1,0.391937,3.42,0.04,3.25
2026-04-22 23:10:25,gcn,amazon-ratings,0.2,0.370452,2.69,0.04,2.45
2026-04-22 23:10:34,gcn,amazon-ratings,0.3,0.39112,8.93,0.05,8.71
2026-04-22 23:10:39,gcn,amazon-ratings,0.1,0.368512,5.3,0.05,5.09
2026-04-22 23:10:43,gcn,amazon-ratings,0.2,0.345496,9.63,0.04,9.38
2026-04-22 23:10:46,gcn,amazon-ratings,0.3,0.381118,3.53,0.05,3.32
2026-04-22 23:10:49,gcn,amazon-ratings,0.1,0.372544,2.77,0.05,2.56
2026-04-22 23:10:59,gcn,amazon-ratings,0.3,0.368512,5.32,0.04,5.13
2026-04-22 23:11:01,gcn,amazon-ratings,0.2,0.386527,9.49,0.04,9.25
2026-04-22 23:11:07,gcn,amazon-ratings,0.1,0.368717,8.89,0.05,8.68
2026-04-22 23:11:10,gcn,amazon-ratings,0.3,0.371932,2.69,0.04,2.51
2026-04-22 23:11:11,gcn,amazon-ratings,0.2,0.383006,2.68,0.05,2.45
2026-04-22 23:11:23,gcn,amazon-ratings,0.2,0.391784,3.62,0.05,3.4
2026-04-22 23:11:24,gcn,amazon-ratings,0.1,0.367288,8.81,0.05,8.62
2026-04-22 23:11:33,gcn,amazon-ratings,0.3,0.335596,8.83,0.04,8.63
2026-04-22 23:11:34,gcn,amazon-ratings,0.2,0.367083,2.94,0.04,2.7
2026-04-22 23:11:35,gcn,amazon-ratings,0.1,0.390661,2.62,0.04,2.43
2026-04-22 23:11:44,gcn,amazon-ratings,0.2,0.368512,2.63,0.05,2.36
2026-04-22 23:11:50,gcn,amazon-ratings,0.3,0.361215,8.85,0.04,8.66
2026-04-22 23:11:54,gcn,amazon-ratings,0.1,0.39556,3.84,0.05,3.64
2026-04-22 23:11:54,gcn,amazon-ratings,0.2,0.379689,2.6,0.05,2.36
2026-04-22 23:12:01,gcn,amazon-ratings,0.3,0.375861,2.6,0.05,2.4
2026-04-22 23:12:05,gcn,amazon-ratings,0.1,0.367441,3.04,0.05,2.83
2026-04-22 23:12:08,gcn,amazon-ratings,0.2,0.368512,5.65,0.05,5.38
2026-04-22 23:12:13,gcn,amazon-ratings,0.3,0.373565,3.79,0.05,3.6
2026-04-22 23:12:16,gcn,amazon-ratings,0.1,0.368512,2.68,0.05,2.49
2026-04-22 23:12:22,gcn,amazon-ratings,0.2,0.368819,5.7,0.05,5.45
2026-04-22 23:12:23,gcn,amazon-ratings,0.3,0.367849,2.99,0.05,2.81
2026-04-22 23:12:27,gcn,amazon-ratings,0.1,0.390763,2.82,0.04,2.62
2026-04-22 23:12:34,gcn,amazon-ratings,0.3,0.368512,2.72,0.05,2.5
2026-04-22 23:12:34,gcn,amazon-ratings,0.2,0.354223,4.13,0.05,3.89
2026-04-22 23:12:41,gcn,amazon-ratings,0.1,0.368512,5.67,0.05,5.46
2026-04-22 23:12:44,gcn,amazon-ratings,0.2,0.371166,2.66,0.04,2.41
2026-04-22 23:12:44,gcn,amazon-ratings,0.3,0.375708,2.79,0.05,2.53
2026-04-22 23:12:54,gcn,amazon-ratings,0.1,0.368512,5.25,0.05,5.07
2026-04-22 23:12:54,gcn,amazon-ratings,0.2,0.3827,2.9,0.05,2.64
2026-04-22 23:13:00,gcn,amazon-ratings,0.3,0.368512,5.73,0.05,5.52
2026-04-22 23:13:05,gcn,amazon-ratings,0.2,0.370962,2.69,0.06,2.41
2026-04-22 23:13:06,gcn,amazon-ratings,0.1,0.351978,4.16,0.04,3.97
2026-04-22 23:13:14,gcn,amazon-ratings,0.3,0.368512,5.35,0.04,5.16
2026-04-22 23:13:16,gcn,amazon-ratings,0.1,0.371625,2.64,0.05,2.45
2026-04-22 23:13:22,gcn,amazon-ratings,0.2,0.387344,9.5,0.04,9.25
2026-04-22 23:13:31,gcn,amazon-ratings,0.1,0.382189,3.03,0.04,2.83
2026-04-22 23:13:35,gcn,amazon-ratings,0.2,0.37877,5.64,0.05,5.39
2026-04-22 23:13:38,gcn,amazon-ratings,0.3,0.370401,2.57,0.05,2.37
2026-04-22 23:13:41,gcn,amazon-ratings,0.1,0.372697,2.61,0.04,2.42
2026-04-22 23:13:47,gcn,amazon-ratings,0.2,0.365603,3.89,0.04,3.6
2026-04-22 23:13:48,gcn,amazon-ratings,0.3,0.374228,2.81,0.04,2.62
2026-04-22 23:13:58,gcn,amazon-ratings,0.1,0.368308,8.81,0.05,8.61
2026-04-22 23:14:00,gcn,amazon-ratings,0.2,0.383771,5.54,0.05,5.31
2026-04-22 23:14:01,gcn,amazon-ratings,0.3,0.370145,2.57,0.04,2.38
2026-04-22 23:14:11,gcn,amazon-ratings,0.1,0.389997,5.21,0.04,5.02
2026-04-22 23:14:13,gcn,amazon-ratings,0.2,0.376933,5.58,0.04,5.35
2026-04-22 23:14:20,gcn,amazon-ratings,0.3,0.376576,8.96,0.05,8.75
2026-04-22 23:14:24,gcn,amazon-ratings,0.1,0.368512,4.16,0.05,3.95
2026-04-22 23:14:24,gcn,amazon-ratings,0.2,0.369992,3.53,0.06,3.25
2026-04-22 23:14:33,gcn,amazon-ratings,0.3,0.371523,5.37,0.04,5.17
2026-04-22 23:14:35,gcn,amazon-ratings,0.2,0.368921,3.83,0.05,3.59
2026-04-22 23:14:39,gcn,amazon-ratings,0.1,0.386629,5.32,0.04,5.13
2026-04-22 23:14:45,gcn,amazon-ratings,0.3,0.368512,4.04,0.06,3.83
2026-04-22 23:14:46,gcn,amazon-ratings,0.2,0.38372,2.96,0.05,2.7
2026-04-22 23:14:51,gcn,amazon-ratings,0.1,0.391375,5.32,0.05,5.11
2026-04-22 23:14:56,gcn,amazon-ratings,0.2,0.388058,3.41,0.04,3.19
2026-04-22 23:15:04,gcn,amazon-ratings,0.1,0.369839,3.52,0.05,3.32
2026-04-22 23:15:08,gcn,amazon-ratings,0.2,0.3679,3.7,0.04,3.45
2026-04-22 23:15:09,lnpcc,amazon-ratings,0.2,0.385813,517.49,511.91,5.51
2026-04-22 23:15:15,gcn,amazon-ratings,0.3,0.352794,5.26,0.05,5.06
2026-04-22 23:15:18,gcn,amazon-ratings,0.1,0.368921,3.75,0.04,3.55
2026-04-22 23:15:19,gcn,amazon-ratings,0.2,0.392345,3.72,0.05,3.47
2026-04-22 23:15:26,gcn,amazon-ratings,0.3,0.369074,3.49,0.05,3.28
2026-04-22 23:15:29,gcn,amazon-ratings,0.1,0.38668,3.03,0.04,2.83
2026-04-22 23:15:32,gcn,amazon-ratings,0.2,0.368512,5.67,0.04,5.43
2026-04-22 23:15:38,gcn,amazon-ratings,0.3,0.369278,3.72,0.04,3.52
2026-04-22 23:15:41,gcn,amazon-ratings,0.1,0.39357,3.49,0.04,3.3
2026-04-22 23:15:43,gcn,amazon-ratings,0.2,0.38714,3.77,0.05,3.52
2026-04-22 23:15:49,gcn,amazon-ratings,0.3,0.373769,2.88,0.03,2.71
2026-04-22 23:15:53,gcn,amazon-ratings,0.1,0.366879,3.78,0.05,3.58
2026-04-22 23:15:57,gcn,amazon-ratings,0.2,0.384741,5.63,0.05,5.37
2026-04-22 23:16:04,lnpcc,amazon-ratings,0.2,0.38617,46.62,37.84,8.7
2026-04-22 23:16:05,lnpcc,amazon-ratings,0.1,0.386476,570.14,564.68,5.41
2026-04-22 23:16:07,gcn,amazon-ratings,0.1,0.392702,3.59,0.04,3.39
2026-04-22 23:16:10,gcn,amazon-ratings,0.3,0.378413,3.37,0.05,3.16
2026-04-22 23:16:10,gcn,amazon-ratings,0.2,0.39459,5.47,0.05,5.25
2026-04-22 23:16:20,gcn,amazon-ratings,0.1,0.368512,5.53,0.04,5.34
2026-04-22 23:16:23,gcn,amazon-ratings,0.2,0.39459,5.53,0.04,5.3
2026-04-22 23:16:24,gcn,amazon-ratings,0.3,0.368461,3.74,0.05,3.54
2026-04-22 23:16:32,gcn,amazon-ratings,0.1,0.385762,3.73,0.04,3.55
2026-04-22 23:16:36,gcn,amazon-ratings,0.3,0.381526,3.67,0.04,3.47
2026-04-22 23:16:37,gcn,amazon-ratings,0.2,0.394641,5.68,0.05,5.43
2026-04-22 23:16:46,gcn,amazon-ratings,0.1,0.391324,5.7,0.05,5.5
2026-04-22 23:16:50,gcn,amazon-ratings,0.2,0.394539,5.63,0.05,5.39
2026-04-22 23:16:52,gcn,amazon-ratings,0.3,0.368512,5.66,0.05,5.46
2026-04-22 23:16:55,lnpcc,amazon-ratings,0.2,0.369431,43.07,39.61,3.38
2026-04-22 23:17:01,gcn,amazon-ratings,0.1,0.394539,5.53,0.06,5.31
2026-04-22 23:17:03,lnpcc,amazon-ratings,0.1,0.391018,50.06,40.75,9.27
2026-04-22 23:17:06,lnpcc,amazon-ratings,0.4,0.352539,604.64,599.3,5.27
2026-04-22 23:17:08,lnpcc,amazon-ratings,0.5,0.362541,616.78,611.54,5.17
2026-04-22 23:17:09,gcn,amazon-ratings,0.3,0.381781,3.42,0.05,3.21
2026-04-22 23:17:13,gcn,amazon-ratings,0.2,0.394693,5.45,0.05,5.2
2026-04-22 23:17:14,gcn,amazon-ratings,0.1,0.395815,5.46,0.05,5.28
2026-04-22 23:17:22,gcn,amazon-ratings,0.3,0.386323,5.58,0.04,5.38
2026-04-22 23:17:26,gcn,amazon-ratings,0.2,0.393927,5.6,0.05,5.35
2026-04-22 23:17:28,gcn,amazon-ratings,0.1,0.395203,5.67,0.04,5.46
2026-04-22 23:17:39,gcn,amazon-ratings,0.3,0.385711,8.8,0.05,8.59
2026-04-22 23:17:39,gcn,amazon-ratings,0.2,0.394897,5.64,0.04,5.4
2026-04-22 23:17:44,gcn,amazon-ratings,0.1,0.39505,5.68,0.04,5.48
2026-04-22 23:17:49,lnpcc,amazon-ratings,0.1,0.369941,39.03,35.85,3.13
2026-04-22 23:17:54,gcn,amazon-ratings,0.2,0.393008,5.31,0.05,5.08
2026-04-22 23:17:55,gcn,amazon-ratings,0.3,0.399234,8.61,0.06,8.37
2026-04-22 23:17:59,lnpcc,amazon-ratings,0.3,0.366369,646.64,641.42,5.16
2026-04-22 23:18:00,gcn,amazon-ratings,0.1,0.395764,5.35,0.04,5.18
2026-04-22 23:18:08,lnpcc,amazon-ratings,0.4,0.359888,45.89,37.36,8.47
2026-04-22 23:18:08,lnpcc,amazon-ratings,0.5,0.356468,46.69,37.52,9.11
2026-04-22 23:18:13,gcn,amazon-ratings,0.2,0.392702,5.16,0.04,4.94
2026-04-22 23:18:13,gcn,amazon-ratings,0.1,0.394386,5.27,0.04,5.08
2026-04-22 23:18:22,gcn,amazon-ratings,0.3,0.392447,8.58,0.04,8.39
2026-04-22 23:18:25,gcn,amazon-ratings,0.2,0.394437,5.37,0.04,5.08
2026-04-22 23:18:27,gcn,amazon-ratings,0.1,0.392447,5.42,0.05,5.22
2026-04-22 23:18:36,lnpcc,amazon-ratings,0.2,0.392243,71.61,62.85,8.71
2026-04-22 23:18:38,gcn,amazon-ratings,0.2,0.393825,5.48,0.05,5.24
2026-04-22 23:18:44,gcn,amazon-ratings,0.3,0.391375,8.77,0.04,8.56
2026-04-22 23:18:50,gcn,amazon-ratings,0.1,0.39505,5.55,0.03,5.38
2026-04-22 23:18:50,lnpcc,amazon-ratings,0.3,0.380097,44.46,34.76,9.66
2026-04-22 23:18:53,lnpcc,amazon-ratings,0.4,0.36887,36.77,33.29,3.41
2026-04-22 23:18:54,lnpcc,amazon-ratings,0.5,0.368461,34.39,31.06,3.29
2026-04-22 23:18:59,gcn,amazon-ratings,0.2,0.392039,5.68,0.05,5.42
2026-04-22 23:19:06,gcn,amazon-ratings,0.3,0.390202,11.75,0.05,8.6
2026-04-22 23:19:12,gcn,amazon-ratings,0.1,0.39459,6.6,0.05,6.39
2026-04-22 23:19:16,lnpcc,amazon-ratings,0.1,0.395458,80.58,71.55,8.98
2026-04-22 23:19:19,lnpcc,amazon-ratings,0.2,0.367594,35.8,30.29,5.44
2026-04-22 23:19:21,gcn,amazon-ratings,0.2,0.392243,5.15,0.04,4.91
2026-04-22 23:19:25,gcn,amazon-ratings,0.1,0.396989,6.14,0.04,5.96
2026-04-22 23:19:33,gcn,amazon-ratings,0.3,0.390916,8.75,0.04,8.55
2026-04-22 23:19:34,gcn,amazon-ratings,0.2,0.39459,5.4,0.04,5.17
2026-04-22 23:19:39,gcn,amazon-ratings,0.1,0.392447,5.62,0.03,5.45
2026-04-22 23:19:43,lnpcc,amazon-ratings,0.3,0.369941,43.12,39.86,3.22
2026-04-22 23:19:48,gcn,amazon-ratings,0.2,0.391426,5.46,0.05,5.21
2026-04-22 23:19:50,gcn,amazon-ratings,0.3,0.381067,8.78,0.04,8.58
2026-04-22 23:19:56,gcn,amazon-ratings,0.1,0.394437,5.62,0.04,5.42
2026-04-22 23:20:00,lnpcc,amazon-ratings,0.1,0.368053,35.94,30.5,5.39
2026-04-22 23:20:06,gcn,amazon-ratings,0.2,0.394131,5.51,0.05,5.28
2026-04-22 23:20:07,gcn,amazon-ratings,0.3,0.381424,8.72,0.04,8.53
2026-04-22 23:20:12,gcn,amazon-ratings,0.1,0.396019,5.91,0.05,5.7
2026-04-22 23:20:21,lnpcc,amazon-ratings,0.4,0.376729,78.7,70.13,8.49
2026-04-22 23:20:22,lnpcc,amazon-ratings,0.5,0.320235,81.14,72.12,8.98
2026-04-22 23:20:28,gcn,amazon-ratings,0.2,0.392396,5.7,0.04,5.47
2026-04-22 23:20:29,gcn,amazon-ratings,0.3,0.391835,8.48,0.04,8.28
2026-04-22 23:20:35,gcn,amazon-ratings,0.1,0.39556,5.55,0.04,5.36
2026-04-22 23:20:37,lnpcc,amazon-ratings,0.2,0.389793,51.68,48.78,2.84
2026-04-22 23:20:40,gcn,amazon-ratings,0.2,0.3926,5.42,0.05,5.16
2026-04-22 23:20:46,gcn,amazon-ratings,0.3,0.386731,8.74,0.05,8.53
2026-04-22 23:20:51,gcn,amazon-ratings,0.1,0.39505,5.5,0.04,5.31
2026-04-22 23:20:54,gcn,amazon-ratings,0.2,0.393621,5.38,0.03,5.19
2026-04-22 23:20:57,lnpcc,amazon-ratings,0.1,0.394846,47.07,44.23,2.78
2026-04-22 23:21:03,gcn,amazon-ratings,0.3,0.388569,8.76,0.05,8.57
2026-04-22 23:21:07,lnpcc,amazon-ratings,0.3,0.395458,77.07,66.73,10.29
2026-04-22 23:21:08,gcn,amazon-ratings,0.1,0.394846,5.68,0.05,5.47
2026-04-22 23:21:13,gcn,amazon-ratings,0.2,0.39357,5.72,0.04,5.49
2026-04-22 23:21:14,lnpcc,amazon-ratings,0.4,0.363817,36.2,30.6,5.55
2026-04-22 23:21:19,lnpcc,amazon-ratings,0.5,0.341516,37.86,32.12,5.69
2026-04-22 23:21:22,gcn,amazon-ratings,0.3,0.391579,8.84,0.04,8.64
2026-04-22 23:21:27,gcn,amazon-ratings,0.2,0.391937,5.65,0.04,5.43
2026-04-22 23:21:28,gcn,amazon-ratings,0.1,0.396326,5.71,0.05,5.49
2026-04-22 23:21:40,gcn,amazon-ratings,0.3,0.391477,8.87,0.05,8.67
2026-04-22 23:21:40,gcn,amazon-ratings,0.2,0.393723,5.67,0.05,5.42
2026-04-22 23:21:45,gcn,amazon-ratings,0.1,0.395866,5.78,0.04,5.6
2026-04-22 23:21:52,lnpcc,amazon-ratings,0.3,0.37382,36.8,31.06,5.68
2026-04-22 23:21:56,gcn,amazon-ratings,0.3,0.380913,8.86,0.05,8.64
2026-04-22 23:21:58,gcn,amazon-ratings,0.2,0.395662,5.64,0.05,5.39
2026-04-22 23:22:02,gcn,amazon-ratings,0.1,0.397142,5.69,0.05,5.49
2026-04-22 23:22:11,gcn,amazon-ratings,0.2,0.394131,5.72,0.05,5.48
2026-04-22 23:22:13,gcn,amazon-ratings,0.3,0.392855,8.81,0.05,8.6
2026-04-22 23:22:15,lnpcc,amazon-ratings,0.5,0.344323,47.8,44.92,2.83
2026-04-22 23:22:16,lnpcc,amazon-ratings,0.4,0.375045,52.86,49.9,2.9
2026-04-22 23:22:21,gcn,amazon-ratings,0.1,0.396581,5.68,0.04,5.5
2026-04-22 23:22:24,gcn,amazon-ratings,0.2,0.392345,5.66,0.05,5.42
2026-04-22 23:22:30,gcn,amazon-ratings,0.3,0.378821,8.84,0.05,8.64
2026-04-22 23:22:36,gcn,amazon-ratings,0.1,0.395458,5.73,0.04,5.54
2026-04-22 23:22:38,gcn,amazon-ratings,0.2,0.393825,5.78,0.05,5.54
2026-04-22 23:22:47,lnpcc,amazon-ratings,0.3,0.379025,46.78,43.89,2.84
2026-04-22 23:22:47,gcn,amazon-ratings,0.3,0.38816,8.92,0.06,8.7
2026-04-22 23:22:52,gcn,amazon-ratings,0.2,0.389232,5.87,0.05,5.61
2026-04-22 23:22:53,gcn,amazon-ratings,0.1,0.395305,5.86,0.04,5.67
2026-04-22 23:23:05,gcn,amazon-ratings,0.3,0.396989,9.07,0.05,8.85
2026-04-22 23:23:06,gcn,amazon-ratings,0.2,0.390967,5.77,0.06,5.51
2026-04-22 23:23:11,gcn,amazon-ratings,0.1,0.399949,5.84,0.05,5.63
2026-04-22 23:23:21,gcn,amazon-ratings,0.2,0.394284,5.7,0.05,5.45
2026-04-22 23:23:23,gcn,amazon-ratings,0.3,0.389232,8.95,0.05,8.72
2026-04-22 23:23:28,gcn,amazon-ratings,0.1,0.400714,5.84,0.05,5.62
2026-04-22 23:23:35,gcn,amazon-ratings,0.2,0.392804,5.9,0.05,5.64
2026-04-22 23:23:40,gcn,amazon-ratings,0.3,0.390865,8.93,0.05,8.72
2026-04-22 23:23:46,gcn,amazon-ratings,0.1,0.393366,6.09,0.05,5.87
2026-04-22 23:23:49,gcn,amazon-ratings,0.2,0.392957,5.96,0.06,5.68
2026-04-22 23:23:54,lnpcc,amazon-ratings,0.2,0.392192,189.38,184.07,5.24
2026-04-22 23:24:02,gcn,amazon-ratings,0.2,0.389691,5.51,0.04,5.28
2026-04-22 23:24:03,gcn,amazon-ratings,0.3,0.400612,8.79,0.05,8.56
2026-04-22 23:24:09,gcn,amazon-ratings,0.1,0.391528,5.68,0.04,5.49
2026-04-22 23:24:11,lnpcc,amazon-ratings,0.1,0.393876,185.89,180.24,5.6
2026-04-22 23:24:16,gcn,amazon-ratings,0.2,0.39556,5.71,0.05,5.47
2026-04-22 23:24:20,gcn,amazon-ratings,0.3,0.382598,8.84,0.05,8.62
2026-04-22 23:24:25,gcn,amazon-ratings,0.1,0.399796,5.74,0.04,5.56
2026-04-22 23:24:30,gcn,amazon-ratings,0.2,0.392396,5.8,0.04,5.57
2026-04-22 23:24:37,gcn,amazon-ratings,0.3,0.3852,8.89,0.05,8.68
2026-04-22 23:24:42,gcn,amazon-ratings,0.1,0.399337,5.67,0.05,5.46
2026-04-22 23:24:43,gcn,amazon-ratings,0.2,0.39357,5.65,0.05,5.39
2026-04-22 23:24:53,gcn,amazon-ratings,0.3,0.389895,8.81,0.05,8.6
2026-04-22 23:24:56,gcn,amazon-ratings,0.2,0.391784,5.47,0.05,5.22
2026-04-22 23:24:59,gcn,amazon-ratings,0.1,0.386476,5.56,0.04,5.37
2026-04-22 23:25:04,lnpcc,amazon-ratings,0.2,0.368512,49.36,43.7,5.58
2026-04-22 23:25:09,gcn,amazon-ratings,0.2,0.392906,5.45,0.05,5.22
2026-04-22 23:25:13,gcn,amazon-ratings,0.3,0.384894,8.74,0.05,8.54
2026-04-22 23:25:19,gcn,amazon-ratings,0.1,0.394744,5.64,0.05,5.43
2026-04-22 23:25:22,gcn,amazon-ratings,0.2,0.395713,5.65,0.05,5.4
2026-04-22 23:25:27,lnpcc,amazon-ratings,0.5,0.361113,179.67,174.0,5.61
2026-04-22 23:25:29,gcn,amazon-ratings,0.3,0.382649,8.81,0.03,8.64
2026-04-22 23:25:35,gcn,amazon-ratings,0.2,0.395458,5.54,0.04,5.31
2026-04-22 23:25:35,gcn,amazon-ratings,0.1,0.39408,5.54,0.04,5.36
2026-04-22 23:25:40,lnpcc,amazon-ratings,0.3,0.389181,159.81,154.17,5.58
2026-04-22 23:25:46,gcn,amazon-ratings,0.3,0.389436,8.72,0.05,8.51
2026-04-22 23:25:48,gcn,amazon-ratings,0.2,0.394744,5.33,0.05,5.1
2026-04-22 23:25:51,gcn,amazon-ratings,0.1,0.396019,5.39,0.04,5.21
2026-04-22 23:25:55,lnpcc,amazon-ratings,0.2,0.38668,38.05,33.93,4.06
2026-04-22 23:25:59,gcn,amazon-ratings,0.2,0.397755,4.04,0.05,3.79
2026-04-22 23:26:00,lnpcc,amazon-ratings,0.4,0.366675,201.15,195.95,5.14
2026-04-22 23:26:03,lnpcc,amazon-ratings,0.1,0.39408,38.38,34.27,4.05
2026-04-22 23:26:06,gcn,amazon-ratings,0.1,0.396836,5.7,0.05,5.49
2026-04-22 23:26:11,gcn,amazon-ratings,0.2,0.394386,4.02,0.05,3.77
2026-04-22 23:26:15,gcn,amazon-ratings,0.3,0.391426,8.83,0.05,8.62
2026-04-22 23:26:20,gcn,amazon-ratings,0.1,0.395764,5.58,0.04,5.4
2026-04-22 23:26:22,lnpcc,amazon-ratings,0.5,0.368512,46.42,40.76,5.6
2026-04-22 23:26:26,gcn,amazon-ratings,0.2,0.39801,4.14,0.06,3.87
2026-04-22 23:26:31,lnpcc,amazon-ratings,0.3,0.368512,42.46,36.88,5.54
2026-04-22 23:26:32,gcn,amazon-ratings,0.3,0.382138,8.84,0.05,8.63
2026-04-22 23:26:37,gcn,amazon-ratings,0.2,0.39653,3.97,0.05,3.74
2026-04-22 23:26:38,gcn,amazon-ratings,0.1,0.394999,5.64,0.05,5.43
2026-04-22 23:26:49,gcn,amazon-ratings,0.3,0.388671,8.86,0.05,8.65
2026-04-22 23:26:49,gcn,amazon-ratings,0.2,0.397346,4.01,0.04,3.75
2026-04-22 23:26:55,gcn,amazon-ratings,0.1,0.394284,5.69,0.04,5.48
2026-04-22 23:27:00,lnpcc,amazon-ratings,0.4,0.368512,49.94,44.31,5.56
2026-04-22 23:27:01,gcn,amazon-ratings,0.2,0.393672,4.08,0.06,3.81
2026-04-22 23:27:09,gcn,amazon-ratings,0.3,0.391171,8.87,0.05,8.65
2026-04-22 23:27:11,lnpcc,amazon-ratings,0.5,0.384537,41.1,37.17,3.87
2026-04-22 23:27:15,gcn,amazon-ratings,0.1,0.39755,5.68,0.04,5.48
2026-04-22 23:27:15,gcn,amazon-ratings,0.2,0.39704,4.17,0.04,3.93
2026-04-22 23:27:21,lnpcc,amazon-ratings,0.3,0.377443,42.12,38.02,4.05
2026-04-22 23:27:26,gcn,amazon-ratings,0.3,0.382138,8.85,0.05,8.64
2026-04-22 23:27:27,gcn,amazon-ratings,0.2,0.367747,3.96,0.04,3.72
2026-04-22 23:27:31,gcn,amazon-ratings,0.1,0.393519,5.69,0.04,5.48
2026-04-22 23:27:39,gcn,amazon-ratings,0.2,0.395866,4.11,0.05,3.84
2026-04-22 23:27:43,gcn,amazon-ratings,0.3,0.395407,8.95,0.05,8.74
2026-04-22 23:27:48,gcn,amazon-ratings,0.1,0.400561,5.78,0.05,5.55
2026-04-22 23:27:52,gcn,amazon-ratings,0.2,0.38913,4.13,0.04,3.88
2026-04-22 23:27:53,lnpcc,amazon-ratings,0.4,0.375198,40.89,36.69,4.12
2026-04-22 23:28:01,gcn,amazon-ratings,0.3,0.372646,9.03,0.05,8.81
2026-04-22 23:28:04,gcn,amazon-ratings,0.2,0.396019,4.14,0.04,3.9
2026-04-22 23:28:07,gcn,amazon-ratings,0.1,0.393417,5.81,0.05,5.6
2026-04-22 23:28:16,gcn,amazon-ratings,0.2,0.396121,4.11,0.04,3.88
2026-04-22 23:28:19,gcn,amazon-ratings,0.3,0.382751,8.99,0.05,8.77
2026-04-22 23:28:23,gcn,amazon-ratings,0.1,0.390559,4.25,0.05,4.03
2026-04-22 23:28:28,gcn,amazon-ratings,0.2,0.39653,4.02,0.05,3.78
2026-04-22 23:28:36,gcn,amazon-ratings,0.3,0.387548,8.77,0.05,8.57
2026-04-22 23:28:38,lnpcc,amazon-ratings,0.2,0.384792,147.41,144.61,2.71
2026-04-22 23:28:39,gcn,amazon-ratings,0.2,0.396377,3.92,0.04,3.69
2026-04-22 23:28:43,lnpcc,amazon-ratings,0.1,0.389334,153.31,150.48,2.79
2026-04-22 23:28:44,gcn,amazon-ratings,0.1,0.396224,5.63,0.04,5.44
2026-04-22 23:28:51,gcn,amazon-ratings,0.2,0.395152,3.94,0.05,3.72
2026-04-22 23:28:52,gcn,amazon-ratings,0.3,0.389079,8.77,0.04,8.58
2026-04-22 23:28:58,gcn,amazon-ratings,0.1,0.39459,5.68,0.04,5.5
2026-04-22 23:29:02,gcn,amazon-ratings,0.2,0.396275,4.24,0.04,3.99
2026-04-22 23:29:09,gcn,amazon-ratings,0.3,0.398265,8.91,0.05,8.7
2026-04-22 23:29:14,gcn,amazon-ratings,0.2,0.395764,4.13,0.04,3.87
2026-04-22 23:29:14,gcn,amazon-ratings,0.1,0.395305,5.68,0.05,5.48
2026-04-22 23:29:26,gcn,amazon-ratings,0.3,0.383312,8.89,0.05,8.69
2026-04-22 23:29:26,gcn,amazon-ratings,0.2,0.395611,3.99,0.05,3.74
2026-04-22 23:29:32,gcn,amazon-ratings,0.1,0.393723,5.68,0.04,5.47
2026-04-22 23:29:38,gcn,amazon-ratings,0.2,0.395764,3.95,0.05,3.72
2026-04-22 23:29:38,gcn,amazon-ratings,0.3,0.388875,4.06,0.04,3.85
2026-04-22 23:29:41,lnpcc,amazon-ratings,0.5,0.37678,140.11,137.13,2.93
2026-04-22 23:29:43,lnpcc,amazon-ratings,0.3,0.377443,133.37,130.47,2.84
2026-04-22 23:29:45,gcn,amazon-ratings,0.1,0.40444,5.61,0.05,5.42
2026-04-22 23:29:46,lnpcc,amazon-ratings,0.1,0.392549,53.25,50.72,2.48
2026-04-22 23:29:50,gcn,amazon-ratings,0.2,0.395407,3.94,0.05,3.69
2026-04-22 23:29:54,gcn,amazon-ratings,0.3,0.395356,8.7,0.04,8.51
2026-04-22 23:29:57,lnpcc,amazon-ratings,0.2,0.386527,62.17,59.67,2.43
2026-04-22 23:30:01,gcn,amazon-ratings,0.2,0.394897,4.03,0.05,3.79
2026-04-22 23:30:02,gcn,amazon-ratings,0.1,0.399132,5.59,0.05,5.39
2026-04-22 23:30:11,gcn,amazon-ratings,0.3,0.381883,8.83,0.05,8.62
2026-04-22 23:30:12,gcn,amazon-ratings,0.2,0.395866,4.08,0.05,3.83
2026-04-22 23:30:16,gcn,amazon-ratings,0.1,0.391426,5.7,0.04,5.51
2026-04-22 23:30:19,lnpcc,amazon-ratings,0.4,0.375096,138.56,135.62,2.85
2026-04-22 23:30:25,gcn,amazon-ratings,0.2,0.396019,3.91,0.04,3.67
2026-04-22 23:30:28,gcn,amazon-ratings,0.3,0.397193,8.79,0.05,8.57
2026-04-22 23:30:33,gcn,amazon-ratings,0.1,0.395917,5.6,0.04,5.42
2026-04-22 23:30:36,gcn,amazon-ratings,0.2,0.395866,4.05,0.05,3.81
2026-04-22 23:30:44,gcn,amazon-ratings,0.3,0.368768,8.87,0.05,8.67
2026-04-22 23:30:48,gcn,amazon-ratings,0.2,0.386323,3.99,0.04,3.77
2026-04-22 23:30:50,gcn,amazon-ratings,0.1,0.393927,5.62,0.05,5.38
2026-04-22 23:30:50,lnpcc,amazon-ratings,0.3,0.372034,58.48,56.01,2.42
2026-04-22 23:30:53,lnpcc,amazon-ratings,0.5,0.337382,62.65,60.03,2.57
2026-04-22 23:30:59,gcn,amazon-ratings,0.2,0.397193,3.91,0.05,3.69
2026-04-22 23:31:01,gcn,amazon-ratings,0.3,0.379791,8.76,0.05,8.56
2026-04-22 23:31:03,lnpcc,amazon-ratings,0.1,0.374789,69.73,66.87,2.81
2026-04-22 23:31:06,gcn,amazon-ratings,0.1,0.394233,5.6,0.06,5.37
2026-04-22 23:31:10,gcn,amazon-ratings,0.2,0.387344,3.96,0.05,3.74
2026-04-22 23:31:17,gcn,amazon-ratings,0.3,0.373207,8.67,0.05,8.48
2026-04-22 23:31:21,gcn,amazon-ratings,0.2,0.380811,3.91,0.04,3.67
2026-04-22 23:31:23,gcn,amazon-ratings,0.1,0.394386,5.47,0.04,5.29
2026-04-22 23:31:25,lnpcc,amazon-ratings,0.2,0.359377,69.78,66.91,2.79
2026-04-22 23:31:28,lnpcc,amazon-ratings,0.4,0.368002,54.53,51.91,2.55
2026-04-22 23:31:32,gcn,amazon-ratings,0.2,0.38321,3.97,0.05,3.73
2026-04-22 23:31:37,gcn,amazon-ratings,0.3,0.372901,8.75,0.04,8.56
2026-04-22 23:31:42,gcn,amazon-ratings,0.1,0.395662,5.55,0.05,5.35
2026-04-22 23:31:43,gcn,amazon-ratings,0.2,0.384231,3.93,0.04,3.69
2026-04-22 23:31:54,gcn,amazon-ratings,0.3,0.374943,9.06,0.05,8.84
2026-04-22 23:31:55,gcn,amazon-ratings,0.2,0.397857,4.13,0.05,3.87
2026-04-22 23:31:59,gcn,amazon-ratings,0.1,0.399183,5.82,0.05,5.6
2026-04-22 23:32:04,lnpcc,amazon-ratings,0.3,0.36887,65.62,62.75,2.82
2026-04-22 23:32:06,lnpcc,amazon-ratings,0.5,0.370145,63.56,60.82,2.7
2026-04-22 23:32:10,gcn,amazon-ratings,0.2,0.3901,3.94,0.04,3.71
2026-04-22 23:32:10,gcn,amazon-ratings,0.3,0.382445,8.8,0.04,8.59
2026-04-22 23:32:16,gcn,amazon-ratings,0.1,0.394437,5.72,0.05,5.51
2026-04-22 23:32:21,gcn,amazon-ratings,0.2,0.391835,3.84,0.04,3.63
2026-04-22 23:32:27,gcn,amazon-ratings,0.3,0.389385,8.72,0.04,8.56
2026-04-22 23:32:32,gcn,amazon-ratings,0.1,0.403725,5.63,0.05,5.43
2026-04-22 23:32:33,gcn,amazon-ratings,0.2,0.390661,4.03,0.04,3.8
2026-04-22 23:32:44,gcn,amazon-ratings,0.2,0.390355,3.9,0.04,3.67
2026-04-22 23:32:47,gcn,amazon-ratings,0.1,0.381781,5.64,0.05,5.45
2026-04-22 23:32:52,lnpcc,amazon-ratings,0.4,0.355958,75.68,72.76,2.83
2026-04-22 23:32:55,gcn,amazon-ratings,0.2,0.397295,3.95,0.04,3.71
2026-04-22 23:33:00,gcn,amazon-ratings,0.3,0.384384,8.74,0.03,8.56
2026-04-22 23:33:06,gcn,amazon-ratings,0.1,0.383976,5.64,0.05,5.44
2026-04-22 23:33:06,gcn,amazon-ratings,0.2,0.389436,4.08,0.05,3.82
2026-04-22 23:33:17,gcn,amazon-ratings,0.3,0.391018,8.89,0.04,8.7
2026-04-22 23:33:19,gcn,amazon-ratings,0.2,0.381373,4.0,0.05,3.72
2026-04-22 23:33:22,gcn,amazon-ratings,0.1,0.391273,5.57,0.04,5.38
2026-04-22 23:33:30,gcn,amazon-ratings,0.2,0.381526,4.05,0.05,3.8
2026-04-22 23:33:33,gcn,amazon-ratings,0.3,0.370758,8.85,0.04,8.66
2026-04-22 23:33:39,gcn,amazon-ratings,0.1,0.395101,5.7,0.06,5.47
2026-04-22 23:33:42,gcn,amazon-ratings,0.2,0.385711,4.01,0.05,3.77
2026-04-22 23:33:51,gcn,amazon-ratings,0.3,0.389385,8.87,0.06,8.63
2026-04-22 23:33:53,gcn,amazon-ratings,0.2,0.396224,3.98,0.05,3.72
2026-04-22 23:33:57,gcn,amazon-ratings,0.1,0.398571,5.62,0.04,5.43
2026-04-22 23:33:58,lnpcc,amazon-ratings,0.1,0.369788,167.59,165.11,2.43
2026-04-22 23:34:06,gcn,amazon-ratings,0.2,0.391988,3.71,0.05,3.46
2026-04-22 23:34:08,gcn,amazon-ratings,0.3,0.374381,8.64,0.05,8.44
2026-04-22 23:34:11,lnpcc,amazon-ratings,0.2,0.370809,150.91,148.49,2.34
2026-04-22 23:34:16,gcn,amazon-ratings,0.1,0.398928,5.56,0.03,5.39
2026-04-22 23:34:17,gcn,amazon-ratings,0.2,0.391886,3.9,0.05,3.65
2026-04-22 23:34:25,gcn,amazon-ratings,0.3,0.377954,8.76,0.04,8.57
2026-04-22 23:34:30,gcn,amazon-ratings,0.1,0.393723,5.66,0.06,5.45
2026-04-22 23:34:41,gcn,amazon-ratings,0.3,0.380811,8.77,0.06,8.56
2026-04-22 23:34:42,gcn,amazon-ratings,0.2,0.389181,3.84,0.05,3.61
2026-04-22 23:34:45,lnpcc,amazon-ratings,0.5,0.356111,150.76,148.18,2.53
2026-04-22 23:34:46,gcn,amazon-ratings,0.1,0.385762,5.55,0.04,5.37
2026-04-22 23:34:58,gcn,amazon-ratings,0.3,0.378974,8.74,0.06,8.52
2026-04-22 23:34:58,lnpcc,amazon-ratings,0.1,0.393213,53.38,44.28,9.05
2026-04-22 23:35:02,gcn,amazon-ratings,0.2,0.395611,4.03,0.04,3.78
2026-04-22 23:35:03,gcn,amazon-ratings,0.1,0.401276,5.6,0.04,5.4
2026-04-22 23:35:12,lnpcc,amazon-ratings,0.2,0.380352,53.79,45.08,8.64
2026-04-22 23:35:13,gcn,amazon-ratings,0.2,0.389028,3.75,0.04,3.52
2026-04-22 23:35:16,lnpcc,amazon-ratings,0.3,0.37183,181.05,178.71,2.3
2026-04-22 23:35:21,gcn,amazon-ratings,0.3,0.393621,8.63,0.04,8.45
2026-04-22 23:35:25,gcn,amazon-ratings,0.2,0.379382,3.93,0.04,3.68
2026-04-22 23:35:26,gcn,amazon-ratings,0.1,0.405614,5.51,0.04,5.32
2026-04-22 23:35:36,gcn,amazon-ratings,0.2,0.381169,3.82,0.04,3.58
2026-04-22 23:35:37,gcn,amazon-ratings,0.3,0.370911,8.72,0.04,8.53
2026-04-22 23:35:43,gcn,amazon-ratings,0.1,0.372391,5.54,0.04,5.34
2026-04-22 23:35:45,lnpcc,amazon-ratings,0.4,0.365348,164.25,161.69,2.48
2026-04-22 23:35:45,lnpcc,amazon-ratings,0.5,0.34519,48.33,39.15,9.13
2026-04-22 23:35:49,gcn,amazon-ratings,0.2,0.384333,4.04,0.05,3.8
2026-04-22 23:35:54,gcn,amazon-ratings,0.3,0.382853,8.74,0.04,8.55
2026-04-22 23:35:59,gcn,amazon-ratings,0.1,0.386068,5.53,0.04,5.34
2026-04-22 23:36:01,gcn,amazon-ratings,0.2,0.397857,3.98,0.05,3.75
2026-04-22 23:36:10,gcn,amazon-ratings,0.3,0.383567,8.81,0.04,8.62
2026-04-22 23:36:16,gcn,amazon-ratings,0.1,0.389691,5.7,0.04,5.49
2026-04-22 23:36:16,lnpcc,amazon-ratings,0.3,0.363817,52.57,43.24,9.27
2026-04-22 23:36:20,gcn,amazon-ratings,0.2,0.389538,4.08,0.05,3.82
2026-04-22 23:36:28,gcn,amazon-ratings,0.3,0.379178,8.75,0.05,8.55
2026-04-22 23:36:32,lnpcc,amazon-ratings,0.1,0.396224,86.36,77.28,9.03
2026-04-22 23:36:33,gcn,amazon-ratings,0.1,0.388875,5.5,0.04,5.31
2026-04-22 23:36:36,gcn,amazon-ratings,0.2,0.38765,3.98,0.04,3.74
2026-04-22 23:36:42,lnpcc,amazon-ratings,0.2,0.38765,81.12,72.46,8.6
2026-04-22 23:36:46,gcn,amazon-ratings,0.2,0.389181,3.73,0.05,3.47
2026-04-22 23:36:47,gcn,amazon-ratings,0.1,0.381373,5.38,0.04,5.2
2026-04-22 23:36:56,lnpcc,amazon-ratings,0.4,0.371932,51.68,42.9,8.72
2026-04-22 23:36:57,gcn,amazon-ratings,0.2,0.393519,3.96,0.04,3.72
2026-04-22 23:37:04,gcn,amazon-ratings,0.3,0.390559,8.75,0.05,8.55
2026-04-22 23:37:10,lnpcc,amazon-ratings,0.5,0.347487,75.89,66.86,8.99
2026-04-22 23:37:10,gcn,amazon-ratings,0.1,0.388466,5.6,0.06,5.38
2026-04-22 23:37:13,gcn,amazon-ratings,0.2,0.397857,4.08,0.04,3.79
2026-04-22 23:37:20,gcn,amazon-ratings,0.3,0.373973,8.73,0.04,8.54
2026-04-22 23:37:24,gcn,amazon-ratings,0.2,0.389844,3.85,0.04,3.63
2026-04-22 23:37:26,gcn,amazon-ratings,0.1,0.394386,5.5,0.05,5.29
2026-04-22 23:37:35,gcn,amazon-ratings,0.2,0.382445,3.99,0.05,3.73
2026-04-22 23:37:37,gcn,amazon-ratings,0.3,0.385762,8.77,0.04,8.58
2026-04-22 23:37:42,gcn,amazon-ratings,0.1,0.391733,5.49,0.04,5.31
2026-04-22 23:37:44,lnpcc,amazon-ratings,0.3,0.39408,79.78,70.67,9.06
2026-04-22 23:37:53,gcn,amazon-ratings,0.3,0.35999,8.69,0.05,8.47
2026-04-22 23:37:53,lnpcc,amazon-ratings,0.1,0.373463,66.91,57.88,8.99
2026-04-22 23:37:57,gcn,amazon-ratings,0.2,0.380811,3.85,0.05,3.61
2026-04-22 23:37:58,gcn,amazon-ratings,0.1,0.403317,5.41,0.04,5.23
2026-04-22 23:38:06,lnpcc,amazon-ratings,0.2,0.388926,69.46,60.85,8.54
2026-04-22 23:38:08,gcn,amazon-ratings,0.2,0.386374,3.5,0.04,3.29
2026-04-22 23:38:15,gcn,amazon-ratings,0.3,0.387548,8.52,0.06,8.3
2026-04-22 23:38:20,lnpcc,amazon-ratings,0.5,0.349222,62.65,53.8,8.79
2026-04-22 23:38:23,gcn,amazon-ratings,0.2,0.395866,3.79,0.04,3.54
2026-04-22 23:38:23,lnpcc,amazon-ratings,0.4,0.38469,69.39,60.88,8.44
2026-04-22 23:38:28,gcn,amazon-ratings,0.1,0.401684,5.41,0.04,5.23
2026-04-22 23:38:34,gcn,amazon-ratings,0.2,0.387089,3.8,0.04,3.58
2026-04-22 23:38:37,gcn,amazon-ratings,0.3,0.382649,8.72,0.05,8.5
2026-04-22 23:38:42,gcn,amazon-ratings,0.1,0.376525,5.55,0.04,5.37
2026-04-22 23:38:49,lnpcc,amazon-ratings,0.3,0.345751,57.47,48.4,9.02
2026-04-22 23:38:53,gcn,amazon-ratings,0.2,0.375912,3.79,0.05,3.55
2026-04-22 23:38:53,gcn,amazon-ratings,0.3,0.371779,8.67,0.05,8.47
2026-04-22 23:38:59,lnpcc,amazon-ratings,0.1,0.394897,57.72,53.87,3.81
2026-04-22 23:38:59,gcn,amazon-ratings,0.1,0.386374,5.57,0.04,5.38
2026-04-22 23:39:04,gcn,amazon-ratings,0.2,0.390406,3.83,0.04,3.62
2026-04-22 23:39:10,gcn,amazon-ratings,0.3,0.396479,8.74,0.05,8.52
2026-04-22 23:39:15,gcn,amazon-ratings,0.1,0.392243,5.7,0.05,5.49
2026-04-22 23:39:16,gcn,amazon-ratings,0.2,0.388773,4.12,0.05,3.86
2026-04-22 23:39:26,lnpcc,amazon-ratings,0.5,0.364838,59.32,55.75,3.52
2026-04-22 23:39:27,gcn,amazon-ratings,0.3,0.392753,8.59,0.04,8.4
2026-04-22 23:39:30,gcn,amazon-ratings,0.2,0.385864,3.65,0.05,3.43
2026-04-22 23:39:32,gcn,amazon-ratings,0.1,0.388773,5.35,0.05,5.16
2026-04-22 23:39:36,lnpcc,amazon-ratings,0.2,0.394948,71.81,67.84,3.9
2026-04-22 23:39:40,gcn,amazon-ratings,0.2,0.389487,3.55,0.04,3.3
2026-04-22 23:39:43,lnpcc,amazon-ratings,0.1,0.366063,36.49,33.32,3.12
2026-04-22 23:39:45,lnpcc,amazon-ratings,0.4,0.375351,72.22,63.81,8.35
2026-04-22 23:39:50,gcn,amazon-ratings,0.1,0.399183,5.29,0.04,5.11
2026-04-22 23:39:51,gcn,amazon-ratings,0.2,0.380862,3.65,0.04,3.45
2026-04-22 23:39:58,gcn,amazon-ratings,0.3,0.387395,8.76,0.04,8.56
2026-04-22 23:40:02,gcn,amazon-ratings,0.2,0.382598,3.79,0.04,3.56
2026-04-22 23:40:04,gcn,amazon-ratings,0.1,0.387599,5.46,0.03,5.29
2026-04-22 23:40:05,lnpcc,amazon-ratings,0.3,0.374126,65.04,61.24,3.74
2026-04-22 23:40:09,lnpcc,amazon-ratings,0.5,0.368461,34.76,31.23,3.49
2026-04-22 23:40:12,gcn,amazon-ratings,0.2,0.383822,3.72,0.05,3.49
2026-04-22 23:40:14,gcn,amazon-ratings,0.3,0.376423,8.62,0.06,8.42
2026-04-22 23:40:18,lnpcc,amazon-ratings,0.2,0.36989,34.66,31.13,3.47
2026-04-22 23:40:23,gcn,amazon-ratings,0.1,0.39505,5.53,0.04,5.33
2026-04-22 23:40:23,gcn,amazon-ratings,0.2,0.397244,3.83,0.04,3.59
2026-04-22 23:40:31,lnpcc,amazon-ratings,0.1,0.382393,40.2,37.77,2.39
2026-04-22 23:40:32,gcn,amazon-ratings,0.3,0.373514,8.84,0.05,8.6
2026-04-22 23:40:35,gcn,amazon-ratings,0.2,0.392702,3.91,0.04,3.72
2026-04-22 23:40:46,gcn,amazon-ratings,0.2,0.390559,3.69,0.04,3.44
2026-04-22 23:40:48,gcn,amazon-ratings,0.3,0.377596,8.61,0.05,8.42
2026-04-22 23:40:50,lnpcc,amazon-ratings,0.3,0.369278,34.04,30.53,3.46
2026-04-22 23:40:52,lnpcc,amazon-ratings,0.5,0.303036,35.68,33.07,2.56
2026-04-22 23:40:53,gcn,amazon-ratings,0.1,0.400204,5.55,0.05,5.34
2026-04-22 23:40:57,gcn,amazon-ratings,0.2,0.394488,3.8,0.04,3.59
2026-04-22 23:41:04,gcn,amazon-ratings,0.3,0.38224,8.58,0.05,8.37
2026-04-22 23:41:06,lnpcc,amazon-ratings,0.2,0.382496,38.03,35.73,2.22
2026-04-22 23:41:07,gcn,amazon-ratings,0.2,0.397755,3.6,0.03,3.38
2026-04-22 23:41:10,lnpcc,amazon-ratings,0.4,0.386017,67.61,63.74,3.79
2026-04-22 23:41:15,gcn,amazon-ratings,0.1,0.401225,5.62,0.03,5.46
2026-04-22 23:41:18,gcn,amazon-ratings,0.2,0.386731,4.0,0.05,3.75
2026-04-22 23:41:24,gcn,amazon-ratings,0.3,0.382649,8.78,0.05,8.58
2026-04-22 23:41:29,gcn,amazon-ratings,0.1,0.394948,5.56,0.05,5.37
2026-04-22 23:41:30,gcn,amazon-ratings,0.2,0.38076,3.92,0.04,3.68
2026-04-22 23:41:33,lnpcc,amazon-ratings,0.3,0.360806,34.34,31.72,2.56
2026-04-22 23:41:41,gcn,amazon-ratings,0.3,0.379127,8.82,0.05,8.61
2026-04-22 23:41:41,gcn,amazon-ratings,0.2,0.37632,3.83,0.04,3.62
2026-04-22 23:41:47,gcn,amazon-ratings,0.1,0.382291,5.56,0.04,5.39
2026-04-22 23:41:52,gcn,amazon-ratings,0.2,0.391733,4.02,0.05,3.75
2026-04-22 23:41:57,gcn,amazon-ratings,0.3,0.37928,8.74,0.06,8.53
2026-04-22 23:42:00,lnpcc,amazon-ratings,0.4,0.369788,36.42,32.84,3.51
2026-04-22 23:42:04,gcn,amazon-ratings,0.2,0.386476,4.0,0.06,3.74
2026-04-22 23:42:06,gcn,amazon-ratings,0.1,0.395917,5.56,0.03,5.38
2026-04-22 23:42:14,gcn,amazon-ratings,0.3,0.370809,8.72,0.04,8.54
2026-04-22 23:42:15,gcn,amazon-ratings,0.2,0.387293,3.81,0.03,3.6
2026-04-22 23:42:20,gcn,amazon-ratings,0.1,0.387038,5.64,0.05,5.44
2026-04-22 23:42:26,gcn,amazon-ratings,0.2,0.380352,3.95,0.04,3.72
2026-04-22 23:42:31,gcn,amazon-ratings,0.3,0.399592,8.78,0.05,8.59
2026-04-22 23:42:36,gcn,amazon-ratings,0.1,0.388671,5.5,0.04,5.3
2026-04-22 23:42:37,gcn,amazon-ratings,0.2,0.367441,3.95,0.04,3.71
2026-04-22 23:42:47,gcn,amazon-ratings,0.3,0.373207,8.72,0.05,8.51
2026-04-22 23:42:48,gcn,amazon-ratings,0.2,0.390355,3.66,0.04,3.43
2026-04-22 23:42:50,lnpcc,amazon-ratings,0.4,0.35555,40.33,37.74,2.51
2026-04-22 23:42:55,gcn,amazon-ratings,0.1,0.395764,5.61,0.04,5.43
2026-04-22 23:42:56,lnpcc,amazon-ratings,0.1,0.393621,137.91,132.53,5.34
2026-04-22 23:43:04,gcn,amazon-ratings,0.3,0.373514,8.8,0.04,8.63
2026-04-22 23:43:05,gcn,amazon-ratings,0.4,0.378362,9.18,0.04,8.95
2026-04-22 23:43:10,gcn,amazon-ratings,0.1,0.388364,5.64,0.05,5.45
2026-04-22 23:43:18,gcn,amazon-ratings,0.4,0.348609,5.52,0.05,5.25
2026-04-22 23:43:21,gcn,amazon-ratings,0.3,0.393008,8.77,0.04,8.59
2026-04-22 23:43:26,gcn,amazon-ratings,0.1,0.367441,5.7,0.05,5.48
2026-04-22 23:43:29,gcn,amazon-ratings,0.4,0.367747,2.69,0.05,2.44
2026-04-22 23:43:37,gcn,amazon-ratings,0.3,0.385353,8.79,0.04,8.58
2026-04-22 23:43:38,lnpcc,amazon-ratings,0.5,0.373769,158.87,153.46,5.36
2026-04-22 23:43:43,gcn,amazon-ratings,0.1,0.394693,5.66,0.04,5.47
2026-04-22 23:43:47,gcn,amazon-ratings,0.4,0.368512,9.19,0.04,8.96
2026-04-22 23:43:54,gcn,amazon-ratings,0.3,0.375402,8.72,0.05,8.53
2026-04-22 23:43:57,gcn,amazon-ratings,0.4,0.366471,2.44,0.04,2.2
2026-04-22 23:43:59,lnpcc,amazon-ratings,0.2,0.389946,163.08,157.95,5.06
2026-04-22 23:44:04,gcn,amazon-ratings,0.1,0.393264,5.57,0.05,5.38
2026-04-22 23:44:08,gcn,amazon-ratings,0.4,0.373973,3.91,0.05,3.67
2026-04-22 23:44:13,gcn,amazon-ratings,0.3,0.388977,8.78,0.04,8.59
2026-04-22 23:44:18,gcn,amazon-ratings,0.4,0.364787,2.65,0.05,2.4
2026-04-22 23:44:18,gcn,amazon-ratings,0.1,0.398979,5.65,0.05,5.44
2026-04-22 23:44:30,gcn,amazon-ratings,0.3,0.392141,8.75,0.05,8.55
2026-04-22 23:44:31,gcn,amazon-ratings,0.4,0.368512,5.35,0.05,5.1
2026-04-22 23:44:35,gcn,amazon-ratings,0.1,0.370605,5.47,0.04,5.28
2026-04-22 23:44:40,lnpcc,amazon-ratings,0.1,0.384945,96.23,87.06,9.13
2026-04-22 23:44:45,lnpcc,amazon-ratings,0.3,0.390355,172.55,167.38,5.11
2026-04-22 23:44:47,gcn,amazon-ratings,0.3,0.383771,8.52,0.04,8.35
2026-04-22 23:44:49,gcn,amazon-ratings,0.4,0.368512,4.07,0.04,3.85
2026-04-22 23:44:52,gcn,amazon-ratings,0.1,0.395611,5.51,0.03,5.33
2026-04-22 23:45:04,gcn,amazon-ratings,0.3,0.391375,8.68,0.04,8.48
2026-04-22 23:45:06,gcn,amazon-ratings,0.4,0.374534,9.04,0.04,8.79
2026-04-22 23:45:09,gcn,amazon-ratings,0.1,0.405052,5.42,0.04,5.23
2026-04-22 23:45:15,lnpcc,amazon-ratings,0.5,0.363307,82.29,73.17,9.08
2026-04-22 23:45:17,gcn,amazon-ratings,0.4,0.368563,3.01,0.05,2.77
2026-04-22 23:45:20,gcn,amazon-ratings,0.3,0.389793,8.61,0.05,8.42
2026-04-22 23:45:25,lnpcc,amazon-ratings,0.4,0.375045,146.68,141.53,5.07
2026-04-22 23:45:28,gcn,amazon-ratings,0.4,0.354325,3.51,0.04,3.28
2026-04-22 23:45:30,gcn,amazon-ratings,0.1,0.396224,5.44,0.04,5.25
2026-04-22 23:45:32,lnpcc,amazon-ratings,0.1,0.367492,43.56,39.91,3.6
2026-04-22 23:45:38,gcn,amazon-ratings,0.3,0.376423,8.51,0.04,8.34
2026-04-22 23:45:44,gcn,amazon-ratings,0.1,0.390661,5.39,0.04,5.22
2026-04-22 23:45:44,gcn,amazon-ratings,0.4,0.38816,8.88,0.03,8.68
2026-04-22 23:45:52,lnpcc,amazon-ratings,0.2,0.388824,91.86,83.13,8.67
2026-04-22 23:45:55,gcn,amazon-ratings,0.4,0.377851,3.83,0.05,3.59
2026-04-22 23:46:01,gcn,amazon-ratings,0.3,0.352845,8.71,0.05,8.49
2026-04-22 23:46:05,lnpcc,amazon-ratings,0.5,0.327788,43.09,39.14,3.89
2026-04-22 23:46:06,gcn,amazon-ratings,0.1,0.381832,5.56,0.04,5.38
2026-04-22 23:46:14,gcn,amazon-ratings,0.4,0.368512,9.38,0.05,9.14
2026-04-22 23:46:17,gcn,amazon-ratings,0.3,0.37581,8.63,0.05,8.45
2026-04-22 23:46:22,gcn,amazon-ratings,0.1,0.383465,5.48,0.04,5.29
2026-04-22 23:46:24,lnpcc,amazon-ratings,0.3,0.388722,90.65,81.25,9.35
2026-04-22 23:46:26,gcn,amazon-ratings,0.4,0.365042,2.64,0.04,2.4
2026-04-22 23:46:32,lnpcc,amazon-ratings,0.1,0.365859,53.39,47.97,5.37
2026-04-22 23:46:34,gcn,amazon-ratings,0.3,0.370962,8.79,0.04,8.59
2026-04-22 23:46:36,gcn,amazon-ratings,0.4,0.372136,2.63,0.04,2.44
2026-04-22 23:46:39,gcn,amazon-ratings,0.1,0.3926,5.63,0.04,5.43
2026-04-22 23:46:44,lnpcc,amazon-ratings,0.2,0.360551,44.57,40.6,3.92
2026-04-22 23:46:49,gcn,amazon-ratings,0.4,0.368053,5.4,0.05,5.16
2026-04-22 23:46:52,gcn,amazon-ratings,0.3,0.37433,8.69,0.04,8.5
2026-04-22 23:47:00,gcn,amazon-ratings,0.4,0.374585,3.51,0.03,3.3
2026-04-22 23:47:01,gcn,amazon-ratings,0.5,0.354223,8.6,0.05,8.4
2026-04-22 23:47:09,lnpcc,amazon-ratings,0.4,0.359173,87.33,78.64,8.63
2026-04-22 23:47:16,gcn,amazon-ratings,0.4,0.364583,8.93,0.04,8.72
2026-04-22 23:47:18,gcn,amazon-ratings,0.3,0.379689,8.49,0.03,8.31
2026-04-22 23:47:19,lnpcc,amazon-ratings,0.3,0.330646,41.96,38.28,3.63
2026-04-22 23:47:23,gcn,amazon-ratings,0.5,0.336668,5.14,0.05,4.95
2026-04-22 23:47:25,lnpcc,amazon-ratings,0.5,0.33039,64.5,59.08,5.37
2026-04-22 23:47:28,gcn,amazon-ratings,0.4,0.388926,3.29,0.05,3.07
2026-04-22 23:47:34,gcn,amazon-ratings,0.3,0.371319,8.71,0.06,8.5
2026-04-22 23:47:36,gcn,amazon-ratings,0.5,0.364481,2.52,0.04,2.32
2026-04-22 23:47:41,lnpcc,amazon-ratings,0.1,0.379587,62.32,53.35,8.92
2026-04-22 23:47:46,gcn,amazon-ratings,0.4,0.359786,5.24,0.04,5.01
2026-04-22 23:47:51,gcn,amazon-ratings,0.3,0.375555,8.53,0.05,8.33
2026-04-22 23:47:56,gcn,amazon-ratings,0.4,0.353355,2.23,0.04,2.02
2026-04-22 23:47:59,gcn,amazon-ratings,0.5,0.368512,8.49,0.04,8.31
2026-04-22 23:48:04,lnpcc,amazon-ratings,0.2,0.368512,56.29,51.3,4.93
2026-04-22 23:48:11,gcn,amazon-ratings,0.4,0.368512,9.0,0.04,8.78
2026-04-22 23:48:12,gcn,amazon-ratings,0.3,0.38617,8.52,0.04,8.35
2026-04-22 23:48:15,gcn,amazon-ratings,0.5,0.352998,2.54,0.03,2.37
2026-04-22 23:48:19,lnpcc,amazon-ratings,0.4,0.368104,39.67,35.69,3.93
2026-04-22 23:48:20,lnpcc,amazon-ratings,0.3,0.351416,52.71,47.37,5.28
2026-04-22 23:48:26,gcn,amazon-ratings,0.5,0.341618,4.06,0.05,3.84
2026-04-22 23:48:30,gcn,amazon-ratings,0.4,0.37086,10.43,0.04,10.22
2026-04-22 23:48:37,gcn,amazon-ratings,0.5,0.380556,2.73,0.05,2.52
2026-04-22 23:48:42,lnpcc,amazon-ratings,0.5,0.294259,69.25,59.08,10.13
2026-04-22 23:48:51,gcn,amazon-ratings,0.5,0.365144,5.15,0.05,4.95
2026-04-22 23:49:02,gcn,amazon-ratings,0.5,0.367594,3.9,0.04,3.71
2026-04-22 23:49:11,lnpcc,amazon-ratings,0.2,0.371421,58.0,49.28,8.67
2026-04-22 23:49:19,gcn,amazon-ratings,0.5,0.359377,8.65,0.04,8.47
2026-04-22 23:49:29,lnpcc,amazon-ratings,0.4,0.343251,62.62,57.17,5.38
2026-04-22 23:49:32,gcn,amazon-ratings,0.5,0.369329,3.17,0.04,2.99
2026-04-22 23:49:43,gcn,amazon-ratings,0.5,0.359326,3.56,0.04,3.39
2026-04-22 23:50:00,gcn,amazon-ratings,0.5,0.364787,8.53,0.04,8.36
2026-04-22 23:50:10,gcn,amazon-ratings,0.5,0.355499,3.63,0.03,3.48
2026-04-22 23:50:18,lnpcc,amazon-ratings,0.2,0.368819,59.98,56.86,3.06
2026-04-22 23:50:26,gcn,amazon-ratings,0.5,0.367594,8.3,0.04,8.13
2026-04-22 23:50:34,lnpcc,amazon-ratings,0.4,0.378464,53.92,45.63,8.21
2026-04-22 23:50:36,gcn,amazon-ratings,0.5,0.349987,2.1,0.04,1.94
2026-04-22 23:50:45,gcn,amazon-ratings,0.5,0.351416,2.42,0.04,2.25
2026-04-22 23:50:56,gcn,amazon-ratings,0.5,0.328451,4.85,0.04,4.69
2026-04-22 23:51:06,gcn,amazon-ratings,0.5,0.35652,3.31,0.03,3.16
2026-04-22 23:51:20,gcn,amazon-ratings,0.5,0.348048,8.37,0.05,8.18
2026-04-22 23:51:29,gcn,amazon-ratings,0.5,0.363205,2.91,0.03,2.76
2026-04-22 23:51:40,gcn,amazon-ratings,0.5,0.32595,4.78,0.03,4.62
2026-04-22 23:51:42,lnpcc,amazon-ratings,0.4,0.355244,57.22,54.46,2.69
2026-04-22 23:51:48,gcn,amazon-ratings,0.5,0.34172,2.01,0.03,1.85
2026-04-22 23:52:02,gcn,amazon-ratings,0.5,0.367594,8.37,0.03,8.21
2026-04-22 23:52:17,gcn,amazon-ratings,0.5,0.317683,8.35,0.04,8.17
2026-04-22 23:52:25,nrgnn,amazon-ratings,0.1,0.390814,243.4,0.05,222.55
2026-04-22 23:52:26,gcn,amazon-ratings,0.5,0.350549,2.52,0.04,2.33
2026-04-22 23:52:28,lnpcc,amazon-ratings,0.5,0.277316,69.21,66.15,3.01
2026-04-22 23:52:36,lnpcc,amazon-ratings,0.2,0.3901,132.04,123.45,8.54
2026-04-22 23:52:38,lnpcc,amazon-ratings,0.3,0.353968,73.66,63.93,9.68
2026-04-22 23:52:40,gcn,amazon-ratings,0.5,0.374892,3.68,0.05,3.48
2026-04-22 23:52:41,lnpcc,amazon-ratings,0.1,0.372442,62.04,58.59,3.41
2026-04-22 23:52:43,gcn,amazon-ratings,0.4,0.362031,2.68,0.05,2.43
2026-04-22 23:52:50,gcn,amazon-ratings,0.5,0.368614,2.87,0.05,2.66
2026-04-22 23:53:01,gcn,amazon-ratings,0.5,0.368512,2.73,0.04,2.51
2026-04-22 23:53:12,gcn,amazon-ratings,0.5,0.358816,2.77,0.05,2.56
2026-04-22 23:53:25,gcn,amazon-ratings,0.5,0.368512,5.73,0.04,5.55
2026-04-22 23:53:38,gcn,amazon-ratings,0.5,0.363154,5.28,0.05,5.08
2026-04-22 23:53:43,lnpcc,amazon-ratings,0.2,0.367237,58.95,53.67,5.21
2026-04-22 23:53:50,gcn,amazon-ratings,0.5,0.354223,4.07,0.05,3.87
2026-04-22 23:54:00,gcn,amazon-ratings,0.5,0.362695,2.59,0.05,2.39
2026-04-22 23:54:10,gcn,amazon-ratings,0.5,0.351927,2.72,0.04,2.53
2026-04-22 23:54:18,lnpcc,amazon-ratings,0.4,0.388466,147.47,138.76,8.66
2026-04-22 23:54:21,gcn,amazon-ratings,0.5,0.364379,2.51,0.04,2.33
2026-04-22 23:54:28,lnpcc,amazon-ratings,0.2,0.371013,37.21,34.72,2.42
2026-04-22 23:54:37,gcn,amazon-ratings,0.5,0.306711,8.67,0.04,8.48
2026-04-22 23:54:49,gcn,amazon-ratings,0.5,0.347078,5.22,0.04,5.03
2026-04-22 23:55:00,gcn,amazon-ratings,0.5,0.368512,3.88,0.05,3.67
2026-04-22 23:55:05,lnpcc,amazon-ratings,0.2,0.391426,30.05,26.24,3.75
2026-04-22 23:55:10,lnpcc,amazon-ratings,0.4,0.361929,42.42,37.28,5.08
2026-04-22 23:55:16,gcn,amazon-ratings,0.5,0.381934,5.19,0.05,5.0
2026-04-22 23:55:27,gcn,amazon-ratings,0.5,0.323909,5.15,0.04,4.98
2026-04-22 23:55:38,gcn,amazon-ratings,0.5,0.368972,3.16,0.04,2.99
2026-04-22 23:55:48,gcn,amazon-ratings,0.5,0.362797,3.6,0.04,3.41
2026-04-22 23:55:51,lnpcc,amazon-ratings,0.4,0.362286,33.81,31.27,2.46
2026-04-22 23:55:58,gcn,amazon-ratings,0.5,0.37877,2.73,0.05,2.55
2026-04-22 23:56:08,gcn,amazon-ratings,0.5,0.375912,3.16,0.03,3.0
2026-04-22 23:56:18,gcn,amazon-ratings,0.5,0.369074,3.58,0.04,3.39
2026-04-22 23:56:29,gcn,amazon-ratings,0.5,0.370196,3.47,0.04,3.3
2026-04-22 23:56:33,lnpcc,amazon-ratings,0.4,0.357693,32.0,28.11,3.83
2026-04-22 23:56:41,gcn,amazon-ratings,0.5,0.36841,5.5,0.04,5.31
2026-04-22 23:56:46,nrgnn,amazon-ratings,0.1,0.37928,254.22,0.04,236.72
2026-04-22 23:56:49,lnpcc,amazon-ratings,0.3,0.356315,68.25,65.28,2.93
2026-04-22 23:56:52,gcn,amazon-ratings,0.5,0.365246,3.6,0.05,3.4
2026-04-22 23:56:59,lnpcc,amazon-ratings,0.5,0.338096,145.26,135.47,9.75
2026-04-22 23:57:05,gcn,amazon-ratings,0.5,0.31901,5.6,0.06,5.37
2026-04-22 23:57:10,lnpcc,amazon-ratings,0.1,0.394693,139.92,128.96,10.91
2026-04-22 23:57:14,gcn,amazon-ratings,0.4,0.347385,4.23,0.04,3.91
2026-04-22 23:57:16,gcn,amazon-ratings,0.5,0.364072,3.08,0.04,2.87
2026-04-22 23:57:27,gcn,amazon-ratings,0.5,0.332738,3.83,0.05,3.62
2026-04-22 23:57:39,gcn,amazon-ratings,0.5,0.349732,3.78,0.04,3.58
2026-04-22 23:57:45,lnpcc,amazon-ratings,0.2,0.392855,152.62,148.76,3.78
2026-04-22 23:57:51,gcn,amazon-ratings,0.5,0.338352,3.71,0.05,3.52
2026-04-22 23:58:01,gcn,amazon-ratings,0.5,0.376372,2.92,0.04,2.73
2026-04-22 23:58:12,gcn,amazon-ratings,0.5,0.37729,2.91,0.04,2.72
2026-04-22 23:58:23,gcn,amazon-ratings,0.5,0.376933,2.86,0.03,2.71
2026-04-22 23:58:33,gcn,amazon-ratings,0.5,0.377494,2.88,0.05,2.67
2026-04-22 23:58:43,gcn,amazon-ratings,0.5,0.377443,2.87,0.04,2.7
2026-04-22 23:58:53,lnpcc,amazon-ratings,0.4,0.374381,133.01,129.19,3.76
2026-04-22 23:58:56,gcn,amazon-ratings,0.5,0.377392,2.88,0.05,2.67
2026-04-22 23:59:05,gcn,amazon-ratings,0.5,0.37877,2.77,0.04,2.6
2026-04-22 23:59:15,gcn,amazon-ratings,0.5,0.380658,3.02,0.04,2.84
2026-04-22 23:59:27,gcn,amazon-ratings,0.5,0.377851,2.71,0.04,2.55
2026-04-22 23:59:35,gcn,amazon-ratings,0.5,0.37877,2.59,0.04,2.41
2026-04-22 23:59:44,gcn,amazon-ratings,0.5,0.379536,2.62,0.04,2.46
2026-04-22 23:59:53,gcn,amazon-ratings,0.5,0.378719,2.59,0.03,2.43
2026-04-23 00:00:01,lnpcc,amazon-ratings,0.2,0.39556,128.32,124.57,3.68
2026-04-23 00:00:04,gcn,amazon-ratings,0.5,0.378158,2.66,0.03,2.52
2026-04-23 00:00:13,gcn,amazon-ratings,0.5,0.378872,2.62,0.03,2.47
2026-04-23 00:00:23,gcn,amazon-ratings,0.5,0.379791,2.87,0.04,2.68
2026-04-23 00:00:34,gcn,amazon-ratings,0.5,0.377239,2.58,0.03,2.43
2026-04-23 00:00:48,lnpcc,amazon-ratings,0.2,0.386068,39.17,29.96,9.15
2026-04-23 00:00:51,gcn,amazon-ratings,0.5,0.362235,3.15,0.05,2.93
2026-04-23 00:01:00,gcn,amazon-ratings,0.5,0.379638,2.62,0.04,2.44
2026-04-23 00:01:11,nrgnn,amazon-ratings,0.1,0.366318,256.19,0.05,234.84
2026-04-23 00:01:12,gcn,amazon-ratings,0.5,0.367339,4.97,0.04,4.8
2026-04-23 00:01:16,lnpcc,amazon-ratings,0.5,0.350804,60.01,54.87,5.09
2026-04-23 00:01:16,lnpcc,amazon-ratings,0.4,0.384333,134.51,130.77,3.69
2026-04-23 00:01:24,gcn,amazon-ratings,0.5,0.370145,5.1,0.04,4.92
2026-04-23 00:01:26,lnpcc,amazon-ratings,0.3,0.393672,151.43,141.28,10.11
2026-04-23 00:01:32,lnpcc,amazon-ratings,0.1,0.390763,54.27,48.23,5.99
2026-04-23 00:01:35,gcn,amazon-ratings,0.4,0.369329,3.12,0.06,2.86
2026-04-23 00:01:37,gcn,amazon-ratings,0.5,0.363613,5.19,0.04,4.99
2026-04-23 00:01:41,lnpcc,amazon-ratings,0.2,0.384996,44.98,41.35,3.57
2026-04-23 00:01:50,gcn,amazon-ratings,0.5,0.277009,5.16,0.04,4.96
2026-04-23 00:02:04,lnpcc,amazon-ratings,0.4,0.370809,41.01,32.11,8.82
2026-04-23 00:02:09,gcn,amazon-ratings,0.5,0.105333,5.23,0.05,5.03
2026-04-23 00:02:17,lnpcc,amazon-ratings,0.2,0.36841,29.11,25.31,3.73
2026-04-23 00:02:22,gcn,amazon-ratings,0.5,0.348405,4.9,0.04,4.72
2026-04-23 00:02:33,gcn,amazon-ratings,0.5,0.322072,4.92,0.04,4.75
2026-04-23 00:02:44,gcn,amazon-ratings,0.5,0.341822,4.84,0.04,4.67
2026-04-23 00:02:53,lnpcc,amazon-ratings,0.4,0.370043,41.35,38.21,3.08
2026-04-23 00:02:58,gcn,amazon-ratings,0.5,0.346721,4.9,0.03,4.76
2026-04-23 00:03:09,gcn,amazon-ratings,0.5,0.371523,5.01,0.04,4.83
2026-04-23 00:03:18,gcn,amazon-ratings,0.5,0.365042,2.37,0.03,2.23
2026-04-23 00:03:21,lnpcc,amazon-ratings,0.2,0.368512,57.67,55.29,2.32
2026-04-23 00:03:25,lnpcc,amazon-ratings,0.4,0.368512,25.46,22.16,3.25
2026-04-23 00:03:27,gcn,amazon-ratings,0.5,0.370758,2.35,0.03,2.21
2026-04-23 00:03:35,gcn,amazon-ratings,0.5,0.363868,2.45,0.05,2.27
2026-04-23 00:03:44,gcn,amazon-ratings,0.5,0.281449,2.5,0.04,2.34
2026-04-23 00:03:53,gcn,amazon-ratings,0.5,0.160245,2.59,0.03,2.45
2026-04-23 00:03:58,lnpcc,amazon-ratings,0.2,0.370196,30.74,27.67,3.01
2026-04-23 00:04:05,gcn,amazon-ratings,0.5,0.343965,2.52,0.05,2.33
2026-04-23 00:04:13,gcn,amazon-ratings,0.5,0.300995,2.47,0.04,2.31
2026-04-23 00:04:22,gcn,amazon-ratings,0.5,0.319367,2.49,0.03,2.34
2026-04-23 00:04:30,gcn,amazon-ratings,0.5,0.364634,2.47,0.04,2.32
2026-04-23 00:04:33,lnpcc,amazon-ratings,0.4,0.368512,60.76,58.33,2.37
2026-04-23 00:04:39,gcn,amazon-ratings,0.5,0.367492,2.36,0.03,2.22
2026-04-23 00:04:47,gcn,amazon-ratings,0.5,0.368308,2.14,0.05,1.97
2026-04-23 00:04:55,gcn,amazon-ratings,0.5,0.368717,1.99,0.03,1.83
2026-04-23 00:05:03,gcn,amazon-ratings,0.5,0.303547,2.11,0.04,1.92
2026-04-23 00:05:03,nrgnn,amazon-ratings,0.1,0.368512,225.98,0.05,206.72
2026-04-23 00:05:05,lnpcc,amazon-ratings,0.5,0.355295,38.59,36.54,2.0
2026-04-23 00:05:10,lnpcc,amazon-ratings,0.3,0.373616,52.45,47.33,5.06
2026-04-23 00:05:12,gcn,amazon-ratings,0.5,0.290533,2.25,0.05,2.06
2026-04-23 00:05:13,lnpcc,amazon-ratings,0.1,0.371013,39.73,37.35,2.34
2026-04-23 00:05:15,lnpcc,amazon-ratings,0.4,0.308089,35.47,32.2,3.22
2026-04-23 00:05:15,gcn,amazon-ratings,0.4,0.368512,2.55,0.04,2.34
2026-04-23 00:05:24,lnpcc,amazon-ratings,0.2,0.379025,77.06,68.46,8.55
2026-04-23 00:05:25,gcn,amazon-ratings,0.4,0.366522,2.44,0.05,2.2
2026-04-23 00:05:26,gcn,amazon-ratings,0.5,0.153764,2.49,0.05,2.27
2026-04-23 00:05:36,gcn,amazon-ratings,0.5,0.331105,2.52,0.03,2.35
2026-04-23 00:05:38,gcn,amazon-ratings,0.4,0.368512,6.05,0.05,5.81
2026-04-23 00:05:45,gcn,amazon-ratings,0.5,0.306609,2.44,0.04,2.25
2026-04-23 00:05:54,gcn,amazon-ratings,0.5,0.372646,2.17,0.03,1.98
2026-04-23 00:06:07,lnpcc,amazon-ratings,0.2,0.369431,35.2,27.03,8.12
2026-04-23 00:06:08,gcn,amazon-ratings,0.5,0.352896,1.9,0.03,1.76
2026-04-23 00:06:16,gcn,amazon-ratings,0.5,0.365706,1.97,0.03,1.83
2026-04-23 00:06:24,gcn,amazon-ratings,0.5,0.367849,2.51,0.04,2.31
2026-04-23 00:06:32,gcn,amazon-ratings,0.5,0.371013,2.48,0.03,2.32
2026-04-23 00:06:44,lnpcc,amazon-ratings,0.4,0.369992,81.56,73.28,8.21
2026-04-23 00:06:46,gcn,amazon-ratings,0.5,0.36397,2.32,0.03,2.18
2026-04-23 00:06:54,gcn,amazon-ratings,0.5,0.280174,2.39,0.03,2.25
2026-04-23 00:07:06,lnpcc,amazon-ratings,0.2,0.368512,53.57,45.29,8.23
2026-04-23 00:07:08,gcn,amazon-ratings,0.5,0.15754,2.3,0.03,2.16
2026-04-23 00:07:20,lnpcc,amazon-ratings,0.4,0.368972,30.44,22.3,8.08
2026-04-23 00:07:22,gcn,amazon-ratings,0.5,0.341516,2.33,0.03,2.19
2026-04-23 00:07:30,gcn,amazon-ratings,0.5,0.305027,2.42,0.03,2.28
2026-04-23 00:07:38,gcn,amazon-ratings,0.5,0.316713,2.47,0.04,2.29
2026-04-23 00:07:47,gcn,amazon-ratings,0.5,0.358102,2.44,0.03,2.3
2026-04-23 00:07:55,gcn,amazon-ratings,0.5,0.364379,2.38,0.03,2.23
2026-04-23 00:08:03,gcn,amazon-ratings,0.5,0.367696,2.42,0.03,2.28
2026-04-23 00:08:17,lnpcc,amazon-ratings,0.4,0.318755,50.89,42.75,8.09
2026-04-23 00:08:19,gcn,amazon-ratings,0.5,0.371013,2.26,0.03,2.12
2026-04-23 00:08:22,lnpcc,amazon-ratings,0.2,0.395254,68.99,65.65,3.27
2026-04-23 00:08:27,gcn,amazon-ratings,0.5,0.364072,2.28,0.03,2.14
2026-04-23 00:08:36,gcn,amazon-ratings,0.5,0.279867,2.4,0.03,2.24
2026-04-23 00:08:45,gcn,amazon-ratings,0.5,0.157999,2.43,0.03,2.27
2026-04-23 00:08:53,gcn,amazon-ratings,0.5,0.344731,2.47,0.04,2.29
2026-04-23 00:08:55,nrgnn,amazon-ratings,0.1,0.368819,211.54,0.05,196.27
2026-04-23 00:08:59,lnpcc,amazon-ratings,0.1,0.387038,33.72,30.35,3.32
2026-04-23 00:09:01,lnpcc,amazon-ratings,0.2,0.375096,32.75,27.9,4.77
2026-04-23 00:09:03,gcn,amazon-ratings,0.5,0.304006,2.46,0.03,2.28
2026-04-23 00:09:04,gcn,amazon-ratings,0.4,0.368614,5.33,0.04,5.11
2026-04-23 00:09:06,lnpcc,amazon-ratings,0.3,0.37183,36.17,33.83,2.29
2026-04-23 00:09:10,lnpcc,amazon-ratings,0.5,0.349732,35.12,31.01,4.06
2026-04-23 00:09:13,gcn,amazon-ratings,0.5,0.327635,2.75,0.05,2.55
2026-04-23 00:09:15,gcn,amazon-ratings,0.4,0.332891,4.17,0.04,3.94
2026-04-23 00:09:22,gcn,amazon-ratings,0.5,0.363766,2.66,0.04,2.47
2026-04-23 00:09:32,gcn,amazon-ratings,0.5,0.364481,2.7,0.04,2.54
2026-04-23 00:09:37,lnpcc,amazon-ratings,0.4,0.379127,74.17,70.6,3.53
2026-04-23 00:09:41,gcn,amazon-ratings,0.5,0.379638,2.64,0.04,2.47
2026-04-23 00:09:49,gcn,amazon-ratings,0.5,0.352488,2.5,0.03,2.34
2026-04-23 00:09:59,gcn,amazon-ratings,0.5,0.333248,2.69,0.04,2.51
2026-04-23 00:10:08,lnpcc,amazon-ratings,0.2,0.37137,60.14,56.61,3.46
2026-04-23 00:10:10,gcn,amazon-ratings,0.5,0.336616,2.6,0.04,2.43
2026-04-23 00:10:19,lnpcc,amazon-ratings,0.4,0.359377,35.95,31.12,4.78
2026-04-23 00:10:22,gcn,amazon-ratings,0.5,0.375402,2.6,0.04,2.41
2026-04-23 00:10:30,gcn,amazon-ratings,0.5,0.349732,2.52,0.04,2.34
2026-04-23 00:10:39,gcn,amazon-ratings,0.5,0.348507,2.55,0.03,2.39
2026-04-23 00:10:48,gcn,amazon-ratings,0.5,0.359633,2.57,0.04,2.39
2026-04-23 00:10:57,gcn,amazon-ratings,0.5,0.357183,2.5,0.03,2.34
2026-04-23 00:11:05,gcn,amazon-ratings,0.5,0.369278,2.49,0.03,2.34
2026-04-23 00:11:21,lnpcc,amazon-ratings,0.4,0.368717,54.86,50.61,4.19
2026-04-23 00:12:38,nrgnn,amazon-ratings,0.1,0.383873,215.6,0.03,199.92
2026-04-23 00:12:40,lnpcc,amazon-ratings,0.5,0.376984,112.56,109.66,2.86
2026-04-23 00:12:43,lnpcc,amazon-ratings,0.1,0.394386,132.55,129.47,3.03
2026-04-23 00:12:46,gcn,amazon-ratings,0.4,0.36841,2.25,0.04,2.05
2026-04-23 00:12:49,lnpcc,amazon-ratings,0.3,0.391784,31.55,27.68,3.82
2026-04-23 00:12:55,gcn,amazon-ratings,0.4,0.374024,2.78,0.06,2.52
2026-04-23 00:14:45,nrgnn,amazon-ratings,0.2,0.383822,213.75,0.03,202.25
2026-04-23 00:14:54,lnpcc,amazon-ratings,0.4,0.363562,63.08,54.08,8.92
2026-04-23 00:15:06,lnpcc,amazon-ratings,0.2,0.389793,89.19,77.85,11.29
2026-04-23 00:16:12,nrgnn,amazon-ratings,0.1,0.383567,208.66,0.04,195.7
2026-04-23 00:16:15,lnpcc,amazon-ratings,0.5,0.374534,121.36,118.26,3.05
2026-04-23 00:16:18,lnpcc,amazon-ratings,0.3,0.3753,113.31,110.34,2.93
2026-04-23 00:16:22,lnpcc,amazon-ratings,0.1,0.396938,114.8,111.0,3.76
2026-04-23 00:16:24,gcn,amazon-ratings,0.4,0.362644,2.25,0.04,2.04
2026-04-23 00:18:17,nrgnn,amazon-ratings,0.2,0.374687,205.41,0.04,188.85
2026-04-23 00:18:18,lnpcc,amazon-ratings,0.4,0.358255,21.42,19.47,1.9
2026-04-23 00:18:21,lnpcc,amazon-ratings,0.2,0.378464,22.17,20.0,2.12
2026-04-23 00:19:44,nrgnn,amazon-ratings,0.1,0.368512,205.86,0.04,193.67
2026-04-23 00:19:47,lnpcc,amazon-ratings,0.3,0.392855,95.74,92.55,3.15
2026-04-23 00:19:57,lnpcc,amazon-ratings,0.1,0.37382,35.37,25.32,10.01
2026-04-23 00:20:07,gcn,amazon-ratings,0.4,0.364379,10.9,0.04,10.7
2026-04-23 00:20:16,lnpcc,amazon-ratings,0.5,0.366522,37.83,28.96,8.83
2026-04-23 00:20:22,gcn,amazon-ratings,0.4,0.366012,5.38,0.04,5.18
2026-04-23 00:21:50,nrgnn,amazon-ratings,0.2,0.368717,207.03,0.03,196.58
2026-04-23 00:21:53,lnpcc,amazon-ratings,0.4,0.368512,35.79,32.68,3.07
2026-04-23 00:21:56,lnpcc,amazon-ratings,0.2,0.368512,36.15,32.8,3.3
2026-04-23 00:23:31,nrgnn,amazon-ratings,0.1,0.368512,206.93,0.04,189.45
2026-04-23 00:23:41,lnpcc,amazon-ratings,0.3,0.374483,38.95,28.83,10.08
2026-04-23 00:23:45,lnpcc,amazon-ratings,0.5,0.367645,34.7,31.01,3.65
2026-04-23 00:23:48,lnpcc,amazon-ratings,0.1,0.3926,38.06,34.41,3.59
2026-04-23 00:23:53,gcn,amazon-ratings,0.4,0.368512,4.29,0.05,4.08
2026-04-23 00:25:29,nrgnn,amazon-ratings,0.2,0.368512,213.5,0.03,204.18
2026-04-23 00:25:33,lnpcc,amazon-ratings,0.2,0.393927,43.37,39.72,3.6
2026-04-23 00:25:37,lnpcc,amazon-ratings,0.4,0.38173,41.86,38.19,3.59
2026-04-23 00:27:22,nrgnn,amazon-ratings,0.1,0.368512,225.27,0.03,209.14
2026-04-23 00:27:27,gcn,amazon-ratings,0.4,0.373207,5.18,0.04,4.98
2026-04-23 00:27:31,lnpcc,amazon-ratings,0.1,0.354733,26.85,23.17,3.63
2026-04-23 00:27:35,lnpcc,amazon-ratings,0.5,0.358612,26.64,22.63,3.97
2026-04-23 00:27:41,gcn,amazon-ratings,0.4,0.371676,6.04,0.04,5.83
2026-04-23 00:27:44,lnpcc,amazon-ratings,0.3,0.376678,43.08,39.29,3.75
2026-04-23 00:29:08,nrgnn,amazon-ratings,0.2,0.378668,212.12,0.03,200.99
2026-04-23 00:29:11,lnpcc,amazon-ratings,0.2,0.368257,28.18,25.35,2.76
2026-04-23 00:29:14,lnpcc,amazon-ratings,0.4,0.368359,29.15,26.55,2.53
2026-04-23 00:31:11,nrgnn,amazon-ratings,0.1,0.368563,222.35,0.03,206.13
2026-04-23 00:31:14,gcn,amazon-ratings,0.4,0.369125,2.74,0.04,2.52
2026-04-23 00:31:16,lnpcc,amazon-ratings,0.5,0.365603,63.51,61.04,2.44
2026-04-23 00:31:20,lnpcc,amazon-ratings,0.3,0.368665,25.95,21.82,4.08
2026-04-23 00:31:23,lnpcc,amazon-ratings,0.1,0.368512,62.65,59.78,2.83
2026-04-23 00:31:27,gcn,amazon-ratings,0.4,0.370196,3.94,0.04,3.72
2026-04-23 00:32:54,nrgnn,amazon-ratings,0.2,0.368512,218.76,0.04,207.92
2026-04-23 00:32:59,lnpcc,amazon-ratings,0.4,0.368512,67.4,62.12,5.23
2026-04-23 00:33:05,lnpcc,amazon-ratings,0.2,0.368512,67.09,60.66,6.37
2026-04-23 00:35:03,nrgnn,amazon-ratings,0.1,0.365399,224.93,0.04,209.94
2026-04-23 00:35:05,gcn,amazon-ratings,0.4,0.372085,2.7,0.04,2.46
2026-04-23 00:35:08,lnpcc,amazon-ratings,0.3,0.368512,65.26,62.56,2.66
2026-04-23 00:35:11,lnpcc,amazon-ratings,0.5,0.337586,39.09,36.09,2.96
2026-04-23 00:35:14,lnpcc,amazon-ratings,0.1,0.37974,34.78,31.31,3.43
2026-04-23 00:35:18,gcn,amazon-ratings,0.4,0.374024,3.51,0.04,3.27
2026-04-23 00:36:47,nrgnn,amazon-ratings,0.2,0.382547,226.06,0.04,212.85
2026-04-23 00:36:50,lnpcc,amazon-ratings,0.2,0.397499,118.18,114.69,3.43
2026-04-23 00:36:54,lnpcc,amazon-ratings,0.4,0.347027,139.76,136.2,3.5
2026-04-23 00:38:53,nrgnn,amazon-ratings,0.1,0.368512,223.2,0.04,207.78
2026-04-23 00:39:02,lnpcc,amazon-ratings,0.1,0.381577,85.09,75.58,9.47
2026-04-23 00:39:13,lnpcc,amazon-ratings,0.5,0.317071,89.72,78.77,10.9
2026-04-23 00:39:16,lnpcc,amazon-ratings,0.3,0.35606,35.82,32.53,3.25
2026-04-23 00:39:20,gcn,amazon-ratings,0.4,0.36693,3.64,0.05,3.4
2026-04-23 00:40:31,nrgnn,amazon-ratings,0.2,0.37974,218.12,0.03,207.82
2026-04-23 00:40:35,lnpcc,amazon-ratings,0.2,0.396326,96.14,92.26,3.82
2026-04-23 00:40:39,lnpcc,amazon-ratings,0.4,0.394897,60.85,56.84,3.95
2026-04-23 00:42:50,nrgnn,amazon-ratings,0.1,0.368512,228.26,0.04,210.28
2026-04-23 00:43:00,lnpcc,amazon-ratings,0.1,0.368665,39.87,30.3,9.52
2026-04-23 00:43:03,gcn,amazon-ratings,0.4,0.385302,3.82,0.05,3.58
2026-04-23 00:43:14,lnpcc,amazon-ratings,0.3,0.376065,91.98,81.48,10.46
2026-04-23 00:43:19,gcn,amazon-ratings,0.4,0.36841,5.1,0.04,4.9
2026-04-23 00:44:16,nrgnn,amazon-ratings,0.2,0.368972,217.38,0.05,205.39
2026-04-23 00:44:19,lnpcc,amazon-ratings,0.4,0.393059,62.44,59.07,3.31
2026-04-23 00:44:23,lnpcc,amazon-ratings,0.2,0.395458,130.31,126.71,3.54
2026-04-23 00:46:34,nrgnn,amazon-ratings,0.1,0.395968,212.33,0.03,195.2
2026-04-23 00:46:37,gcn,amazon-ratings,0.4,0.375453,3.28,0.04,3.05
2026-04-23 00:46:47,lnpcc,amazon-ratings,0.1,0.368512,57.64,47.36,10.24
2026-04-23 00:46:53,gcn,amazon-ratings,0.4,0.388262,5.92,0.03,5.73
2026-04-23 00:47:03,lnpcc,amazon-ratings,0.5,0.369074,38.49,28.86,9.59
2026-04-23 00:47:12,lnpcc,amazon-ratings,0.3,0.36841,34.38,25.27,9.07
2026-04-23 00:47:50,nrgnn,amazon-ratings,0.2,0.368512,208.17,0.03,197.97
2026-04-23 00:47:54,lnpcc,amazon-ratings,0.2,0.394948,109.41,105.57,3.8
2026-04-23 00:47:58,lnpcc,amazon-ratings,0.4,0.393774,57.49,53.63,3.81
2026-04-23 00:50:32,nrgnn,amazon-ratings,0.1,0.385404,216.7,0.03,199.83
2026-04-23 00:50:35,lnpcc,amazon-ratings,0.1,0.399081,76.23,72.72,3.46
2026-04-23 00:50:45,lnpcc,amazon-ratings,0.5,0.326869,66.88,56.49,10.35
2026-04-23 00:50:51,gcn,amazon-ratings,0.4,0.384384,6.12,0.04,5.91
2026-04-23 00:51:01,lnpcc,amazon-ratings,0.3,0.368512,65.4,55.89,9.46
2026-04-23 00:51:06,gcn,amazon-ratings,0.4,0.373718,5.17,0.03,4.99
2026-04-23 00:51:30,nrgnn,amazon-ratings,0.2,0.368512,212.13,0.04,200.03
2026-04-23 00:51:34,lnpcc,amazon-ratings,0.4,0.392957,71.67,67.97,3.63
2026-04-23 00:51:38,lnpcc,amazon-ratings,0.2,0.393315,84.66,80.79,3.8
2026-04-23 00:54:26,nrgnn,amazon-ratings,0.1,0.381934,217.05,0.03,200.07
2026-04-23 00:54:29,lnpcc,amazon-ratings,0.3,0.39112,82.05,78.4,3.61
2026-04-23 00:54:33,lnpcc,amazon-ratings,0.5,0.373258,88.87,85.15,3.68
2026-04-23 00:54:39,gcn,amazon-ratings,0.4,0.371523,6.02,0.04,5.81
2026-04-23 00:54:45,lnpcc,amazon-ratings,0.1,0.383057,31.37,25.18,6.15
2026-04-23 00:54:52,gcn,amazon-ratings,0.4,0.393876,5.69,0.04,5.49
2026-04-23 00:55:10,nrgnn,amazon-ratings,0.2,0.368563,213.3,0.03,202.28
2026-04-23 00:55:14,lnpcc,amazon-ratings,0.4,0.391886,57.13,53.49,3.56
2026-04-23 00:55:18,lnpcc,amazon-ratings,0.2,0.394539,90.4,86.49,3.85
2026-04-23 00:58:12,nrgnn,amazon-ratings,0.1,0.366522,217.31,0.04,200.36
2026-04-23 00:58:17,lnpcc,amazon-ratings,0.3,0.385864,36.97,32.05,4.87
2026-04-23 00:58:20,lnpcc,amazon-ratings,0.1,0.373054,49.5,46.0,3.45
2026-04-23 00:58:26,lnpcc,amazon-ratings,0.5,0.305996,38.76,32.77,5.95
2026-04-23 00:58:32,gcn,amazon-ratings,0.4,0.378056,6.04,0.04,5.8
2026-04-23 00:58:46,nrgnn,amazon-ratings,0.2,0.368972,209.44,0.04,198.27
2026-04-23 00:58:50,lnpcc,amazon-ratings,0.4,0.393978,59.12,55.21,3.84
2026-04-23 00:58:54,lnpcc,amazon-ratings,0.2,0.396887,62.09,58.16,3.87
2026-04-23 01:01:52,nrgnn,amazon-ratings,0.1,0.368512,214.81,0.03,198.99
2026-04-23 01:01:57,gcn,amazon-ratings,0.4,0.386935,5.16,0.04,4.9
2026-04-23 01:02:01,lnpcc,amazon-ratings,0.5,0.352794,57.18,53.49,3.64
2026-04-23 01:02:12,lnpcc,amazon-ratings,0.1,0.384741,91.62,80.86,10.72
2026-04-23 01:02:16,lnpcc,amazon-ratings,0.3,0.370554,53.93,50.09,3.8
2026-04-23 01:02:21,gcn,amazon-ratings,0.4,0.382751,5.17,0.04,4.94
2026-04-23 01:02:28,nrgnn,amazon-ratings,0.2,0.368512,213.91,0.04,201.12
2026-04-23 01:02:32,lnpcc,amazon-ratings,0.2,0.396377,58.86,54.85,3.95
2026-04-23 01:02:35,lnpcc,amazon-ratings,0.4,0.393876,70.61,66.66,3.88
2026-04-23 01:05:56,nrgnn,amazon-ratings,0.1,0.368563,232.35,0.04,214.94
2026-04-23 01:06:05,lnpcc,amazon-ratings,0.3,0.392192,95.37,85.48,9.84
2026-04-23 01:06:08,lnpcc,amazon-ratings,0.1,0.378566,30.54,27.67,2.83
2026-04-23 01:06:15,gcn,amazon-ratings,0.4,0.387803,6.67,0.05,6.45
2026-04-23 01:06:26,lnpcc,amazon-ratings,0.5,0.373361,84.53,73.35,11.12
2026-04-23 01:06:30,nrgnn,amazon-ratings,0.2,0.368512,233.4,0.04,217.21
2026-04-23 01:06:32,gcn,amazon-ratings,0.4,0.378719,6.04,0.05,5.77
2026-04-23 01:06:34,lnpcc,amazon-ratings,0.2,0.398163,73.05,68.63,4.34
2026-04-23 01:06:38,lnpcc,amazon-ratings,0.4,0.393774,71.08,66.59,4.42
2026-04-23 01:10:37,nrgnn,amazon-ratings,0.1,0.384486,266.22,0.05,244.79
2026-04-23 01:10:42,gcn,amazon-ratings,0.4,0.38668,5.43,0.06,5.18
2026-04-23 01:10:45,lnpcc,amazon-ratings,0.1,0.368512,47.77,44.26,3.45
2026-04-23 01:10:48,lnpcc,amazon-ratings,0.3,0.365757,39.57,37.13,2.39
2026-04-23 01:10:50,lnpcc,amazon-ratings,0.5,0.328196,36.17,33.72,2.4
2026-04-23 01:10:56,gcn,amazon-ratings,0.4,0.3901,6.08,0.05,5.85
2026-04-23 01:10:59,nrgnn,amazon-ratings,0.2,0.390916,260.95,0.05,243.87
2026-04-23 01:11:03,lnpcc,amazon-ratings,0.4,0.393468,101.14,97.27,3.8
2026-04-23 01:11:07,lnpcc,amazon-ratings,0.2,0.4,83.2,79.25,3.86
2026-04-23 01:14:30,nrgnn,amazon-ratings,0.1,0.368461,226.43,0.04,211.5
2026-04-23 01:14:33,lnpcc,amazon-ratings,0.5,0.368512,43.83,40.85,2.93
2026-04-23 01:14:36,lnpcc,amazon-ratings,0.3,0.366675,46.1,43.01,3.04
2026-04-23 01:14:40,lnpcc,amazon-ratings,0.1,0.3926,60.01,56.19,3.78
2026-04-23 01:14:45,gcn,amazon-ratings,0.4,0.368614,5.85,0.04,5.63
2026-04-23 01:14:48,nrgnn,amazon-ratings,0.2,0.378158,221.07,0.04,207.13
2026-04-23 01:14:52,lnpcc,amazon-ratings,0.4,0.394488,83.03,79.39,3.55
2026-04-23 01:14:55,lnpcc,amazon-ratings,0.2,0.39755,69.83,65.93,3.82
2026-04-23 01:18:07,nrgnn,amazon-ratings,0.1,0.386017,211.38,0.03,197.53
2026-04-23 01:18:12,gcn,amazon-ratings,0.4,0.391426,4.8,0.04,4.59
2026-04-23 01:18:16,lnpcc,amazon-ratings,0.3,0.389895,48.53,44.88,3.59
2026-04-23 01:18:18,lnpcc,amazon-ratings,0.1,0.366777,32.58,29.95,2.58
2026-04-23 01:18:22,lnpcc,amazon-ratings,0.5,0.373514,49.22,45.36,3.83
2026-04-23 01:18:26,nrgnn,amazon-ratings,0.2,0.375249,211.4,0.04,199.39
2026-04-23 01:18:28,gcn,amazon-ratings,0.4,0.386476,5.82,0.04,5.6
2026-04-23 01:18:38,lnpcc,amazon-ratings,0.2,0.397193,59.42,54.75,4.6
2026-04-23 01:21:43,nrgnn,amazon-ratings,0.1,0.36545,210.01,0.04,194.76
2026-04-23 01:21:45,lnpcc,amazon-ratings,0.3,0.367594,28.31,26.08,2.19
2026-04-23 01:21:50,lnpcc,amazon-ratings,0.1,0.368512,66.7,61.85,4.8
2026-04-23 01:21:53,lnpcc,amazon-ratings,0.5,0.368206,30.26,27.74,2.48
2026-04-23 01:21:58,gcn,amazon-ratings,0.4,0.36938,5.8,0.04,5.58
2026-04-23 01:21:59,nrgnn,amazon-ratings,0.2,0.368512,206.4,0.03,193.03
2026-04-23 01:22:03,lnpcc,amazon-ratings,0.4,0.393876,61.63,58.04,3.53
2026-04-23 01:22:07,lnpcc,amazon-ratings,0.2,0.397601,63.01,59.1,3.83
2026-04-23 01:25:19,nrgnn,amazon-ratings,0.1,0.36887,209.67,0.03,196.0
2026-04-23 01:25:22,lnpcc,amazon-ratings,0.1,0.398826,56.23,53.16,3.03
2026-04-23 01:25:27,lnpcc,amazon-ratings,0.3,0.368512,69.05,63.87,5.14
2026-04-23 01:25:32,nrgnn,amazon-ratings,0.2,0.364991,205.96,0.03,194.41
2026-04-23 01:25:32,lnpcc,amazon-ratings,0.5,0.367594,68.74,63.02,5.67
2026-04-23 01:25:36,lnpcc,amazon-ratings,0.2,0.397601,64.85,61.1,3.7
2026-04-23 01:25:38,gcn,amazon-ratings,0.4,0.37331,6.0,0.04,5.78
2026-04-23 01:25:40,lnpcc,amazon-ratings,0.4,0.393213,69.29,65.33,3.89
2026-04-23 01:28:57,nrgnn,amazon-ratings,0.1,0.380811,212.79,0.03,196.91
2026-04-23 01:29:02,gcn,amazon-ratings,0.4,0.373156,5.02,0.04,4.82
2026-04-23 01:29:05,lnpcc,amazon-ratings,0.1,0.397908,66.61,62.82,3.75
2026-04-23 01:29:07,nrgnn,amazon-ratings,0.2,0.366369,208.33,0.06,196.52
2026-04-23 01:29:11,lnpcc,amazon-ratings,0.4,0.39061,61.67,57.92,3.69
2026-04-23 01:29:15,lnpcc,amazon-ratings,0.2,0.400459,57.52,53.59,3.86
2026-04-23 01:29:16,lnpcc,amazon-ratings,0.3,0.38714,72.16,61.84,10.28
2026-04-23 01:29:21,gcn,amazon-ratings,0.4,0.387854,5.86,0.04,5.65
2026-04-23 01:32:37,nrgnn,amazon-ratings,0.1,0.370145,214.01,0.03,195.61
2026-04-23 01:32:39,nrgnn,amazon-ratings,0.2,0.382955,205.33,0.05,192.78
2026-04-23 01:32:42,lnpcc,amazon-ratings,0.4,0.39357,62.39,59.02,3.3
2026-04-23 01:32:46,lnpcc,amazon-ratings,0.2,0.396121,60.45,56.83,3.53
2026-04-23 01:32:46,lnpcc,amazon-ratings,0.3,0.393468,126.78,117.89,8.84
2026-04-23 01:32:50,lnpcc,amazon-ratings,0.1,0.398316,58.14,54.22,3.86
2026-04-23 01:32:53,lnpcc,amazon-ratings,0.5,0.351824,283.26,280.58,2.64
2026-04-23 01:32:58,gcn,amazon-ratings,0.4,0.384129,5.96,0.04,5.73
2026-04-23 01:36:18,nrgnn,amazon-ratings,0.2,0.368512,212.75,0.05,201.12
2026-04-23 01:36:18,nrgnn,amazon-ratings,0.1,0.368512,214.87,0.04,198.79
2026-04-23 01:36:21,lnpcc,amazon-ratings,0.4,0.393008,90.13,86.76,3.31
2026-04-23 01:36:22,lnpcc,amazon-ratings,0.1,0.390559,61.48,58.25,3.18
2026-04-23 01:36:24,lnpcc,amazon-ratings,0.5,0.356877,82.81,80.31,2.45
2026-04-23 01:36:25,lnpcc,amazon-ratings,0.2,0.398061,73.9,70.11,3.74
2026-04-23 01:36:30,gcn,amazon-ratings,0.4,0.379638,5.86,0.04,5.65
2026-04-23 01:36:40,lnpcc,amazon-ratings,0.3,0.383618,149.4,139.0,10.35
2026-04-23 01:36:45,gcn,amazon-ratings,0.4,0.374534,5.41,0.04,5.18
2026-04-23 01:39:56,nrgnn,amazon-ratings,0.2,0.386578,211.47,0.04,199.55
2026-04-23 01:39:59,lnpcc,amazon-ratings,0.4,0.393621,74.74,71.36,3.32
2026-04-23 01:40:02,lnpcc,amazon-ratings,0.2,0.400306,68.06,64.45,3.56
2026-04-23 01:40:04,nrgnn,amazon-ratings,0.1,0.370503,217.2,0.04,199.03
2026-04-23 01:40:13,lnpcc,amazon-ratings,0.3,0.39505,84.68,75.61,9.03
2026-04-23 01:40:17,lnpcc,amazon-ratings,0.1,0.398214,59.78,55.94,3.79
2026-04-23 01:40:23,gcn,amazon-ratings,0.4,0.38469,5.9,0.03,5.71
2026-04-23 01:40:26,lnpcc,amazon-ratings,0.5,0.371472,227.64,224.7,2.89
2026-04-23 01:43:30,nrgnn,amazon-ratings,0.2,0.368972,208.8,0.03,198.8
2026-04-23 01:43:42,lnpcc,amazon-ratings,0.2,0.39801,63.33,58.86,4.41
2026-04-23 01:43:44,nrgnn,amazon-ratings,0.1,0.377188,213.0,0.04,196.36
2026-04-23 01:43:47,lnpcc,amazon-ratings,0.1,0.397601,71.26,67.97,3.24
2026-04-23 01:43:49,lnpcc,amazon-ratings,0.5,0.378719,120.36,117.97,2.35
2026-04-23 01:44:00,lnpcc,amazon-ratings,0.3,0.393621,111.05,100.73,10.27
2026-04-23 01:47:06,nrgnn,amazon-ratings,0.2,0.368512,210.57,0.03,199.38
2026-04-23 01:47:09,lnpcc,amazon-ratings,0.4,0.393315,63.91,60.58,3.28
2026-04-23 01:47:13,lnpcc,amazon-ratings,0.2,0.393417,52.58,48.92,3.59
2026-04-23 01:47:21,nrgnn,amazon-ratings,0.1,0.385149,210.6,0.04,194.75
2026-04-23 01:47:23,lnpcc,amazon-ratings,0.5,0.380097,129.92,127.57,2.31
2026-04-23 01:47:28,gcn,amazon-ratings,0.4,0.386527,5.1,0.03,4.9
2026-04-23 01:47:32,lnpcc,amazon-ratings,0.1,0.397091,69.12,65.11,3.95
2026-04-23 01:47:43,lnpcc,amazon-ratings,0.3,0.389946,67.7,57.48,10.18
2026-04-23 01:47:46,gcn,amazon-ratings,0.4,0.383924,3.28,0.05,3.05
2026-04-23 01:50:39,nrgnn,amazon-ratings,0.2,0.379434,207.52,0.03,197.83
2026-04-23 01:50:43,lnpcc,amazon-ratings,0.4,0.38913,61.44,58.11,3.28
2026-04-23 01:50:46,lnpcc,amazon-ratings,0.2,0.396734,59.94,56.16,3.73
2026-04-23 01:51:03,nrgnn,amazon-ratings,0.1,0.368819,214.97,0.03,196.92
2026-04-23 01:51:06,lnpcc,amazon-ratings,0.1,0.393927,63.76,60.41,3.31
2026-04-23 01:51:08,lnpcc,amazon-ratings,0.5,0.38025,142.18,139.73,2.41
2026-04-23 01:51:19,lnpcc,amazon-ratings,0.3,0.392039,94.94,84.75,10.14
2026-04-23 01:51:24,gcn,amazon-ratings,0.4,0.37632,6.04,0.03,5.85
2026-04-23 01:54:12,nrgnn,amazon-ratings,0.2,0.365144,207.49,0.03,197.47
2026-04-23 01:54:16,lnpcc,amazon-ratings,0.2,0.395866,61.09,57.77,3.27
2026-04-23 01:54:19,lnpcc,amazon-ratings,0.4,0.394488,82.68,79.07,3.56
2026-04-23 01:54:43,nrgnn,amazon-ratings,0.1,0.368768,214.48,0.04,196.59
2026-04-23 01:54:47,lnpcc,amazon-ratings,0.1,0.394641,57.46,54.01,3.41
2026-04-23 01:54:49,lnpcc,amazon-ratings,0.5,0.379536,133.69,131.25,2.38
2026-04-23 01:54:55,gcn,amazon-ratings,0.4,0.364021,5.89,0.05,5.67
2026-04-23 01:55:05,lnpcc,amazon-ratings,0.3,0.383312,74.27,63.97,10.26
2026-04-23 01:55:10,gcn,amazon-ratings,0.4,0.354886,5.39,0.05,5.16
2026-04-23 01:57:48,nrgnn,amazon-ratings,0.2,0.368512,210.44,0.03,200.42
2026-04-23 01:57:52,lnpcc,amazon-ratings,0.4,0.377851,76.58,73.19,3.34
2026-04-23 01:57:55,lnpcc,amazon-ratings,0.2,0.396479,44.88,41.29,3.53
2026-04-23 01:58:31,nrgnn,amazon-ratings,0.1,0.368512,219.15,0.04,200.69
2026-04-23 01:58:40,lnpcc,amazon-ratings,0.3,0.385813,94.73,85.74,8.94
2026-04-23 01:58:43,lnpcc,amazon-ratings,0.5,0.380709,133.14,130.39,2.71
2026-04-23 01:58:47,lnpcc,amazon-ratings,0.1,0.399643,69.1,65.13,3.92
2026-04-23 01:58:52,gcn,amazon-ratings,0.4,0.369227,6.02,0.05,5.78
2026-04-23 02:01:23,nrgnn,amazon-ratings,0.2,0.369635,208.45,0.04,198.63
2026-04-23 02:01:26,lnpcc,amazon-ratings,0.4,0.392039,68.04,64.69,3.28
2026-04-23 02:01:30,lnpcc,amazon-ratings,0.2,0.396632,65.36,61.74,3.57
2026-04-23 02:02:12,nrgnn,amazon-ratings,0.1,0.370248,214.39,0.03,198.14
2026-04-23 02:02:15,lnpcc,amazon-ratings,0.1,0.396428,60.37,57.07,3.26
2026-04-23 02:02:21,gcn,amazon-ratings,0.4,0.366879,5.31,0.03,5.11
2026-04-23 02:02:31,lnpcc,amazon-ratings,0.3,0.383976,55.06,44.79,10.21
2026-04-23 02:02:36,gcn,amazon-ratings,0.4,0.377851,5.74,0.03,5.52
2026-04-23 02:02:39,lnpcc,amazon-ratings,0.5,0.378668,133.61,131.27,2.3
2026-04-23 02:04:55,nrgnn,amazon-ratings,0.2,0.37678,206.33,0.03,196.68
2026-04-23 02:04:59,lnpcc,amazon-ratings,0.4,0.38816,97.99,94.57,3.36
2026-04-23 02:05:02,lnpcc,amazon-ratings,0.2,0.395662,63.18,59.6,3.53
2026-04-23 02:05:55,nrgnn,amazon-ratings,0.1,0.395662,214.92,0.03,196.72
2026-04-23 02:06:00,gcn,amazon-ratings,0.4,0.356366,4.89,0.04,4.67
2026-04-23 02:06:10,lnpcc,amazon-ratings,0.3,0.38765,76.87,66.79,10.03
2026-04-23 02:06:14,lnpcc,amazon-ratings,0.1,0.394437,54.03,50.25,3.73
2026-04-23 02:06:16,lnpcc,amazon-ratings,0.5,0.379229,82.24,79.8,2.4
2026-04-23 02:08:27,nrgnn,amazon-ratings,0.2,0.382496,205.61,0.03,195.77
2026-04-23 02:08:30,lnpcc,amazon-ratings,0.4,0.394284,71.44,68.21,3.17
2026-04-23 02:08:33,lnpcc,amazon-ratings,0.2,0.398163,50.51,46.97,3.48
2026-04-23 02:09:31,nrgnn,amazon-ratings,0.1,0.37234,209.82,0.04,194.49
2026-04-23 02:09:35,gcn,amazon-ratings,0.4,0.359735,4.86,0.04,4.65
2026-04-23 02:09:39,lnpcc,amazon-ratings,0.1,0.395203,58.64,55.14,3.45
2026-04-23 02:09:49,lnpcc,amazon-ratings,0.3,0.391835,76.43,66.27,10.12
2026-04-23 02:09:54,gcn,amazon-ratings,0.4,0.36989,5.43,0.03,5.24
2026-04-23 02:11:56,nrgnn,amazon-ratings,0.2,0.369635,203.97,0.03,194.25
2026-04-23 02:12:00,lnpcc,amazon-ratings,0.4,0.394744,68.31,64.94,3.32
2026-04-23 02:12:03,lnpcc,amazon-ratings,0.2,0.397959,48.24,44.37,3.82
2026-04-23 02:13:07,nrgnn,amazon-ratings,0.1,0.368512,208.66,0.04,192.22
2026-04-23 02:13:09,lnpcc,amazon-ratings,0.5,0.378413,82.25,80.04,2.16
2026-04-23 02:13:12,lnpcc,amazon-ratings,0.1,0.394386,57.99,54.79,3.16
2026-04-23 02:13:17,gcn,amazon-ratings,0.4,0.378056,5.67,0.04,5.5
2026-04-23 02:13:28,lnpcc,amazon-ratings,0.3,0.386731,73.11,62.85,10.21
2026-04-23 02:13:33,gcn,amazon-ratings,0.4,0.385353,5.06,0.04,4.83
2026-04-23 02:15:30,nrgnn,amazon-ratings,0.2,0.37035,208.02,0.03,198.15
2026-04-23 02:15:33,lnpcc,amazon-ratings,0.2,0.395866,44.32,40.92,3.35
2026-04-23 02:15:37,lnpcc,amazon-ratings,0.4,0.392957,57.99,54.29,3.64
2026-04-23 02:16:52,nrgnn,amazon-ratings,0.1,0.368512,215.84,0.03,199.34
2026-04-23 02:17:01,lnpcc,amazon-ratings,0.3,0.391631,88.05,78.98,9.02
2026-04-23 02:17:07,gcn,amazon-ratings,0.4,0.364021,5.73,0.04,5.52
2026-04-23 02:17:09,lnpcc,amazon-ratings,0.5,0.378362,135.01,132.44,2.53
2026-04-23 02:17:13,lnpcc,amazon-ratings,0.1,0.387701,75.29,71.68,3.57
2026-04-23 02:19:02,nrgnn,amazon-ratings,0.2,0.368512,206.29,0.03,196.25
2026-04-23 02:19:05,lnpcc,amazon-ratings,0.4,0.390151,60.78,57.35,3.37
2026-04-23 02:19:09,lnpcc,amazon-ratings,0.2,0.397703,46.03,42.42,3.56
2026-04-23 02:20:28,nrgnn,amazon-ratings,0.1,0.365399,210.45,0.03,195.34
2026-04-23 02:20:37,lnpcc,amazon-ratings,0.3,0.371064,65.46,56.44,8.99
2026-04-23 02:20:41,lnpcc,amazon-ratings,0.1,0.39755,53.45,49.73,3.68
2026-04-23 02:20:43,lnpcc,amazon-ratings,0.5,0.380403,141.9,139.28,2.56
2026-04-23 02:20:49,gcn,amazon-ratings,0.4,0.350242,5.76,0.04,5.58
2026-04-23 02:22:38,nrgnn,amazon-ratings,0.2,0.351978,210.56,0.03,200.66
2026-04-23 02:22:42,lnpcc,amazon-ratings,0.2,0.395662,54.92,51.53,3.33
2026-04-23 02:22:45,lnpcc,amazon-ratings,0.4,0.393059,62.46,58.78,3.62
2026-04-23 02:24:10,nrgnn,amazon-ratings,0.1,0.368512,216.83,0.03,201.23
2026-04-23 02:24:12,lnpcc,amazon-ratings,0.5,0.37928,95.16,93.03,2.08
2026-04-23 02:24:17,gcn,amazon-ratings,0.4,0.369227,4.96,0.04,4.75
2026-04-23 02:24:21,lnpcc,amazon-ratings,0.1,0.397652,59.69,55.98,3.67
2026-04-23 02:24:31,lnpcc,amazon-ratings,0.3,0.397959,114.25,103.95,10.27
2026-04-23 02:24:36,gcn,amazon-ratings,0.4,0.36989,4.93,0.04,4.73
2026-04-23 02:26:13,nrgnn,amazon-ratings,0.2,0.394999,209.1,0.04,199.07
2026-04-23 02:26:17,lnpcc,amazon-ratings,0.4,0.391733,56.2,52.95,3.2
2026-04-23 02:26:20,lnpcc,amazon-ratings,0.2,0.389232,41.99,38.34,3.6
2026-04-23 02:27:53,nrgnn,amazon-ratings,0.1,0.36443,213.28,0.03,197.22
2026-04-23 02:28:02,lnpcc,amazon-ratings,0.3,0.381424,94.56,85.45,9.06
2026-04-23 02:28:06,lnpcc,amazon-ratings,0.1,0.394641,56.05,52.3,3.7
2026-04-23 02:28:08,lnpcc,amazon-ratings,0.5,0.37928,90.26,87.71,2.5
2026-04-23 02:28:14,gcn,amazon-ratings,0.4,0.384945,5.67,0.04,5.46
2026-04-23 02:29:49,nrgnn,amazon-ratings,0.2,0.373514,209.87,0.03,200.0
2026-04-23 02:29:52,lnpcc,amazon-ratings,0.4,0.392345,58.87,55.47,3.34
2026-04-23 02:29:56,lnpcc,amazon-ratings,0.2,0.4,40.2,36.51,3.64
2026-04-23 02:31:33,nrgnn,amazon-ratings,0.1,0.3852,214.17,0.03,199.23
2026-04-23 02:31:38,gcn,amazon-ratings,0.4,0.344578,4.75,0.04,4.55
2026-04-23 02:31:40,lnpcc,amazon-ratings,0.5,0.377596,156.27,153.84,2.39
2026-04-23 02:31:44,lnpcc,amazon-ratings,0.1,0.394795,64.64,60.91,3.68
2026-04-23 02:31:54,lnpcc,amazon-ratings,0.3,0.377647,65.83,55.67,10.11
2026-04-23 02:31:59,gcn,amazon-ratings,0.4,0.361419,4.89,0.05,4.69
2026-04-23 02:33:20,nrgnn,amazon-ratings,0.2,0.368512,205.24,0.03,195.13
2026-04-23 02:33:24,lnpcc,amazon-ratings,0.4,0.393621,57.94,54.46,3.43
2026-04-23 02:33:27,lnpcc,amazon-ratings,0.2,0.397857,47.44,43.72,3.66
2026-04-23 02:35:14,nrgnn,amazon-ratings,0.1,0.368512,210.83,0.03,195.21
2026-04-23 02:35:19,gcn,amazon-ratings,0.4,0.361113,4.65,0.03,4.45
2026-04-23 02:35:22,lnpcc,amazon-ratings,0.1,0.395356,41.17,37.67,3.46
2026-04-23 02:35:32,lnpcc,amazon-ratings,0.3,0.379638,56.78,46.66,10.07
2026-04-23 02:35:37,gcn,amazon-ratings,0.4,0.373718,5.09,0.03,4.9
2026-04-23 02:36:46,nrgnn,amazon-ratings,0.2,0.368512,199.52,0.03,189.64
2026-04-23 02:36:49,lnpcc,amazon-ratings,0.4,0.392192,54.72,51.44,3.23
2026-04-23 02:36:52,lnpcc,amazon-ratings,0.2,0.397193,42.0,38.48,3.48
2026-04-23 02:38:44,nrgnn,amazon-ratings,0.1,0.368512,202.22,0.03,186.62
2026-04-23 02:38:53,lnpcc,amazon-ratings,0.3,0.39357,64.23,55.23,8.96
2026-04-23 02:38:55,lnpcc,amazon-ratings,0.5,0.377392,102.47,99.97,2.46
2026-04-23 02:38:59,lnpcc,amazon-ratings,0.1,0.397295,48.82,45.13,3.65
2026-04-23 02:39:04,gcn,amazon-ratings,0.4,0.376014,5.58,0.04,5.39
2026-04-23 02:40:11,nrgnn,amazon-ratings,0.2,0.34718,199.63,0.03,190.2
2026-04-23 02:40:14,lnpcc,amazon-ratings,0.4,0.392804,58.35,54.97,3.32
2026-04-23 02:40:18,lnpcc,amazon-ratings,0.2,0.397601,49.2,45.36,3.79
2026-04-23 02:42:17,nrgnn,amazon-ratings,0.1,0.368512,207.55,0.03,192.82
2026-04-23 02:42:20,lnpcc,amazon-ratings,0.1,0.398775,54.49,51.5,2.95
2026-04-23 02:42:22,lnpcc,amazon-ratings,0.5,0.379127,173.43,171.32,2.06
2026-04-23 02:42:32,lnpcc,amazon-ratings,0.3,0.395611,68.72,58.64,10.04
2026-04-23 02:42:38,gcn,amazon-ratings,0.4,0.364021,5.86,0.03,5.66
2026-04-23 02:43:42,nrgnn,amazon-ratings,0.2,0.368512,204.85,0.03,193.98
2026-04-23 02:43:45,lnpcc,amazon-ratings,0.2,0.39801,42.65,39.99,2.59
2026-04-23 02:43:48,lnpcc,amazon-ratings,0.4,0.39112,53.61,50.28,3.28
2026-04-23 02:45:50,nrgnn,amazon-ratings,0.1,0.383465,207.24,0.03,191.07
2026-04-23 02:45:53,lnpcc,amazon-ratings,0.1,0.398673,53.62,50.49,3.08
2026-04-23 02:46:03,lnpcc,amazon-ratings,0.3,0.376014,70.26,60.49,9.73
2026-04-23 02:46:06,lnpcc,amazon-ratings,0.5,0.378668,56.07,53.47,2.55
2026-04-23 02:46:11,gcn,amazon-ratings,0.4,0.333554,5.78,0.04,5.58
2026-04-23 02:47:08,nrgnn,amazon-ratings,0.2,0.364634,200.29,0.03,190.97
2026-04-23 02:47:11,lnpcc,amazon-ratings,0.2,0.398571,46.01,42.6,3.36
2026-04-23 02:47:15,lnpcc,amazon-ratings,0.4,0.393264,48.29,44.84,3.4
2026-04-23 02:49:26,nrgnn,amazon-ratings,0.1,0.3852,210.5,0.04,194.99
2026-04-23 02:49:31,gcn,amazon-ratings,0.4,0.369227,4.65,0.03,4.44
2026-04-23 02:49:34,lnpcc,amazon-ratings,0.1,0.392396,60.26,56.81,3.41
2026-04-23 02:49:44,lnpcc,amazon-ratings,0.3,0.388722,58.27,48.15,10.09
2026-04-23 02:49:47,lnpcc,amazon-ratings,0.5,0.380046,81.73,79.28,2.41
2026-04-23 02:49:51,gcn,amazon-ratings,0.4,0.36989,4.72,0.03,4.49
2026-04-23 02:50:38,nrgnn,amazon-ratings,0.2,0.382138,203.24,0.03,193.21
2026-04-23 02:50:41,lnpcc,amazon-ratings,0.2,0.396836,46.94,43.44,3.44
2026-04-23 02:50:45,lnpcc,amazon-ratings,0.4,0.392294,62.02,58.32,3.64
2026-04-23 02:53:06,nrgnn,amazon-ratings,0.1,0.377954,209.95,0.03,194.71
2026-04-23 02:53:10,gcn,amazon-ratings,0.4,0.374841,4.67,0.04,4.47
2026-04-23 02:53:13,lnpcc,amazon-ratings,0.5,0.379331,118.21,115.77,2.41
2026-04-23 02:53:16,lnpcc,amazon-ratings,0.1,0.397601,61.03,57.41,3.58
2026-04-23 02:53:26,lnpcc,amazon-ratings,0.3,0.385098,62.36,52.28,10.05
2026-04-23 02:53:31,gcn,amazon-ratings,0.4,0.368104,4.73,0.03,4.55
2026-04-23 02:54:08,nrgnn,amazon-ratings,0.2,0.368665,204.14,0.03,194.32
2026-04-23 02:54:11,lnpcc,amazon-ratings,0.4,0.394233,70.67,67.11,3.49
2026-04-23 02:54:15,lnpcc,amazon-ratings,0.2,0.399796,49.32,45.6,3.67
2026-04-23 02:56:47,nrgnn,amazon-ratings,0.1,0.384945,210.51,0.04,195.47
2026-04-23 02:56:56,lnpcc,amazon-ratings,0.3,0.390661,68.19,59.2,8.95
2026-04-23 02:56:58,lnpcc,amazon-ratings,0.5,0.379331,119.39,116.86,2.5
2026-04-23 02:57:04,gcn,amazon-ratings,0.4,0.373514,5.76,0.04,5.57
2026-04-23 02:57:07,lnpcc,amazon-ratings,0.1,0.392702,74.47,70.74,3.69
2026-04-23 02:57:38,nrgnn,amazon-ratings,0.2,0.368512,203.17,0.04,191.89
2026-04-23 02:57:47,lnpcc,amazon-ratings,0.2,0.396989,49.93,40.93,8.94
2026-04-23 02:57:51,lnpcc,amazon-ratings,0.4,0.355958,84.77,81.15,3.56
2026-04-23 03:00:25,nrgnn,amazon-ratings,0.1,0.381832,213.11,0.03,197.96
2026-04-23 03:00:34,lnpcc,amazon-ratings,0.3,0.392549,73.84,64.79,9.01
2026-04-23 03:00:40,gcn,amazon-ratings,0.4,0.370911,5.84,0.05,5.63
2026-04-23 03:00:43,lnpcc,amazon-ratings,0.5,0.376882,170.04,167.32,2.68
2026-04-23 03:00:46,lnpcc,amazon-ratings,0.1,0.401021,60.79,57.04,3.71
2026-04-23 03:01:13,nrgnn,amazon-ratings,0.2,0.368512,209.02,0.03,195.08
2026-04-23 03:01:17,lnpcc,amazon-ratings,0.2,0.396938,50.05,46.29,3.7
2026-04-23 03:01:21,lnpcc,amazon-ratings,0.4,0.394131,71.04,67.14,3.84
2026-04-23 03:04:03,nrgnn,amazon-ratings,0.1,0.395101,211.71,0.04,196.34
2026-04-23 03:04:07,gcn,amazon-ratings,0.4,0.373412,4.67,0.03,4.48
2026-04-23 03:04:10,lnpcc,amazon-ratings,0.5,0.379638,107.16,104.68,2.44
2026-04-23 03:04:14,lnpcc,amazon-ratings,0.1,0.391886,66.67,62.83,3.8
2026-04-23 03:04:24,lnpcc,amazon-ratings,0.3,0.393366,67.07,56.92,10.11
2026-04-23 03:04:45,nrgnn,amazon-ratings,0.2,0.384792,205.18,0.04,193.46
2026-04-23 03:04:49,lnpcc,amazon-ratings,0.4,0.394182,67.56,63.79,3.71
2026-04-23 03:04:52,lnpcc,amazon-ratings,0.2,0.393978,55.91,52.06,3.78
2026-04-23 03:07:38,nrgnn,amazon-ratings,0.1,0.380301,210.23,0.04,194.68
2026-04-23 03:07:41,gcn,amazon-ratings,0.4,0.373105,2.42,0.04,2.22
2026-04-23 03:07:50,lnpcc,amazon-ratings,0.3,0.39311,69.39,59.88,9.48
2026-04-23 03:07:53,lnpcc,amazon-ratings,0.5,0.379025,113.64,111.13,2.48
2026-04-23 03:07:55,gcn,amazon-ratings,0.4,0.366675,2.8,0.03,2.6
2026-04-23 03:08:18,nrgnn,amazon-ratings,0.2,0.38913,205.34,0.06,193.37
2026-04-23 03:08:21,lnpcc,amazon-ratings,0.2,0.395305,59.33,55.82,3.44
2026-04-23 03:08:25,lnpcc,amazon-ratings,0.4,0.387548,75.2,71.42,3.71
2026-04-23 03:11:19,nrgnn,amazon-ratings,0.1,0.393315,209.6,0.04,196.21
2026-04-23 03:11:28,lnpcc,amazon-ratings,0.3,0.394999,110.94,101.92,8.97
2026-04-23 03:11:30,lnpcc,amazon-ratings,0.5,0.379995,111.11,108.65,2.43
2026-04-23 03:11:33,gcn,amazon-ratings,0.4,0.367594,2.83,0.04,2.66
2026-04-23 03:11:37,lnpcc,amazon-ratings,0.1,0.396887,65.22,61.53,3.65
2026-04-23 03:11:48,nrgnn,amazon-ratings,0.2,0.36938,204.12,0.04,192.94
2026-04-23 03:11:52,lnpcc,amazon-ratings,0.4,0.394999,81.67,78.11,3.49
2026-04-23 03:11:56,lnpcc,amazon-ratings,0.2,0.396989,60.31,56.48,3.78
2026-04-23 03:14:57,nrgnn,amazon-ratings,0.1,0.394539,212.92,0.03,199.35
2026-04-23 03:14:59,gcn,amazon-ratings,0.4,0.37382,2.53,0.03,2.33
2026-04-23 03:15:09,lnpcc,amazon-ratings,0.3,0.389487,102.4,92.83,9.52
2026-04-23 03:15:12,gcn,amazon-ratings,0.4,0.369635,2.92,0.05,2.68
2026-04-23 03:15:15,lnpcc,amazon-ratings,0.1,0.395101,60.87,57.15,3.69
2026-04-23 03:15:27,nrgnn,amazon-ratings,0.2,0.384027,212.37,0.04,201.28
2026-04-23 03:15:30,lnpcc,amazon-ratings,0.2,0.394539,48.71,45.2,3.44
2026-04-23 03:15:34,lnpcc,amazon-ratings,0.4,0.394182,81.09,77.29,3.73
2026-04-23 03:18:35,nrgnn,amazon-ratings,0.1,0.394999,212.29,0.05,197.96
2026-04-23 03:18:44,lnpcc,amazon-ratings,0.3,0.392447,80.48,71.47,8.97
2026-04-23 03:18:48,lnpcc,amazon-ratings,0.1,0.39903,66.7,62.99,3.68
2026-04-23 03:18:51,gcn,amazon-ratings,0.4,0.332483,2.98,0.04,2.77
2026-04-23 03:19:06,nrgnn,amazon-ratings,0.2,0.383465,212.17,0.03,200.46
2026-04-23 03:19:09,lnpcc,amazon-ratings,0.2,0.396224,52.95,49.25,3.62
2026-04-23 03:19:13,lnpcc,amazon-ratings,0.4,0.394539,74.02,70.14,3.81
2026-04-23 03:22:13,nrgnn,amazon-ratings,0.1,0.399694,212.1,0.03,198.82
2026-04-23 03:22:16,lnpcc,amazon-ratings,0.1,0.39311,44.45,41.24,3.18
2026-04-23 03:22:26,lnpcc,amazon-ratings,0.3,0.398469,83.6,73.92,9.64
2026-04-23 03:22:29,gcn,amazon-ratings,0.4,0.367543,3.03,0.04,2.82
2026-04-23 03:22:43,nrgnn,amazon-ratings,0.2,0.382189,210.95,0.04,199.17
2026-04-23 03:22:48,lnpcc,amazon-ratings,0.2,0.393213,58.97,53.82,5.09
2026-04-23 03:22:52,lnpcc,amazon-ratings,0.4,0.392855,80.51,76.3,4.15
2026-04-23 03:25:50,nrgnn,amazon-ratings,0.1,0.397959,211.5,0.03,197.55
2026-04-23 03:25:59,lnpcc,amazon-ratings,0.3,0.393315,68.79,59.82,8.93
2026-04-23 03:26:02,gcn,amazon-ratings,0.4,0.369431,2.95,0.03,2.77
2026-04-23 03:26:06,lnpcc,amazon-ratings,0.1,0.392447,57.13,53.19,3.9
2026-04-23 03:26:09,lnpcc,amazon-ratings,0.5,0.363052,871.09,868.38,2.67
2026-04-23 03:26:11,gcn,amazon-ratings,0.4,0.370196,2.86,0.04,2.63
2026-04-23 03:26:21,nrgnn,amazon-ratings,0.2,0.384843,211.32,0.04,198.84
2026-04-23 03:26:25,lnpcc,amazon-ratings,0.4,0.395356,97.56,93.9,3.6
2026-04-23 03:26:28,lnpcc,amazon-ratings,0.2,0.397244,54.98,51.94,2.97
2026-04-23 03:29:29,nrgnn,amazon-ratings,0.1,0.392447,211.88,0.03,197.56
2026-04-23 03:29:31,gcn,amazon-ratings,0.4,0.387854,2.45,0.03,2.23
2026-04-23 03:29:33,lnpcc,amazon-ratings,0.5,0.379485,105.14,102.9,2.19
2026-04-23 03:29:37,lnpcc,amazon-ratings,0.1,0.400714,67.68,64.04,3.61
2026-04-23 03:29:47,lnpcc,amazon-ratings,0.3,0.394488,89.36,79.16,10.16
2026-04-23 03:29:52,gcn,amazon-ratings,0.4,0.368308,5.39,0.04,5.17
2026-04-23 03:29:56,nrgnn,amazon-ratings,0.2,0.383363,207.71,0.04,195.87
2026-04-23 03:29:59,lnpcc,amazon-ratings,0.2,0.397857,44.41,40.68,3.67
2026-04-23 03:30:03,lnpcc,amazon-ratings,0.4,0.395101,104.38,100.51,3.8
2026-04-23 03:33:12,nrgnn,amazon-ratings,0.1,0.394131,215.95,0.05,199.85
2026-04-23 03:33:15,lnpcc,amazon-ratings,0.1,0.391528,63.33,60.29,3.0
2026-04-23 03:33:25,lnpcc,amazon-ratings,0.3,0.397601,135.62,126.0,9.57
2026-04-23 03:33:27,lnpcc,amazon-ratings,0.5,0.378464,117.81,115.33,2.45
2026-04-23 03:33:33,gcn,amazon-ratings,0.4,0.364021,5.79,0.04,5.57
2026-04-23 03:33:35,nrgnn,amazon-ratings,0.2,0.384792,212.5,0.03,200.86
2026-04-23 03:33:44,lnpcc,amazon-ratings,0.2,0.368512,70.4,61.6,8.75
2026-04-23 03:33:50,lnpcc,amazon-ratings,0.4,0.36443,110.6,103.9,6.62
2026-04-23 03:36:52,nrgnn,amazon-ratings,0.1,0.39357,214.48,0.03,199.03
2026-04-23 03:36:55,lnpcc,amazon-ratings,0.1,0.393519,54.14,51.1,3.0
2026-04-23 03:36:58,lnpcc,amazon-ratings,0.5,0.37928,105.12,102.86,2.22
2026-04-23 03:37:03,gcn,amazon-ratings,0.4,0.367951,5.65,0.03,5.46
2026-04-23 03:37:13,lnpcc,amazon-ratings,0.3,0.397346,112.24,102.02,10.18
2026-04-23 03:37:15,nrgnn,amazon-ratings,0.2,0.396428,213.92,0.03,198.72
2026-04-23 03:37:18,gcn,amazon-ratings,0.4,0.372544,4.99,0.04,4.78
2026-04-23 03:37:19,lnpcc,amazon-ratings,0.2,0.368614,58.92,55.33,3.52
2026-04-23 03:37:23,lnpcc,amazon-ratings,0.4,0.393059,108.15,104.22,3.88
2026-04-23 03:40:36,nrgnn,amazon-ratings,0.1,0.392498,214.36,0.03,198.31
2026-04-23 03:40:41,gcn,amazon-ratings,0.4,0.325848,4.66,0.05,4.44
2026-04-23 03:40:51,lnpcc,amazon-ratings,0.3,0.387395,130.16,120.13,9.99
2026-04-23 03:40:52,nrgnn,amazon-ratings,0.2,0.392294,210.06,0.04,198.25
2026-04-23 03:40:55,lnpcc,amazon-ratings,0.1,0.395968,48.94,45.31,3.59
2026-04-23 03:40:55,lnpcc,amazon-ratings,0.2,0.39653,60.49,57.06,3.37
2026-04-23 03:40:59,lnpcc,amazon-ratings,0.4,0.39556,102.21,98.48,3.66
2026-04-23 03:41:00,gcn,amazon-ratings,0.4,0.364124,5.37,0.05,5.16
2026-04-23 03:44:13,nrgnn,amazon-ratings,0.1,0.39459,209.06,0.03,193.25
2026-04-23 03:44:16,lnpcc,amazon-ratings,0.1,0.392243,62.36,59.32,2.99
2026-04-23 03:44:18,lnpcc,amazon-ratings,0.3,0.395152,73.46,71.01,2.42
2026-04-23 03:44:24,gcn,amazon-ratings,0.4,0.36545,5.69,0.04,5.46
2026-04-23 03:44:25,nrgnn,amazon-ratings,0.2,0.390355,206.68,0.04,195.91
2026-04-23 03:44:27,lnpcc,amazon-ratings,0.5,0.37928,109.2,106.49,2.67
2026-04-23 03:44:28,lnpcc,amazon-ratings,0.4,0.3852,154.06,150.5,3.5
2026-04-23 03:44:32,lnpcc,amazon-ratings,0.2,0.394641,56.52,52.81,3.64
2026-04-23 03:44:36,gcn,amazon-ratings,0.4,0.365808,5.18,0.04,4.98
2026-04-23 03:47:55,nrgnn,amazon-ratings,0.1,0.392039,213.49,0.04,199.63
2026-04-23 03:47:57,lnpcc,amazon-ratings,0.5,0.361725,175.97,173.79,2.14
2026-04-23 03:48:00,lnpcc,amazon-ratings,0.3,0.394641,118.95,116.49,2.42
2026-04-23 03:48:03,lnpcc,amazon-ratings,0.1,0.393825,62.53,59.81,2.68
2026-04-23 03:48:04,nrgnn,amazon-ratings,0.2,0.393417,212.51,0.05,200.82
2026-04-23 03:48:08,lnpcc,amazon-ratings,0.2,0.397652,49.14,45.44,3.63
2026-04-23 03:48:08,gcn,amazon-ratings,0.4,0.373514,5.94,0.03,5.73
2026-04-23 03:48:12,lnpcc,amazon-ratings,0.4,0.392651,99.91,95.99,3.85
2026-04-23 03:48:20,gcn,amazon-ratings,0.4,0.371013,5.08,0.05,4.84
2026-04-23 03:51:37,nrgnn,amazon-ratings,0.1,0.393315,210.77,0.04,196.42
2026-04-23 03:51:39,lnpcc,amazon-ratings,0.5,0.37974,120.76,118.57,2.15
2026-04-23 03:51:41,gcn,amazon-ratings,0.4,0.388926,2.5,0.04,2.3
2026-04-23 03:51:41,nrgnn,amazon-ratings,0.2,0.395866,210.52,0.04,198.62
2026-04-23 03:51:45,lnpcc,amazon-ratings,0.1,0.395458,100.41,96.76,3.6
2026-04-23 03:51:45,lnpcc,amazon-ratings,0.4,0.394284,88.74,85.21,3.48
2026-04-23 03:51:48,lnpcc,amazon-ratings,0.3,0.395509,95.17,92.04,3.09
2026-04-23 03:51:49,lnpcc,amazon-ratings,0.2,0.395152,58.99,55.18,3.74
2026-04-23 03:51:51,gcn,amazon-ratings,0.4,0.357183,3.04,0.05,2.83
2026-04-23 03:55:11,nrgnn,amazon-ratings,0.1,0.388211,209.13,0.05,195.52
2026-04-23 03:55:14,lnpcc,amazon-ratings,0.3,0.393315,73.11,70.76,2.31
2026-04-23 03:55:17,nrgnn,amazon-ratings,0.2,0.3827,208.22,0.04,196.55
2026-04-23 03:55:17,lnpcc,amazon-ratings,0.1,0.399286,67.72,64.69,2.99
2026-04-23 03:55:19,lnpcc,amazon-ratings,0.5,0.379791,103.03,100.46,2.53
2026-04-23 03:55:20,lnpcc,amazon-ratings,0.2,0.397601,67.84,64.29,3.48
2026-04-23 03:55:22,gcn,amazon-ratings,0.4,0.356264,3.23,0.04,2.99
2026-04-23 03:55:24,lnpcc,amazon-ratings,0.4,0.356877,99.34,95.55,3.72
2026-04-23 03:55:31,gcn,amazon-ratings,0.4,0.378872,2.77,0.05,2.56
2026-04-23 03:58:49,nrgnn,amazon-ratings,0.1,0.394744,210.66,0.03,197.91
2026-04-23 03:58:52,lnpcc,amazon-ratings,0.3,0.394897,83.67,81.32,2.3
2026-04-23 03:58:54,gcn,amazon-ratings,0.4,0.367237,2.48,0.04,2.27
2026-04-23 03:58:56,lnpcc,amazon-ratings,0.5,0.380148,84.38,82.07,2.27
2026-04-23 03:59:00,lnpcc,amazon-ratings,0.1,0.392396,63.4,59.61,3.75
2026-04-23 03:59:03,gcn,amazon-ratings,0.4,0.354478,2.98,0.03,2.8
2026-04-23 03:59:07,nrgnn,amazon-ratings,0.2,0.394999,210.91,0.04,198.68
2026-04-23 03:59:10,lnpcc,amazon-ratings,0.4,0.36938,107.47,104.58,2.83
2026-04-23 03:59:13,lnpcc,amazon-ratings,0.2,0.396019,59.95,56.33,3.56
2026-04-23 04:02:27,nrgnn,amazon-ratings,0.1,0.393315,211.5,0.03,198.95
2026-04-23 04:02:29,gcn,amazon-ratings,0.4,0.385404,2.4,0.03,2.21
2026-04-23 04:02:31,lnpcc,amazon-ratings,0.5,0.379434,86.22,83.97,2.2
2026-04-23 04:02:35,lnpcc,amazon-ratings,0.1,0.393774,61.48,58.04,3.4
2026-04-23 04:02:38,lnpcc,amazon-ratings,0.3,0.395356,94.35,91.54,2.76
2026-04-23 04:02:41,gcn,amazon-ratings,0.4,0.356213,2.97,0.04,2.75
2026-04-23 04:02:44,nrgnn,amazon-ratings,0.2,0.388671,211.15,0.05,199.53
2026-04-23 04:02:48,lnpcc,amazon-ratings,0.4,0.394182,129.33,125.79,3.46
2026-04-23 04:02:51,lnpcc,amazon-ratings,0.2,0.397244,65.44,61.64,3.74
2026-04-23 04:06:02,nrgnn,amazon-ratings,0.1,0.397755,209.47,0.04,197.47
2026-04-23 04:06:05,gcn,amazon-ratings,0.4,0.361776,2.4,0.04,2.18
2026-04-23 04:06:07,lnpcc,amazon-ratings,0.3,0.395815,96.62,94.21,2.36
2026-04-23 04:06:10,lnpcc,amazon-ratings,0.1,0.39801,70.6,67.04,3.52
2026-04-23 04:06:13,lnpcc,amazon-ratings,0.5,0.379587,86.18,83.71,2.43
2026-04-23 04:06:16,gcn,amazon-ratings,0.4,0.380965,2.95,0.03,2.77
2026-04-23 04:06:20,nrgnn,amazon-ratings,0.2,0.394029,209.99,0.03,198.03
2026-04-23 04:06:24,lnpcc,amazon-ratings,0.4,0.395305,89.52,85.94,3.51
2026-04-23 04:06:28,lnpcc,amazon-ratings,0.2,0.399132,72.68,68.8,3.83
2026-04-23 04:09:36,nrgnn,amazon-ratings,0.1,0.391631,208.01,0.03,195.92
2026-04-23 04:09:38,lnpcc,amazon-ratings,0.5,0.379434,89.72,87.56,2.12
2026-04-23 04:09:41,lnpcc,amazon-ratings,0.3,0.394488,77.47,75.06,2.37
2026-04-23 04:09:56,nrgnn,amazon-ratings,0.2,0.381832,208.89,0.04,196.42
2026-04-23 04:10:05,lnpcc,amazon-ratings,0.2,0.395305,64.77,55.79,8.92
2026-04-23 04:10:09,lnpcc,amazon-ratings,0.4,0.380454,91.81,87.27,4.47
2026-04-23 04:12:54,nrgnn,amazon-ratings,0.3,0.379995,205.81,0.04,193.08
2026-04-23 04:12:57,lnpcc,amazon-ratings,0.1,0.39903,48.59,45.6,2.96
2026-04-23 04:13:32,nrgnn,amazon-ratings,0.2,0.394386,210.21,0.04,196.56
2026-04-23 04:13:35,lnpcc,amazon-ratings,0.2,0.389487,67.78,64.41,3.32
2026-04-23 04:13:39,lnpcc,amazon-ratings,0.4,0.39311,86.14,82.53,3.55
2026-04-23 04:16:06,nrgnn,amazon-ratings,0.1,0.391937,199.09,0.04,188.96
2026-04-23 04:16:09,lnpcc,amazon-ratings,0.1,0.397091,37.17,34.02,3.11
2026-04-23 04:16:11,lnpcc,amazon-ratings,0.5,0.3753,87.3,85.46,1.79
2026-04-23 04:16:13,lnpcc,amazon-ratings,0.3,0.393621,74.57,71.91,2.61
2026-04-23 04:17:02,nrgnn,amazon-ratings,0.2,0.388926,204.53,0.03,194.77
2026-04-23 04:17:06,lnpcc,amazon-ratings,0.2,0.395509,48.49,45.03,3.41
2026-04-23 04:17:09,lnpcc,amazon-ratings,0.4,0.394641,68.24,64.62,3.57
2026-04-23 04:19:27,nrgnn,amazon-ratings,0.3,0.35652,203.87,0.03,193.94
2026-04-23 04:19:30,lnpcc,amazon-ratings,0.1,0.397397,43.84,40.83,2.97
2026-04-23 04:20:32,nrgnn,amazon-ratings,0.2,0.394233,203.77,0.04,192.9
2026-04-23 04:20:35,lnpcc,amazon-ratings,0.2,0.399388,55.15,51.86,3.23
2026-04-23 04:20:39,lnpcc,amazon-ratings,0.4,0.394795,77.63,73.91,3.68
2026-04-23 04:22:39,nrgnn,amazon-ratings,0.1,0.391171,199.53,0.04,188.7
2026-04-23 04:22:41,lnpcc,amazon-ratings,0.3,0.397295,84.8,82.41,2.35
2026-04-23 04:22:43,lnpcc,amazon-ratings,0.5,0.378821,78.12,75.97,2.12
2026-04-23 04:22:47,lnpcc,amazon-ratings,0.1,0.393008,33.24,29.72,3.48
2026-04-23 04:24:05,nrgnn,amazon-ratings,0.2,0.393978,207.68,0.03,197.76
2026-04-23 04:24:09,lnpcc,amazon-ratings,0.2,0.396121,65.84,62.48,3.31
2026-04-23 04:24:12,lnpcc,amazon-ratings,0.4,0.392702,72.8,69.22,3.53
2026-04-23 04:26:03,nrgnn,amazon-ratings,0.3,0.36443,205.45,0.03,195.88
2026-04-23 04:27:35,nrgnn,amazon-ratings,0.2,0.39556,203.51,0.04,193.11
2026-04-23 04:27:38,lnpcc,amazon-ratings,0.2,0.398163,52.96,49.44,3.47
2026-04-23 04:27:41,lnpcc,amazon-ratings,0.4,0.394488,88.81,85.32,3.44
2026-04-23 04:29:18,nrgnn,amazon-ratings,0.1,0.393978,206.43,0.03,195.28
2026-04-23 04:29:21,lnpcc,amazon-ratings,0.3,0.387242,103.28,100.64,2.61
2026-04-23 04:29:23,lnpcc,amazon-ratings,0.5,0.379842,52.76,50.31,2.4
2026-04-23 04:31:13,nrgnn,amazon-ratings,0.2,0.385966,211.75,0.03,201.89
2026-04-23 04:31:16,lnpcc,amazon-ratings,0.2,0.395254,56.75,53.41,3.29
2026-04-23 04:31:19,lnpcc,amazon-ratings,0.4,0.395866,124.38,120.98,3.34
2026-04-23 04:32:40,nrgnn,amazon-ratings,0.3,0.368512,206.47,0.03,196.83
2026-04-23 04:32:45,lnpcc,amazon-ratings,0.1,0.397244,66.17,61.37,4.75
2026-04-23 04:32:47,lnpcc,amazon-ratings,0.5,0.378872,68.26,65.8,2.42
2026-04-23 04:32:50,lnpcc,amazon-ratings,0.3,0.384486,71.46,68.47,2.94
2026-04-23 04:34:49,nrgnn,amazon-ratings,0.2,0.389538,209.58,0.03,200.1
2026-04-23 04:34:52,lnpcc,amazon-ratings,0.4,0.394131,139.08,135.86,3.18
2026-04-23 04:34:58,lnpcc,amazon-ratings,0.2,0.394233,57.35,51.51,5.77
2026-04-23 04:36:05,nrgnn,amazon-ratings,0.1,0.398112,206.32,0.04,194.56
2026-04-23 04:38:18,nrgnn,amazon-ratings,0.2,0.390967,203.98,0.03,192.92
2026-04-23 04:38:21,lnpcc,amazon-ratings,0.4,0.39061,157.83,154.63,3.16
2026-04-23 04:38:25,lnpcc,amazon-ratings,0.2,0.39949,43.95,40.4,3.49
2026-04-23 04:39:11,nrgnn,amazon-ratings,0.3,0.367186,198.7,0.04,186.45
2026-04-23 04:39:14,lnpcc,amazon-ratings,0.3,0.398112,38.79,36.35,2.41
2026-04-23 04:41:47,nrgnn,amazon-ratings,0.2,0.395407,203.19,0.03,193.23
2026-04-23 04:41:50,lnpcc,amazon-ratings,0.2,0.385302,30.91,27.59,3.27
2026-04-23 04:41:56,lnpcc,amazon-ratings,0.4,0.367492,115.05,109.19,5.81
2026-04-23 04:42:24,nrgnn,amazon-ratings,0.1,0.38913,200.16,0.04,190.16
2026-04-23 04:42:27,lnpcc,amazon-ratings,0.1,0.368512,36.39,33.24,3.1
2026-04-23 04:42:29,lnpcc,amazon-ratings,0.5,0.379434,67.06,64.7,2.32
2026-04-23 04:42:32,lnpcc,amazon-ratings,0.3,0.395764,43.45,40.61,2.79
2026-04-23 04:45:17,nrgnn,amazon-ratings,0.2,0.395458,204.56,0.04,193.52
2026-04-23 04:45:20,lnpcc,amazon-ratings,0.4,0.392651,81.23,77.93,3.24
2026-04-23 04:45:24,lnpcc,amazon-ratings,0.2,0.397806,54.87,51.13,3.68
2026-04-23 04:45:43,nrgnn,amazon-ratings,0.3,0.368512,201.31,0.03,191.1
2026-04-23 04:45:47,lnpcc,amazon-ratings,0.1,0.39311,51.37,47.84,3.48
2026-04-23 04:48:49,nrgnn,amazon-ratings,0.2,0.395407,206.61,0.03,196.68
2026-04-23 04:48:52,lnpcc,amazon-ratings,0.2,0.369992,37.73,35.05,2.61
2026-04-23 04:48:55,lnpcc,amazon-ratings,0.4,0.389334,82.85,79.35,3.44
2026-04-23 04:49:00,nrgnn,amazon-ratings,0.1,0.391477,205.84,0.04,192.86
2026-04-23 04:49:02,lnpcc,amazon-ratings,0.5,0.38025,56.65,54.32,2.29
2026-04-23 04:49:05,lnpcc,amazon-ratings,0.1,0.395254,55.32,51.88,3.4
2026-04-23 04:52:21,nrgnn,amazon-ratings,0.3,0.374483,207.44,0.04,195.34
2026-04-23 04:52:23,lnpcc,amazon-ratings,0.5,0.378821,63.46,61.16,2.25
2026-04-23 04:52:25,nrgnn,amazon-ratings,0.2,0.396275,210.21,0.03,200.23
2026-04-23 04:52:26,lnpcc,amazon-ratings,0.3,0.397601,46.33,43.8,2.47
2026-04-23 04:52:29,lnpcc,amazon-ratings,0.4,0.395611,124.93,121.38,3.5
2026-04-23 04:52:29,lnpcc,amazon-ratings,0.1,0.397397,42.85,39.1,3.69
2026-04-23 04:52:33,lnpcc,amazon-ratings,0.2,0.396326,76.95,73.09,3.8
2026-04-23 04:55:44,nrgnn,amazon-ratings,0.1,0.383924,206.67,0.04,194.56
2026-04-23 04:55:47,lnpcc,amazon-ratings,0.1,0.393366,42.31,39.2,3.06
2026-04-23 04:55:49,lnpcc,amazon-ratings,0.3,0.393774,52.16,49.67,2.44
2026-04-23 04:55:52,lnpcc,amazon-ratings,0.5,0.373412,48.03,45.45,2.54
2026-04-23 04:56:02,nrgnn,amazon-ratings,0.2,0.394335,209.7,0.04,197.92
2026-04-23 04:56:05,lnpcc,amazon-ratings,0.2,0.396121,54.85,51.28,3.51
2026-04-23 04:56:09,lnpcc,amazon-ratings,0.4,0.395305,100.94,97.01,3.86
2026-04-23 04:59:09,nrgnn,amazon-ratings,0.3,0.372595,209.87,0.04,196.88
2026-04-23 04:59:39,nrgnn,amazon-ratings,0.2,0.393519,210.55,0.03,198.41
2026-04-23 04:59:42,lnpcc,amazon-ratings,0.4,0.395356,122.56,119.29,3.21
2026-04-23 04:59:45,lnpcc,amazon-ratings,0.2,0.393621,68.89,65.31,3.5
2026-04-23 05:02:21,nrgnn,amazon-ratings,0.1,0.39311,203.55,0.04,192.07
2026-04-23 05:02:23,lnpcc,amazon-ratings,0.3,0.39607,49.49,46.97,2.49
2026-04-23 05:02:26,lnpcc,amazon-ratings,0.5,0.378974,66.59,64.31,2.24
2026-04-23 05:02:29,lnpcc,amazon-ratings,0.1,0.368512,71.72,67.98,3.7
2026-04-23 05:03:10,nrgnn,amazon-ratings,0.2,0.38122,206.07,0.03,196.27
2026-04-23 05:03:14,lnpcc,amazon-ratings,0.2,0.397806,50.96,47.46,3.46
2026-04-23 05:03:18,lnpcc,amazon-ratings,0.4,0.395101,103.54,99.84,3.64
2026-04-23 05:05:46,nrgnn,amazon-ratings,0.3,0.368512,206.29,0.03,196.27
2026-04-23 05:05:48,lnpcc,amazon-ratings,0.1,0.396019,60.89,58.45,2.41
2026-04-23 05:06:43,nrgnn,amazon-ratings,0.2,0.37826,206.07,0.03,195.97
2026-04-23 05:06:46,lnpcc,amazon-ratings,0.4,0.38321,106.11,102.84,3.2
2026-04-23 05:06:50,lnpcc,amazon-ratings,0.2,0.398367,55.74,51.92,3.76
2026-04-23 05:09:04,nrgnn,amazon-ratings,0.1,0.385455,207.1,0.03,195.49
2026-04-23 05:09:06,lnpcc,amazon-ratings,0.3,0.39459,39.72,37.29,2.39
2026-04-23 05:09:09,lnpcc,amazon-ratings,0.1,0.394386,45.61,42.36,3.21
2026-04-23 05:09:12,lnpcc,amazon-ratings,0.5,0.379434,48.77,46.1,2.63
2026-04-23 05:10:17,nrgnn,amazon-ratings,0.2,0.376831,208.98,0.03,198.81
2026-04-23 05:10:21,lnpcc,amazon-ratings,0.4,0.391069,124.15,120.75,3.36
2026-04-23 05:10:31,lnpcc,amazon-ratings,0.2,0.36938,60.9,50.46,10.39
2026-04-23 05:12:28,nrgnn,amazon-ratings,0.3,0.36841,206.58,0.04,196.24
2026-04-23 05:12:31,lnpcc,amazon-ratings,0.3,0.397193,43.18,40.82,2.33
2026-04-23 05:12:34,lnpcc,amazon-ratings,0.5,0.379382,48.25,45.22,2.99
2026-04-23 05:12:37,lnpcc,amazon-ratings,0.1,0.395356,41.06,37.28,3.73
2026-04-23 05:13:57,nrgnn,amazon-ratings,0.2,0.387344,214.43,0.04,200.5
2026-04-23 05:14:01,lnpcc,amazon-ratings,0.2,0.397857,55.45,52.03,3.35
2026-04-23 05:14:04,lnpcc,amazon-ratings,0.4,0.354835,118.09,114.44,3.6
2026-04-23 05:15:56,nrgnn,amazon-ratings,0.1,0.382955,210.07,0.03,198.36
2026-04-23 05:15:58,lnpcc,amazon-ratings,0.3,0.394744,35.87,33.24,2.6
2026-04-23 05:16:01,lnpcc,amazon-ratings,0.5,0.345751,37.16,34.73,2.39
2026-04-23 05:16:04,lnpcc,amazon-ratings,0.1,0.392447,53.09,49.43,3.61
2026-04-23 05:17:35,nrgnn,amazon-ratings,0.2,0.388671,212.15,0.03,202.06
2026-04-23 05:17:39,lnpcc,amazon-ratings,0.2,0.397499,38.22,34.64,3.53
2026-04-23 05:17:42,lnpcc,amazon-ratings,0.4,0.368512,146.25,143.36,2.84
2026-04-23 05:19:26,nrgnn,amazon-ratings,0.3,0.368512,213.81,0.04,201.52
2026-04-23 05:19:29,lnpcc,amazon-ratings,0.1,0.396428,64.73,61.38,3.3
2026-04-23 05:19:32,lnpcc,amazon-ratings,0.3,0.39311,47.35,44.77,2.53
2026-04-23 05:19:34,lnpcc,amazon-ratings,0.5,0.364787,109.89,107.71,2.13
2026-04-23 05:21:16,nrgnn,amazon-ratings,0.2,0.378668,214.19,0.04,203.32
2026-04-23 05:21:19,lnpcc,amazon-ratings,0.2,0.398418,59.27,55.8,3.43
2026-04-23 05:21:23,lnpcc,amazon-ratings,0.4,0.390253,103.49,99.95,3.49
2026-04-23 05:22:54,nrgnn,amazon-ratings,0.1,0.375402,212.45,0.03,200.01
2026-04-23 05:24:50,nrgnn,amazon-ratings,0.2,0.393213,207.58,0.04,197.92
2026-04-23 05:24:52,lnpcc,amazon-ratings,0.2,0.387089,57.71,55.39,2.26
2026-04-23 05:24:55,lnpcc,amazon-ratings,0.4,0.395356,134.73,131.36,3.31
2026-04-23 05:26:09,nrgnn,amazon-ratings,0.3,0.368717,206.15,0.03,194.82
2026-04-23 05:28:21,nrgnn,amazon-ratings,0.2,0.397499,206.12,0.04,196.77
2026-04-23 05:28:25,lnpcc,amazon-ratings,0.4,0.396326,123.8,120.49,3.26
2026-04-23 05:28:28,lnpcc,amazon-ratings,0.2,0.398163,58.28,54.58,3.65
2026-04-23 05:29:23,nrgnn,amazon-ratings,0.1,0.37729,204.27,0.04,194.0
2026-04-23 05:29:25,lnpcc,amazon-ratings,0.3,0.39459,41.56,39.07,2.45
2026-04-23 05:31:54,nrgnn,amazon-ratings,0.2,0.394744,206.89,0.03,197.18
2026-04-23 05:31:57,lnpcc,amazon-ratings,0.4,0.394693,119.94,116.49,3.4
2026-04-23 05:32:01,lnpcc,amazon-ratings,0.2,0.396734,50.74,46.93,3.76
2026-04-23 05:32:37,nrgnn,amazon-ratings,0.3,0.371779,202.73,0.04,191.68
2026-04-23 05:32:39,lnpcc,amazon-ratings,0.5,0.380097,88.93,86.58,2.3
2026-04-23 05:35:28,nrgnn,amazon-ratings,0.2,0.376372,208.79,0.03,198.55
2026-04-23 05:35:32,lnpcc,amazon-ratings,0.2,0.398367,49.05,45.66,3.33
2026-04-23 05:35:35,lnpcc,amazon-ratings,0.4,0.376525,161.88,158.13,3.7
2026-04-23 05:35:56,nrgnn,amazon-ratings,0.1,0.380301,207.75,0.04,196.78
2026-04-23 05:39:00,nrgnn,amazon-ratings,0.2,0.365706,205.26,0.04,195.26
2026-04-23 05:39:03,lnpcc,amazon-ratings,0.4,0.39459,94.66,91.35,3.25
2026-04-23 05:39:05,nrgnn,amazon-ratings,0.3,0.368512,200.38,0.04,189.06
2026-04-23 05:39:06,lnpcc,amazon-ratings,0.2,0.398316,55.84,52.19,3.6
2026-04-23 05:39:08,lnpcc,amazon-ratings,0.1,0.398112,57.52,54.28,3.19
2026-04-23 05:39:11,lnpcc,amazon-ratings,0.5,0.379127,84.31,81.9,2.37
2026-04-23 05:42:31,nrgnn,amazon-ratings,0.1,0.392753,211.33,0.03,199.81
2026-04-23 05:42:36,nrgnn,amazon-ratings,0.2,0.377341,210.61,0.03,199.79
2026-04-23 05:42:39,lnpcc,amazon-ratings,0.2,0.398775,54.36,51.01,3.29
2026-04-23 05:42:43,lnpcc,amazon-ratings,0.4,0.37877,211.35,207.69,3.6
2026-04-23 05:45:40,nrgnn,amazon-ratings,0.3,0.368512,201.05,0.03,189.83
2026-04-23 05:46:06,nrgnn,amazon-ratings,0.2,0.387497,204.41,0.03,194.29
2026-04-23 05:46:09,lnpcc,amazon-ratings,0.4,0.394795,112.85,109.61,3.19
2026-04-23 05:46:13,lnpcc,amazon-ratings,0.2,0.398571,54.92,51.28,3.59
2026-04-23 05:48:51,nrgnn,amazon-ratings,0.1,0.382496,201.18,0.03,190.68
2026-04-23 05:48:54,lnpcc,amazon-ratings,0.1,0.389589,54.52,51.41,3.07
2026-04-23 05:48:57,lnpcc,amazon-ratings,0.3,0.396019,38.76,36.22,2.49
2026-04-23 05:49:37,nrgnn,amazon-ratings,0.2,0.389589,205.47,0.03,195.66
2026-04-23 05:49:39,lnpcc,amazon-ratings,0.4,0.374636,130.64,128.15,2.43
2026-04-23 05:49:43,lnpcc,amazon-ratings,0.2,0.398673,38.77,35.17,3.55
2026-04-23 05:52:11,nrgnn,amazon-ratings,0.3,0.383414,203.65,0.03,193.91
2026-04-23 05:52:13,lnpcc,amazon-ratings,0.5,0.37974,91.21,89.07,2.1
2026-04-23 05:53:09,nrgnn,amazon-ratings,0.2,0.388977,205.46,0.04,195.6
2026-04-23 05:53:12,lnpcc,amazon-ratings,0.4,0.3926,94.97,91.52,3.4
2026-04-23 05:53:16,lnpcc,amazon-ratings,0.2,0.398775,53.84,50.3,3.48
2026-04-23 05:55:28,nrgnn,amazon-ratings,0.1,0.395611,205.22,0.03,195.08
2026-04-23 05:55:31,lnpcc,amazon-ratings,0.1,0.396224,48.94,45.75,3.16
2026-04-23 05:56:42,nrgnn,amazon-ratings,0.2,0.377545,206.45,0.03,196.42
2026-04-23 05:56:45,lnpcc,amazon-ratings,0.4,0.394029,106.29,102.91,3.33
2026-04-23 05:56:48,lnpcc,amazon-ratings,0.2,0.399592,56.5,53.01,3.42
2026-04-23 05:58:45,nrgnn,amazon-ratings,0.3,0.365042,204.41,0.03,194.3
2026-04-23 05:58:48,lnpcc,amazon-ratings,0.5,0.332891,103.39,101.25,2.1
2026-04-23 05:58:50,lnpcc,amazon-ratings,0.3,0.396172,46.01,43.58,2.39
2026-04-23 06:00:18,nrgnn,amazon-ratings,0.2,0.391886,210.11,0.04,200.36
2026-04-23 06:00:21,lnpcc,amazon-ratings,0.2,0.400612,57.21,53.7,3.46
2026-04-23 06:00:25,lnpcc,amazon-ratings,0.4,0.39357,96.37,92.63,3.68
2026-04-23 06:02:08,nrgnn,amazon-ratings,0.1,0.380403,208.09,0.03,197.8
2026-04-23 06:02:11,lnpcc,amazon-ratings,0.1,0.390355,53.22,50.08,3.1
2026-04-23 06:02:13,lnpcc,amazon-ratings,0.3,0.396683,38.33,35.94,2.35
2026-04-23 06:03:53,nrgnn,amazon-ratings,0.2,0.387089,209.33,0.04,199.18
2026-04-23 06:03:56,lnpcc,amazon-ratings,0.2,0.4,55.25,51.88,3.31
2026-04-23 06:04:00,lnpcc,amazon-ratings,0.4,0.394897,102.85,99.16,3.64
2026-04-23 06:05:27,nrgnn,amazon-ratings,0.3,0.372442,204.4,0.03,193.72
2026-04-23 06:05:30,lnpcc,amazon-ratings,0.3,0.39311,38.63,36.14,2.45
2026-04-23 06:05:33,lnpcc,amazon-ratings,0.5,0.327788,92.8,89.6,3.17
2026-04-23 06:05:36,lnpcc,amazon-ratings,0.1,0.399286,56.5,52.72,3.74
2026-04-23 06:07:28,nrgnn,amazon-ratings,0.2,0.393672,209.71,0.03,199.7
2026-04-23 06:07:32,lnpcc,amazon-ratings,0.4,0.394539,141.26,138.01,3.2
2026-04-23 06:07:35,lnpcc,amazon-ratings,0.2,0.400255,55.13,51.6,3.48
2026-04-23 06:08:55,nrgnn,amazon-ratings,0.1,0.392651,208.93,0.03,198.52
2026-04-23 06:08:58,lnpcc,amazon-ratings,0.1,0.395713,54.81,51.57,3.19
2026-04-23 06:10:59,nrgnn,amazon-ratings,0.2,0.375861,204.8,0.03,194.98
2026-04-23 06:11:02,lnpcc,amazon-ratings,0.4,0.394795,98.33,95.01,3.28
2026-04-23 06:11:06,lnpcc,amazon-ratings,0.2,0.399132,51.87,47.99,3.82
2026-04-23 06:12:10,nrgnn,amazon-ratings,0.3,0.368512,204.19,0.04,191.51
2026-04-23 06:12:13,lnpcc,amazon-ratings,0.1,0.395101,50.76,47.51,3.2
2026-04-23 06:12:15,lnpcc,amazon-ratings,0.5,0.378974,69.65,67.36,2.25
2026-04-23 06:12:18,lnpcc,amazon-ratings,0.3,0.391682,39.32,36.45,2.82
2026-04-23 06:14:34,nrgnn,amazon-ratings,0.2,0.370554,209.79,0.04,199.63
2026-04-23 06:14:37,lnpcc,amazon-ratings,0.2,0.400306,48.85,45.59,3.22
2026-04-23 06:14:41,lnpcc,amazon-ratings,0.4,0.394693,104.85,101.38,3.41
2026-04-23 06:15:35,nrgnn,amazon-ratings,0.1,0.384588,208.05,0.04,197.25
2026-04-23 06:18:04,nrgnn,amazon-ratings,0.2,0.37678,203.47,0.03,193.84
2026-04-23 06:18:07,lnpcc,amazon-ratings,0.4,0.395203,111.09,107.75,3.29
2026-04-23 06:18:10,lnpcc,amazon-ratings,0.2,0.39852,42.36,38.74,3.57
2026-04-23 06:18:43,nrgnn,amazon-ratings,0.3,0.36545,200.05,0.04,188.0
2026-04-23 06:18:46,lnpcc,amazon-ratings,0.5,0.379689,94.85,92.55,2.25
2026-04-23 06:21:38,nrgnn,amazon-ratings,0.2,0.389997,208.44,0.03,198.83
2026-04-23 06:21:41,lnpcc,amazon-ratings,0.4,0.394335,155.02,151.68,3.28
2026-04-23 06:21:44,lnpcc,amazon-ratings,0.2,0.398622,55.4,51.98,3.38
2026-04-23 06:22:02,nrgnn,amazon-ratings,0.1,0.380709,206.44,0.04,196.26
2026-04-23 06:22:07,lnpcc,amazon-ratings,0.1,0.39311,52.25,47.27,4.94
2026-04-23 06:25:08,nrgnn,amazon-ratings,0.2,0.390559,204.05,0.03,194.64
2026-04-23 06:25:11,lnpcc,amazon-ratings,0.2,0.399286,54.91,51.64,3.23
2026-04-23 06:25:15,lnpcc,amazon-ratings,0.4,0.394335,105.25,101.38,3.82
2026-04-23 06:25:19,nrgnn,amazon-ratings,0.3,0.368717,203.13,0.03,191.58
2026-04-23 06:25:21,lnpcc,amazon-ratings,0.5,0.363715,125.6,123.29,2.25
2026-04-23 06:28:36,nrgnn,amazon-ratings,0.1,0.373718,206.57,0.04,195.09
2026-04-23 06:28:41,nrgnn,amazon-ratings,0.2,0.390355,207.62,0.03,197.2
2026-04-23 06:28:45,lnpcc,amazon-ratings,0.2,0.400561,47.93,44.53,3.34
2026-04-23 06:28:50,lnpcc,amazon-ratings,0.4,0.374126,112.99,107.29,5.65
2026-04-23 06:31:48,nrgnn,amazon-ratings,0.3,0.376678,203.06,0.04,191.63
2026-04-23 06:31:50,lnpcc,amazon-ratings,0.5,0.379842,126.58,124.32,2.2
2026-04-23 06:31:52,lnpcc,amazon-ratings,0.3,0.397806,48.07,45.52,2.5
2026-04-23 06:32:13,nrgnn,amazon-ratings,0.2,0.38224,205.86,0.03,194.65
2026-04-23 06:32:22,lnpcc,amazon-ratings,0.4,0.37137,190.19,181.09,9.04
2026-04-23 06:35:09,nrgnn,amazon-ratings,0.1,0.381934,206.44,0.04,196.37
2026-04-23 06:35:12,lnpcc,amazon-ratings,0.5,0.335239,57.65,54.35,3.25
2026-04-23 06:35:15,lnpcc,amazon-ratings,0.1,0.396019,63.61,60.25,3.32
2026-04-23 06:35:50,nrgnn,amazon-ratings,0.2,0.391682,210.59,0.04,198.3
2026-04-23 06:35:54,lnpcc,amazon-ratings,0.2,0.400102,50.55,46.84,3.66
2026-04-23 06:38:36,nrgnn,amazon-ratings,0.3,0.368512,210.93,0.04,200.65
2026-04-23 06:38:39,lnpcc,amazon-ratings,0.1,0.368512,57.18,53.92,3.22
2026-04-23 06:38:42,lnpcc,amazon-ratings,0.3,0.368512,41.81,39.24,2.53
2026-04-23 06:39:31,nrgnn,amazon-ratings,0.2,0.397295,214.5,0.04,203.59
2026-04-23 06:39:34,lnpcc,amazon-ratings,0.2,0.398622,46.71,42.96,3.69
2026-04-23 06:42:02,nrgnn,amazon-ratings,0.1,0.38025,212.07,0.04,200.67
2026-04-23 06:42:05,lnpcc,amazon-ratings,0.3,0.368614,54.54,52.12,2.39
2026-04-23 06:42:07,lnpcc,amazon-ratings,0.5,0.379229,119.19,117.01,2.14
2026-04-23 06:42:10,lnpcc,amazon-ratings,0.1,0.390814,62.31,58.76,3.51
2026-04-23 06:43:10,nrgnn,amazon-ratings,0.2,0.395509,212.79,0.04,202.11
2026-04-23 06:43:13,lnpcc,amazon-ratings,0.4,0.380097,558.09,554.53,3.49
2026-04-23 06:43:17,lnpcc,amazon-ratings,0.2,0.400459,44.5,40.87,3.57
2026-04-23 06:45:34,nrgnn,amazon-ratings,0.3,0.372136,215.13,0.04,203.18
2026-04-23 06:45:37,lnpcc,amazon-ratings,0.1,0.390814,60.52,57.31,3.17
2026-04-23 06:46:50,nrgnn,amazon-ratings,0.2,0.374432,214.13,0.03,203.89
2026-04-23 06:46:54,lnpcc,amazon-ratings,0.2,0.400561,51.53,48.15,3.33
2026-04-23 06:46:57,lnpcc,amazon-ratings,0.4,0.392855,99.02,95.41,3.57
2026-04-23 06:48:54,nrgnn,amazon-ratings,0.1,0.389895,208.35,0.03,196.91
2026-04-23 06:48:56,lnpcc,amazon-ratings,0.3,0.396326,55.11,52.58,2.48
2026-04-23 06:48:59,lnpcc,amazon-ratings,0.5,0.37729,233.02,230.75,2.23
2026-04-23 06:50:25,nrgnn,amazon-ratings,0.2,0.375657,209.13,0.03,199.36
2026-04-23 06:50:29,lnpcc,amazon-ratings,0.4,0.394693,110.1,106.7,3.34
2026-04-23 06:50:34,lnpcc,amazon-ratings,0.2,0.393417,43.45,37.68,5.71
2026-04-23 06:52:16,nrgnn,amazon-ratings,0.3,0.368512,208.44,0.04,197.57
2026-04-23 06:53:54,nrgnn,amazon-ratings,0.2,0.378107,203.21,0.03,192.21
2026-04-23 06:53:58,lnpcc,amazon-ratings,0.4,0.39061,114.09,110.74,3.3
2026-04-23 06:54:01,lnpcc,amazon-ratings,0.2,0.398418,37.05,33.41,3.59
2026-04-23 06:55:27,nrgnn,amazon-ratings,0.1,0.385455,202.01,0.03,191.09
2026-04-23 06:55:29,lnpcc,amazon-ratings,0.5,0.379587,86.53,84.31,2.17
2026-04-23 06:55:33,lnpcc,amazon-ratings,0.1,0.396581,53.65,50.33,3.29
2026-04-23 06:57:29,nrgnn,amazon-ratings,0.2,0.39061,208.18,0.03,198.34
2026-04-23 06:57:32,lnpcc,amazon-ratings,0.2,0.400357,49.53,46.27,3.2
2026-04-23 06:57:35,lnpcc,amazon-ratings,0.4,0.389334,122.65,119.02,3.58
2026-04-23 06:58:48,nrgnn,amazon-ratings,0.3,0.369125,205.03,0.03,195.38
2026-04-23 06:58:51,lnpcc,amazon-ratings,0.3,0.397193,46.9,44.42,2.44
2026-04-23 07:00:58,nrgnn,amazon-ratings,0.2,0.389946,203.68,0.03,193.67
2026-04-23 07:01:01,lnpcc,amazon-ratings,0.2,0.397244,45.49,42.16,3.29
2026-04-23 07:01:05,lnpcc,amazon-ratings,0.4,0.394284,102.5,98.86,3.58
2026-04-23 07:02:02,nrgnn,amazon-ratings,0.1,0.390661,202.25,0.04,191.33
2026-04-23 07:02:05,lnpcc,amazon-ratings,0.1,0.399337,54.54,51.34,3.16
2026-04-23 07:02:07,lnpcc,amazon-ratings,0.5,0.38025,67.21,64.86,2.31
2026-04-23 07:04:27,nrgnn,amazon-ratings,0.2,0.394641,203.62,0.03,194.02
2026-04-23 07:04:30,lnpcc,amazon-ratings,0.2,0.390712,45.97,43.7,2.23
2026-04-23 07:04:33,lnpcc,amazon-ratings,0.4,0.381883,86.48,83.11,3.31
2026-04-23 07:05:19,nrgnn,amazon-ratings,0.3,0.368053,201.98,0.04,191.17
2026-04-23 07:05:22,lnpcc,amazon-ratings,0.1,0.390253,52.65,49.43,3.18
2026-04-23 07:05:24,lnpcc,amazon-ratings,0.5,0.379587,71.63,69.22,2.37
2026-04-23 07:07:57,nrgnn,amazon-ratings,0.2,0.377239,204.27,0.04,194.68
2026-04-23 07:08:00,lnpcc,amazon-ratings,0.2,0.397142,45.45,42.9,2.5
2026-04-23 07:08:03,lnpcc,amazon-ratings,0.4,0.395101,115.06,111.63,3.37
2026-04-23 07:08:37,nrgnn,amazon-ratings,0.1,0.383771,203.33,0.04,192.78
2026-04-23 07:11:24,nrgnn,amazon-ratings,0.2,0.390406,200.48,0.03,191.28
2026-04-23 07:11:26,lnpcc,amazon-ratings,0.4,0.368563,115.27,113.08,2.14
2026-04-23 07:11:29,lnpcc,amazon-ratings,0.2,0.401531,39.5,36.2,3.24
2026-04-23 07:11:43,nrgnn,amazon-ratings,0.3,0.368512,197.59,0.03,186.31
2026-04-23 07:11:47,lnpcc,amazon-ratings,0.1,0.39704,35.55,32.19,3.31
2026-04-23 07:14:54,nrgnn,amazon-ratings,0.2,0.386578,204.53,0.03,195.02
2026-04-23 07:14:56,lnpcc,amazon-ratings,0.4,0.394437,117.41,114.8,2.56
2026-04-23 07:14:59,nrgnn,amazon-ratings,0.1,0.392345,202.35,0.03,192.09
2026-04-23 07:15:00,lnpcc,amazon-ratings,0.2,0.397244,46.59,43.06,3.47
2026-04-23 07:15:01,lnpcc,amazon-ratings,0.5,0.322276,43.41,41.01,2.35
2026-04-23 07:15:05,lnpcc,amazon-ratings,0.1,0.395764,49.86,46.38,3.43
2026-04-23 07:18:21,nrgnn,amazon-ratings,0.3,0.370554,209.9,0.04,196.62
2026-04-23 07:18:24,lnpcc,amazon-ratings,0.5,0.375504,59.38,56.29,3.04
2026-04-23 07:18:27,nrgnn,amazon-ratings,0.2,0.396428,206.9,0.04,195.79
2026-04-23 07:18:30,lnpcc,amazon-ratings,0.4,0.392498,135.89,132.26,3.59
2026-04-23 07:18:34,lnpcc,amazon-ratings,0.2,0.398673,43.38,39.56,3.75
2026-04-23 07:21:44,nrgnn,amazon-ratings,0.1,0.377086,211.71,0.04,199.45
2026-04-23 07:21:46,lnpcc,amazon-ratings,0.1,0.368512,61.49,59.1,2.36
2026-04-23 07:21:49,lnpcc,amazon-ratings,0.5,0.366267,159.98,157.67,2.26
2026-04-23 07:22:05,nrgnn,amazon-ratings,0.2,0.389946,211.52,0.03,200.64
2026-04-23 07:22:08,lnpcc,amazon-ratings,0.4,0.392753,103.72,99.91,3.75
2026-04-23 07:22:12,lnpcc,amazon-ratings,0.2,0.400714,54.93,51.17,3.7
2026-04-23 07:25:03,nrgnn,amazon-ratings,0.3,0.374177,206.26,0.03,194.68
2026-04-23 07:25:05,lnpcc,amazon-ratings,0.5,0.378107,55.78,53.64,2.09
2026-04-23 07:25:09,lnpcc,amazon-ratings,0.1,0.398826,53.66,50.47,3.16
2026-04-23 07:25:41,nrgnn,amazon-ratings,0.2,0.367849,209.05,0.04,196.22
2026-04-23 07:25:44,lnpcc,amazon-ratings,0.2,0.398214,42.18,38.6,3.51
2026-04-23 07:25:48,lnpcc,amazon-ratings,0.4,0.38321,109.91,106.15,3.69
2026-04-23 07:28:25,nrgnn,amazon-ratings,0.1,0.38469,206.75,0.03,196.12
2026-04-23 07:28:28,lnpcc,amazon-ratings,0.1,0.396785,46.78,43.67,3.07
2026-04-23 07:29:14,nrgnn,amazon-ratings,0.2,0.377494,206.24,0.04,195.4
2026-04-23 07:29:17,lnpcc,amazon-ratings,0.4,0.39459,86.91,83.67,3.18
2026-04-23 07:29:20,lnpcc,amazon-ratings,0.2,0.398826,49.2,45.65,3.5
2026-04-23 07:31:37,nrgnn,amazon-ratings,0.3,0.373361,200.35,0.03,189.62
2026-04-23 07:31:40,lnpcc,amazon-ratings,0.1,0.398061,40.73,37.65,3.03
2026-04-23 07:32:43,nrgnn,amazon-ratings,0.2,0.390508,202.83,0.03,193.14
2026-04-23 07:32:46,lnpcc,amazon-ratings,0.2,0.399337,49.16,45.85,3.27
2026-04-23 07:32:50,lnpcc,amazon-ratings,0.4,0.350293,97.31,93.62,3.63
2026-04-23 07:34:50,nrgnn,amazon-ratings,0.1,0.365961,199.97,0.03,189.87
2026-04-23 07:34:53,lnpcc,amazon-ratings,0.3,0.398061,48.75,46.42,2.28
2026-04-23 07:34:56,lnpcc,amazon-ratings,0.5,0.367594,70.18,66.94,3.19
2026-04-23 07:36:14,nrgnn,amazon-ratings,0.2,0.39061,206.23,0.03,196.61
2026-04-23 07:36:18,lnpcc,amazon-ratings,0.2,0.398673,50.41,47.13,3.24
2026-04-23 07:36:21,lnpcc,amazon-ratings,0.4,0.392243,97.04,93.35,3.64
2026-04-23 07:38:10,nrgnn,amazon-ratings,0.3,0.364021,203.92,0.03,193.98
2026-04-23 07:38:13,lnpcc,amazon-ratings,0.1,0.390916,32.86,29.74,3.07
2026-04-23 07:38:15,lnpcc,amazon-ratings,0.3,0.394488,43.07,40.62,2.41
2026-04-23 07:38:18,lnpcc,amazon-ratings,0.5,0.38025,65.55,62.96,2.56
2026-04-23 07:39:47,nrgnn,amazon-ratings,0.2,0.389385,206.89,0.03,197.14
2026-04-23 07:39:50,lnpcc,amazon-ratings,0.4,0.394539,88.3,85.05,3.2
2026-04-23 07:39:54,lnpcc,amazon-ratings,0.2,0.397244,38.89,35.19,3.63
2026-04-23 07:41:33,nrgnn,amazon-ratings,0.1,0.385507,205.01,0.04,195.0
2026-04-23 07:41:35,lnpcc,amazon-ratings,0.5,0.379638,56.36,53.89,2.44
2026-04-23 07:43:21,nrgnn,amazon-ratings,0.2,0.378209,208.47,0.03,198.12
2026-04-23 07:43:25,lnpcc,amazon-ratings,0.2,0.396734,38.27,34.74,3.47
2026-04-23 07:43:28,lnpcc,amazon-ratings,0.4,0.383771,139.07,135.43,3.57
2026-04-23 07:44:52,nrgnn,amazon-ratings,0.3,0.366726,207.63,0.04,196.57
2026-04-23 07:44:55,lnpcc,amazon-ratings,0.1,0.395968,41.6,38.24,3.32
2026-04-23 07:44:58,lnpcc,amazon-ratings,0.3,0.394948,53.39,50.66,2.69
2026-04-23 07:46:54,nrgnn,amazon-ratings,0.2,0.392192,206.03,0.04,195.87
2026-04-23 07:46:57,lnpcc,amazon-ratings,0.2,0.398877,42.31,38.97,3.28
2026-04-23 07:47:01,lnpcc,amazon-ratings,0.4,0.394182,110.91,107.26,3.58
2026-04-23 07:48:11,nrgnn,amazon-ratings,0.1,0.372238,203.1,0.03,192.37
2026-04-23 07:48:14,lnpcc,amazon-ratings,0.1,0.395305,46.92,43.73,3.15
2026-04-23 07:48:16,lnpcc,amazon-ratings,0.3,0.397142,48.56,45.97,2.55
2026-04-23 07:50:24,nrgnn,amazon-ratings,0.2,0.396479,203.62,0.03,193.68
2026-04-23 07:50:27,lnpcc,amazon-ratings,0.2,0.397244,40.24,36.84,3.35
2026-04-23 07:50:30,lnpcc,amazon-ratings,0.4,0.391733,105.51,101.94,3.51
2026-04-23 07:51:28,nrgnn,amazon-ratings,0.3,0.368512,203.4,0.03,191.96
2026-04-23 07:53:51,nrgnn,amazon-ratings,0.2,0.372187,201.89,0.03,192.43
2026-04-23 07:53:55,lnpcc,amazon-ratings,0.2,0.39704,43.74,40.43,3.25
2026-04-23 07:53:58,lnpcc,amazon-ratings,0.4,0.380862,88.5,84.99,3.46
2026-04-23 07:54:35,nrgnn,amazon-ratings,0.1,0.388926,197.96,0.03,186.98
2026-04-23 07:54:38,lnpcc,amazon-ratings,0.1,0.399388,51.3,48.01,3.25
2026-04-23 07:54:41,lnpcc,amazon-ratings,0.3,0.396938,49.05,46.35,2.65
2026-04-23 07:57:21,nrgnn,amazon-ratings,0.2,0.380046,202.94,0.04,193.99
2026-04-23 07:57:24,lnpcc,amazon-ratings,0.2,0.398979,49.07,45.78,3.23
2026-04-23 07:57:28,lnpcc,amazon-ratings,0.4,0.394744,117.17,113.64,3.48
2026-04-23 07:57:54,nrgnn,amazon-ratings,0.3,0.368921,203.59,0.03,193.15
2026-04-23 07:57:57,lnpcc,amazon-ratings,0.1,0.391579,52.12,49.6,2.47
2026-04-23 08:00:49,nrgnn,amazon-ratings,0.2,0.379944,202.06,0.03,192.43
2026-04-23 08:00:52,lnpcc,amazon-ratings,0.2,0.399592,41.28,38.06,3.17
2026-04-23 08:00:55,lnpcc,amazon-ratings,0.4,0.395407,108.96,105.49,3.42
2026-04-23 08:01:07,nrgnn,amazon-ratings,0.1,0.383669,200.67,0.03,189.72
2026-04-23 08:01:09,lnpcc,amazon-ratings,0.5,0.379485,122.5,120.14,2.31
2026-04-23 08:01:14,lnpcc,amazon-ratings,0.3,0.394488,48.79,43.74,5.02
2026-04-23 08:01:18,lnpcc,amazon-ratings,0.1,0.396121,42.03,37.96,4.02
2026-04-23 08:04:21,nrgnn,amazon-ratings,0.2,0.387854,205.81,0.03,196.36
2026-04-23 08:04:24,lnpcc,amazon-ratings,0.2,0.396785,44.45,41.12,3.26
2026-04-23 08:04:28,lnpcc,amazon-ratings,0.4,0.393723,104.51,100.75,3.71
2026-04-23 08:04:29,nrgnn,amazon-ratings,0.3,0.38913,201.74,0.04,190.92
2026-04-23 08:04:31,lnpcc,amazon-ratings,0.3,0.396989,62.88,60.26,2.57
2026-04-23 08:07:44,nrgnn,amazon-ratings,0.1,0.390304,206.47,0.04,192.6
2026-04-23 08:07:52,nrgnn,amazon-ratings,0.2,0.381628,206.03,0.04,195.67
2026-04-23 08:07:55,lnpcc,amazon-ratings,0.2,0.395662,45.98,42.66,3.27
2026-04-23 08:07:59,lnpcc,amazon-ratings,0.4,0.392906,150.54,146.88,3.59
2026-04-23 08:10:55,nrgnn,amazon-ratings,0.3,0.368257,201.66,0.03,190.56
2026-04-23 08:10:57,lnpcc,amazon-ratings,0.5,0.37928,75.01,72.9,2.07
2026-04-23 08:11:20,nrgnn,amazon-ratings,0.2,0.388824,202.01,0.03,192.66
2026-04-23 08:11:24,lnpcc,amazon-ratings,0.4,0.394897,107.32,103.93,3.34
2026-04-23 08:11:27,lnpcc,amazon-ratings,0.2,0.397857,74.39,70.62,3.73
2026-04-23 08:14:06,nrgnn,amazon-ratings,0.1,0.378158,199.55,0.04,189.52
2026-04-23 08:14:09,lnpcc,amazon-ratings,0.3,0.396785,51.28,48.92,2.32
2026-04-23 08:14:12,lnpcc,amazon-ratings,0.1,0.391477,44.52,41.37,3.1
2026-04-23 08:14:50,nrgnn,amazon-ratings,0.2,0.385047,204.15,0.03,193.77
2026-04-23 08:14:54,lnpcc,amazon-ratings,0.2,0.398928,40.1,36.42,3.63
2026-04-23 08:14:58,lnpcc,amazon-ratings,0.4,0.373156,115.69,111.73,3.91
2026-04-23 08:17:28,nrgnn,amazon-ratings,0.3,0.368512,206.23,0.03,196.33
2026-04-23 08:17:31,lnpcc,amazon-ratings,0.5,0.377188,53.93,51.23,2.66
2026-04-23 08:17:34,lnpcc,amazon-ratings,0.1,0.392447,42.52,38.96,3.52
2026-04-23 08:17:37,lnpcc,amazon-ratings,0.3,0.396734,47.88,44.85,2.99
2026-04-23 08:18:33,nrgnn,amazon-ratings,0.2,0.373565,216.43,0.03,206.07
2026-04-23 08:18:37,lnpcc,amazon-ratings,0.2,0.397703,50.81,46.75,4.0
2026-04-23 08:18:41,lnpcc,amazon-ratings,0.4,0.395101,115.55,111.68,3.82
2026-04-23 08:21:03,nrgnn,amazon-ratings,0.1,0.396326,215.21,0.03,205.4
2026-04-23 08:21:05,lnpcc,amazon-ratings,0.3,0.395866,70.17,67.57,2.55
2026-04-23 08:21:07,lnpcc,amazon-ratings,0.5,0.359888,71.72,69.71,1.97
2026-04-23 08:21:13,lnpcc,amazon-ratings,0.1,0.394386,74.32,68.67,5.6
2026-04-23 08:22:16,nrgnn,amazon-ratings,0.2,0.388262,215.34,0.04,203.17
2026-04-23 08:22:19,lnpcc,amazon-ratings,0.4,0.371217,170.9,167.62,3.23
2026-04-23 08:22:23,lnpcc,amazon-ratings,0.2,0.394999,45.63,42.28,3.28
2026-04-23 08:24:29,nrgnn,amazon-ratings,0.3,0.368512,208.95,0.04,196.09
2026-04-23 08:24:32,lnpcc,amazon-ratings,0.3,0.396632,53.97,51.5,2.42
2026-04-23 08:24:35,lnpcc,amazon-ratings,0.1,0.397142,57.73,54.35,3.34
2026-04-23 08:24:37,lnpcc,amazon-ratings,0.5,0.378566,54.4,51.85,2.51
2026-04-23 08:25:48,nrgnn,amazon-ratings,0.4,0.35259,205.92,0.03,196.46
2026-04-23 08:25:53,lnpcc,amazon-ratings,0.4,0.375963,99.28,94.42,4.8
2026-04-23 08:25:57,lnpcc,amazon-ratings,0.2,0.399694,47.91,43.63,4.24
2026-04-23 08:27:51,nrgnn,amazon-ratings,0.1,0.372289,206.33,0.03,193.22
2026-04-23 08:29:11,nrgnn,amazon-ratings,0.4,0.358051,196.75,0.04,185.57
2026-04-23 08:29:28,lnpcc,amazon-ratings,0.4,0.393876,94.43,90.31,4.07
2026-04-23 08:30:59,nrgnn,amazon-ratings,0.3,0.348967,199.93,0.04,188.47
2026-04-23 08:31:03,lnpcc,amazon-ratings,0.1,0.394999,60.89,57.2,3.65
2026-04-23 08:31:05,lnpcc,amazon-ratings,0.3,0.38862,51.52,48.98,2.5
2026-04-23 08:32:45,nrgnn,amazon-ratings,0.4,0.368257,206.64,0.04,196.15
2026-04-23 08:32:48,lnpcc,amazon-ratings,0.2,0.397295,38.69,35.21,3.43
2026-04-23 08:32:52,lnpcc,amazon-ratings,0.4,0.395152,125.31,121.62,3.64
2026-04-23 08:34:18,nrgnn,amazon-ratings,0.1,0.3827,202.23,0.03,192.35
2026-04-23 08:34:20,lnpcc,amazon-ratings,0.3,0.396734,50.74,48.27,2.43
2026-04-23 08:34:24,lnpcc,amazon-ratings,0.1,0.39903,57.01,53.7,3.27
2026-04-23 08:34:26,lnpcc,amazon-ratings,0.5,0.380046,41.19,38.46,2.69
2026-04-23 08:36:13,nrgnn,amazon-ratings,0.4,0.368512,202.83,0.03,192.83
2026-04-23 08:36:17,lnpcc,amazon-ratings,0.2,0.400306,41.74,38.43,3.26
2026-04-23 08:36:20,lnpcc,amazon-ratings,0.4,0.393774,113.76,110.1,3.6
2026-04-23 08:37:40,nrgnn,amazon-ratings,0.3,0.363664,204.73,0.04,193.87
2026-04-23 08:37:43,lnpcc,amazon-ratings,0.1,0.396632,59.2,55.91,3.25
2026-04-23 08:39:36,nrgnn,amazon-ratings,0.4,0.352539,196.29,0.04,186.44
2026-04-23 08:39:39,lnpcc,amazon-ratings,0.4,0.394948,96.63,93.35,3.23
2026-04-23 08:39:45,lnpcc,amazon-ratings,0.2,0.391682,50.57,44.74,5.78
2026-04-23 08:40:50,nrgnn,amazon-ratings,0.1,0.373054,198.55,0.04,186.43
2026-04-23 08:42:59,nrgnn,amazon-ratings,0.4,0.368461,197.62,0.03,186.74
2026-04-23 08:43:02,lnpcc,amazon-ratings,0.2,0.398571,39.86,36.68,3.13
2026-04-23 08:43:05,lnpcc,amazon-ratings,0.4,0.394641,99.23,95.65,3.51
2026-04-23 08:43:59,nrgnn,amazon-ratings,0.3,0.370299,199.47,0.03,188.81
2026-04-23 08:44:01,lnpcc,amazon-ratings,0.5,0.380811,37.48,35.08,2.36
2026-04-23 08:44:04,lnpcc,amazon-ratings,0.1,0.395458,26.93,23.7,3.19
2026-04-23 08:44:07,lnpcc,amazon-ratings,0.3,0.39704,54.5,51.48,2.98
2026-04-23 08:46:23,nrgnn,amazon-ratings,0.4,0.36494,199.03,0.03,189.83
2026-04-23 08:46:27,lnpcc,amazon-ratings,0.2,0.400204,47.75,44.4,3.29
2026-04-23 08:46:37,lnpcc,amazon-ratings,0.4,0.371319,125.11,114.87,10.19
2026-04-23 08:47:17,nrgnn,amazon-ratings,0.1,0.379331,200.2,0.04,190.08
2026-04-23 08:49:53,nrgnn,amazon-ratings,0.4,0.353866,203.79,0.04,190.59
2026-04-23 08:49:57,lnpcc,amazon-ratings,0.4,0.391631,169.81,166.47,3.3
2026-04-23 08:49:59,lnpcc,amazon-ratings,0.2,0.38913,41.83,39.42,2.36
2026-04-23 08:50:30,nrgnn,amazon-ratings,0.3,0.374228,204.85,0.04,192.79
2026-04-23 08:50:34,lnpcc,amazon-ratings,0.1,0.393417,50.47,46.9,3.52
2026-04-23 08:50:36,lnpcc,amazon-ratings,0.5,0.340801,36.92,34.33,2.56
2026-04-23 08:53:31,nrgnn,amazon-ratings,0.4,0.368512,211.39,0.03,201.47
2026-04-23 08:53:34,lnpcc,amazon-ratings,0.4,0.392396,143.42,139.91,3.45
2026-04-23 08:53:38,lnpcc,amazon-ratings,0.2,0.397703,59.32,55.49,3.76
2026-04-23 08:53:58,nrgnn,amazon-ratings,0.1,0.370707,212.19,0.03,201.98
2026-04-23 08:54:01,lnpcc,amazon-ratings,0.3,0.39704,45.26,42.15,3.06
2026-04-23 08:54:04,lnpcc,amazon-ratings,0.5,0.379893,47.8,45.02,2.73
2026-04-23 08:57:09,nrgnn,amazon-ratings,0.4,0.367237,211.99,0.03,201.58
2026-04-23 08:57:11,lnpcc,amazon-ratings,0.4,0.37433,96.8,94.48,2.26
2026-04-23 08:57:14,lnpcc,amazon-ratings,0.2,0.396632,66.2,63.37,2.78
2026-04-23 08:57:34,nrgnn,amazon-ratings,0.3,0.368665,213.08,0.05,199.49
2026-04-23 08:57:38,lnpcc,amazon-ratings,0.1,0.392192,49.63,45.79,3.8
2026-04-23 08:57:40,lnpcc,amazon-ratings,0.5,0.379382,132.03,129.34,2.65
2026-04-23 09:01:03,nrgnn,amazon-ratings,0.4,0.368717,216.14,0.03,204.3
2026-04-23 09:01:04,nrgnn,amazon-ratings,0.1,0.390048,217.58,0.05,203.57
2026-04-23 09:01:07,lnpcc,amazon-ratings,0.3,0.396377,71.38,68.12,3.21
2026-04-23 09:01:07,lnpcc,amazon-ratings,0.2,0.400766,58.2,54.27,3.86
2026-04-23 09:01:10,lnpcc,amazon-ratings,0.5,0.380301,42.77,39.95,2.78
2026-04-23 09:01:11,lnpcc,amazon-ratings,0.4,0.394693,126.87,122.89,3.91
2026-04-23 09:04:42,nrgnn,amazon-ratings,0.3,0.368512,226.32,0.05,212.44
2026-04-23 09:04:45,lnpcc,amazon-ratings,0.5,0.377035,46.21,43.5,2.66
2026-04-23 09:04:48,lnpcc,amazon-ratings,0.3,0.39653,60.44,57.53,2.85
2026-04-23 09:04:57,nrgnn,amazon-ratings,0.4,0.36989,226.06,0.04,211.4
2026-04-23 09:04:59,lnpcc,amazon-ratings,0.1,0.396428,67.83,57.1,10.67
2026-04-23 09:05:01,lnpcc,amazon-ratings,0.4,0.382496,135.29,131.27,3.95
2026-04-23 09:05:05,lnpcc,amazon-ratings,0.2,0.399183,60.29,56.09,4.12
2026-04-23 09:08:29,nrgnn,amazon-ratings,0.1,0.382649,225.32,0.05,209.82
2026-04-23 09:08:50,nrgnn,amazon-ratings,0.4,0.368002,224.87,0.04,209.95
2026-04-23 09:08:54,lnpcc,amazon-ratings,0.4,0.393672,133.5,129.8,3.63
2026-04-23 09:08:58,lnpcc,amazon-ratings,0.2,0.39852,56.88,52.89,3.92
2026-04-23 09:11:51,nrgnn,amazon-ratings,0.3,0.368512,220.44,0.04,202.04
2026-04-23 09:11:54,lnpcc,amazon-ratings,0.1,0.390048,42.4,39.0,3.35
2026-04-23 09:11:59,lnpcc,amazon-ratings,0.3,0.368563,70.97,65.59,5.33
2026-04-23 09:12:02,lnpcc,amazon-ratings,0.5,0.328349,42.97,40.03,2.89
2026-04-23 09:12:35,nrgnn,amazon-ratings,0.4,0.368512,217.49,0.04,205.6
2026-04-23 09:12:39,lnpcc,amazon-ratings,0.4,0.394846,113.12,109.04,4.01
2026-04-23 09:12:43,lnpcc,amazon-ratings,0.2,0.397346,52.2,48.1,4.03
2026-04-23 09:15:33,nrgnn,amazon-ratings,0.1,0.396326,222.45,0.04,211.01
2026-04-23 09:15:37,lnpcc,amazon-ratings,0.1,0.399081,74.39,71.0,3.34
2026-04-23 09:15:39,lnpcc,amazon-ratings,0.5,0.352131,38.75,36.33,2.37
2026-04-23 09:19:40,lnpcc,amazon-ratings,0.3,0.37632,292.2,51.1,241.05
2026-04-23 09:20:23,nrgnn,amazon-ratings,0.4,0.373718,460.3,0.04,447.04
2026-04-23 09:20:27,lnpcc,amazon-ratings,0.4,0.381679,137.96,134.04,3.85
2026-04-23 09:20:31,lnpcc,amazon-ratings,0.2,0.400306,53.83,49.78,3.99
2026-04-23 09:24:14,nrgnn,amazon-ratings,0.1,0.38173,512.33,0.04,273.53
2026-04-23 09:24:17,lnpcc,amazon-ratings,0.3,0.368512,49.66,46.49,3.12
2026-04-23 09:24:21,lnpcc,amazon-ratings,0.1,0.394999,66.75,62.7,3.99
2026-04-23 09:25:11,nrgnn,amazon-ratings,0.4,0.355958,280.51,0.03,268.77
2026-04-23 09:25:15,lnpcc,amazon-ratings,0.2,0.399847,46.03,42.07,3.89
2026-04-23 09:25:19,lnpcc,amazon-ratings,0.4,0.395254,134.97,130.35,4.56
2026-04-23 09:27:45,nrgnn,amazon-ratings,0.3,0.378515,218.72,0.03,204.01
2026-04-23 09:29:04,nrgnn,amazon-ratings,0.4,0.370656,216.08,0.04,202.97
2026-04-23 09:29:09,lnpcc,amazon-ratings,0.4,0.393468,134.61,130.2,4.36
2026-04-23 09:29:17,lnpcc,amazon-ratings,0.2,0.397346,63.36,55.46,7.84
2026-04-23 09:31:06,nrgnn,amazon-ratings,0.1,0.381526,212.35,0.04,200.53
2026-04-23 09:31:09,lnpcc,amazon-ratings,0.3,0.39505,64.68,61.06,3.57
2026-04-23 09:32:49,nrgnn,amazon-ratings,0.4,0.366012,207.11,0.03,196.2
2026-04-23 09:32:52,lnpcc,amazon-ratings,0.4,0.368512,144.9,141.14,3.69
2026-04-23 09:32:57,lnpcc,amazon-ratings,0.2,0.39949,59.16,54.82,4.28
2026-04-23 09:34:31,nrgnn,amazon-ratings,0.3,0.381577,212.37,0.03,199.68
2026-04-23 09:36:27,nrgnn,amazon-ratings,0.4,0.368665,202.87,0.03,193.22
2026-04-23 09:36:31,lnpcc,amazon-ratings,0.2,0.398316,71.69,67.77,3.88
2026-04-23 09:36:37,lnpcc,amazon-ratings,0.4,0.394897,127.47,121.27,6.14
2026-04-23 09:37:42,nrgnn,amazon-ratings,0.1,0.382087,201.68,0.04,190.73
2026-04-23 09:40:05,nrgnn,amazon-ratings,0.4,0.368717,203.66,0.04,193.42
2026-04-23 09:40:09,lnpcc,amazon-ratings,0.4,0.394131,151.89,148.06,3.78
2026-04-23 09:40:13,lnpcc,amazon-ratings,0.2,0.396785,44.78,41.07,3.66
2026-04-23 09:40:53,nrgnn,amazon-ratings,0.3,0.373922,201.55,0.04,191.05
2026-04-23 09:43:33,nrgnn,amazon-ratings,0.4,0.366216,197.75,0.03,188.32
2026-04-23 09:43:37,lnpcc,amazon-ratings,0.2,0.397091,46.86,42.95,3.86
2026-04-23 09:43:41,lnpcc,amazon-ratings,0.4,0.347946,123.43,119.63,3.75
2026-04-23 09:44:00,nrgnn,amazon-ratings,0.1,0.375147,198.03,0.03,187.58
2026-04-23 09:47:06,nrgnn,amazon-ratings,0.4,0.368512,202.78,0.04,192.75
2026-04-23 09:47:10,lnpcc,amazon-ratings,0.2,0.386374,48.2,44.18,3.97
2026-04-23 09:47:12,nrgnn,amazon-ratings,0.3,0.387599,201.78,0.04,191.48
2026-04-23 09:47:14,lnpcc,amazon-ratings,0.4,0.379485,141.77,137.54,4.17
2026-04-23 09:47:18,lnpcc,amazon-ratings,0.1,0.396938,70.39,63.87,6.47
2026-04-23 09:47:26,lnpcc,amazon-ratings,0.3,0.391988,63.49,55.85,7.59
2026-04-23 09:50:50,nrgnn,amazon-ratings,0.1,0.378158,215.07,0.03,202.63
2026-04-23 09:50:53,lnpcc,amazon-ratings,0.5,0.350855,54.14,50.94,3.16
2026-04-23 09:50:56,nrgnn,amazon-ratings,0.4,0.371881,216.04,0.03,205.42
2026-04-23 09:51:00,lnpcc,amazon-ratings,0.2,0.382955,55.75,52.11,3.59
2026-04-23 09:51:03,lnpcc,amazon-ratings,0.4,0.36397,157.85,152.11,3.77
2026-04-23 09:54:05,nrgnn,amazon-ratings,0.3,0.384945,201.82,0.03,191.78
2026-04-23 09:54:07,lnpcc,amazon-ratings,0.3,0.395356,58.59,56.19,2.36
2026-04-23 09:54:11,lnpcc,amazon-ratings,0.1,0.390355,68.18,64.69,3.11
2026-04-23 09:54:25,nrgnn,amazon-ratings,0.4,0.369686,201.8,0.05,190.81
2026-04-23 09:54:28,lnpcc,amazon-ratings,0.2,0.384741,46.63,42.97,3.59
2026-04-23 09:54:32,lnpcc,amazon-ratings,0.4,0.361572,125.98,122.19,3.73
2026-04-23 09:57:27,nrgnn,amazon-ratings,0.1,0.372289,207.93,0.04,195.91
2026-04-23 09:57:29,lnpcc,amazon-ratings,0.5,0.356213,39.16,36.99,2.13
2026-04-23 09:57:57,nrgnn,amazon-ratings,0.4,0.368359,206.52,0.03,195.13
2026-04-23 09:58:01,lnpcc,amazon-ratings,0.2,0.389895,45.51,41.79,3.66
2026-04-23 09:58:05,lnpcc,amazon-ratings,0.4,0.341261,128.54,124.63,3.84
2026-04-23 10:00:48,nrgnn,amazon-ratings,0.3,0.387089,210.13,0.04,199.43
2026-04-23 10:00:52,lnpcc,amazon-ratings,0.1,0.396377,63.31,59.79,3.48
2026-04-23 10:01:37,nrgnn,amazon-ratings,0.4,0.361725,212.72,0.04,202.34
2026-04-23 10:01:41,lnpcc,amazon-ratings,0.4,0.368819,135.87,131.98,3.84
2026-04-23 10:01:45,lnpcc,amazon-ratings,0.2,0.399337,44.87,40.93,3.89
2026-04-23 10:04:19,nrgnn,amazon-ratings,0.1,0.383669,217.97,0.03,207.78
2026-04-23 10:04:24,lnpcc,amazon-ratings,0.1,0.368512,47.88,43.67,4.16
2026-04-23 10:05:27,nrgnn,amazon-ratings,0.4,0.367849,222.67,0.04,210.53
2026-04-23 10:05:32,lnpcc,amazon-ratings,0.2,0.392702,46.68,42.3,4.32
2026-04-23 10:05:36,lnpcc,amazon-ratings,0.4,0.374636,150.64,146.22,4.35
2026-04-23 10:08:38,nrgnn,amazon-ratings,0.3,0.384078,268.25,0.04,254.45
2026-04-23 10:10:12,nrgnn,amazon-ratings,0.4,0.368512,275.87,0.05,259.68
2026-04-23 10:10:16,lnpcc,amazon-ratings,0.4,0.371115,224.82,220.84,3.91
2026-04-23 10:10:20,lnpcc,amazon-ratings,0.2,0.394846,69.69,65.53,4.1
2026-04-23 10:12:57,nrgnn,amazon-ratings,0.1,0.391528,273.75,0.05,258.97
2026-04-23 10:13:01,lnpcc,amazon-ratings,0.5,0.306405,35.87,32.11,3.71
2026-04-23 10:13:05,lnpcc,amazon-ratings,0.3,0.396581,52.9,49.0,3.87
2026-04-23 10:13:09,lnpcc,amazon-ratings,0.1,0.392702,39.48,35.1,4.33
2026-04-23 10:15:06,nrgnn,amazon-ratings,0.4,0.370452,286.75,0.04,272.16
2026-04-23 10:15:11,lnpcc,amazon-ratings,0.4,0.369839,222.79,218.48,4.23
2026-04-23 10:15:15,lnpcc,amazon-ratings,0.2,0.396377,63.16,58.64,4.44
2026-04-23 10:17:44,nrgnn,amazon-ratings,0.3,0.375606,293.74,0.06,275.3
2026-04-23 10:17:49,lnpcc,amazon-ratings,0.3,0.395305,101.28,96.87,4.35
2026-04-23 10:17:54,lnpcc,amazon-ratings,0.5,0.377086,69.62,64.62,4.93
2026-04-23 10:20:09,nrgnn,amazon-ratings,0.4,0.364532,292.16,0.06,275.11
2026-04-23 10:20:13,lnpcc,amazon-ratings,0.4,0.378107,247.47,243.16,4.23
2026-04-23 10:20:17,lnpcc,amazon-ratings,0.2,0.398214,76.51,72.06,4.38
2026-04-23 10:22:33,nrgnn,amazon-ratings,0.1,0.389283,302.43,0.05,279.37
2026-04-23 10:22:37,lnpcc,amazon-ratings,0.5,0.380403,64.25,60.71,3.48
2026-04-23 10:25:03,nrgnn,amazon-ratings,0.4,0.355448,285.66,0.06,269.6
2026-04-23 10:25:07,lnpcc,amazon-ratings,0.2,0.398367,71.64,67.41,4.15
2026-04-23 10:25:11,lnpcc,amazon-ratings,0.4,0.374279,201.03,196.72,4.23
2026-04-23 10:27:01,nrgnn,amazon-ratings,0.3,0.387701,286.48,0.06,264.39
2026-04-23 10:27:05,lnpcc,amazon-ratings,0.1,0.394386,97.5,93.82,3.62
2026-04-23 10:27:09,lnpcc,amazon-ratings,0.3,0.395917,92.96,88.64,4.26
2026-04-23 10:29:47,nrgnn,amazon-ratings,0.4,0.365501,275.99,0.05,260.77
2026-04-23 10:29:50,lnpcc,amazon-ratings,0.4,0.377086,174.26,170.73,3.44
2026-04-23 10:29:54,lnpcc,amazon-ratings,0.2,0.390559,72.18,68.49,3.63
2026-04-23 10:31:24,nrgnn,amazon-ratings,0.1,0.388671,273.26,0.06,254.66
2026-04-23 10:31:29,lnpcc,amazon-ratings,0.1,0.368512,92.19,87.21,4.92
2026-04-23 10:31:33,lnpcc,amazon-ratings,0.3,0.398673,84.07,79.93,4.08
2026-04-23 10:31:37,lnpcc,amazon-ratings,0.5,0.379382,56.35,52.43,3.86
2026-04-23 10:34:34,nrgnn,amazon-ratings,0.4,0.353815,280.43,0.04,270.09
2026-04-23 10:34:38,lnpcc,amazon-ratings,0.4,0.364021,184.55,180.51,3.97
2026-04-23 10:34:42,lnpcc,amazon-ratings,0.2,0.383669,65.66,61.4,4.2
2026-04-23 10:36:09,nrgnn,amazon-ratings,0.3,0.386272,293.09,0.05,272.61
2026-04-23 10:36:13,lnpcc,amazon-ratings,0.3,0.393468,98.64,94.51,4.08
2026-04-23 10:36:18,lnpcc,amazon-ratings,0.1,0.391477,96.21,91.12,5.03
2026-04-23 10:39:28,nrgnn,amazon-ratings,0.4,0.368512,285.84,0.05,270.73
2026-04-23 10:39:32,lnpcc,amazon-ratings,0.4,0.36147,185.17,180.83,4.27
2026-04-23 10:39:36,lnpcc,amazon-ratings,0.2,0.383261,73.12,68.75,4.29
2026-04-23 10:40:50,nrgnn,amazon-ratings,0.1,0.3827,293.08,0.05,272.04
2026-04-23 10:40:54,lnpcc,amazon-ratings,0.5,0.379587,76.53,72.79,3.68
2026-04-23 10:40:58,lnpcc,amazon-ratings,0.3,0.392906,96.66,92.27,4.33
2026-04-23 10:44:23,nrgnn,amazon-ratings,0.4,0.362388,287.08,0.05,271.11
2026-04-23 10:44:27,lnpcc,amazon-ratings,0.2,0.389079,73.36,68.97,4.31
2026-04-23 10:44:32,lnpcc,amazon-ratings,0.4,0.336055,199.18,194.73,4.36
2026-04-23 10:45:30,nrgnn,amazon-ratings,0.3,0.382496,292.44,0.06,271.23
2026-04-23 10:45:34,lnpcc,amazon-ratings,0.3,0.386323,58.0,53.85,4.1
2026-04-23 10:49:07,nrgnn,amazon-ratings,0.4,0.36938,274.9,0.06,258.68
2026-04-23 10:49:11,lnpcc,amazon-ratings,0.2,0.400255,84.63,81.05,3.49
2026-04-23 10:49:15,lnpcc,amazon-ratings,0.4,0.370145,179.63,175.8,3.74
2026-04-23 10:49:41,nrgnn,amazon-ratings,0.1,0.380199,268.21,0.06,247.55
2026-04-23 10:49:44,lnpcc,amazon-ratings,0.5,0.362235,62.73,59.96,2.71
2026-04-23 10:49:47,lnpcc,amazon-ratings,0.3,0.388773,54.4,51.32,3.01
2026-04-23 10:49:51,lnpcc,amazon-ratings,0.1,0.396836,82.2,77.95,4.2
2026-04-23 10:53:00,nrgnn,amazon-ratings,0.4,0.361623,225.82,0.04,215.35
2026-04-23 10:53:03,lnpcc,amazon-ratings,0.4,0.377954,164.84,161.33,3.45
2026-04-23 10:53:07,lnpcc,amazon-ratings,0.2,0.390508,49.92,46.11,3.75
2026-04-23 10:53:22,nrgnn,amazon-ratings,0.3,0.3827,232.25,0.05,210.94
2026-04-23 10:53:25,lnpcc,amazon-ratings,0.5,0.378923,51.54,48.85,2.65
2026-04-23 10:53:29,lnpcc,amazon-ratings,0.1,0.391579,81.0,77.0,3.94
2026-04-23 10:56:49,nrgnn,amazon-ratings,0.4,0.368512,222.91,0.04,212.21
2026-04-23 10:56:53,lnpcc,amazon-ratings,0.2,0.391631,56.97,53.19,3.73
2026-04-23 10:56:57,lnpcc,amazon-ratings,0.4,0.362337,153.47,149.57,3.84
2026-04-23 10:57:01,nrgnn,amazon-ratings,0.1,0.399541,227.51,0.04,211.67
2026-04-23 11:00:32,nrgnn,amazon-ratings,0.3,0.388722,226.93,0.05,211.38
2026-04-23 11:00:35,lnpcc,amazon-ratings,0.3,0.396734,114.9,111.78,3.06
2026-04-23 11:00:40,nrgnn,amazon-ratings,0.4,0.368512,223.98,0.04,212.82
2026-04-23 11:00:44,lnpcc,amazon-ratings,0.4,0.3679,151.98,148.06,3.85
2026-04-23 11:00:48,lnpcc,amazon-ratings,0.2,0.397601,58.93,55.0,3.86
2026-04-23 11:04:00,nrgnn,amazon-ratings,0.1,0.378668,216.58,0.04,204.82
2026-04-23 11:04:24,nrgnn,amazon-ratings,0.4,0.302781,216.82,0.05,203.13
2026-04-23 11:04:28,lnpcc,amazon-ratings,0.4,0.377137,121.28,117.34,3.87
2026-04-23 11:04:32,lnpcc,amazon-ratings,0.2,0.397295,54.83,50.8,3.95
2026-04-23 11:07:28,nrgnn,amazon-ratings,0.3,0.38224,221.3,0.04,208.27
2026-04-23 11:07:32,lnpcc,amazon-ratings,0.1,0.394641,81.79,78.35,3.39
2026-04-23 11:07:35,lnpcc,amazon-ratings,0.3,0.394999,62.7,59.74,2.92
2026-04-23 11:07:38,lnpcc,amazon-ratings,0.5,0.336719,43.34,40.39,2.89
2026-04-23 11:08:12,nrgnn,amazon-ratings,0.4,0.369584,220.6,0.04,209.98
2026-04-23 11:08:16,lnpcc,amazon-ratings,0.4,0.373054,145.16,141.13,3.97
2026-04-23 11:08:20,lnpcc,amazon-ratings,0.2,0.393621,53.98,49.86,4.07
2026-04-23 11:11:17,nrgnn,amazon-ratings,0.1,0.36545,230.77,0.03,219.54
2026-04-23 11:11:21,lnpcc,amazon-ratings,0.1,0.394386,64.22,60.37,3.8
2026-04-23 11:11:27,lnpcc,amazon-ratings,0.5,0.381934,101.99,96.24,5.71
2026-04-23 11:12:14,nrgnn,amazon-ratings,0.4,0.357999,233.97,0.05,219.4
2026-04-23 11:12:17,lnpcc,amazon-ratings,0.4,0.379434,158.6,154.68,3.85
2026-04-23 11:12:21,lnpcc,amazon-ratings,0.2,0.389793,61.68,57.61,3.99
2026-04-23 11:15:00,nrgnn,amazon-ratings,0.3,0.388211,226.48,0.04,213.16
2026-04-23 11:15:04,lnpcc,amazon-ratings,0.1,0.390661,69.33,65.44,3.84
2026-04-23 11:16:03,nrgnn,amazon-ratings,0.4,0.345854,221.87,0.04,208.83
2026-04-23 11:16:07,lnpcc,amazon-ratings,0.4,0.363766,135.5,132.08,3.35
2026-04-23 11:16:10,lnpcc,amazon-ratings,0.2,0.386272,51.55,47.78,3.71
2026-04-23 11:18:33,nrgnn,amazon-ratings,0.1,0.380454,221.34,0.03,208.73
2026-04-23 11:18:42,lnpcc,amazon-ratings,0.5,0.348609,117.5,107.61,9.85
2026-04-23 11:18:47,lnpcc,amazon-ratings,0.1,0.396887,52.46,48.21,4.21
2026-04-23 11:19:55,nrgnn,amazon-ratings,0.4,0.368461,225.17,0.04,214.46
2026-04-23 11:19:58,lnpcc,amazon-ratings,0.4,0.361215,126.92,123.25,3.61
2026-04-23 11:20:02,lnpcc,amazon-ratings,0.2,0.378719,56.69,52.84,3.78
2026-04-23 11:22:12,nrgnn,amazon-ratings,0.3,0.385302,217.31,0.04,205.5
2026-04-23 11:23:36,nrgnn,amazon-ratings,0.4,0.368512,215.2,0.04,204.81
2026-04-23 11:23:40,lnpcc,amazon-ratings,0.4,0.341873,130.5,126.5,3.94
2026-04-23 11:23:44,lnpcc,amazon-ratings,0.2,0.38765,49.85,45.87,3.92
2026-04-23 11:25:46,nrgnn,amazon-ratings,0.1,0.393825,228.85,0.03,214.26
2026-04-23 11:25:52,lnpcc,amazon-ratings,0.5,0.38224,51.86,46.42,5.39
2026-04-23 11:27:25,nrgnn,amazon-ratings,0.4,0.36841,220.55,0.07,207.82
2026-04-23 11:27:28,lnpcc,amazon-ratings,0.4,0.368512,138.95,135.28,3.6
2026-04-23 11:27:32,lnpcc,amazon-ratings,0.2,0.400612,50.17,46.33,3.78
2026-04-23 11:29:18,nrgnn,amazon-ratings,0.3,0.385353,216.82,0.04,205.64
2026-04-23 11:29:23,lnpcc,amazon-ratings,0.5,0.344067,48.85,43.63,5.17
2026-04-23 11:29:26,lnpcc,amazon-ratings,0.3,0.390916,66.99,63.99,2.95
2026-04-23 11:29:30,lnpcc,amazon-ratings,0.1,0.393213,63.38,59.21,4.12
2026-04-23 11:31:13,nrgnn,amazon-ratings,0.4,0.362286,221.65,0.05,210.13
2026-04-23 11:31:16,lnpcc,amazon-ratings,0.2,0.391682,49.72,46.17,3.49
2026-04-23 11:31:20,lnpcc,amazon-ratings,0.4,0.375657,121.29,117.72,3.5
2026-04-23 11:32:59,nrgnn,amazon-ratings,0.1,0.374789,221.63,0.05,209.33
2026-04-23 11:33:04,lnpcc,amazon-ratings,0.5,0.382445,49.67,44.41,5.22
2026-04-23 11:35:02,nrgnn,amazon-ratings,0.4,0.372697,222.26,0.03,212.23
2026-04-23 11:35:06,lnpcc,amazon-ratings,0.2,0.392447,45.21,41.44,3.71
2026-04-23 11:35:10,lnpcc,amazon-ratings,0.4,0.362235,139.35,135.42,3.88
2026-04-23 11:36:41,nrgnn,amazon-ratings,0.3,0.380352,230.84,0.03,216.39
2026-04-23 11:38:54,nrgnn,amazon-ratings,0.4,0.362439,225.12,0.04,212.19
2026-04-23 11:38:58,lnpcc,amazon-ratings,0.2,0.394233,50.38,46.71,3.6
2026-04-23 11:39:01,lnpcc,amazon-ratings,0.4,0.367032,131.97,128.22,3.68
2026-04-23 11:40:07,nrgnn,amazon-ratings,0.1,0.383465,217.78,0.04,206.11
2026-04-23 11:40:11,lnpcc,amazon-ratings,0.1,0.397091,45.15,41.32,3.79
2026-04-23 11:42:37,nrgnn,amazon-ratings,0.4,0.383924,216.55,0.04,205.9
2026-04-23 11:42:41,lnpcc,amazon-ratings,0.4,0.374483,117.17,113.51,3.6
2026-04-23 11:42:45,lnpcc,amazon-ratings,0.2,0.399643,54.87,51.12,3.69
2026-04-23 11:43:33,nrgnn,amazon-ratings,0.3,0.391018,213.92,0.04,202.54
2026-04-23 11:46:23,nrgnn,amazon-ratings,0.4,0.367186,219.26,0.03,208.61
2026-04-23 11:46:27,lnpcc,amazon-ratings,0.2,0.391579,68.73,65.19,3.47
2026-04-23 11:46:30,lnpcc,amazon-ratings,0.4,0.373003,143.46,139.88,3.52
2026-04-23 11:46:56,nrgnn,amazon-ratings,0.1,0.377239,214.04,0.05,202.2
2026-04-23 11:46:59,lnpcc,amazon-ratings,0.3,0.39852,45.24,42.2,2.99
2026-04-23 11:50:17,nrgnn,amazon-ratings,0.3,0.386017,210.18,0.05,198.21
2026-04-23 11:50:19,lnpcc,amazon-ratings,0.3,0.398622,47.02,44.3,2.66
2026-04-23 11:50:20,nrgnn,amazon-ratings,0.4,0.370605,214.04,0.04,202.71
2026-04-23 11:50:24,lnpcc,amazon-ratings,0.2,0.391273,60.88,57.1,3.72
2026-04-23 11:50:28,lnpcc,amazon-ratings,0.4,0.379025,93.26,89.39,3.82
2026-04-23 11:53:38,nrgnn,amazon-ratings,0.1,0.374892,211.8,0.04,198.87
2026-04-23 11:53:42,lnpcc,amazon-ratings,0.1,0.390202,37.29,33.89,3.36
2026-04-23 11:53:58,nrgnn,amazon-ratings,0.4,0.364736,211.64,0.03,199.87
2026-04-23 11:54:02,lnpcc,amazon-ratings,0.2,0.383669,59.43,55.78,3.59
2026-04-23 11:54:06,lnpcc,amazon-ratings,0.4,0.363715,88.21,84.4,3.74
2026-04-23 11:57:08,nrgnn,amazon-ratings,0.3,0.385915,218.74,0.05,206.41
2026-04-23 11:57:15,lnpcc,amazon-ratings,0.5,0.382342,47.43,40.84,6.54
2026-04-23 11:57:57,nrgnn,amazon-ratings,0.4,0.374432,231.67,0.03,220.52
2026-04-23 11:58:01,lnpcc,amazon-ratings,0.2,0.384078,55.37,51.3,4.01
2026-04-23 11:58:05,lnpcc,amazon-ratings,0.4,0.362031,99.95,95.9,4.0
2026-04-23 12:02:12,nrgnn,amazon-ratings,0.4,0.37035,247.03,0.05,233.6
2026-04-23 12:02:17,lnpcc,amazon-ratings,0.2,0.388722,69.86,65.76,4.02
2026-04-23 12:05:20,nrgnn,amazon-ratings,0.1,0.387191,496.17,0.04,485.52
2026-04-23 12:05:26,lnpcc,amazon-ratings,0.5,0.37035,74.74,69.12,5.54
2026-04-23 12:05:29,lnpcc,amazon-ratings,0.3,0.393162,42.22,39.15,3.02
2026-04-23 12:05:33,lnpcc,amazon-ratings,0.1,0.392957,59.15,54.86,4.25
2026-04-23 12:06:20,nrgnn,amazon-ratings,0.4,0.361725,239.86,0.04,228.24
2026-04-23 12:06:24,lnpcc,amazon-ratings,0.2,0.398418,63.64,59.64,3.92
2026-04-23 12:06:28,lnpcc,amazon-ratings,0.4,0.368563,116.49,112.4,4.01
2026-04-23 12:09:25,nrgnn,amazon-ratings,0.3,0.383057,346.1,0.04,231.86
2026-04-23 12:09:32,lnpcc,amazon-ratings,0.5,0.380965,65.42,58.64,6.73
2026-04-23 12:09:36,lnpcc,amazon-ratings,0.3,0.391375,121.0,117.13,3.81
2026-04-23 12:09:40,lnpcc,amazon-ratings,0.1,0.39653,86.49,81.69,4.74
2026-04-23 12:10:43,nrgnn,amazon-ratings,0.4,0.364991,254.64,0.05,240.37
2026-04-23 12:10:47,lnpcc,amazon-ratings,0.4,0.369737,111.89,107.48,4.35
2026-04-23 12:10:51,lnpcc,amazon-ratings,0.2,0.392294,69.86,65.43,4.35
2026-04-23 12:13:46,nrgnn,amazon-ratings,0.5,0.359939,261.21,0.04,245.74
2026-04-23 12:13:52,lnpcc,amazon-ratings,0.5,0.381016,75.35,69.5,5.8
2026-04-23 12:15:02,nrgnn,amazon-ratings,0.4,0.361266,250.08,0.05,231.68
2026-04-23 12:15:05,lnpcc,amazon-ratings,0.4,0.360347,141.35,137.46,3.8
2026-04-23 12:15:09,lnpcc,amazon-ratings,0.2,0.391631,70.07,66.03,3.96
2026-04-23 12:17:39,nrgnn,amazon-ratings,0.3,0.387344,245.21,0.05,226.69
2026-04-23 12:17:44,lnpcc,amazon-ratings,0.3,0.375351,62.18,56.85,5.27
2026-04-23 12:19:07,nrgnn,amazon-ratings,0.4,0.362235,238.15,0.05,226.23
2026-04-23 12:19:11,lnpcc,amazon-ratings,0.4,0.367492,127.29,123.47,3.76
2026-04-23 12:19:15,lnpcc,amazon-ratings,0.2,0.399898,73.87,69.94,3.88
2026-04-23 12:21:17,nrgnn,amazon-ratings,0.5,0.315489,225.88,0.06,212.6
2026-04-23 12:21:20,lnpcc,amazon-ratings,0.1,0.395203,85.57,81.81,3.71
2026-04-23 12:21:26,lnpcc,amazon-ratings,0.5,0.34274,56.88,51.0,5.82
2026-04-23 12:23:00,nrgnn,amazon-ratings,0.4,0.366879,225.41,0.04,213.28
2026-04-23 12:23:03,lnpcc,amazon-ratings,0.4,0.377443,119.64,116.15,3.43
2026-04-23 12:23:07,lnpcc,amazon-ratings,0.2,0.39801,55.92,52.29,3.57
2026-04-23 12:24:52,nrgnn,amazon-ratings,0.3,0.386578,217.84,0.03,205.49
2026-04-23 12:26:37,nrgnn,amazon-ratings,0.4,0.378209,211.07,0.04,201.0
2026-04-23 12:26:41,lnpcc,amazon-ratings,0.4,0.372952,106.38,102.85,3.46
2026-04-23 12:26:44,lnpcc,amazon-ratings,0.2,0.398367,45.41,41.88,3.48
2026-04-23 12:28:13,nrgnn,amazon-ratings,0.5,0.325083,216.12,0.04,201.52
2026-04-23 12:28:17,lnpcc,amazon-ratings,0.1,0.399337,55.88,52.07,3.76
2026-04-23 12:28:23,lnpcc,amazon-ratings,0.5,0.349936,58.61,52.78,5.78
2026-04-23 12:28:26,lnpcc,amazon-ratings,0.3,0.379434,43.39,40.37,2.98
2026-04-23 12:30:31,nrgnn,amazon-ratings,0.4,0.379076,227.58,0.03,217.14
2026-04-23 12:30:35,lnpcc,amazon-ratings,0.4,0.378464,142.35,138.76,3.53
2026-04-23 12:30:38,lnpcc,amazon-ratings,0.2,0.389079,48.36,44.52,3.77
2026-04-23 12:32:00,nrgnn,amazon-ratings,0.3,0.389334,224.67,0.04,214.52
2026-04-23 12:32:06,lnpcc,amazon-ratings,0.5,0.380556,59.27,53.71,5.49
2026-04-23 12:34:22,nrgnn,amazon-ratings,0.4,0.379638,224.96,0.04,213.5
2026-04-23 12:34:26,lnpcc,amazon-ratings,0.2,0.388722,58.48,54.86,3.56
2026-04-23 12:34:30,lnpcc,amazon-ratings,0.4,0.363409,156.17,152.43,3.67
2026-04-23 12:35:30,nrgnn,amazon-ratings,0.5,0.368512,219.91,0.05,203.57
2026-04-23 12:35:33,lnpcc,amazon-ratings,0.1,0.392345,64.58,61.07,3.46
2026-04-23 12:35:36,lnpcc,amazon-ratings,0.3,0.394897,49.28,46.54,2.68
2026-04-23 12:38:07,nrgnn,amazon-ratings,0.4,0.376423,217.71,0.05,207.65
2026-04-23 12:38:10,lnpcc,amazon-ratings,0.4,0.362082,153.66,150.07,3.53
2026-04-23 12:38:14,lnpcc,amazon-ratings,0.2,0.382904,46.57,42.99,3.53
2026-04-23 12:39:01,nrgnn,amazon-ratings,0.3,0.388007,219.07,0.07,205.5
2026-04-23 12:39:05,lnpcc,amazon-ratings,0.1,0.397499,70.85,67.01,3.8
2026-04-23 12:39:11,lnpcc,amazon-ratings,0.5,0.333044,54.81,48.96,5.79
2026-04-23 12:39:14,lnpcc,amazon-ratings,0.3,0.39556,74.83,71.48,3.3
2026-04-23 12:41:58,nrgnn,amazon-ratings,0.4,0.383465,224.3,0.03,215.54
2026-04-23 12:42:02,lnpcc,amazon-ratings,0.4,0.340189,129.18,125.3,3.82
2026-04-23 12:42:06,lnpcc,amazon-ratings,0.2,0.389538,53.12,49.29,3.77
2026-04-23 12:42:41,nrgnn,amazon-ratings,0.5,0.324266,219.31,0.04,207.11
2026-04-23 12:42:47,lnpcc,amazon-ratings,0.5,0.381322,68.69,63.1,5.54
2026-04-23 12:45:42,nrgnn,amazon-ratings,0.4,0.378515,213.98,0.03,204.65
2026-04-23 12:45:46,lnpcc,amazon-ratings,0.4,0.368972,122.5,118.05,4.4
2026-04-23 12:45:56,lnpcc,amazon-ratings,0.2,0.394897,59.44,50.11,9.26
2026-04-23 12:46:09,nrgnn,amazon-ratings,0.3,0.394539,217.44,0.04,201.38
2026-04-23 12:49:35,nrgnn,amazon-ratings,0.5,0.368512,217.36,0.06,204.68
2026-04-23 12:49:38,lnpcc,amazon-ratings,0.3,0.39653,55.11,51.14,3.91
2026-04-23 12:49:51,lnpcc,amazon-ratings,0.1,0.394386,85.58,72.64,12.88
2026-04-23 12:49:55,nrgnn,amazon-ratings,0.4,0.373156,221.47,0.04,206.71
2026-04-23 12:49:58,lnpcc,amazon-ratings,0.5,0.381883,60.37,53.76,6.56
2026-04-23 12:50:00,lnpcc,amazon-ratings,0.2,0.392447,66.78,61.64,5.08
2026-04-23 12:50:12,lnpcc,amazon-ratings,0.4,0.372034,154.59,142.79,11.74
2026-04-23 12:53:28,nrgnn,amazon-ratings,0.3,0.385558,220.32,0.04,202.46
2026-04-23 12:54:20,nrgnn,amazon-ratings,0.4,0.372544,226.42,0.05,216.43
2026-04-23 12:54:24,lnpcc,amazon-ratings,0.2,0.393621,96.04,88.37,4.15
2026-04-23 12:54:29,lnpcc,amazon-ratings,0.4,0.361215,160.02,155.26,4.69
2026-04-23 12:56:41,nrgnn,amazon-ratings,0.5,0.359224,209.68,0.04,193.44
2026-04-23 12:56:45,lnpcc,amazon-ratings,0.1,0.396938,112.66,106.06,4.32
2026-04-23 12:56:55,lnpcc,amazon-ratings,0.3,0.397448,78.13,64.63,9.58
2026-04-23 12:58:20,nrgnn,amazon-ratings,0.4,0.368461,216.69,0.03,207.82
2026-04-23 12:58:24,lnpcc,amazon-ratings,0.2,0.40097,70.13,66.02,4.05
2026-04-23 12:58:32,lnpcc,amazon-ratings,0.4,0.371472,151.46,143.4,8.0
2026-04-23 13:00:19,nrgnn,amazon-ratings,0.3,0.3901,213.4,0.03,196.07
2026-04-23 13:00:24,lnpcc,amazon-ratings,0.1,0.39903,67.79,62.72,5.04
2026-04-23 13:02:11,nrgnn,amazon-ratings,0.4,0.376525,211.88,0.03,200.95
2026-04-23 13:02:16,lnpcc,amazon-ratings,0.4,0.376474,136.81,132.42,4.34
2026-04-23 13:02:21,lnpcc,amazon-ratings,0.2,0.40051,72.24,66.68,5.5
2026-04-23 13:03:49,nrgnn,amazon-ratings,0.5,0.3432,216.97,0.03,202.57
2026-04-23 13:03:52,lnpcc,amazon-ratings,0.3,0.399132,65.42,60.62,3.76
2026-04-23 13:04:04,lnpcc,amazon-ratings,0.5,0.382291,107.09,95.6,11.42
2026-04-23 13:06:10,nrgnn,amazon-ratings,0.4,0.372646,210.0,0.03,198.65
2026-04-23 13:06:15,lnpcc,amazon-ratings,0.2,0.390559,59.3,54.17,5.06
2026-04-23 13:06:20,lnpcc,amazon-ratings,0.4,0.372901,134.92,130.41,4.45
2026-04-23 13:07:20,nrgnn,amazon-ratings,0.3,0.387038,206.99,0.04,191.16
2026-04-23 13:07:25,lnpcc,amazon-ratings,0.1,0.394182,82.29,77.53,4.72
2026-04-23 13:10:13,nrgnn,amazon-ratings,0.4,0.380607,203.78,0.03,194.36
2026-04-23 13:10:17,lnpcc,amazon-ratings,0.2,0.385711,80.57,76.17,4.35
2026-04-23 13:10:22,lnpcc,amazon-ratings,0.4,0.395509,122.21,117.54,4.63
2026-04-23 13:10:44,nrgnn,amazon-ratings,0.5,0.368512,216.02,0.04,193.29
2026-04-23 13:11:00,lnpcc,amazon-ratings,0.5,0.382547,85.39,64.1,15.69
2026-04-23 13:11:04,lnpcc,amazon-ratings,0.1,0.395968,82.19,78.13,4.02
2026-04-23 13:11:10,lnpcc,amazon-ratings,0.3,0.398928,61.08,55.08,5.96
2026-04-23 13:14:10,nrgnn,amazon-ratings,0.4,0.346109,213.04,0.04,204.3
2026-04-23 13:14:14,lnpcc,amazon-ratings,0.2,0.381628,71.59,67.63,3.91
2026-04-23 13:14:18,lnpcc,amazon-ratings,0.4,0.38224,103.01,98.37,4.59
2026-04-23 13:14:36,nrgnn,amazon-ratings,0.3,0.386221,220.67,0.04,194.19
2026-04-23 13:14:48,lnpcc,amazon-ratings,0.1,0.397499,104.42,89.64,12.16
2026-04-23 13:14:58,lnpcc,amazon-ratings,0.5,0.382138,85.31,73.31,9.4
2026-04-23 13:18:02,nrgnn,amazon-ratings,0.4,0.349273,211.77,0.04,196.44
2026-04-23 13:18:04,nrgnn,amazon-ratings,0.5,0.355805,196.7,0.03,186.64
2026-04-23 13:18:06,lnpcc,amazon-ratings,0.2,0.388569,68.99,64.43,4.51
2026-04-23 13:18:14,lnpcc,amazon-ratings,0.4,0.348916,100.16,92.41,7.7
2026-04-23 13:21:12,nrgnn,amazon-ratings,0.3,0.390457,201.19,0.03,185.2
2026-04-23 13:21:17,lnpcc,amazon-ratings,0.5,0.382393,74.51,69.27,5.21
2026-04-23 13:21:26,lnpcc,amazon-ratings,0.3,0.397091,77.82,64.71,8.53
2026-04-23 13:21:48,nrgnn,amazon-ratings,0.4,0.36101,198.0,0.04,185.87
2026-04-23 13:21:53,lnpcc,amazon-ratings,0.4,0.355703,104.25,99.19,5.01
2026-04-23 13:22:07,lnpcc,amazon-ratings,0.2,0.381169,70.77,56.18,14.55
2026-04-23 13:24:38,nrgnn,amazon-ratings,0.5,0.356673,202.04,0.03,187.2
2026-04-23 13:26:01,nrgnn,amazon-ratings,0.4,0.372748,211.61,0.05,190.07
2026-04-23 13:26:06,lnpcc,amazon-ratings,0.2,0.398418,68.81,64.24,4.51
2026-04-23 13:26:10,lnpcc,amazon-ratings,0.4,0.374585,106.53,102.24,4.24
2026-04-23 13:27:43,nrgnn,amazon-ratings,0.3,0.37928,197.11,0.03,184.86
2026-04-23 13:27:49,lnpcc,amazon-ratings,0.5,0.382189,81.47,75.71,5.72
2026-04-23 13:27:54,lnpcc,amazon-ratings,0.3,0.399439,81.86,71.29,5.58
2026-04-23 13:28:11,lnpcc,amazon-ratings,0.1,0.396275,91.71,75.32,16.35
2026-04-23 13:29:52,nrgnn,amazon-ratings,0.4,0.366624,204.02,0.04,194.63
2026-04-23 13:29:57,lnpcc,amazon-ratings,0.2,0.387548,61.85,56.76,5.04
2026-04-23 13:30:06,lnpcc,amazon-ratings,0.4,0.367083,108.57,98.05,8.42
2026-04-23 13:31:31,nrgnn,amazon-ratings,0.5,0.368717,209.95,0.03,192.54
2026-04-23 13:31:37,lnpcc,amazon-ratings,0.3,0.368512,73.3,66.67,6.59
2026-04-23 13:31:49,lnpcc,amazon-ratings,0.1,0.396326,107.33,91.88,11.63
2026-04-23 13:33:45,nrgnn,amazon-ratings,0.4,0.371166,200.91,0.03,191.97
2026-04-23 13:33:50,lnpcc,amazon-ratings,0.4,0.364991,106.22,101.41,4.75
2026-04-23 13:33:55,lnpcc,amazon-ratings,0.2,0.382189,64.13,59.28,4.8
2026-04-23 13:35:05,nrgnn,amazon-ratings,0.3,0.346517,212.61,0.03,193.3
2026-04-23 13:35:18,lnpcc,amazon-ratings,0.3,0.368512,64.22,50.09,12.65
2026-04-23 13:35:31,lnpcc,amazon-ratings,0.5,0.381373,95.85,76.61,13.28
2026-04-23 13:37:23,nrgnn,amazon-ratings,0.4,0.370707,201.0,0.04,191.65
2026-04-23 13:37:27,lnpcc,amazon-ratings,0.2,0.395815,46.69,43.28,3.35
2026-04-23 13:37:30,lnpcc,amazon-ratings,0.4,0.373973,93.41,89.78,3.57
2026-04-23 13:38:39,nrgnn,amazon-ratings,0.5,0.368972,203.56,0.03,188.11
2026-04-23 13:38:42,lnpcc,amazon-ratings,0.3,0.399234,64.1,59.42,3.48
2026-04-23 13:38:57,lnpcc,amazon-ratings,0.5,0.381475,73.61,59.35,14.22
2026-04-23 13:40:18,pignn,amazon-ratings,0.1,0.368512,164.94,0.04,164.77
2026-04-23 13:42:02,nrgnn,amazon-ratings,0.3,0.390712,194.89,0.03,185.66
2026-04-23 13:42:11,lnpcc,amazon-ratings,0.3,0.391886,62.06,52.58,9.0
2026-04-23 13:43:24,nrgnn,amazon-ratings,0.4,0.384588,195.96,0.04,185.58
2026-04-23 13:45:15,nrgnn,amazon-ratings,0.5,0.368512,194.04,0.03,183.7
2026-04-23 13:46:03,pignn,amazon-ratings,0.1,0.36841,159.06,0.03,158.92
2026-04-23 13:48:16,nrgnn,amazon-ratings,0.3,0.388926,189.97,0.04,180.37
2026-04-23 13:48:24,lnpcc,amazon-ratings,0.5,0.349426,62.03,53.12,8.87
2026-04-23 13:48:28,lnpcc,amazon-ratings,0.1,0.397857,61.12,56.06,3.73
2026-04-23 13:48:32,lnpcc,amazon-ratings,0.3,0.397346,40.8,37.07,3.69
2026-04-23 13:49:07,nrgnn,amazon-ratings,0.4,0.368461,193.82,0.03,183.48
2026-04-23 13:51:44,nrgnn,amazon-ratings,0.5,0.360551,201.23,0.03,188.17
2026-04-23 13:51:47,lnpcc,amazon-ratings,0.3,0.397908,67.9,63.53,3.27
2026-04-23 13:51:52,pignn,amazon-ratings,0.1,0.362746,165.08,0.03,164.93
2026-04-23 13:51:57,lnpcc,amazon-ratings,0.5,0.348558,82.62,72.93,9.65
2026-04-23 13:52:01,lnpcc,amazon-ratings,0.4,0.365501,87.16,77.23,9.88
2026-04-23 13:52:11,lnpcc,amazon-ratings,0.1,0.399388,88.71,73.2,14.42
2026-04-23 13:55:16,nrgnn,amazon-ratings,0.4,0.380913,207.28,0.03,193.26
2026-04-23 13:55:20,lnpcc,amazon-ratings,0.4,0.381832,109.93,102.03,4.13
2026-04-23 13:55:26,nrgnn,amazon-ratings,0.3,0.385098,205.41,0.03,195.0
2026-04-23 13:55:38,lnpcc,amazon-ratings,0.5,0.344986,70.12,57.64,11.82
2026-04-23 13:55:44,lnpcc,amazon-ratings,0.3,0.399439,61.53,55.22,6.26
2026-04-23 13:58:03,pignn,amazon-ratings,0.1,0.368512,162.72,0.04,162.53
2026-04-23 13:58:52,nrgnn,amazon-ratings,0.5,0.333963,197.01,0.04,187.2
2026-04-23 13:58:55,lnpcc,amazon-ratings,0.3,0.398724,56.83,53.45,3.35
2026-04-23 14:01:11,nrgnn,amazon-ratings,0.4,0.340954,198.73,0.03,188.32
2026-04-23 14:01:39,pignn,amazon-ratings,0.2,0.369176,164.32,0.03,163.36
2026-04-23 14:01:54,lnpcc,amazon-ratings,0.1,0.380097,90.11,75.63,14.45
2026-04-23 14:03:52,pignn,amazon-ratings,0.1,0.365961,160.84,0.03,160.69
2026-04-23 14:04:56,nrgnn,amazon-ratings,0.3,0.380658,191.85,0.04,182.54
2026-04-23 14:05:06,lnpcc,amazon-ratings,0.5,0.382955,73.49,63.32,10.14
2026-04-23 14:05:09,lnpcc,amazon-ratings,0.3,0.393162,41.25,38.14,3.07
2026-04-23 14:05:26,lnpcc,amazon-ratings,0.1,0.399388,65.43,48.66,16.74
2026-04-23 14:07:04,nrgnn,amazon-ratings,0.4,0.341822,202.25,0.04,191.67
2026-04-23 14:08:34,nrgnn,amazon-ratings,0.5,0.329727,198.22,0.03,188.22
2026-04-23 14:09:45,pignn,amazon-ratings,0.1,0.368512,161.28,0.03,161.13
2026-04-23 14:11:35,nrgnn,amazon-ratings,0.3,0.391018,195.61,0.03,180.14
2026-04-23 14:12:46,nrgnn,amazon-ratings,0.4,0.366012,192.42,0.03,181.57
2026-04-23 14:14:11,pignn,amazon-ratings,0.2,0.368512,156.92,0.04,156.71
2026-04-23 14:27:12,lnpcc,amazon-ratings,0.1,0.393315,51.86,42.44,9.33
2026-04-23 14:27:22,lnpcc,amazon-ratings,0.5,0.340189,52.39,43.02,9.28
2026-04-23 14:28:03,lnpcc,amazon-ratings,0.1,0.369992,43.96,40.51,3.39
2026-04-23 14:28:16,lnpcc,amazon-ratings,0.5,0.36346,47.37,43.84,3.48
2026-04-23 14:30:24,nrgnn,amazon-ratings,0.3,0.38372,243.4,0.04,234.36
2026-04-23 14:30:33,lnpcc,amazon-ratings,0.3,0.395203,55.1,46.25,8.78
2026-04-23 14:34:12,lnpcc,amazon-ratings,0.1,0.386476,362.59,356.68,5.86
2026-04-23 14:34:16,nrgnn,amazon-ratings,0.3,0.357948,226.44,0.03,215.88
2026-04-23 14:34:20,lnpcc,amazon-ratings,0.3,0.369839,32.65,28.72,3.88
2026-04-23 14:35:08,lnpcc,amazon-ratings,0.1,0.391018,49.18,39.52,9.6
2026-04-23 14:35:14,lnpcc,amazon-ratings,0.5,0.362797,407.63,401.5,6.09
2026-04-23 14:35:53,lnpcc,amazon-ratings,0.1,0.369941,35.36,31.96,3.35
2026-04-23 14:36:06,lnpcc,amazon-ratings,0.5,0.356468,44.94,35.54,9.35
2026-04-23 14:36:47,lnpcc,amazon-ratings,0.5,0.368461,34.61,31.0,3.57
2026-04-23 14:37:18,lnpcc,amazon-ratings,0.1,0.395254,78.83,68.99,9.8
2026-04-23 14:38:00,lnpcc,amazon-ratings,0.1,0.361572,35.25,29.3,5.9
2026-04-23 14:38:10,lnpcc,amazon-ratings,0.5,0.319418,73.08,63.36,9.69
2026-04-23 14:38:51,nrgnn,amazon-ratings,0.3,0.364379,266.16,0.04,250.84
2026-04-23 14:38:55,lnpcc,amazon-ratings,0.5,0.336463,38.01,32.05,5.91
2026-04-23 14:38:58,lnpcc,amazon-ratings,0.1,0.394846,47.82,44.86,2.91
2026-04-23 14:39:45,lnpcc,amazon-ratings,0.5,0.344833,43.63,40.82,2.76
2026-04-23 14:41:48,lnpcc,amazon-ratings,0.1,0.393876,162.93,157.39,5.49
2026-04-23 14:42:32,lnpcc,amazon-ratings,0.5,0.36101,159.88,154.38,5.44
2026-04-23 14:42:41,lnpcc,amazon-ratings,0.1,0.368512,47.24,41.63,5.57
2026-04-23 14:43:17,nrgnn,amazon-ratings,0.3,0.368512,259.97,0.04,244.99
2026-04-23 14:43:21,lnpcc,amazon-ratings,0.5,0.368512,42.49,37.15,5.3
2026-04-23 14:43:23,lnpcc,amazon-ratings,0.3,0.366114,519.95,514.54,5.33
2026-04-23 14:43:25,lnpcc,amazon-ratings,0.1,0.394284,34.92,31.28,3.58
2026-04-23 14:44:05,lnpcc,amazon-ratings,0.5,0.384537,36.94,33.21,3.68
2026-04-23 14:45:35,lnpcc,amazon-ratings,0.1,0.389334,123.93,120.97,2.92
2026-04-23 14:46:05,lnpcc,amazon-ratings,0.5,0.37678,114.07,111.02,3.0
2026-04-23 14:46:26,lnpcc,amazon-ratings,0.1,0.392549,43.84,41.44,2.35
2026-04-23 14:47:07,lnpcc,amazon-ratings,0.5,0.337382,55.65,52.93,2.66
2026-04-23 14:47:37,lnpcc,amazon-ratings,0.1,0.374789,63.63,60.6,2.98
2026-04-23 14:47:40,nrgnn,amazon-ratings,0.3,0.368614,255.64,0.04,242.33
2026-04-23 14:47:49,lnpcc,amazon-ratings,0.3,0.360602,44.68,35.12,9.49
2026-04-23 14:48:15,lnpcc,amazon-ratings,0.5,0.370145,61.08,58.1,2.93
2026-04-23 14:50:19,lnpcc,amazon-ratings,0.1,0.369788,154.72,151.96,2.72
2026-04-23 14:50:39,lnpcc,amazon-ratings,0.5,0.356111,136.8,134.29,2.46
2026-04-23 14:51:13,lnpcc,amazon-ratings,0.1,0.393417,47.32,37.88,9.38
2026-04-23 14:51:30,lnpcc,amazon-ratings,0.5,0.345292,45.14,35.73,9.36
2026-04-23 14:52:13,nrgnn,amazon-ratings,0.3,0.368512,266.3,0.04,249.76
2026-04-23 14:52:17,lnpcc,amazon-ratings,0.3,0.369431,40.75,37.04,3.63
2026-04-23 14:52:36,lnpcc,amazon-ratings,0.1,0.391579,76.4,66.86,9.49
2026-04-23 14:52:50,lnpcc,amazon-ratings,0.5,0.384486,73.45,63.95,9.46
2026-04-23 14:53:49,lnpcc,amazon-ratings,0.1,0.373463,66.26,56.78,9.43
2026-04-23 14:53:59,lnpcc,amazon-ratings,0.5,0.354172,61.79,52.58,9.15
2026-04-23 14:54:49,lnpcc,amazon-ratings,0.1,0.394897,53.86,49.79,4.02
2026-04-23 14:54:58,lnpcc,amazon-ratings,0.5,0.342587,53.29,49.16,4.09
2026-04-23 14:55:31,lnpcc,amazon-ratings,0.1,0.366063,35.52,31.65,3.82
2026-04-23 14:55:39,lnpcc,amazon-ratings,0.5,0.368461,35.13,31.38,3.71
2026-04-23 14:56:16,lnpcc,amazon-ratings,0.1,0.382393,38.18,35.7,2.44
2026-04-23 14:56:20,lnpcc,amazon-ratings,0.5,0.303036,34.04,31.69,2.31
2026-04-23 14:56:37,nrgnn,amazon-ratings,0.3,0.375708,256.76,0.06,242.15
2026-04-23 14:56:46,lnpcc,amazon-ratings,0.3,0.384843,74.62,65.03,9.52
2026-04-23 14:58:31,lnpcc,amazon-ratings,0.1,0.393621,128.24,122.64,5.56
2026-04-23 14:58:47,lnpcc,amazon-ratings,0.5,0.336157,140.56,134.88,5.63
2026-04-23 15:00:00,lnpcc,amazon-ratings,0.1,0.385251,83.03,73.38,9.6
2026-04-23 15:00:09,lnpcc,amazon-ratings,0.5,0.363307,73.93,64.81,9.08
2026-04-23 15:00:46,lnpcc,amazon-ratings,0.1,0.367492,38.88,34.87,3.96
2026-04-23 15:00:55,lnpcc,amazon-ratings,0.5,0.327788,39.6,35.83,3.72
2026-04-23 15:01:01,nrgnn,amazon-ratings,0.3,0.373258,257.5,0.05,242.33
2026-04-23 15:01:07,lnpcc,amazon-ratings,0.3,0.367441,35.18,29.45,5.67
2026-04-23 15:01:45,lnpcc,amazon-ratings,0.1,0.366267,52.21,46.61,5.55
2026-04-23 15:02:07,lnpcc,amazon-ratings,0.5,0.319418,65.8,60.38,5.37
2026-04-23 15:02:51,lnpcc,amazon-ratings,0.1,0.379587,59.5,50.29,9.17
2026-04-23 15:03:16,lnpcc,amazon-ratings,0.5,0.313805,62.29,53.11,9.13
2026-04-23 15:03:53,lnpcc,amazon-ratings,0.1,0.372442,56.19,52.67,3.47
2026-04-23 15:04:27,lnpcc,amazon-ratings,0.5,0.277316,64.26,60.76,3.47
2026-04-23 15:05:23,nrgnn,amazon-ratings,0.3,0.368512,254.54,0.06,240.08
2026-04-23 15:05:25,lnpcc,amazon-ratings,0.3,0.38076,42.06,39.12,2.86
2026-04-23 15:05:47,lnpcc,amazon-ratings,0.1,0.394999,108.43,99.25,9.13
2026-04-23 15:06:28,lnpcc,amazon-ratings,0.5,0.337739,115.68,106.41,9.22
2026-04-23 15:06:41,lnpcc,amazon-ratings,0.1,0.390763,46.97,41.36,5.57
2026-04-23 15:07:23,lnpcc,amazon-ratings,0.5,0.350804,48.41,42.98,5.39
2026-04-23 15:07:25,lnpcc,amazon-ratings,0.1,0.371013,37.5,34.97,2.5
2026-04-23 15:08:03,lnpcc,amazon-ratings,0.1,0.387038,31.96,27.97,3.94
2026-04-23 15:08:06,lnpcc,amazon-ratings,0.5,0.355295,35.55,32.97,2.54
2026-04-23 15:08:43,lnpcc,amazon-ratings,0.5,0.349732,31.38,27.44,3.89
2026-04-23 15:09:36,nrgnn,amazon-ratings,0.3,0.368563,246.57,0.04,233.18
2026-04-23 15:09:41,lnpcc,amazon-ratings,0.3,0.380556,120.19,114.76,5.36
2026-04-23 15:10:09,lnpcc,amazon-ratings,0.1,0.394386,119.49,115.79,3.64
2026-04-23 15:10:35,lnpcc,amazon-ratings,0.5,0.376984,106.49,102.82,3.62
2026-04-23 15:12:17,lnpcc,amazon-ratings,0.1,0.396836,122.41,118.42,3.95
2026-04-23 15:12:51,lnpcc,amazon-ratings,0.5,0.374534,130.07,126.09,3.93
2026-04-23 15:13:01,lnpcc,amazon-ratings,0.1,0.37382,36.21,27.1,9.06
2026-04-23 15:13:38,lnpcc,amazon-ratings,0.5,0.366522,41.11,32.01,9.06
2026-04-23 15:13:46,lnpcc,amazon-ratings,0.1,0.3926,40.17,36.74,3.38
2026-04-23 15:13:48,nrgnn,amazon-ratings,0.3,0.368512,245.63,0.05,232.31
2026-04-23 15:13:53,lnpcc,amazon-ratings,0.3,0.368512,37.81,32.26,5.49
2026-04-23 15:14:22,lnpcc,amazon-ratings,0.1,0.354733,29.48,25.57,3.85
2026-04-23 15:14:25,lnpcc,amazon-ratings,0.5,0.367645,39.43,35.91,3.49
2026-04-23 15:14:59,lnpcc,amazon-ratings,0.5,0.358612,27.53,23.43,4.05
2026-04-23 15:15:30,lnpcc,amazon-ratings,0.1,0.368512,61.78,58.81,2.92
2026-04-23 15:16:10,lnpcc,amazon-ratings,0.1,0.37974,34.36,30.99,3.33
2026-04-23 15:16:13,lnpcc,amazon-ratings,0.5,0.365603,64.97,62.16,2.76
2026-04-23 15:16:57,lnpcc,amazon-ratings,0.5,0.337586,38.51,35.09,3.38
2026-04-23 15:17:38,lnpcc,amazon-ratings,0.1,0.379485,82.11,72.98,9.08
2026-04-23 15:18:00,nrgnn,amazon-ratings,0.3,0.368665,245.97,0.04,233.05
2026-04-23 15:18:04,lnpcc,amazon-ratings,0.3,0.382547,34.84,30.66,4.12
2026-04-23 15:18:23,lnpcc,amazon-ratings,0.1,0.368665,38.94,29.83,9.05
2026-04-23 15:18:32,lnpcc,amazon-ratings,0.5,0.317479,84.72,75.66,9.01
2026-04-23 15:19:17,lnpcc,amazon-ratings,0.5,0.369074,38.59,29.56,8.99
2026-04-23 15:19:36,lnpcc,amazon-ratings,0.1,0.368512,66.76,57.73,8.99
2026-04-23 15:20:27,lnpcc,amazon-ratings,0.5,0.326716,63.54,54.28,9.21
2026-04-23 15:20:57,lnpcc,amazon-ratings,0.1,0.399081,74.63,70.6,3.97
2026-04-23 15:21:38,lnpcc,amazon-ratings,0.1,0.383057,35.3,29.75,5.5
2026-04-23 15:22:05,lnpcc,amazon-ratings,0.5,0.373258,91.39,87.28,4.07
2026-04-23 15:22:15,nrgnn,amazon-ratings,0.3,0.369941,248.74,0.04,235.63
2026-04-23 15:22:18,lnpcc,amazon-ratings,0.3,0.376167,97.85,94.84,2.94
2026-04-23 15:22:37,lnpcc,amazon-ratings,0.1,0.373054,52.45,48.92,3.49
2026-04-23 15:22:52,lnpcc,amazon-ratings,0.5,0.305996,40.77,35.42,5.3
2026-04-23 15:23:52,lnpcc,amazon-ratings,0.5,0.352794,54.25,50.73,3.47
2026-04-23 15:24:04,lnpcc,amazon-ratings,0.1,0.384741,80.22,71.13,9.05
2026-04-23 15:24:36,lnpcc,amazon-ratings,0.1,0.378566,26.54,24.05,2.45
2026-04-23 15:25:06,lnpcc,amazon-ratings,0.5,0.373361,68.31,59.23,9.04
2026-04-23 15:25:17,lnpcc,amazon-ratings,0.1,0.368512,35.35,31.9,3.41
2026-04-23 15:25:39,lnpcc,amazon-ratings,0.5,0.328196,27.11,24.72,2.34
2026-04-23 15:26:09,lnpcc,amazon-ratings,0.1,0.392906,46.14,42.27,3.83
2026-04-23 15:26:22,lnpcc,amazon-ratings,0.5,0.368512,36.96,33.35,3.56
2026-04-23 15:26:28,nrgnn,amazon-ratings,0.3,0.368512,246.13,0.05,232.47
2026-04-23 15:26:31,lnpcc,amazon-ratings,0.3,0.373361,46.45,43.95,2.43
2026-04-23 15:26:47,lnpcc,amazon-ratings,0.1,0.366777,31.91,28.92,2.95
2026-04-23 15:27:15,lnpcc,amazon-ratings,0.5,0.373514,46.94,43.13,3.77
2026-04-23 15:27:52,lnpcc,amazon-ratings,0.5,0.368206,31.43,28.59,2.79
2026-04-23 15:27:58,lnpcc,amazon-ratings,0.1,0.368512,65.74,60.49,5.22
2026-04-23 15:29:06,lnpcc,amazon-ratings,0.5,0.367594,68.05,62.64,5.37
2026-04-23 15:30:25,lnpcc,amazon-ratings,0.1,0.389844,141.22,137.13,4.04
2026-04-23 15:30:41,nrgnn,amazon-ratings,0.3,0.368512,246.61,0.04,233.37
2026-04-23 15:30:44,lnpcc,amazon-ratings,0.3,0.371523,52.89,50.11,2.71
2026-04-23 15:31:32,lnpcc,amazon-ratings,0.1,0.390406,61.0,57.19,3.76
2026-04-23 15:31:36,lnpcc,amazon-ratings,0.5,0.383261,142.34,138.51,3.78
2026-04-23 15:32:45,lnpcc,amazon-ratings,0.1,0.39112,66.64,62.82,3.77
2026-04-23 15:34:07,lnpcc,amazon-ratings,0.5,0.382649,144.74,140.6,4.1
2026-04-23 15:34:57,nrgnn,amazon-ratings,0.3,0.389691,249.59,0.05,235.74
2026-04-23 15:35:00,lnpcc,amazon-ratings,0.3,0.371932,132.19,129.5,2.62
2026-04-23 15:35:10,lnpcc,amazon-ratings,0.1,0.398214,138.9,134.92,3.93
2026-04-23 15:35:18,lnpcc,amazon-ratings,0.5,0.382598,65.54,61.68,3.81
2026-04-23 15:36:29,lnpcc,amazon-ratings,0.5,0.382393,65.09,61.02,4.03
2026-04-23 15:37:14,lnpcc,amazon-ratings,0.1,0.3926,117.1,113.1,3.95
2026-04-23 15:37:41,lnpcc,amazon-ratings,0.5,0.382598,65.56,61.6,3.91
2026-04-23 15:38:46,lnpcc,amazon-ratings,0.5,0.381934,59.31,55.36,3.92
2026-04-23 15:38:51,lnpcc,amazon-ratings,0.1,0.398469,91.77,87.9,3.83
2026-04-23 15:39:08,nrgnn,amazon-ratings,0.3,0.35111,244.29,0.03,230.37
2026-04-23 15:39:17,lnpcc,amazon-ratings,0.3,0.366828,45.33,35.63,9.64
2026-04-23 15:40:29,lnpcc,amazon-ratings,0.5,0.383057,96.44,92.06,4.34
2026-04-23 15:40:34,lnpcc,amazon-ratings,0.1,0.397703,96.79,92.69,4.05
2026-04-23 15:42:02,lnpcc,amazon-ratings,0.5,0.383006,86.56,82.25,4.26
2026-04-23 15:42:13,lnpcc,amazon-ratings,0.1,0.396172,92.82,88.9,3.88
2026-04-23 15:43:19,nrgnn,amazon-ratings,0.3,0.374126,245.54,0.04,230.9
2026-04-23 15:43:28,lnpcc,amazon-ratings,0.3,0.362644,72.72,63.2,9.46
2026-04-23 15:43:31,lnpcc,amazon-ratings,0.1,0.397295,72.2,68.32,3.82
2026-04-23 15:43:41,lnpcc,amazon-ratings,0.5,0.382342,92.02,88.1,3.86
2026-04-23 15:45:05,lnpcc,amazon-ratings,0.1,0.398061,87.11,83.72,3.34
2026-04-23 15:46:09,lnpcc,amazon-ratings,0.5,0.383261,142.46,138.36,4.04
2026-04-23 15:46:37,lnpcc,amazon-ratings,0.1,0.398571,86.23,82.28,3.9
2026-04-23 15:47:38,nrgnn,amazon-ratings,0.3,0.368512,252.65,0.05,238.63
2026-04-23 15:47:48,lnpcc,amazon-ratings,0.3,0.366726,55.41,45.71,9.63
2026-04-23 15:47:48,lnpcc,amazon-ratings,0.5,0.382904,93.16,89.47,3.64
2026-04-23 15:48:09,lnpcc,amazon-ratings,0.1,0.395866,86.16,82.3,3.82
2026-04-23 15:49:12,lnpcc,amazon-ratings,0.1,0.396887,56.51,52.39,4.07
2026-04-23 15:49:20,lnpcc,amazon-ratings,0.5,0.346619,85.3,81.25,4.0
2026-04-23 15:50:42,lnpcc,amazon-ratings,0.5,0.381985,76.17,72.47,3.65
2026-04-23 15:50:46,lnpcc,amazon-ratings,0.1,0.391682,85.79,81.86,3.89
2026-04-23 15:51:53,nrgnn,amazon-ratings,0.3,0.365144,248.89,0.04,234.17
2026-04-23 15:51:56,lnpcc,amazon-ratings,0.1,0.397652,63.9,60.08,3.78
2026-04-23 15:51:57,lnpcc,amazon-ratings,0.3,0.382445,59.25,55.32,3.86
2026-04-23 15:52:42,lnpcc,amazon-ratings,0.5,0.382342,114.05,110.16,3.84
2026-04-23 15:53:14,lnpcc,amazon-ratings,0.1,0.394488,72.1,68.23,3.83
2026-04-23 15:53:55,lnpcc,amazon-ratings,0.5,0.382189,67.39,63.34,4.0
2026-04-23 15:54:24,lnpcc,amazon-ratings,0.1,0.394233,63.67,59.51,4.1
2026-04-23 15:55:25,lnpcc,amazon-ratings,0.5,0.382291,83.17,79.24,3.88
2026-04-23 15:55:51,lnpcc,amazon-ratings,0.1,0.393978,80.59,76.59,3.96
2026-04-23 15:56:12,nrgnn,amazon-ratings,0.3,0.368717,252.52,0.05,238.95
2026-04-23 15:56:16,lnpcc,amazon-ratings,0.3,0.36938,32.11,28.23,3.83
2026-04-23 15:57:58,lnpcc,amazon-ratings,0.1,0.395815,120.74,116.63,4.07
2026-04-23 15:58:02,lnpcc,amazon-ratings,0.5,0.38321,146.43,142.48,3.91
2026-04-23 16:00:32,nrgnn,amazon-ratings,0.3,0.373973,253.17,0.06,238.88
2026-04-23 16:00:33,lnpcc,amazon-ratings,0.1,0.392804,148.75,144.67,4.0
2026-04-23 16:00:35,lnpcc,amazon-ratings,0.3,0.372442,33.17,30.54,2.56
2026-04-23 16:00:37,lnpcc,amazon-ratings,0.5,0.383924,147.55,143.57,3.95
2026-04-23 16:02:18,lnpcc,amazon-ratings,0.1,0.395101,98.36,94.28,4.04
2026-04-23 16:03:25,lnpcc,amazon-ratings,0.5,0.382649,161.81,158.07,3.69
2026-04-23 16:03:54,lnpcc,amazon-ratings,0.1,0.39801,89.16,85.34,3.77
2026-04-23 16:05:00,nrgnn,amazon-ratings,0.3,0.368512,260.46,0.05,246.43
2026-04-23 16:05:05,lnpcc,amazon-ratings,0.3,0.375453,146.85,141.61,5.19
2026-04-23 16:05:16,lnpcc,amazon-ratings,0.1,0.395254,76.01,72.02,3.94
2026-04-23 16:05:46,lnpcc,amazon-ratings,0.5,0.382802,134.0,130.13,3.83
2026-04-23 16:06:46,lnpcc,amazon-ratings,0.5,0.344782,53.05,49.32,3.69
2026-04-23 16:07:17,lnpcc,amazon-ratings,0.1,0.395968,113.84,110.11,3.67
2026-04-23 16:08:05,lnpcc,amazon-ratings,0.5,0.382291,71.78,68.01,3.73
2026-04-23 16:08:34,lnpcc,amazon-ratings,0.1,0.395662,70.74,67.0,3.69
2026-04-23 16:09:25,nrgnn,amazon-ratings,0.3,0.387752,258.19,0.04,243.97
2026-04-23 16:09:34,lnpcc,amazon-ratings,0.3,0.387803,89.44,80.22,9.16
2026-04-23 16:10:01,lnpcc,amazon-ratings,0.1,0.395713,80.49,76.54,3.91
2026-04-23 16:10:42,lnpcc,amazon-ratings,0.5,0.382904,150.71,146.68,3.98
2026-04-23 16:11:25,lnpcc,amazon-ratings,0.1,0.392396,76.42,72.28,4.08
2026-04-23 16:12:06,lnpcc,amazon-ratings,0.5,0.382189,77.08,72.92,4.11
2026-04-23 16:12:29,lnpcc,amazon-ratings,0.1,0.393366,57.14,53.15,3.93
2026-04-23 16:14:01,nrgnn,amazon-ratings,0.3,0.372034,268.33,0.04,252.14
2026-04-23 16:14:05,lnpcc,amazon-ratings,0.3,0.367645,43.04,38.78,4.2
2026-04-23 16:14:16,lnpcc,amazon-ratings,0.1,0.392447,100.4,96.35,4.0
2026-04-23 16:14:53,lnpcc,amazon-ratings,0.5,0.383669,159.62,155.59,3.98
2026-04-23 16:16:43,lnpcc,amazon-ratings,0.1,0.395713,140.72,136.61,4.04
2026-04-23 16:16:49,lnpcc,amazon-ratings,0.5,0.381934,109.77,105.69,4.03
2026-04-23 16:18:09,lnpcc,amazon-ratings,0.1,0.39459,79.09,74.99,4.05
2026-04-23 16:18:19,lnpcc,amazon-ratings,0.5,0.356775,83.26,79.45,3.76
2026-04-23 16:18:26,nrgnn,amazon-ratings,0.3,0.368512,257.5,0.05,243.5
2026-04-23 16:18:31,lnpcc,amazon-ratings,0.3,0.352386,56.86,51.47,5.34
2026-04-23 16:19:34,lnpcc,amazon-ratings,0.5,0.3827,68.66,64.63,3.99
2026-04-23 16:19:50,lnpcc,amazon-ratings,0.1,0.397857,95.0,90.94,4.01
2026-04-23 16:21:09,lnpcc,amazon-ratings,0.1,0.397703,72.0,67.94,4.01
2026-04-23 16:21:41,lnpcc,amazon-ratings,0.5,0.355754,119.87,115.95,3.87
2026-04-23 16:22:35,lnpcc,amazon-ratings,0.1,0.393315,80.03,75.83,4.15
2026-04-23 16:22:50,nrgnn,amazon-ratings,0.3,0.361725,257.65,0.05,243.33
2026-04-23 16:22:55,lnpcc,amazon-ratings,0.5,0.381322,68.08,64.2,3.85
2026-04-23 16:23:00,lnpcc,amazon-ratings,0.3,0.373514,72.03,62.46,9.49
2026-04-23 16:23:49,lnpcc,amazon-ratings,0.1,0.396581,68.29,64.18,4.06
2026-04-23 16:24:27,lnpcc,amazon-ratings,0.5,0.351875,86.05,82.58,3.42
2026-04-23 16:25:35,lnpcc,amazon-ratings,0.1,0.397091,98.36,94.38,3.93
2026-04-23 16:25:46,lnpcc,amazon-ratings,0.5,0.382802,72.5,68.52,3.93
2026-04-23 16:27:14,nrgnn,amazon-ratings,0.3,0.364328,257.78,0.04,243.02
2026-04-23 16:27:18,lnpcc,amazon-ratings,0.3,0.360143,60.86,57.51,3.29
2026-04-23 16:27:21,lnpcc,amazon-ratings,0.5,0.381781,88.82,84.84,3.93
2026-04-23 16:28:15,lnpcc,amazon-ratings,0.1,0.391426,154.54,150.45,4.03
2026-04-23 16:29:45,lnpcc,amazon-ratings,0.1,0.395815,82.77,78.67,4.04
2026-04-23 16:29:50,lnpcc,amazon-ratings,0.5,0.383873,143.06,139.21,3.79
2026-04-23 16:31:37,nrgnn,amazon-ratings,0.3,0.368512,256.3,0.04,242.86
2026-04-23 16:31:47,lnpcc,amazon-ratings,0.3,0.394795,132.76,123.17,9.52
2026-04-23 16:32:04,lnpcc,amazon-ratings,0.1,0.39459,133.83,129.65,4.13
2026-04-23 16:32:14,lnpcc,amazon-ratings,0.5,0.355958,138.42,134.39,3.98
2026-04-23 16:33:13,lnpcc,amazon-ratings,0.1,0.392753,62.38,58.98,3.36
2026-04-23 16:34:45,lnpcc,amazon-ratings,0.5,0.383516,144.94,140.83,4.05
2026-04-23 16:35:59,nrgnn,amazon-ratings,0.3,0.370299,255.09,0.05,239.92
2026-04-23 16:36:04,lnpcc,amazon-ratings,0.3,0.369125,49.86,44.29,5.48
2026-04-23 16:36:48,lnpcc,amazon-ratings,0.5,0.384384,116.24,112.24,3.96
2026-04-23 16:37:49,lnpcc,amazon-ratings,0.1,0.393519,269.48,265.22,4.21
2026-04-23 16:38:49,lnpcc,amazon-ratings,0.1,0.398214,54.51,50.59,3.87
2026-04-23 16:39:12,lnpcc,amazon-ratings,0.5,0.3852,137.41,133.51,3.86
2026-04-23 16:40:04,lnpcc,amazon-ratings,0.1,0.393008,68.54,64.51,3.98
2026-04-23 16:40:14,nrgnn,amazon-ratings,0.3,0.374534,249.0,0.05,235.92
2026-04-23 16:40:17,lnpcc,amazon-ratings,0.3,0.370452,36.01,33.16,2.78
2026-04-23 16:41:00,lnpcc,amazon-ratings,0.1,0.391018,49.92,45.94,3.93
2026-04-23 16:41:26,lnpcc,amazon-ratings,0.5,0.287114,128.48,119.38,9.06
2026-04-23 16:42:29,lnpcc,amazon-ratings,0.1,0.391988,83.67,79.61,4.01
2026-04-23 16:42:45,lnpcc,amazon-ratings,0.5,0.35953,72.67,68.74,3.87
2026-04-23 16:43:47,lnpcc,amazon-ratings,0.5,0.335239,55.92,51.8,4.07
2026-04-23 16:44:11,lnpcc,amazon-ratings,0.1,0.397959,96.14,92.13,3.95
2026-04-23 16:44:29,nrgnn,amazon-ratings,0.3,0.372952,248.71,0.04,235.35
2026-04-23 16:44:33,lnpcc,amazon-ratings,0.3,0.391477,31.58,27.52,4.0
2026-04-23 16:46:07,lnpcc,amazon-ratings,0.1,0.392804,108.41,104.27,4.09
2026-04-23 16:47:31,lnpcc,amazon-ratings,0.1,0.396019,77.14,72.9,4.19
2026-04-23 16:48:06,lnpcc,amazon-ratings,0.5,0.352896,153.49,149.52,3.93
2026-04-23 16:48:55,nrgnn,amazon-ratings,0.3,0.368512,258.6,0.05,245.05
2026-04-23 16:48:58,lnpcc,amazon-ratings,0.3,0.371421,121.62,117.79,3.75
2026-04-23 16:49:16,lnpcc,amazon-ratings,0.5,0.345037,62.81,58.81,3.96
2026-04-23 16:50:01,lnpcc,amazon-ratings,0.1,0.395713,144.04,139.96,4.03
2026-04-23 16:51:21,lnpcc,amazon-ratings,0.5,0.351059,119.23,115.64,3.54
2026-04-23 16:51:27,lnpcc,amazon-ratings,0.1,0.393162,77.04,71.65,5.34
2026-04-23 16:53:18,nrgnn,amazon-ratings,0.3,0.368512,256.88,0.06,242.94
2026-04-23 16:53:22,lnpcc,amazon-ratings,0.3,0.385711,136.1,131.84,4.19
2026-04-23 16:53:48,lnpcc,amazon-ratings,0.5,0.339883,140.93,134.77,6.13
2026-04-23 16:53:53,lnpcc,amazon-ratings,0.1,0.368512,140.47,136.17,4.25
2026-04-23 16:54:54,lnpcc,amazon-ratings,0.5,0.332942,58.98,49.38,9.55
2026-04-23 16:55:31,lnpcc,amazon-ratings,0.1,0.396938,91.09,87.09,3.94
2026-04-23 16:56:13,lnpcc,amazon-ratings,0.5,0.340954,71.47,67.22,4.19
2026-04-23 16:56:49,lnpcc,amazon-ratings,0.1,0.395305,71.31,67.17,4.09
2026-04-23 16:57:43,nrgnn,amazon-ratings,0.3,0.368512,257.89,0.05,243.58
2026-04-23 16:57:52,lnpcc,amazon-ratings,0.3,0.369431,43.4,34.1,9.23
2026-04-23 16:58:02,lnpcc,amazon-ratings,0.5,0.361827,103.22,100.18,2.99
2026-04-23 16:58:09,lnpcc,amazon-ratings,0.1,0.390202,73.35,69.61,3.7
2026-04-23 16:59:47,lnpcc,amazon-ratings,0.1,0.389793,91.35,87.42,3.87
2026-04-23 17:00:34,lnpcc,amazon-ratings,0.5,0.332075,145.06,141.31,3.7
2026-04-23 17:01:31,lnpcc,amazon-ratings,0.5,0.335188,51.49,47.72,3.73
2026-04-23 17:02:06,nrgnn,amazon-ratings,0.3,0.37086,256.85,0.04,242.5
2026-04-23 17:02:10,lnpcc,amazon-ratings,0.3,0.383057,44.28,40.65,3.57
2026-04-23 17:02:14,lnpcc,amazon-ratings,0.1,0.368512,139.95,136.2,3.7
2026-04-23 17:04:03,lnpcc,amazon-ratings,0.1,0.395356,102.95,99.77,3.14
2026-04-23 17:04:07,lnpcc,amazon-ratings,0.5,0.383771,146.06,142.27,3.75
2026-04-23 17:05:33,lnpcc,amazon-ratings,0.5,0.383261,78.38,74.31,4.03
2026-04-23 17:05:44,lnpcc,amazon-ratings,0.1,0.396172,93.48,89.5,3.94
2026-04-23 17:06:36,nrgnn,amazon-ratings,0.3,0.381118,263.42,0.05,249.56
2026-04-23 17:06:41,lnpcc,amazon-ratings,0.3,0.361776,28.33,24.06,4.19
2026-04-23 17:07:50,lnpcc,amazon-ratings,0.1,0.394335,119.41,115.26,4.1
2026-04-23 17:08:24,lnpcc,amazon-ratings,0.5,0.357234,164.83,160.77,4.02
2026-04-23 17:09:33,lnpcc,amazon-ratings,0.1,0.39755,96.6,92.07,4.49
2026-04-23 17:10:16,lnpcc,amazon-ratings,0.5,0.383567,104.03,99.95,4.02
2026-04-23 17:10:35,lnpcc,amazon-ratings,0.1,0.398724,55.08,50.99,4.06
2026-04-23 17:11:10,nrgnn,amazon-ratings,0.3,0.357336,266.51,0.05,252.57
2026-04-23 17:11:13,lnpcc,amazon-ratings,0.3,0.368512,78.61,75.49,3.05
2026-04-23 17:11:45,lnpcc,amazon-ratings,0.1,0.395407,64.28,59.97,4.26
2026-04-23 17:11:56,lnpcc,amazon-ratings,0.5,0.383312,94.44,90.51,3.87
2026-04-23 17:12:32,lnpcc,amazon-ratings,0.1,0.392549,39.21,35.16,4.01
2026-04-23 17:13:16,lnpcc,amazon-ratings,0.5,0.383516,72.87,68.71,4.12
2026-04-23 17:13:41,lnpcc,amazon-ratings,0.1,0.394437,61.9,57.7,4.15
2026-04-23 17:14:31,lnpcc,amazon-ratings,0.1,0.392855,43.55,39.47,4.03
2026-04-23 17:14:46,lnpcc,amazon-ratings,0.5,0.344476,83.69,74.18,9.46
2026-04-23 17:15:35,lnpcc,amazon-ratings,0.1,0.395203,57.66,53.38,4.23
2026-04-23 17:15:37,nrgnn,amazon-ratings,0.3,0.368512,260.11,0.05,245.35
2026-04-23 17:15:41,lnpcc,amazon-ratings,0.3,0.355499,37.8,34.24,3.49
2026-04-23 17:16:19,lnpcc,amazon-ratings,0.5,0.382138,86.26,82.22,4.0
2026-04-23 17:17:26,lnpcc,amazon-ratings,0.1,0.396121,103.65,99.65,3.95
2026-04-23 17:17:50,lnpcc,amazon-ratings,0.5,0.331717,83.73,79.78,3.89
2026-04-23 17:18:25,lnpcc,amazon-ratings,0.1,0.392651,52.17,48.23,3.89
2026-04-23 17:20:09,lnpcc,amazon-ratings,0.1,0.394795,96.75,90.97,5.72
2026-04-23 17:20:20,nrgnn,amazon-ratings,0.3,0.368512,275.26,0.04,260.62
2026-04-23 17:20:29,lnpcc,amazon-ratings,0.3,0.378515,112.2,102.54,9.58
2026-04-23 17:21:30,lnpcc,amazon-ratings,0.5,0.381577,132.78,128.71,4.0
2026-04-23 17:22:32,lnpcc,amazon-ratings,0.1,0.391324,137.07,133.06,3.96
2026-04-23 17:23:27,lnpcc,amazon-ratings,0.5,0.383567,110.87,106.89,3.93
2026-04-23 17:24:09,lnpcc,amazon-ratings,0.5,0.386119,36.14,32.15,3.94
2026-04-23 17:24:18,lnpcc,amazon-ratings,0.1,0.368512,99.82,95.81,3.96
2026-04-23 17:24:41,nrgnn,amazon-ratings,0.3,0.347538,254.56,0.05,238.56
2026-04-23 17:24:50,lnpcc,amazon-ratings,0.3,0.369125,45.7,36.72,8.91
2026-04-23 17:24:50,lnpcc,amazon-ratings,0.5,0.354631,34.83,31.81,2.97
2026-04-23 17:25:15,lnpcc,amazon-ratings,0.1,0.397959,50.98,47.83,3.11
2026-04-23 17:26:02,lnpcc,amazon-ratings,0.5,0.382342,65.67,61.41,4.23
2026-04-23 17:26:15,lnpcc,amazon-ratings,0.1,0.395815,54.49,51.48,2.98
2026-04-23 17:26:38,lnpcc,amazon-ratings,0.5,0.352743,30.41,27.39,2.99
2026-04-23 17:27:15,lnpcc,amazon-ratings,0.1,0.396019,54.51,50.76,3.72
2026-04-23 17:27:19,lnpcc,amazon-ratings,0.5,0.363154,32.99,29.09,3.86
2026-04-23 17:28:26,nrgnn,amazon-ratings,0.3,0.36841,219.39,0.04,208.83
2026-04-23 17:28:36,lnpcc,amazon-ratings,0.3,0.368512,52.63,43.03,9.56
2026-04-23 17:29:35,lnpcc,amazon-ratings,0.5,0.339627,128.96,120.2,8.71
2026-04-23 17:29:40,lnpcc,amazon-ratings,0.1,0.396275,137.88,134.82,3.03
2026-04-23 17:30:05,lnpcc,amazon-ratings,0.5,0.362644,24.68,21.65,3.0
2026-04-23 17:31:01,lnpcc,amazon-ratings,0.1,0.390508,75.37,71.41,3.92
2026-04-23 17:31:04,lnpcc,amazon-ratings,0.5,0.369329,51.27,48.17,3.05
2026-04-23 17:31:50,lnpcc,amazon-ratings,0.5,0.383006,40.23,36.01,4.17
2026-04-23 17:32:27,lnpcc,amazon-ratings,0.1,0.391784,80.02,76.99,2.99
2026-04-23 17:32:31,nrgnn,amazon-ratings,0.3,0.363511,237.86,0.06,221.53
2026-04-23 17:32:34,lnpcc,amazon-ratings,0.3,0.387497,73.3,69.86,3.35
2026-04-23 17:33:25,lnpcc,amazon-ratings,0.5,0.383567,87.92,83.84,4.03
2026-04-23 17:34:13,lnpcc,amazon-ratings,0.1,0.396683,100.9,96.72,4.15
2026-04-23 17:35:16,lnpcc,amazon-ratings,0.5,0.3827,104.14,100.02,4.07
2026-04-23 17:35:23,lnpcc,amazon-ratings,0.1,0.36938,63.56,60.35,3.17
2026-04-23 17:36:16,lnpcc,amazon-ratings,0.5,0.383669,53.77,49.61,4.11
2026-04-23 17:37:02,nrgnn,amazon-ratings,0.3,0.370656,264.04,0.06,248.41
2026-04-23 17:37:07,lnpcc,amazon-ratings,0.3,0.367645,44.92,39.24,5.59
2026-04-23 17:38:09,lnpcc,amazon-ratings,0.5,0.38321,106.88,102.64,4.19
2026-04-23 17:39:16,lnpcc,amazon-ratings,0.5,0.345343,59.47,55.04,4.4
2026-04-23 17:39:57,lnpcc,amazon-ratings,0.1,0.393723,266.94,262.56,4.32
2026-04-23 17:40:50,lnpcc,amazon-ratings,0.5,0.346415,84.8,80.58,4.16
2026-04-23 17:41:40,lnpcc,amazon-ratings,0.5,0.334881,42.43,38.07,4.31
2026-04-23 17:41:47,nrgnn,amazon-ratings,0.3,0.368768,278.09,0.06,262.92
2026-04-23 17:41:50,lnpcc,amazon-ratings,0.1,0.397959,104.95,100.5,4.39
2026-04-23 17:41:51,lnpcc,amazon-ratings,0.3,0.370503,61.11,57.05,3.99
2026-04-23 17:43:03,lnpcc,amazon-ratings,0.5,0.359888,74.02,70.7,3.27
2026-04-23 17:44:04,lnpcc,amazon-ratings,0.1,0.397346,124.96,120.85,4.06
2026-04-23 17:44:34,lnpcc,amazon-ratings,0.5,0.382955,83.33,79.24,4.03
2026-04-23 17:45:38,lnpcc,amazon-ratings,0.5,0.382955,56.57,52.48,4.04
2026-04-23 17:45:42,lnpcc,amazon-ratings,0.1,0.393774,91.69,87.65,3.98
2026-04-23 17:46:32,nrgnn,amazon-ratings,0.3,0.368512,276.15,0.05,259.45
2026-04-23 17:46:42,lnpcc,amazon-ratings,0.3,0.395713,123.2,113.77,9.34
2026-04-23 17:48:15,lnpcc,amazon-ratings,0.5,0.341209,149.65,145.7,3.91
2026-04-23 17:49:09,lnpcc,amazon-ratings,0.5,0.385609,47.23,42.98,4.2
2026-04-23 17:49:14,lnpcc,amazon-ratings,0.1,0.397397,75.1,71.15,3.9
2026-04-23 17:49:48,lnpcc,amazon-ratings,0.5,0.339525,32.43,28.36,4.02
2026-04-23 17:50:26,lnpcc,amazon-ratings,0.1,0.389283,65.39,61.53,3.82
2026-04-23 17:50:40,lnpcc,amazon-ratings,0.5,0.385047,45.5,41.32,4.14
2026-04-23 17:50:57,nrgnn,amazon-ratings,0.3,0.368512,257.58,0.04,243.22
2026-04-23 17:51:00,lnpcc,amazon-ratings,0.3,0.377086,31.23,28.42,2.74
2026-04-23 17:51:37,lnpcc,amazon-ratings,0.5,0.362797,51.29,41.65,9.59
2026-04-23 17:52:23,lnpcc,amazon-ratings,0.5,0.366624,39.43,35.28,4.1
2026-04-23 17:52:30,lnpcc,amazon-ratings,0.1,0.379127,118.58,115.58,2.95
2026-04-23 17:53:13,lnpcc,amazon-ratings,0.5,0.329166,43.34,39.17,4.12
2026-04-23 17:53:47,lnpcc,amazon-ratings,0.1,0.398214,70.74,66.69,4.0
2026-04-23 17:54:02,lnpcc,amazon-ratings,0.5,0.381067,43.36,39.45,3.86
2026-04-23 17:54:59,lnpcc,amazon-ratings,0.5,0.369737,50.26,44.63,5.59
2026-04-23 17:55:09,lnpcc,amazon-ratings,0.1,0.397857,75.63,71.51,4.08
2026-04-23 17:55:18,nrgnn,amazon-ratings,0.3,0.381424,253.74,0.04,239.58
2026-04-23 17:55:21,lnpcc,amazon-ratings,0.3,0.368512,43.53,39.66,3.79
2026-04-23 17:56:03,lnpcc,amazon-ratings,0.5,0.347385,57.97,53.93,4.0
2026-04-23 17:56:28,lnpcc,amazon-ratings,0.1,0.388824,73.07,68.9,4.12
2026-04-23 17:57:47,lnpcc,amazon-ratings,0.1,0.397755,72.64,67.16,5.43
2026-04-23 17:58:04,lnpcc,amazon-ratings,0.5,0.383618,115.37,111.45,3.88
2026-04-23 17:59:13,lnpcc,amazon-ratings,0.1,0.39209,80.05,74.43,5.57
2026-04-23 17:59:37,nrgnn,amazon-ratings,0.3,0.382955,252.68,0.05,239.31
2026-04-23 17:59:41,lnpcc,amazon-ratings,0.3,0.39061,49.37,45.34,3.96
2026-04-23 18:00:22,lnpcc,amazon-ratings,0.5,0.383363,131.01,127.21,3.75
2026-04-23 18:00:35,lnpcc,amazon-ratings,0.1,0.388415,75.71,70.2,5.47
2026-04-23 18:01:12,lnpcc,amazon-ratings,0.5,0.348201,44.24,39.98,4.21
2026-04-23 18:01:54,lnpcc,amazon-ratings,0.1,0.388313,73.13,67.61,5.48
2026-04-23 18:02:17,lnpcc,amazon-ratings,0.5,0.382342,59.24,55.31,3.88
2026-04-23 18:03:28,lnpcc,amazon-ratings,0.5,0.346007,64.58,60.42,4.1
2026-04-23 18:04:07,nrgnn,amazon-ratings,0.3,0.382496,252.06,0.03,238.1
2026-04-23 18:04:10,lnpcc,amazon-ratings,0.3,0.367594,30.26,27.43,2.77
2026-04-23 18:04:14,lnpcc,amazon-ratings,0.5,0.381577,39.81,35.74,4.02
2026-04-23 18:04:29,lnpcc,amazon-ratings,0.1,0.391477,149.05,143.34,5.66
2026-04-23 18:05:31,lnpcc,amazon-ratings,0.5,0.389028,71.1,67.75,3.3
2026-04-23 18:06:06,lnpcc,amazon-ratings,0.1,0.388926,91.19,87.01,4.13
2026-04-23 18:06:42,lnpcc,amazon-ratings,0.5,0.359582,65.09,55.58,9.47
2026-04-23 18:07:53,lnpcc,amazon-ratings,0.5,0.378311,64.97,62.33,2.59
2026-04-23 18:07:59,lnpcc,amazon-ratings,0.1,0.39311,105.14,99.49,5.61
2026-04-23 18:08:26,nrgnn,amazon-ratings,0.3,0.384078,251.72,0.05,237.53
2026-04-23 18:08:32,lnpcc,amazon-ratings,0.3,0.368512,72.43,66.7,5.66
2026-04-23 18:09:44,lnpcc,amazon-ratings,0.1,0.395866,99.3,95.42,3.83
2026-04-23 18:10:00,lnpcc,amazon-ratings,0.5,0.390508,120.63,117.51,3.06
2026-04-23 18:10:32,lnpcc,amazon-ratings,0.1,0.386527,41.63,37.55,4.04
2026-04-23 18:11:52,lnpcc,amazon-ratings,0.1,0.397448,73.64,64.55,9.04
2026-04-23 18:12:20,lnpcc,amazon-ratings,0.5,0.390048,134.06,130.79,3.22
2026-04-23 18:12:37,lnpcc,amazon-ratings,0.1,0.387242,39.1,35.27,3.78
2026-04-23 18:12:47,nrgnn,amazon-ratings,0.3,0.380505,253.98,0.05,239.68
2026-04-23 18:12:51,lnpcc,amazon-ratings,0.3,0.388415,73.53,69.33,4.13
2026-04-23 18:13:37,lnpcc,amazon-ratings,0.5,0.389334,71.03,67.53,3.45
2026-04-23 18:14:13,lnpcc,amazon-ratings,0.1,0.396887,89.92,85.82,4.06
2026-04-23 18:14:49,lnpcc,amazon-ratings,0.5,0.38964,65.43,62.0,3.39
2026-04-23 18:16:05,lnpcc,amazon-ratings,0.5,0.38862,70.12,66.82,3.25
2026-04-23 18:16:09,lnpcc,amazon-ratings,0.1,0.397857,109.74,105.58,4.13
2026-04-23 18:17:04,nrgnn,amazon-ratings,0.3,0.382189,250.26,0.04,236.63
2026-04-23 18:17:08,lnpcc,amazon-ratings,0.3,0.389589,68.89,64.66,4.17
2026-04-23 18:17:14,lnpcc,amazon-ratings,0.5,0.390661,62.58,59.23,3.31
2026-04-23 18:18:14,lnpcc,amazon-ratings,0.1,0.396224,118.92,114.85,4.02
2026-04-23 18:18:31,lnpcc,amazon-ratings,0.5,0.390916,69.73,66.42,3.27
2026-04-23 18:19:43,lnpcc,amazon-ratings,0.5,0.381373,66.57,63.12,3.41
2026-04-23 18:20:39,lnpcc,amazon-ratings,0.1,0.397703,138.04,133.85,4.15
2026-04-23 18:20:50,lnpcc,amazon-ratings,0.5,0.388824,61.11,57.86,3.21
2026-04-23 18:21:20,nrgnn,amazon-ratings,0.3,0.376116,250.11,0.05,235.91
2026-04-23 18:21:24,lnpcc,amazon-ratings,0.3,0.395764,79.69,75.65,3.97
2026-04-23 18:21:58,lnpcc,amazon-ratings,0.5,0.390457,61.18,57.79,3.35
2026-04-23 18:22:03,lnpcc,amazon-ratings,0.1,0.393059,78.7,74.62,4.03
2026-04-23 18:23:07,lnpcc,amazon-ratings,0.5,0.389028,63.45,60.17,3.22
2026-04-23 18:23:54,lnpcc,amazon-ratings,0.1,0.368512,104.48,100.55,3.88
2026-04-23 18:24:18,lnpcc,amazon-ratings,0.5,0.389232,64.42,61.01,3.37
2026-04-23 18:24:47,lnpcc,amazon-ratings,0.1,0.3926,47.8,44.51,3.24
2026-04-23 18:25:29,lnpcc,amazon-ratings,0.5,0.390814,65.43,62.16,3.24
2026-04-23 18:25:33,nrgnn,amazon-ratings,0.3,0.381577,246.73,0.04,233.32
2026-04-23 18:25:37,lnpcc,amazon-ratings,0.3,0.391069,84.0,79.94,4.0
2026-04-23 18:26:51,lnpcc,amazon-ratings,0.5,0.390967,75.59,72.45,3.09
2026-04-23 18:27:49,lnpcc,amazon-ratings,0.1,0.393519,175.51,172.78,2.68
2026-04-23 18:28:03,lnpcc,amazon-ratings,0.5,0.389487,66.09,62.78,3.27
2026-04-23 18:28:48,lnpcc,amazon-ratings,0.1,0.368512,53.89,50.05,3.79
2026-04-23 18:29:13,lnpcc,amazon-ratings,0.5,0.390304,63.84,60.55,3.25
2026-04-23 18:29:35,lnpcc,amazon-ratings,0.1,0.39459,40.91,37.05,3.83
2026-04-23 18:29:45,nrgnn,amazon-ratings,0.3,0.382751,244.94,0.05,231.67
2026-04-23 18:29:49,lnpcc,amazon-ratings,0.3,0.394335,99.11,94.99,4.06
2026-04-23 18:30:27,lnpcc,amazon-ratings,0.5,0.390712,68.03,64.64,3.34
2026-04-23 18:31:15,lnpcc,amazon-ratings,0.1,0.395101,94.15,90.2,3.91
2026-04-23 18:31:37,lnpcc,amazon-ratings,0.5,0.388364,64.14,60.89,3.21
2026-04-23 18:32:38,lnpcc,amazon-ratings,0.1,0.397959,77.7,73.68,3.97
2026-04-23 18:32:48,lnpcc,amazon-ratings,0.5,0.389283,65.39,62.38,2.96
2026-04-23 18:33:54,nrgnn,amazon-ratings,0.3,0.376831,242.64,0.04,229.16
2026-04-23 18:33:57,lnpcc,amazon-ratings,0.5,0.390712,62.37,59.15,3.18
2026-04-23 18:33:58,lnpcc,amazon-ratings,0.3,0.395611,67.49,63.5,3.92
2026-04-23 18:34:03,lnpcc,amazon-ratings,0.1,0.396275,78.99,75.2,3.74
2026-04-23 18:35:14,lnpcc,amazon-ratings,0.5,0.390559,70.6,67.47,3.08
2026-04-23 18:35:32,lnpcc,amazon-ratings,0.1,0.396785,82.25,78.46,3.74
2026-04-23 18:36:24,lnpcc,amazon-ratings,0.5,0.388875,64.25,60.86,3.35
2026-04-23 18:36:53,lnpcc,amazon-ratings,0.1,0.39755,75.07,71.06,3.98
2026-04-23 18:37:35,lnpcc,amazon-ratings,0.5,0.383924,65.36,61.83,3.49
2026-04-23 18:38:07,nrgnn,amazon-ratings,0.3,0.384231,247.01,0.04,233.46
2026-04-23 18:38:17,lnpcc,amazon-ratings,0.3,0.395917,81.03,71.44,9.52
2026-04-23 18:38:38,lnpcc,amazon-ratings,0.1,0.398061,98.84,95.12,3.68
2026-04-23 18:38:50,lnpcc,amazon-ratings,0.5,0.390559,67.87,64.79,3.04
2026-04-23 18:40:02,lnpcc,amazon-ratings,0.5,0.390763,66.8,63.43,3.33
2026-04-23 18:40:29,lnpcc,amazon-ratings,0.1,0.395917,104.58,100.54,4.0
2026-04-23 18:41:14,lnpcc,amazon-ratings,0.5,0.390355,65.41,62.02,3.33
2026-04-23 18:42:20,nrgnn,amazon-ratings,0.3,0.380505,245.73,0.05,230.87
2026-04-23 18:42:29,lnpcc,amazon-ratings,0.3,0.379178,80.54,70.85,9.62
2026-04-23 18:42:41,lnpcc,amazon-ratings,0.5,0.384741,81.43,78.21,3.17
2026-04-23 18:43:01,lnpcc,amazon-ratings,0.1,0.39653,146.63,142.53,4.06
2026-04-23 18:43:40,lnpcc,amazon-ratings,0.5,0.389232,52.74,49.46,3.22
2026-04-23 18:44:41,lnpcc,amazon-ratings,0.1,0.390814,93.97,90.2,3.73
2026-04-23 18:44:48,lnpcc,amazon-ratings,0.5,0.384333,62.19,58.99,3.15
2026-04-23 18:45:59,lnpcc,amazon-ratings,0.5,0.390814,64.63,61.29,3.29
2026-04-23 18:46:26,lnpcc,amazon-ratings,0.1,0.397193,98.46,94.44,3.98
2026-04-23 18:46:33,nrgnn,amazon-ratings,0.3,0.379791,246.63,0.04,231.89
2026-04-23 18:46:42,lnpcc,amazon-ratings,0.3,0.392141,96.02,86.55,9.39
2026-04-23 18:47:12,lnpcc,amazon-ratings,0.5,0.388773,67.57,64.23,3.29
2026-04-23 18:47:52,lnpcc,amazon-ratings,0.1,0.394437,80.13,76.16,3.92
2026-04-23 18:48:25,lnpcc,amazon-ratings,0.5,0.388109,66.21,62.97,3.19
2026-04-23 18:49:35,lnpcc,amazon-ratings,0.5,0.389742,63.92,60.72,3.16
2026-04-23 18:50:17,lnpcc,amazon-ratings,0.1,0.398265,139.45,135.2,4.21
2026-04-23 18:50:31,lnpcc,amazon-ratings,0.5,0.384741,50.19,46.97,3.18
2026-04-23 18:50:46,nrgnn,amazon-ratings,0.3,0.375912,247.42,0.05,232.85
2026-04-23 18:50:56,lnpcc,amazon-ratings,0.3,0.396326,129.22,119.64,9.5
2026-04-23 18:51:40,lnpcc,amazon-ratings,0.5,0.385149,62.73,59.52,3.16
2026-04-23 18:52:41,lnpcc,amazon-ratings,0.1,0.397193,137.4,133.36,3.98
2026-04-23 18:52:52,lnpcc,amazon-ratings,0.5,0.389742,65.88,62.61,3.22
2026-04-23 18:53:37,lnpcc,amazon-ratings,0.1,0.38964,50.76,47.02,3.69
2026-04-23 18:53:58,lnpcc,amazon-ratings,0.5,0.386272,60.26,57.13,3.08
2026-04-23 18:54:57,nrgnn,amazon-ratings,0.3,0.383006,244.27,0.03,229.87
2026-04-23 18:55:07,lnpcc,amazon-ratings,0.3,0.385762,112.08,102.49,9.54
2026-04-23 18:55:07,lnpcc,amazon-ratings,0.5,0.384078,63.27,60.29,2.94
2026-04-23 18:55:19,lnpcc,amazon-ratings,0.1,0.398112,95.54,91.67,3.83
2026-04-23 18:56:25,lnpcc,amazon-ratings,0.5,0.38025,71.48,68.74,2.69
2026-04-23 18:57:37,lnpcc,amazon-ratings,0.5,0.351978,65.6,62.33,3.24
2026-04-23 18:57:52,lnpcc,amazon-ratings,0.1,0.397244,147.51,143.62,3.83
2026-04-23 18:58:47,lnpcc,amazon-ratings,0.5,0.390865,63.9,60.55,3.3
2026-04-23 18:59:10,nrgnn,amazon-ratings,0.3,0.380352,246.76,0.03,232.18
2026-04-23 18:59:20,lnpcc,amazon-ratings,0.3,0.364685,164.61,154.96,9.58
2026-04-23 19:00:01,lnpcc,amazon-ratings,0.1,0.39209,122.88,118.79,4.05
2026-04-23 19:00:04,lnpcc,amazon-ratings,0.5,0.390865,68.01,64.88,3.08
2026-04-23 19:01:14,lnpcc,amazon-ratings,0.5,0.391018,63.76,60.56,3.16
2026-04-23 19:02:11,lnpcc,amazon-ratings,0.1,0.3926,123.5,119.48,3.97
2026-04-23 19:02:23,lnpcc,amazon-ratings,0.5,0.389385,63.48,60.07,3.36
2026-04-23 19:03:23,nrgnn,amazon-ratings,0.3,0.383465,246.69,0.04,232.04
2026-04-23 19:03:33,lnpcc,amazon-ratings,0.3,0.38668,92.24,82.69,9.48
2026-04-23 19:03:33,lnpcc,amazon-ratings,0.5,0.383822,64.34,61.4,2.89
2026-04-23 19:03:58,lnpcc,amazon-ratings,0.1,0.395713,101.21,97.35,3.81
2026-04-23 19:04:49,lnpcc,amazon-ratings,0.5,0.391171,69.15,66.1,3.0
2026-04-23 19:05:26,lnpcc,amazon-ratings,0.1,0.398826,82.3,78.38,3.87
2026-04-23 19:05:58,lnpcc,amazon-ratings,0.5,0.38862,62.81,59.61,3.16
2026-04-23 19:06:58,lnpcc,amazon-ratings,0.1,0.390763,86.0,82.03,3.92
2026-04-23 19:07:11,lnpcc,amazon-ratings,0.5,0.38418,66.98,63.51,3.43
2026-04-23 19:07:33,nrgnn,amazon-ratings,0.3,0.377954,244.0,0.03,229.77
2026-04-23 19:07:43,lnpcc,amazon-ratings,0.3,0.38372,84.86,75.19,9.6
2026-04-23 19:08:23,lnpcc,amazon-ratings,0.5,0.387905,66.45,63.3,3.1
2026-04-23 19:08:27,lnpcc,amazon-ratings,0.1,0.391784,81.04,77.11,3.89
2026-04-23 19:09:35,lnpcc,amazon-ratings,0.5,0.353049,65.56,62.43,3.08
2026-04-23 19:09:58,lnpcc,amazon-ratings,0.1,0.39801,85.33,81.54,3.75
2026-04-23 19:10:46,lnpcc,amazon-ratings,0.5,0.368461,64.72,61.31,3.37
2026-04-23 19:11:37,lnpcc,amazon-ratings,0.1,0.397806,92.44,88.71,3.7
2026-04-23 19:11:45,nrgnn,amazon-ratings,0.3,0.388569,245.5,0.05,230.34
2026-04-23 19:11:49,lnpcc,amazon-ratings,0.5,0.369227,57.62,54.56,3.02
2026-04-23 19:11:54,lnpcc,amazon-ratings,0.3,0.391682,96.92,87.5,9.34
2026-04-23 19:12:50,lnpcc,amazon-ratings,0.5,0.285481,54.89,51.26,3.57
2026-04-23 19:14:05,lnpcc,amazon-ratings,0.5,0.129217,68.55,65.19,3.32
2026-04-23 19:14:09,lnpcc,amazon-ratings,0.1,0.396734,143.41,139.54,3.81
2026-04-23 19:15:17,lnpcc,amazon-ratings,0.5,0.342281,66.45,63.24,3.17
2026-04-23 19:15:55,nrgnn,amazon-ratings,0.3,0.385558,243.25,0.04,228.64
2026-04-23 19:16:04,lnpcc,amazon-ratings,0.3,0.383108,66.1,56.47,9.56
2026-04-23 19:16:18,lnpcc,amazon-ratings,0.1,0.397499,123.72,119.78,3.91
2026-04-23 19:16:33,lnpcc,amazon-ratings,0.5,0.332075,70.07,66.61,3.41
2026-04-23 19:17:41,lnpcc,amazon-ratings,0.5,0.329982,61.19,57.82,3.31
2026-04-23 19:18:34,lnpcc,amazon-ratings,0.1,0.386782,129.28,125.28,3.95
2026-04-23 19:18:45,lnpcc,amazon-ratings,0.5,0.340036,58.37,54.89,3.43
2026-04-23 19:19:57,lnpcc,amazon-ratings,0.5,0.37086,66.51,63.17,3.3
2026-04-23 19:20:06,nrgnn,amazon-ratings,0.3,0.384129,245.17,0.05,230.52
2026-04-23 19:20:16,lnpcc,amazon-ratings,0.3,0.392447,73.71,64.08,9.56
2026-04-23 19:20:17,lnpcc,amazon-ratings,0.1,0.386272,97.02,94.17,2.81
2026-04-23 19:21:11,lnpcc,amazon-ratings,0.5,0.353713,67.49,64.29,3.16
2026-04-23 19:21:52,lnpcc,amazon-ratings,0.1,0.392396,89.47,80.21,9.21
2026-04-23 19:22:14,lnpcc,amazon-ratings,0.5,0.368104,57.12,54.04,3.03
2026-04-23 19:22:41,lnpcc,amazon-ratings,0.1,0.368257,42.88,38.92,3.92
2026-04-23 19:23:21,lnpcc,amazon-ratings,0.5,0.369482,60.72,57.28,3.4
2026-04-23 19:24:06,lnpcc,amazon-ratings,0.1,0.393927,78.55,74.49,4.02
2026-04-23 19:24:18,nrgnn,amazon-ratings,0.3,0.375657,246.09,0.04,231.6
2026-04-23 19:24:28,lnpcc,amazon-ratings,0.3,0.371268,108.53,98.91,9.55
2026-04-23 19:24:41,lnpcc,amazon-ratings,0.5,0.293391,74.13,70.87,3.21
2026-04-23 19:25:41,lnpcc,amazon-ratings,0.1,0.396326,89.4,85.38,3.97
2026-04-23 19:25:54,lnpcc,amazon-ratings,0.5,0.129421,67.1,63.67,3.38
2026-04-23 19:27:04,lnpcc,amazon-ratings,0.5,0.341771,64.32,60.97,3.3
2026-04-23 19:27:11,lnpcc,amazon-ratings,0.1,0.389487,83.37,79.57,3.75
2026-04-23 19:28:14,lnpcc,amazon-ratings,0.5,0.339066,63.68,60.31,3.32
2026-04-23 19:28:30,nrgnn,amazon-ratings,0.3,0.375402,245.26,0.05,230.42
2026-04-23 19:28:39,lnpcc,amazon-ratings,0.3,0.390559,91.53,81.85,9.61
2026-04-23 19:29:03,lnpcc,amazon-ratings,0.1,0.395611,106.28,102.28,3.96
2026-04-23 19:29:29,lnpcc,amazon-ratings,0.5,0.330748,69.41,65.94,3.43
2026-04-23 19:30:36,lnpcc,amazon-ratings,0.5,0.33927,61.02,57.71,3.28
2026-04-23 19:30:40,lnpcc,amazon-ratings,0.1,0.398724,89.2,85.27,3.88
2026-04-23 19:31:46,lnpcc,amazon-ratings,0.5,0.37086,63.84,60.58,3.2
2026-04-23 19:32:11,lnpcc,amazon-ratings,0.1,0.392855,84.99,81.15,3.81
2026-04-23 19:32:40,nrgnn,amazon-ratings,0.3,0.377443,243.66,0.04,228.86
2026-04-23 19:32:49,lnpcc,amazon-ratings,0.3,0.395101,127.92,118.2,9.66
2026-04-23 19:32:56,lnpcc,amazon-ratings,0.5,0.353406,64.1,61.02,3.03
2026-04-23 19:34:02,lnpcc,amazon-ratings,0.1,0.395815,105.5,101.49,3.96
2026-04-23 19:34:06,lnpcc,amazon-ratings,0.5,0.367645,60.27,57.03,3.2
2026-04-23 19:35:14,lnpcc,amazon-ratings,0.1,0.3901,64.83,60.91,3.88
2026-04-23 19:35:22,lnpcc,amazon-ratings,0.5,0.369431,70.35,67.02,3.28
2026-04-23 19:36:34,lnpcc,amazon-ratings,0.5,0.289053,65.91,62.53,3.33
2026-04-23 19:36:51,nrgnn,amazon-ratings,0.3,0.385813,245.43,0.05,231.04
2026-04-23 19:37:01,lnpcc,amazon-ratings,0.3,0.387956,113.61,103.86,9.68
2026-04-23 19:37:43,lnpcc,amazon-ratings,0.5,0.120082,63.05,59.92,3.09
2026-04-23 19:37:46,lnpcc,amazon-ratings,0.1,0.368563,143.46,140.29,3.12
2026-04-23 19:38:56,lnpcc,amazon-ratings,0.5,0.340495,66.97,63.65,3.27
2026-04-23 19:39:09,lnpcc,amazon-ratings,0.1,0.389589,77.03,73.34,3.65
2026-04-23 19:40:12,lnpcc,amazon-ratings,0.5,0.332789,69.78,66.4,3.33
2026-04-23 19:40:33,lnpcc,amazon-ratings,0.1,0.399132,77.44,73.56,3.83
2026-04-23 19:41:07,nrgnn,amazon-ratings,0.3,0.364175,250.0,0.05,235.46
2026-04-23 19:41:14,lnpcc,amazon-ratings,0.5,0.330952,55.96,52.56,3.34
2026-04-23 19:41:49,lnpcc,amazon-ratings,0.1,0.378209,70.45,66.66,3.74
2026-04-23 19:42:14,lnpcc,amazon-ratings,0.5,0.339832,53.33,50.09,3.2
2026-04-23 19:43:15,lnpcc,amazon-ratings,0.1,0.384945,80.05,76.18,3.82
2026-04-23 19:43:31,lnpcc,amazon-ratings,0.5,0.370911,71.2,67.97,3.18
2026-04-23 19:44:36,lnpcc,amazon-ratings,0.5,0.354121,58.57,55.3,3.22
2026-04-23 19:44:40,lnpcc,amazon-ratings,0.1,0.390048,76.31,72.56,3.71
2026-04-23 19:45:21,nrgnn,amazon-ratings,0.3,0.362184,247.35,0.04,233.87
2026-04-23 19:45:42,lnpcc,amazon-ratings,0.5,0.368155,60.4,57.24,3.11
2026-04-23 19:45:58,lnpcc,amazon-ratings,0.1,0.392498,72.35,68.49,3.8
2026-04-23 19:46:47,lnpcc,amazon-ratings,0.5,0.369023,58.21,54.69,3.47
2026-04-23 19:47:19,lnpcc,amazon-ratings,0.1,0.398316,75.04,71.06,3.93
2026-04-23 19:47:59,lnpcc,amazon-ratings,0.5,0.288951,65.59,62.24,3.3
2026-04-23 19:48:39,lnpcc,amazon-ratings,0.1,0.391579,73.8,70.04,3.72
2026-04-23 19:49:01,lnpcc,amazon-ratings,0.5,0.12146,56.21,52.86,3.31
2026-04-23 19:49:34,nrgnn,amazon-ratings,0.3,0.369686,246.17,0.06,232.49
2026-04-23 19:49:43,lnpcc,amazon-ratings,0.3,0.376525,558.98,549.33,9.57
2026-04-23 19:50:00,lnpcc,amazon-ratings,0.1,0.391835,75.21,71.36,3.81
2026-04-23 19:50:08,lnpcc,amazon-ratings,0.5,0.343149,60.57,57.28,3.24
2026-04-23 19:51:18,lnpcc,amazon-ratings,0.5,0.335085,64.13,60.94,3.14
2026-04-23 19:51:21,lnpcc,amazon-ratings,0.1,0.399745,73.74,70.1,3.61
2026-04-23 19:52:49,lnpcc,amazon-ratings,0.1,0.40199,81.88,77.89,3.95
2026-04-23 19:53:39,lnpcc,amazon-ratings,0.5,0.339985,59.59,56.47,3.07
2026-04-23 19:53:46,nrgnn,amazon-ratings,0.3,0.374687,246.24,0.04,231.66
2026-04-23 19:53:56,lnpcc,amazon-ratings,0.3,0.377903,96.1,86.45,9.57
2026-04-23 19:54:14,lnpcc,amazon-ratings,0.1,0.397295,79.59,75.86,3.68
2026-04-23 19:54:41,lnpcc,amazon-ratings,0.5,0.370911,56.05,53.12,2.89
2026-04-23 19:55:27,lnpcc,amazon-ratings,0.1,0.393264,67.09,63.04,4.0
2026-04-23 19:55:49,lnpcc,amazon-ratings,0.5,0.352794,62.4,59.05,3.3
2026-04-23 19:56:41,lnpcc,amazon-ratings,0.1,0.387344,67.63,63.62,3.96
2026-04-23 19:56:54,lnpcc,amazon-ratings,0.5,0.367849,58.45,55.19,3.21
2026-04-23 19:57:56,lnpcc,amazon-ratings,0.1,0.390406,69.27,65.31,3.93
2026-04-23 19:57:56,nrgnn,amazon-ratings,0.3,0.378158,243.75,0.04,229.13
2026-04-23 19:57:59,lnpcc,amazon-ratings,0.5,0.367849,58.32,55.12,3.15
2026-04-23 19:58:05,lnpcc,amazon-ratings,0.3,0.37581,70.12,60.64,9.42
2026-04-23 19:59:15,lnpcc,amazon-ratings,0.5,0.292983,70.88,67.6,3.24
2026-04-23 19:59:21,lnpcc,amazon-ratings,0.1,0.390457,79.66,75.62,4.0
2026-04-23 20:00:22,lnpcc,amazon-ratings,0.5,0.129166,60.61,57.43,3.13
2026-04-23 20:00:58,lnpcc,amazon-ratings,0.1,0.401123,90.89,86.95,3.9
2026-04-23 20:01:37,lnpcc,amazon-ratings,0.5,0.341158,69.41,66.18,3.18
2026-04-23 20:02:07,nrgnn,amazon-ratings,0.3,0.373412,244.79,0.04,230.71
2026-04-23 20:02:17,lnpcc,amazon-ratings,0.3,0.396172,83.03,73.31,9.65
2026-04-23 20:02:33,lnpcc,amazon-ratings,0.1,0.392906,89.39,85.7,3.64
2026-04-23 20:02:52,lnpcc,amazon-ratings,0.5,0.343965,69.2,66.0,3.15
2026-04-23 20:04:00,lnpcc,amazon-ratings,0.1,0.395101,80.75,76.88,3.83
2026-04-23 20:04:03,lnpcc,amazon-ratings,0.5,0.329931,63.54,60.32,3.17
2026-04-23 20:05:24,lnpcc,amazon-ratings,0.5,0.34024,75.27,72.12,3.11
2026-04-23 20:05:28,lnpcc,amazon-ratings,0.1,0.398928,82.0,77.97,3.99
2026-04-23 20:06:17,nrgnn,amazon-ratings,0.3,0.372595,243.69,0.05,229.41
2026-04-23 20:06:22,lnpcc,amazon-ratings,0.1,0.400561,47.91,43.97,3.91
2026-04-23 20:06:26,lnpcc,amazon-ratings,0.3,0.385609,67.66,58.13,9.45
2026-04-23 20:06:30,lnpcc,amazon-ratings,0.5,0.37086,59.72,56.61,3.06
2026-04-23 20:07:20,lnpcc,amazon-ratings,0.1,0.40791,52.45,48.6,3.81
2026-04-23 20:07:43,lnpcc,amazon-ratings,0.5,0.384741,67.08,64.11,2.92
2026-04-23 20:08:14,lnpcc,amazon-ratings,0.1,0.38913,48.07,44.1,3.93
2026-04-23 20:09:00,lnpcc,amazon-ratings,0.5,0.36887,71.09,67.79,3.25
2026-04-23 20:09:13,lnpcc,amazon-ratings,0.1,0.394795,52.44,48.55,3.85
2026-04-23 20:10:00,lnpcc,amazon-ratings,0.1,0.395458,41.58,37.56,3.96
2026-04-23 20:10:04,lnpcc,amazon-ratings,0.5,0.334983,58.88,55.37,3.46
2026-04-23 20:10:26,nrgnn,amazon-ratings,0.3,0.368206,242.83,0.05,228.86
2026-04-23 20:10:36,lnpcc,amazon-ratings,0.3,0.395254,77.99,68.31,9.62
2026-04-23 20:10:59,lnpcc,amazon-ratings,0.1,0.4,53.5,49.5,3.95
2026-04-23 20:11:17,lnpcc,amazon-ratings,0.5,0.349171,67.3,64.2,3.05
2026-04-23 20:11:55,lnpcc,amazon-ratings,0.1,0.389283,49.84,45.82,3.97
2026-04-23 20:12:32,lnpcc,amazon-ratings,0.5,0.372493,68.77,65.43,3.29
2026-04-23 20:12:47,lnpcc,amazon-ratings,0.1,0.394795,46.33,42.47,3.82
2026-04-23 20:13:39,lnpcc,amazon-ratings,0.1,0.395356,46.2,42.25,3.9
2026-04-23 20:13:44,lnpcc,amazon-ratings,0.5,0.368921,66.7,63.7,2.94
2026-04-23 20:14:35,lnpcc,amazon-ratings,0.1,0.406736,50.3,46.44,3.81
2026-04-23 20:14:37,nrgnn,amazon-ratings,0.3,0.382342,245.4,0.05,230.82
2026-04-23 20:14:47,lnpcc,amazon-ratings,0.3,0.36989,88.24,78.68,9.49
2026-04-23 20:14:57,lnpcc,amazon-ratings,0.5,0.366063,66.62,63.1,3.48
2026-04-23 20:16:00,lnpcc,amazon-ratings,0.1,0.40199,79.0,75.09,3.87
2026-04-23 20:16:09,lnpcc,amazon-ratings,0.5,0.319929,66.77,63.55,3.17
2026-04-23 20:17:03,lnpcc,amazon-ratings,0.5,0.355958,47.89,44.39,3.46
2026-04-23 20:17:36,lnpcc,amazon-ratings,0.1,0.397806,90.35,86.33,3.97
2026-04-23 20:18:12,lnpcc,amazon-ratings,0.5,0.368053,62.97,59.45,3.48
2026-04-23 20:18:48,nrgnn,amazon-ratings,0.3,0.37632,244.37,0.05,229.66
2026-04-23 20:18:57,lnpcc,amazon-ratings,0.3,0.370094,86.12,76.47,9.6
2026-04-23 20:22:24,nrgnn,amazon-ratings,0.4,0.378974,245.63,0.05,232.4
2026-04-23 20:22:28,lnpcc,amazon-ratings,0.1,0.380607,88.82,84.8,3.98
2026-04-23 20:22:50,nrgnn,amazon-ratings,0.3,0.383312,236.84,0.05,222.05
2026-04-23 20:22:54,lnpcc,amazon-ratings,0.3,0.393008,70.67,66.51,4.08
2026-04-23 20:26:33,nrgnn,amazon-ratings,0.4,0.339066,242.43,0.04,229.66
2026-04-23 20:26:37,lnpcc,amazon-ratings,0.1,0.388466,85.38,81.42,3.91
2026-04-23 20:26:54,nrgnn,amazon-ratings,0.3,0.363409,237.25,0.04,224.42
2026-04-23 20:26:57,lnpcc,amazon-ratings,0.3,0.385711,94.0,90.64,3.31
2026-04-23 20:30:46,nrgnn,amazon-ratings,0.4,0.366114,247.56,0.04,235.18
2026-04-23 20:30:50,lnpcc,amazon-ratings,0.1,0.391988,78.51,74.53,3.93
2026-04-23 20:30:58,nrgnn,amazon-ratings,0.3,0.369431,238.38,0.04,225.29
2026-04-23 20:31:08,lnpcc,amazon-ratings,0.3,0.384282,128.74,119.13,9.54
2026-04-23 20:35:04,nrgnn,amazon-ratings,0.3,0.361368,240.07,0.05,225.25
2026-04-23 20:35:06,nrgnn,amazon-ratings,0.4,0.349987,242.17,0.05,228.43
2026-04-23 20:35:10,lnpcc,amazon-ratings,0.1,0.394131,74.28,70.57,3.66
2026-04-23 20:35:14,lnpcc,amazon-ratings,0.3,0.381526,103.93,94.41,9.44
2026-04-23 20:39:08,nrgnn,amazon-ratings,0.3,0.37086,237.44,0.05,223.09
2026-04-23 20:39:16,nrgnn,amazon-ratings,0.4,0.368819,244.12,0.04,230.89
2026-04-23 20:39:18,lnpcc,amazon-ratings,0.3,0.391937,88.51,78.84,9.6
2026-04-23 20:39:20,lnpcc,amazon-ratings,0.1,0.403266,92.03,88.19,3.79
2026-04-23 20:43:15,nrgnn,amazon-ratings,0.3,0.378566,241.82,0.05,227.28
2026-04-23 20:43:25,lnpcc,amazon-ratings,0.3,0.393774,162.67,153.07,9.53
2026-04-23 20:43:30,nrgnn,amazon-ratings,0.4,0.364991,247.12,0.05,233.99
2026-04-23 20:43:33,lnpcc,amazon-ratings,0.1,0.395254,90.08,86.23,3.8
2026-04-23 20:47:20,nrgnn,amazon-ratings,0.3,0.391528,238.3,0.04,224.23
2026-04-23 20:47:30,lnpcc,amazon-ratings,0.3,0.383363,67.68,57.91,9.72
2026-04-23 20:47:38,nrgnn,amazon-ratings,0.4,0.352437,242.29,0.04,229.51
2026-04-23 20:47:42,lnpcc,amazon-ratings,0.1,0.395254,78.08,74.23,3.8
2026-04-23 20:51:27,nrgnn,amazon-ratings,0.3,0.372952,240.68,0.05,226.68
2026-04-23 20:51:36,lnpcc,amazon-ratings,0.3,0.389538,83.87,74.13,9.66
2026-04-23 20:51:52,nrgnn,amazon-ratings,0.4,0.368512,247.64,0.04,234.18
2026-04-23 20:51:55,lnpcc,amazon-ratings,0.1,0.398418,78.31,74.58,3.69
2026-04-23 20:55:33,nrgnn,amazon-ratings,0.3,0.378515,239.96,0.04,225.68
2026-04-23 20:55:36,lnpcc,amazon-ratings,0.3,0.395866,66.79,62.95,3.77
2026-04-23 20:56:02,nrgnn,amazon-ratings,0.4,0.368512,244.27,0.05,230.84
2026-04-23 20:56:06,lnpcc,amazon-ratings,0.1,0.391733,94.04,90.31,3.69
2026-04-23 20:59:34,nrgnn,amazon-ratings,0.3,0.389538,234.96,0.05,222.23
2026-04-23 20:59:38,lnpcc,amazon-ratings,0.3,0.390304,67.53,63.38,4.08
2026-04-23 21:00:15,nrgnn,amazon-ratings,0.4,0.367849,246.12,0.05,233.01
2026-04-23 21:00:18,lnpcc,amazon-ratings,0.1,0.393008,76.27,72.42,3.81
2026-04-23 21:03:40,nrgnn,amazon-ratings,0.3,0.373769,240.9,0.05,228.43
2026-04-23 21:03:44,lnpcc,amazon-ratings,0.3,0.392498,78.82,75.02,3.72
2026-04-23 21:04:31,nrgnn,amazon-ratings,0.4,0.368921,249.77,0.04,236.0
2026-04-23 21:04:35,lnpcc,amazon-ratings,0.1,0.396224,91.84,87.92,3.87
2026-04-23 21:07:48,nrgnn,amazon-ratings,0.3,0.366471,240.92,0.05,227.8
2026-04-23 21:07:52,lnpcc,amazon-ratings,0.3,0.390457,61.19,56.98,4.13
2026-04-23 21:08:46,nrgnn,amazon-ratings,0.4,0.369737,248.84,0.05,235.67
2026-04-23 21:08:50,lnpcc,amazon-ratings,0.1,0.387548,80.26,76.42,3.78
2026-04-23 21:11:54,nrgnn,amazon-ratings,0.3,0.372952,240.05,0.05,226.97
2026-04-23 21:11:58,lnpcc,amazon-ratings,0.3,0.367032,74.77,70.63,4.08
2026-04-23 21:13:04,nrgnn,amazon-ratings,0.4,0.343863,251.86,0.04,238.74
2026-04-23 21:13:08,lnpcc,amazon-ratings,0.1,0.386272,92.7,88.75,3.9
2026-04-23 21:16:04,nrgnn,amazon-ratings,0.3,0.355346,243.61,0.05,230.81
2026-04-23 21:16:08,lnpcc,amazon-ratings,0.3,0.394999,73.42,69.08,4.27
2026-04-23 21:17:36,nrgnn,amazon-ratings,0.4,0.367951,253.57,0.05,239.91
2026-04-23 21:17:39,lnpcc,amazon-ratings,0.1,0.392396,93.84,90.27,3.52
2026-04-23 21:20:14,nrgnn,amazon-ratings,0.3,0.383159,243.56,0.05,230.63
2026-04-23 21:20:23,lnpcc,amazon-ratings,0.3,0.391375,60.76,51.2,9.49
2026-04-23 21:21:52,nrgnn,amazon-ratings,0.4,0.342792,249.81,0.04,236.94
2026-04-23 21:21:55,lnpcc,amazon-ratings,0.1,0.400561,96.19,92.63,3.52
2026-04-23 21:24:26,nrgnn,amazon-ratings,0.3,0.378872,245.95,0.05,231.89
2026-04-23 21:24:30,lnpcc,amazon-ratings,0.3,0.391375,59.17,55.15,3.95
2026-04-23 21:26:15,nrgnn,amazon-ratings,0.4,0.365195,257.16,0.04,244.11
2026-04-23 21:26:19,lnpcc,amazon-ratings,0.1,0.38862,90.5,86.65,3.8
2026-04-23 21:28:40,nrgnn,amazon-ratings,0.3,0.387038,247.61,0.05,234.83
2026-04-23 21:28:45,lnpcc,amazon-ratings,0.3,0.394744,77.11,71.6,5.44
2026-04-23 21:30:32,nrgnn,amazon-ratings,0.4,0.368002,250.51,0.05,237.22
2026-04-23 21:30:36,lnpcc,amazon-ratings,0.1,0.396836,81.54,77.73,3.77
2026-04-23 21:32:43,nrgnn,amazon-ratings,0.3,0.367492,236.87,0.04,224.25
2026-04-23 21:32:52,lnpcc,amazon-ratings,0.3,0.39408,73.58,63.81,9.69
2026-04-23 21:34:42,nrgnn,amazon-ratings,0.4,0.367186,243.9,0.04,230.29
2026-04-23 21:34:46,lnpcc,amazon-ratings,0.1,0.400561,88.08,84.09,3.94
2026-04-23 21:36:45,nrgnn,amazon-ratings,0.3,0.389487,237.27,0.04,222.74
2026-04-23 21:36:49,lnpcc,amazon-ratings,0.3,0.39556,57.8,54.63,3.09
2026-04-23 21:38:52,nrgnn,amazon-ratings,0.4,0.36887,244.61,0.05,231.04
2026-04-23 21:38:56,lnpcc,amazon-ratings,0.1,0.397908,50.44,46.55,3.86
2026-04-23 21:40:47,nrgnn,amazon-ratings,0.3,0.393621,234.79,0.05,221.56
2026-04-23 21:40:50,lnpcc,amazon-ratings,0.3,0.390048,37.83,34.71,3.04
2026-04-23 21:43:04,nrgnn,amazon-ratings,0.4,0.358357,245.69,0.05,232.23
2026-04-23 21:43:08,lnpcc,amazon-ratings,0.1,0.397295,46.88,42.89,3.94
2026-04-23 21:45:02,nrgnn,amazon-ratings,0.3,0.382904,249.6,0.05,236.31
2026-04-23 21:45:06,lnpcc,amazon-ratings,0.3,0.393774,51.58,48.32,3.2
2026-04-23 21:47:32,nrgnn,amazon-ratings,0.4,0.36841,260.17,0.04,246.65
2026-04-23 21:47:35,lnpcc,amazon-ratings,0.1,0.388977,58.77,55.08,3.64
2026-04-23 21:49:21,nrgnn,amazon-ratings,0.3,0.362133,252.38,0.05,239.83
2026-04-23 21:49:25,lnpcc,amazon-ratings,0.3,0.394641,65.57,62.07,3.44
2026-04-23 21:52:15,nrgnn,amazon-ratings,0.4,0.365961,276.68,0.05,260.58
2026-04-23 21:52:19,lnpcc,amazon-ratings,0.1,0.38321,58.89,54.92,3.92
2026-04-23 21:53:53,nrgnn,amazon-ratings,0.3,0.372544,265.33,0.06,249.79
2026-04-23 21:53:57,lnpcc,amazon-ratings,0.3,0.396836,136.99,133.59,3.32
2026-04-23 21:56:52,nrgnn,amazon-ratings,0.4,0.369431,270.05,0.05,254.72
2026-04-23 21:56:56,lnpcc,amazon-ratings,0.1,0.384231,67.83,63.75,4.03
2026-04-23 21:58:24,nrgnn,amazon-ratings,0.3,0.372697,264.0,0.05,248.75
2026-04-23 21:58:27,lnpcc,amazon-ratings,0.3,0.394437,83.12,79.69,3.35
2026-04-23 22:01:31,nrgnn,amazon-ratings,0.4,0.368819,272.55,0.05,256.07
2026-04-23 22:01:35,lnpcc,amazon-ratings,0.1,0.392192,54.56,50.67,3.84
2026-04-23 22:02:51,nrgnn,amazon-ratings,0.3,0.386119,260.78,0.05,245.69
2026-04-23 22:02:54,lnpcc,amazon-ratings,0.3,0.39653,62.43,59.06,3.3
2026-04-23 22:06:06,nrgnn,amazon-ratings,0.4,0.361929,268.5,0.05,253.47
2026-04-23 22:06:10,lnpcc,amazon-ratings,0.1,0.401429,59.28,55.4,3.83
2026-04-23 22:07:19,nrgnn,amazon-ratings,0.3,0.375912,261.61,0.05,246.48
2026-04-23 22:07:22,lnpcc,amazon-ratings,0.3,0.396938,109.06,105.64,3.33
2026-04-23 22:10:39,nrgnn,amazon-ratings,0.4,0.367237,266.83,0.06,251.84
2026-04-23 22:10:43,lnpcc,amazon-ratings,0.1,0.38765,52.28,48.36,3.87
2026-04-23 22:11:45,nrgnn,amazon-ratings,0.3,0.385047,259.31,0.05,244.12
2026-04-23 22:11:48,lnpcc,amazon-ratings,0.3,0.394539,114.34,110.84,3.42
2026-04-23 22:15:08,nrgnn,amazon-ratings,0.4,0.368512,261.87,0.05,246.72
2026-04-23 22:15:11,lnpcc,amazon-ratings,0.1,0.378107,63.73,59.86,3.82
2026-04-23 22:16:07,nrgnn,amazon-ratings,0.3,0.368563,255.72,0.05,240.58
2026-04-23 22:16:11,lnpcc,amazon-ratings,0.3,0.39704,96.18,92.84,3.27
2026-04-23 22:19:39,nrgnn,amazon-ratings,0.4,0.370094,264.54,0.05,249.69
2026-04-23 22:19:42,lnpcc,amazon-ratings,0.1,0.388007,56.13,52.19,3.88
2026-04-23 22:20:32,nrgnn,amazon-ratings,0.3,0.392345,258.3,0.05,243.62
2026-04-23 22:20:35,lnpcc,amazon-ratings,0.3,0.396019,100.92,97.49,3.36
2026-04-23 22:24:10,nrgnn,amazon-ratings,0.4,0.363919,264.56,0.05,249.56
2026-04-23 22:24:41,nrgnn,amazon-ratings,0.5,0.335137,261.16,0.06,245.75
2026-04-23 22:28:42,nrgnn,amazon-ratings,0.4,0.353253,265.4,0.06,250.39
2026-04-23 22:28:46,nrgnn,amazon-ratings,0.3,0.367951,260.62,0.05,244.87
2026-04-23 22:32:47,nrgnn,amazon-ratings,0.5,0.319878,256.14,0.05,240.8
2026-04-23 22:33:12,nrgnn,amazon-ratings,0.4,0.364226,263.66,0.06,248.52
2026-04-23 22:37:15,nrgnn,amazon-ratings,0.3,0.386731,284.15,0.05,268.74
2026-04-23 22:38:04,nrgnn,amazon-ratings,0.4,0.367543,286.61,0.05,271.77
2026-04-23 22:41:19,nrgnn,amazon-ratings,0.5,0.349273,258.11,0.05,243.1
2026-04-23 22:42:36,nrgnn,amazon-ratings,0.4,0.368512,265.53,0.05,250.62
2026-04-23 22:45:25,nrgnn,amazon-ratings,0.3,0.369278,261.7,0.05,246.54
2026-04-23 22:47:11,nrgnn,amazon-ratings,0.4,0.36494,267.66,0.05,252.55
2026-04-23 22:49:31,nrgnn,amazon-ratings,0.5,0.368512,260.69,0.05,245.34
2026-04-23 22:49:34,lnpcc,amazon-ratings,0.3,0.395254,106.09,102.6,3.4
2026-04-23 22:51:52,nrgnn,amazon-ratings,0.4,0.356468,274.86,0.05,259.73
2026-04-23 22:53:44,nrgnn,amazon-ratings,0.3,0.36443,264.88,0.06,249.59
2026-04-23 22:53:47,lnpcc,amazon-ratings,0.3,0.395866,143.3,139.87,3.36
2026-04-23 22:59:16,nrgnn,amazon-ratings,0.4,0.356979,437.3,0.05,421.88
2026-04-23 23:04:35,nrgnn,amazon-ratings,0.5,0.327482,664.06,0.06,648.4
2026-04-23 23:04:47,lnpcc,amazon-ratings,0.3,0.394897,260.51,248.81,11.63
2026-04-23 23:08:18,nrgnn,amazon-ratings,0.4,0.368512,534.06,0.07,510.47
2026-04-23 23:09:29,nrgnn,amazon-ratings,0.3,0.365552,298.06,0.05,282.37
2026-04-23 23:09:33,lnpcc,amazon-ratings,0.3,0.395713,157.34,153.93,3.33
2026-04-23 23:12:49,nrgnn,amazon-ratings,0.4,0.369839,265.28,0.06,250.05
2026-04-23 23:13:35,nrgnn,amazon-ratings,0.5,0.368512,271.01,0.06,241.69
2026-04-23 23:13:38,lnpcc,amazon-ratings,0.3,0.396377,120.88,117.51,3.29
2026-04-23 23:17:19,nrgnn,amazon-ratings,0.4,0.367798,263.29,0.05,248.27
2026-04-23 23:17:41,nrgnn,amazon-ratings,0.3,0.370758,258.42,0.05,243.01
2026-04-23 23:21:42,nrgnn,amazon-ratings,0.5,0.359837,257.12,0.06,241.47
2026-04-23 23:21:47,nrgnn,amazon-ratings,0.4,0.364124,262.49,0.05,247.44
2026-04-23 23:25:34,nrgnn,amazon-ratings,0.3,0.378209,246.77,0.05,231.41
2026-04-23 23:25:37,lnpcc,amazon-ratings,0.3,0.395203,104.34,100.76,3.51
2026-04-23 23:26:07,nrgnn,amazon-ratings,0.4,0.35902,253.56,0.05,236.69
2026-04-23 23:29:30,nrgnn,amazon-ratings,0.5,0.355142,249.12,0.05,232.96
2026-04-23 23:30:30,nrgnn,amazon-ratings,0.4,0.344425,256.1,0.04,242.14
2026-04-23 23:33:04,nrgnn,amazon-ratings,0.3,0.375198,226.69,0.04,213.37
2026-04-23 23:34:08,nrgnn,amazon-ratings,0.4,0.368717,212.86,0.05,198.79
2026-04-23 23:36:03,nrgnn,amazon-ratings,0.5,0.368512,192.92,0.06,179.22
2026-04-23 23:36:06,lnpcc,amazon-ratings,0.3,0.395101,120.42,117.8,2.55
2026-04-23 23:37:34,nrgnn,amazon-ratings,0.4,0.368512,200.83,0.03,192.61
2026-04-23 23:39:12,nrgnn,amazon-ratings,0.3,0.369788,195.02,0.04,185.99
2026-04-23 23:40:51,nrgnn,amazon-ratings,0.4,0.368921,191.41,0.04,183.22
2026-04-23 23:42:04,nrgnn,amazon-ratings,0.5,0.343659,181.52,0.03,171.9
2026-04-23 23:44:46,nrgnn,amazon-ratings,0.4,0.362899,230.31,0.03,222.12
2026-04-23 23:45:59,nrgnn,amazon-ratings,0.3,0.389742,244.32,0.03,235.5
2026-04-23 23:46:03,lnpcc,amazon-ratings,0.3,0.395305,66.09,62.6,3.44
2026-04-23 23:49:06,nrgnn,amazon-ratings,0.4,0.37382,252.57,0.04,239.27
2026-04-23 23:49:53,nrgnn,amazon-ratings,0.5,0.323144,243.65,0.05,230.26
2026-04-23 23:49:57,lnpcc,amazon-ratings,0.3,0.397295,85.74,82.11,3.57
2026-04-23 23:53:21,nrgnn,amazon-ratings,0.4,0.361368,249.08,0.04,235.37
2026-04-23 23:53:44,nrgnn,amazon-ratings,0.3,0.383516,241.29,0.05,227.49
2026-04-23 23:53:48,lnpcc,amazon-ratings,0.3,0.395866,76.08,72.51,3.5
2026-04-23 23:57:37,nrgnn,amazon-ratings,0.5,0.368717,242.71,0.05,229.2
2026-04-23 23:57:38,nrgnn,amazon-ratings,0.4,0.368512,251.67,0.04,238.46
2026-04-24 00:01:24,nrgnn,amazon-ratings,0.3,0.365706,240.68,0.04,227.47
2026-04-24 00:01:28,lnpcc,amazon-ratings,0.3,0.368614,143.25,139.81,3.38
2026-04-24 00:01:55,nrgnn,amazon-ratings,0.4,0.36198,250.21,0.05,236.88
2026-04-24 00:05:09,nrgnn,amazon-ratings,0.5,0.369023,234.64,0.04,221.36
2026-04-24 00:06:04,nrgnn,amazon-ratings,0.4,0.3679,243.01,0.05,229.41
2026-04-24 00:08:52,nrgnn,amazon-ratings,0.3,0.368461,236.31,0.04,222.89
2026-04-24 00:10:14,nrgnn,amazon-ratings,0.4,0.369737,243.63,0.05,231.2
2026-04-24 00:12:36,nrgnn,amazon-ratings,0.5,0.365757,237.28,0.04,223.97
2026-04-24 00:12:39,lnpcc,amazon-ratings,0.3,0.370043,98.19,95.1,3.04
2026-04-24 00:14:24,nrgnn,amazon-ratings,0.4,0.369992,244.53,0.04,231.9
2026-04-24 00:16:24,nrgnn,amazon-ratings,0.3,0.365501,237.97,0.04,224.67
2026-04-24 00:16:27,lnpcc,amazon-ratings,0.3,0.398316,84.3,80.77,3.47
2026-04-24 00:18:39,nrgnn,amazon-ratings,0.4,0.370452,249.3,0.05,235.83
2026-04-24 00:20:15,nrgnn,amazon-ratings,0.5,0.289666,240.97,0.05,227.64
2026-04-24 00:22:53,nrgnn,amazon-ratings,0.4,0.369992,248.15,0.04,234.75
2026-04-24 00:24:00,nrgnn,amazon-ratings,0.3,0.367798,238.6,0.04,224.61
2026-04-24 00:27:05,nrgnn,amazon-ratings,0.4,0.369533,246.02,0.05,232.87
2026-04-24 00:27:44,nrgnn,amazon-ratings,0.5,0.34764,238.03,0.04,224.55
2026-04-24 00:31:16,nrgnn,amazon-ratings,0.4,0.370503,245.93,0.04,232.89
2026-04-24 00:31:29,nrgnn,amazon-ratings,0.3,0.371166,237.74,0.04,225.0
2026-04-24 00:31:33,lnpcc,amazon-ratings,0.3,0.394948,96.98,93.22,3.7
2026-04-24 00:35:18,nrgnn,amazon-ratings,0.5,0.334116,238.76,0.06,225.37
2026-04-24 00:35:22,lnpcc,amazon-ratings,0.3,0.397397,86.23,82.81,3.35
2026-04-24 00:35:32,nrgnn,amazon-ratings,0.4,0.370656,249.87,0.05,235.65
2026-04-24 00:39:10,nrgnn,amazon-ratings,0.3,0.357234,241.27,0.05,227.96
2026-04-24 00:39:49,nrgnn,amazon-ratings,0.4,0.365757,250.56,0.05,237.22
2026-04-24 00:43:02,nrgnn,amazon-ratings,0.5,0.340393,245.76,0.05,231.85
2026-04-24 00:43:05,lnpcc,amazon-ratings,0.3,0.39607,85.61,82.41,3.13
2026-04-24 00:44:10,nrgnn,amazon-ratings,0.4,0.370809,254.04,0.05,240.84
2026-04-24 00:46:55,nrgnn,amazon-ratings,0.3,0.366114,242.62,0.03,230.05
2026-04-24 00:48:26,nrgnn,amazon-ratings,0.4,0.370452,250.07,0.04,236.61
2026-04-24 00:50:44,nrgnn,amazon-ratings,0.5,0.368512,242.13,0.04,228.93
2026-04-24 00:52:47,nrgnn,amazon-ratings,0.4,0.370809,255.35,0.03,242.32
2026-04-24 00:54:39,nrgnn,amazon-ratings,0.3,0.372901,248.17,0.04,235.2
2026-04-24 00:54:42,lnpcc,amazon-ratings,0.3,0.39755,81.72,78.52,3.13
2026-04-24 00:57:09,nrgnn,amazon-ratings,0.4,0.368359,255.9,0.05,241.7
2026-04-24 00:58:34,nrgnn,amazon-ratings,0.5,0.365859,245.07,0.03,231.64
2026-04-24 00:58:37,lnpcc,amazon-ratings,0.3,0.397755,78.85,75.58,3.21
2026-04-24 01:00:39,pignn,amazon-ratings,0.1,0.371319,209.58,0.07,209.3
2026-04-24 01:02:45,nrgnn,amazon-ratings,0.5,0.364277,244.42,0.04,231.46
2026-04-24 01:02:48,lnpcc,amazon-ratings,0.3,0.398061,86.9,83.62,3.22
2026-04-24 01:04:37,nrgnn,amazon-ratings,0.4,0.366726,250.91,0.05,237.65
2026-04-24 01:06:52,nrgnn,amazon-ratings,0.5,0.314264,240.94,0.03,228.26
2026-04-24 01:06:56,lnpcc,amazon-ratings,0.3,0.397448,106.31,102.66,3.57
2026-04-24 01:08:01,pignn,amazon-ratings,0.1,0.368461,204.85,0.05,204.62
2026-04-24 01:11:03,nrgnn,amazon-ratings,0.5,0.368512,244.84,0.05,231.87
2026-04-24 01:11:07,lnpcc,amazon-ratings,0.3,0.396172,84.09,80.52,3.49
2026-04-24 01:11:59,nrgnn,amazon-ratings,0.4,0.369941,252.15,0.05,237.99
2026-04-24 01:15:14,nrgnn,amazon-ratings,0.5,0.353202,244.63,0.05,231.04
2026-04-24 01:15:17,lnpcc,amazon-ratings,0.3,0.394437,95.31,92.01,3.22
2026-04-24 01:15:21,pignn,amazon-ratings,0.1,0.283695,202.46,0.04,202.24
2026-04-24 01:19:20,nrgnn,amazon-ratings,0.4,0.368512,253.05,0.05,238.9
2026-04-24 01:19:26,nrgnn,amazon-ratings,0.5,0.369074,245.8,0.04,233.0
2026-04-24 01:19:30,lnpcc,amazon-ratings,0.3,0.396479,90.56,86.95,3.53
2026-04-24 01:22:48,pignn,amazon-ratings,0.1,0.368512,207.59,0.04,207.38
2026-04-24 01:23:37,nrgnn,amazon-ratings,0.5,0.368512,243.44,0.04,230.01
2026-04-24 01:23:40,lnpcc,amazon-ratings,0.3,0.39653,81.13,77.91,3.15
2026-04-24 01:26:48,nrgnn,amazon-ratings,0.4,0.364787,254.68,0.06,239.83
2026-04-24 01:27:45,nrgnn,amazon-ratings,0.5,0.325695,242.29,0.05,229.34
2026-04-24 01:27:49,lnpcc,amazon-ratings,0.3,0.396479,83.44,79.91,3.47
2026-04-24 01:30:08,pignn,amazon-ratings,0.1,0.366012,200.53,0.05,200.29
2026-04-24 01:31:55,nrgnn,amazon-ratings,0.5,0.36397,243.24,0.03,230.5
2026-04-24 01:31:58,lnpcc,amazon-ratings,0.3,0.396428,94.26,90.59,3.59
2026-04-24 01:34:11,nrgnn,amazon-ratings,0.4,0.374841,257.07,0.05,243.28
2026-04-24 01:36:08,nrgnn,amazon-ratings,0.5,0.368257,247.76,0.03,237.54
2026-04-24 01:36:12,lnpcc,amazon-ratings,0.3,0.395203,81.85,78.36,3.44
2026-04-24 01:37:44,pignn,amazon-ratings,0.1,0.368512,212.72,0.04,212.48
2026-04-24 01:40:27,nrgnn,amazon-ratings,0.5,0.368359,251.69,0.04,238.68
2026-04-24 01:40:30,lnpcc,amazon-ratings,0.3,0.397193,74.89,71.46,3.35
2026-04-24 01:41:50,nrgnn,amazon-ratings,0.4,0.371013,260.42,0.06,246.11
2026-04-24 01:44:43,nrgnn,amazon-ratings,0.5,0.347436,250.23,0.04,236.6
2026-04-24 01:44:47,lnpcc,amazon-ratings,0.3,0.394999,86.34,83.22,3.05
2026-04-24 01:45:20,pignn,amazon-ratings,0.1,0.368512,209.85,0.04,209.6
2026-04-24 01:48:59,nrgnn,amazon-ratings,0.5,0.350038,248.68,0.04,235.45
2026-04-24 01:49:01,lnpcc,amazon-ratings,0.3,0.385404,69.8,67.35,2.39
2026-04-24 01:49:23,nrgnn,amazon-ratings,0.4,0.359173,257.57,0.05,243.45
2026-04-24 01:52:14,pignn,amazon-ratings,0.1,0.368614,170.75,0.05,170.5
2026-04-24 01:52:29,nrgnn,amazon-ratings,0.5,0.360194,203.24,0.04,189.75
2026-04-24 01:52:31,lnpcc,amazon-ratings,0.3,0.395662,96.59,94.03,2.48
2026-04-24 01:55:21,nrgnn,amazon-ratings,0.4,0.361776,202.19,0.05,187.19
2026-04-24 01:55:41,nrgnn,amazon-ratings,0.5,0.365144,186.92,0.03,178.33
2026-04-24 01:55:44,lnpcc,amazon-ratings,0.3,0.39653,49.63,47.12,2.46
2026-04-24 01:58:01,pignn,amazon-ratings,0.1,0.368512,160.4,0.03,160.23
2026-04-24 01:58:51,nrgnn,amazon-ratings,0.5,0.368512,183.86,0.03,175.32
2026-04-24 01:58:53,lnpcc,amazon-ratings,0.3,0.397703,59.83,57.32,2.46
2026-04-24 02:01:04,nrgnn,amazon-ratings,0.4,0.363766,192.66,0.04,183.3
2026-04-24 02:02:01,nrgnn,amazon-ratings,0.5,0.320082,184.42,0.03,175.88
2026-04-24 02:02:03,lnpcc,amazon-ratings,0.3,0.397601,56.74,54.23,2.46
2026-04-24 02:03:47,pignn,amazon-ratings,0.1,0.368512,162.41,0.03,162.24
2026-04-24 02:05:14,nrgnn,amazon-ratings,0.5,0.326869,186.94,0.03,178.43
2026-04-24 02:05:16,lnpcc,amazon-ratings,0.3,0.39801,55.15,52.65,2.45
2026-04-24 02:06:52,nrgnn,amazon-ratings,0.4,0.334779,194.86,0.03,185.47
2026-04-24 02:08:28,nrgnn,amazon-ratings,0.5,0.339117,188.56,0.03,180.0
2026-04-24 02:08:30,lnpcc,amazon-ratings,0.3,0.394284,72.37,69.87,2.45
2026-04-24 02:09:28,pignn,amazon-ratings,0.1,0.367849,155.78,0.03,155.62
2026-04-24 02:12:05,nrgnn,amazon-ratings,0.5,0.338556,211.4,0.03,202.88
2026-04-24 02:12:08,lnpcc,amazon-ratings,0.3,0.398316,54.71,51.43,3.24
2026-04-24 02:13:17,nrgnn,amazon-ratings,0.4,0.368053,238.9,0.04,229.41
2026-04-24 02:16:17,nrgnn,amazon-ratings,0.5,0.368563,246.11,0.04,232.67
2026-04-24 02:16:20,lnpcc,amazon-ratings,0.3,0.397959,102.86,99.44,3.35
2026-04-24 02:16:38,pignn,amazon-ratings,0.1,0.362133,200.32,0.03,200.14
2026-04-24 02:20:29,nrgnn,amazon-ratings,0.5,0.356315,245.68,0.05,232.9
2026-04-24 02:20:32,lnpcc,amazon-ratings,0.3,0.397959,76.36,73.18,3.1
2026-04-24 02:20:41,nrgnn,amazon-ratings,0.4,0.351161,257.36,0.06,243.22
2026-04-24 02:24:16,pignn,amazon-ratings,0.1,0.368359,215.56,0.04,215.32
2026-04-24 02:24:43,nrgnn,amazon-ratings,0.5,0.306252,247.45,0.04,234.25
2026-04-24 02:24:46,lnpcc,amazon-ratings,0.3,0.396479,88.33,85.17,3.1
2026-04-24 02:28:17,nrgnn,amazon-ratings,0.4,0.354172,255.09,0.06,240.78
2026-04-24 02:29:00,nrgnn,amazon-ratings,0.5,0.367696,250.14,0.05,237.25
2026-04-24 02:29:03,lnpcc,amazon-ratings,0.3,0.395254,80.96,77.55,3.34
2026-04-24 02:31:45,pignn,amazon-ratings,0.1,0.368512,208.37,0.05,208.11
2026-04-24 02:33:12,nrgnn,amazon-ratings,0.5,0.344986,245.66,0.05,232.89
2026-04-24 02:33:15,lnpcc,amazon-ratings,0.3,0.397346,74.5,71.28,3.15
2026-04-24 02:35:50,nrgnn,amazon-ratings,0.4,0.358816,259.99,0.05,245.34
2026-04-24 02:37:25,nrgnn,amazon-ratings,0.5,0.346568,246.67,0.04,234.08
2026-04-24 02:37:28,lnpcc,amazon-ratings,0.3,0.370401,85.62,82.23,3.31
2026-04-24 02:39:17,pignn,amazon-ratings,0.1,0.368512,206.43,0.05,206.19
2026-04-24 02:41:28,nrgnn,amazon-ratings,0.5,0.368512,236.81,0.05,223.53
2026-04-24 02:41:32,lnpcc,amazon-ratings,0.3,0.397346,84.2,80.62,3.51
2026-04-24 02:43:11,nrgnn,amazon-ratings,0.4,0.370809,248.23,0.05,234.27
2026-04-24 02:45:31,nrgnn,amazon-ratings,0.5,0.338964,236.4,0.05,223.1
2026-04-24 02:45:34,lnpcc,amazon-ratings,0.3,0.397244,83.7,80.29,3.33
2026-04-24 02:46:27,pignn,amazon-ratings,0.1,0.367645,195.92,0.05,195.7
2026-04-24 02:49:35,nrgnn,amazon-ratings,0.5,0.353406,238.55,0.05,225.9
2026-04-24 02:49:39,lnpcc,amazon-ratings,0.3,0.395764,74.65,70.98,3.6
2026-04-24 02:50:22,nrgnn,amazon-ratings,0.4,0.370911,248.89,0.05,234.86
2026-04-24 02:53:38,pignn,amazon-ratings,0.1,0.368512,196.91,0.05,196.68
2026-04-24 02:53:41,nrgnn,amazon-ratings,0.5,0.360755,238.57,0.05,225.34
2026-04-24 02:53:44,lnpcc,amazon-ratings,0.3,0.395458,75.31,71.93,3.32
2026-04-24 02:57:34,nrgnn,amazon-ratings,0.4,0.377341,248.51,0.04,235.5
2026-04-24 02:57:44,nrgnn,amazon-ratings,0.5,0.336004,236.65,0.05,223.25
2026-04-24 02:57:47,lnpcc,amazon-ratings,0.3,0.396326,66.28,62.59,3.62
2026-04-24 03:01:01,pignn,amazon-ratings,0.1,0.368002,206.96,0.04,206.74
2026-04-24 03:01:50,nrgnn,amazon-ratings,0.5,0.337892,239.27,0.06,226.01
2026-04-24 03:01:53,lnpcc,amazon-ratings,0.3,0.368665,73.31,69.63,3.6
2026-04-24 03:04:57,nrgnn,amazon-ratings,0.4,0.378923,250.93,0.06,236.21
2026-04-24 03:05:53,nrgnn,amazon-ratings,0.5,0.335443,236.22,0.05,223.61
2026-04-24 03:05:56,lnpcc,amazon-ratings,0.3,0.395713,74.07,71.08,2.93
2026-04-24 03:08:14,pignn,amazon-ratings,0.1,0.368308,197.64,0.03,197.43
2026-04-24 03:09:56,nrgnn,amazon-ratings,0.5,0.364685,237.04,0.06,223.7
2026-04-24 03:09:59,lnpcc,amazon-ratings,0.3,0.366726,82.92,80.12,2.72
2026-04-24 03:12:08,nrgnn,amazon-ratings,0.4,0.38173,246.58,0.04,233.11
2026-04-24 03:13:59,nrgnn,amazon-ratings,0.5,0.327737,236.88,0.04,223.88
2026-04-24 03:14:02,lnpcc,amazon-ratings,0.3,0.394641,70.76,67.26,3.42
2026-04-24 03:15:29,pignn,amazon-ratings,0.1,0.368206,201.28,0.03,201.09
2026-04-24 03:18:00,nrgnn,amazon-ratings,0.5,0.369227,235.21,0.04,222.03
2026-04-24 03:18:04,lnpcc,amazon-ratings,0.3,0.397448,74.15,70.74,3.34
2026-04-24 03:19:22,nrgnn,amazon-ratings,0.4,0.374381,247.73,0.04,233.71
2026-04-24 03:22:01,nrgnn,amazon-ratings,0.5,0.369329,234.82,0.05,221.69
2026-04-24 03:22:05,lnpcc,amazon-ratings,0.3,0.395203,82.35,78.87,3.41
2026-04-24 03:22:42,pignn,amazon-ratings,0.1,0.368512,199.98,0.05,199.78
2026-04-24 03:26:04,nrgnn,amazon-ratings,0.5,0.368717,236.3,0.05,223.51
2026-04-24 03:26:07,lnpcc,amazon-ratings,0.3,0.395968,71.45,68.22,3.17
2026-04-24 03:26:28,nrgnn,amazon-ratings,0.4,0.353202,239.87,0.04,226.19
2026-04-24 03:29:35,pignn,amazon-ratings,0.1,0.368053,186.93,0.04,186.71
2026-04-24 03:30:03,nrgnn,amazon-ratings,0.5,0.369329,233.44,0.06,221.05
2026-04-24 03:30:07,lnpcc,amazon-ratings,0.3,0.397959,73.69,70.2,3.41
2026-04-24 03:33:19,nrgnn,amazon-ratings,0.4,0.364072,236.89,0.04,224.01
2026-04-24 03:34:06,nrgnn,amazon-ratings,0.5,0.369227,235.8,0.04,223.29
2026-04-24 03:34:09,lnpcc,amazon-ratings,0.3,0.395356,73.0,69.58,3.35
2026-04-24 03:36:26,pignn,amazon-ratings,0.1,0.3679,187.35,0.05,187.12
2026-04-24 03:38:07,nrgnn,amazon-ratings,0.5,0.369227,235.58,0.05,222.63
2026-04-24 03:38:11,lnpcc,amazon-ratings,0.3,0.395968,76.3,72.83,3.39
2026-04-24 03:40:11,nrgnn,amazon-ratings,0.4,0.378413,237.79,0.05,224.59
2026-04-24 03:42:09,nrgnn,amazon-ratings,0.5,0.369278,235.35,0.04,222.89
2026-04-24 03:42:12,lnpcc,amazon-ratings,0.3,0.380046,81.45,77.94,3.45
2026-04-24 03:43:22,pignn,amazon-ratings,0.1,0.368512,191.54,0.04,191.32
2026-04-24 03:46:10,nrgnn,amazon-ratings,0.5,0.369176,235.24,0.04,221.86
2026-04-24 03:46:16,lnpcc,amazon-ratings,0.3,0.373054,76.06,70.44,5.56
2026-04-24 03:47:07,nrgnn,amazon-ratings,0.4,0.370248,237.63,0.05,224.24
2026-04-24 03:50:13,nrgnn,amazon-ratings,0.5,0.369431,236.78,0.05,223.49
2026-04-24 03:50:16,pignn,amazon-ratings,0.1,0.368512,189.97,0.05,189.74
2026-04-24 03:50:16,lnpcc,amazon-ratings,0.3,0.397193,71.01,67.82,3.12
2026-04-24 03:54:01,nrgnn,amazon-ratings,0.4,0.37183,237.89,0.05,224.16
2026-04-24 03:54:17,nrgnn,amazon-ratings,0.5,0.369023,237.41,0.05,224.02
2026-04-24 03:54:20,lnpcc,amazon-ratings,0.3,0.397959,94.51,90.96,3.49
2026-04-24 03:57:09,pignn,amazon-ratings,0.1,0.368053,188.15,0.04,187.93
2026-04-24 03:58:18,nrgnn,amazon-ratings,0.5,0.369176,234.09,0.03,221.26
2026-04-24 03:58:21,lnpcc,amazon-ratings,0.3,0.392957,96.79,93.25,3.47
2026-04-24 04:00:53,nrgnn,amazon-ratings,0.4,0.362133,238.09,0.04,224.05
2026-04-24 04:02:19,nrgnn,amazon-ratings,0.5,0.369125,234.82,0.07,221.43
2026-04-24 04:02:23,lnpcc,amazon-ratings,0.3,0.398367,75.36,72.01,3.29
2026-04-24 04:04:00,pignn,amazon-ratings,0.1,0.364889,187.53,0.05,187.31
2026-04-24 04:06:22,nrgnn,amazon-ratings,0.5,0.369125,236.08,0.04,222.75
2026-04-24 04:06:25,lnpcc,amazon-ratings,0.3,0.396887,76.23,72.62,3.54
2026-04-24 04:07:44,nrgnn,amazon-ratings,0.4,0.384231,237.57,0.05,224.31
2026-04-24 04:10:24,nrgnn,amazon-ratings,0.5,0.36938,235.92,0.03,222.82
2026-04-24 04:10:27,lnpcc,amazon-ratings,0.3,0.394897,81.81,78.31,3.43
2026-04-24 04:10:51,pignn,amazon-ratings,0.1,0.367696,186.53,0.05,186.3
2026-04-24 04:14:24,nrgnn,amazon-ratings,0.5,0.369329,234.34,0.04,221.43
2026-04-24 04:14:28,lnpcc,amazon-ratings,0.3,0.397244,72.93,69.44,3.42
2026-04-24 04:14:34,nrgnn,amazon-ratings,0.4,0.374636,236.76,0.05,223.2
2026-04-24 04:17:41,pignn,amazon-ratings,0.1,0.368512,187.15,0.04,186.93
2026-04-24 04:18:25,nrgnn,amazon-ratings,0.5,0.369431,234.79,0.05,221.65
2026-04-24 04:18:29,lnpcc,amazon-ratings,0.3,0.398112,77.32,73.71,3.53
2026-04-24 04:21:26,nrgnn,amazon-ratings,0.4,0.384435,238.39,0.05,225.14
2026-04-24 04:22:27,nrgnn,amazon-ratings,0.5,0.369125,235.8,0.05,222.41
2026-04-24 04:22:30,lnpcc,amazon-ratings,0.3,0.396172,85.46,82.21,3.18
2026-04-24 04:24:34,pignn,amazon-ratings,0.1,0.368512,187.66,0.05,187.43
2026-04-24 04:26:29,nrgnn,amazon-ratings,0.5,0.369329,235.98,0.04,222.9
2026-04-24 04:26:33,lnpcc,amazon-ratings,0.3,0.396326,78.9,75.47,3.38
2026-04-24 04:28:18,nrgnn,amazon-ratings,0.4,0.352896,237.49,0.05,224.53
2026-04-24 04:30:30,nrgnn,amazon-ratings,0.5,0.369329,234.47,0.05,221.62
2026-04-24 04:30:34,lnpcc,amazon-ratings,0.3,0.395815,97.56,94.12,3.37
2026-04-24 04:31:27,pignn,amazon-ratings,0.1,0.368359,188.97,0.05,188.71
2026-04-24 04:34:32,nrgnn,amazon-ratings,0.5,0.369227,235.68,0.04,222.72
2026-04-24 04:34:35,lnpcc,amazon-ratings,0.3,0.395101,85.02,81.59,3.36
2026-04-24 04:35:10,nrgnn,amazon-ratings,0.4,0.303394,236.41,0.05,222.86
2026-04-24 04:38:17,pignn,amazon-ratings,0.1,0.359122,187.28,0.04,187.07
2026-04-24 04:38:31,nrgnn,amazon-ratings,0.5,0.369227,233.19,0.05,219.59
2026-04-24 04:38:35,lnpcc,amazon-ratings,0.3,0.398214,72.82,69.28,3.46
2026-04-24 04:42:00,nrgnn,amazon-ratings,0.4,0.358561,236.47,0.05,223.1
2026-04-24 04:42:33,nrgnn,amazon-ratings,0.5,0.369329,235.78,0.04,222.65
2026-04-24 04:42:37,lnpcc,amazon-ratings,0.3,0.398112,67.66,64.21,3.38
2026-04-24 04:45:10,pignn,amazon-ratings,0.1,0.363817,190.07,0.04,189.85
2026-04-24 04:46:35,nrgnn,amazon-ratings,0.5,0.369329,235.81,0.05,222.83
2026-04-24 04:46:39,lnpcc,amazon-ratings,0.3,0.39556,64.72,61.3,3.34
2026-04-24 04:48:54,nrgnn,amazon-ratings,0.4,0.378209,237.35,0.05,223.71
2026-04-24 04:50:38,nrgnn,amazon-ratings,0.5,0.369125,235.95,0.03,222.61
2026-04-24 04:50:41,lnpcc,amazon-ratings,0.3,0.39653,73.54,70.45,3.03
2026-04-24 04:52:01,pignn,amazon-ratings,0.1,0.279357,187.77,0.04,187.55
2026-04-24 04:54:38,nrgnn,amazon-ratings,0.5,0.369227,234.66,0.04,222.35
2026-04-24 04:54:42,lnpcc,amazon-ratings,0.3,0.396275,83.02,79.92,3.05
2026-04-24 04:55:46,nrgnn,amazon-ratings,0.4,0.36397,238.2,0.05,224.84
2026-04-24 04:58:41,nrgnn,amazon-ratings,0.5,0.369227,236.4,0.05,222.77
2026-04-24 04:58:45,lnpcc,amazon-ratings,0.3,0.368512,76.81,73.1,3.64
2026-04-24 04:58:52,pignn,amazon-ratings,0.1,0.367543,186.53,0.05,186.29
2026-04-24 05:02:36,nrgnn,amazon-ratings,0.4,0.361113,237.32,0.04,223.69
2026-04-24 05:02:46,nrgnn,amazon-ratings,0.5,0.369329,237.84,0.05,224.05
2026-04-24 05:02:49,lnpcc,amazon-ratings,0.3,0.368819,76.21,72.83,3.3
2026-04-24 05:05:44,pignn,amazon-ratings,0.1,0.283644,188.0,0.05,187.76
2026-04-24 05:06:47,nrgnn,amazon-ratings,0.5,0.369227,234.99,0.05,222.37
2026-04-24 05:06:51,lnpcc,amazon-ratings,0.3,0.394897,96.81,93.32,3.42
2026-04-24 05:09:27,nrgnn,amazon-ratings,0.4,0.357183,236.09,0.05,222.67
2026-04-24 05:10:49,nrgnn,amazon-ratings,0.5,0.369431,235.13,0.04,222.62
2026-04-24 05:10:52,lnpcc,amazon-ratings,0.3,0.370196,91.26,87.75,3.45
2026-04-24 05:12:36,pignn,amazon-ratings,0.1,0.368512,189.16,0.05,188.92
2026-04-24 05:14:49,nrgnn,amazon-ratings,0.5,0.369431,234.15,0.05,220.92
2026-04-24 05:14:52,lnpcc,amazon-ratings,0.3,0.385609,80.6,77.99,2.54
2026-04-24 05:16:19,nrgnn,amazon-ratings,0.4,0.371115,236.54,0.04,223.48
2026-04-24 05:18:50,nrgnn,amazon-ratings,0.5,0.358714,235.35,0.04,222.67
2026-04-24 05:18:54,lnpcc,amazon-ratings,0.3,0.394999,70.35,66.99,3.29
2026-04-24 05:19:27,pignn,amazon-ratings,0.1,0.368512,188.33,0.05,188.1
2026-04-24 05:22:53,nrgnn,amazon-ratings,0.5,0.362439,236.0,0.05,222.79
2026-04-24 05:22:56,lnpcc,amazon-ratings,0.3,0.397295,73.53,70.06,3.4
2026-04-24 05:23:11,nrgnn,amazon-ratings,0.4,0.376167,237.35,0.05,223.68
2026-04-24 05:26:19,pignn,amazon-ratings,0.1,0.368512,188.53,0.04,188.3
2026-04-24 05:26:54,nrgnn,amazon-ratings,0.5,0.366522,234.9,0.05,222.25
2026-04-24 05:26:57,lnpcc,amazon-ratings,0.3,0.39801,74.33,71.0,3.26
2026-04-24 05:30:05,nrgnn,amazon-ratings,0.4,0.382036,238.69,0.04,225.49
2026-04-24 05:30:56,nrgnn,amazon-ratings,0.5,0.232253,235.28,0.03,222.69
2026-04-24 05:30:59,lnpcc,amazon-ratings,0.3,0.395509,83.95,80.62,3.26
2026-04-24 05:33:12,pignn,amazon-ratings,0.1,0.362695,187.53,0.04,187.28
2026-04-24 05:34:57,nrgnn,amazon-ratings,0.5,0.119724,234.9,0.04,223.02
2026-04-24 05:35:00,lnpcc,amazon-ratings,0.3,0.395407,81.14,77.77,3.3
2026-04-24 05:36:56,nrgnn,amazon-ratings,0.4,0.370554,237.32,0.05,224.34
2026-04-24 05:38:58,nrgnn,amazon-ratings,0.5,0.291146,235.07,0.05,221.77
2026-04-24 05:39:03,lnpcc,amazon-ratings,0.3,0.371727,87.36,81.85,5.44
2026-04-24 05:40:03,pignn,amazon-ratings,0.1,0.368512,186.8,0.05,186.57
2026-04-24 05:42:58,nrgnn,amazon-ratings,0.5,0.252871,234.16,0.04,221.2
2026-04-24 05:43:01,lnpcc,amazon-ratings,0.3,0.39408,70.09,66.78,3.24
2026-04-24 05:43:46,nrgnn,amazon-ratings,0.4,0.377035,236.08,0.05,222.5
2026-04-24 05:46:55,pignn,amazon-ratings,0.1,0.368512,189.94,0.04,189.71
2026-04-24 05:47:00,nrgnn,amazon-ratings,0.5,0.286349,235.67,0.04,222.73
2026-04-24 05:47:03,lnpcc,amazon-ratings,0.3,0.397346,74.93,71.26,3.59
2026-04-24 05:50:41,nrgnn,amazon-ratings,0.4,0.365144,240.03,0.05,226.01
2026-04-24 05:51:04,nrgnn,amazon-ratings,0.5,0.362695,237.94,0.06,225.2
2026-04-24 05:51:07,lnpcc,amazon-ratings,0.3,0.39505,109.45,106.18,3.2
2026-04-24 05:53:49,pignn,amazon-ratings,0.1,0.367798,187.86,0.05,187.63
2026-04-24 05:55:04,nrgnn,amazon-ratings,0.5,0.371013,234.66,0.05,222.32
2026-04-24 05:55:08,lnpcc,amazon-ratings,0.3,0.397244,82.18,78.8,3.34
2026-04-24 05:57:33,nrgnn,amazon-ratings,0.4,0.355193,237.34,0.05,224.31
2026-04-24 05:59:05,nrgnn,amazon-ratings,0.5,0.358714,234.21,0.04,221.54
2026-04-24 05:59:08,lnpcc,amazon-ratings,0.3,0.383108,85.49,82.17,3.28
2026-04-24 06:00:40,pignn,amazon-ratings,0.1,0.368512,187.3,0.04,187.06
2026-04-24 06:03:06,nrgnn,amazon-ratings,0.5,0.362439,234.71,0.04,222.01
2026-04-24 06:03:09,lnpcc,amazon-ratings,0.3,0.381271,90.09,86.67,3.35
2026-04-24 06:04:24,nrgnn,amazon-ratings,0.4,0.377443,237.62,0.04,224.03
2026-04-24 06:07:08,nrgnn,amazon-ratings,0.5,0.3679,235.72,0.05,222.51
2026-04-24 06:07:11,lnpcc,amazon-ratings,0.3,0.370656,72.0,68.33,3.59
2026-04-24 06:07:33,pignn,amazon-ratings,0.1,0.368512,188.89,0.05,188.66
2026-04-24 06:11:09,nrgnn,amazon-ratings,0.5,0.232253,234.99,0.06,221.74
2026-04-24 06:11:12,lnpcc,amazon-ratings,0.3,0.385864,101.29,97.72,3.49
2026-04-24 06:11:16,nrgnn,amazon-ratings,0.4,0.354631,235.53,0.04,222.96
2026-04-24 06:14:23,pignn,amazon-ratings,0.1,0.368053,186.61,0.05,186.38
2026-04-24 06:15:08,nrgnn,amazon-ratings,0.5,0.098035,233.33,0.05,220.0
2026-04-24 06:15:12,lnpcc,amazon-ratings,0.3,0.377392,80.1,76.48,3.54
2026-04-24 06:18:05,nrgnn,amazon-ratings,0.4,0.372442,236.17,0.04,222.55
2026-04-24 06:19:09,nrgnn,amazon-ratings,0.5,0.286757,234.72,0.06,221.79
2026-04-24 06:19:12,lnpcc,amazon-ratings,0.3,0.39408,73.7,70.33,3.29
2026-04-24 06:21:13,pignn,amazon-ratings,0.1,0.368512,188.25,0.05,188.01
2026-04-24 06:23:09,nrgnn,amazon-ratings,0.5,0.25282,234.32,0.05,221.78
2026-04-24 06:23:13,lnpcc,amazon-ratings,0.3,0.374636,78.69,75.14,3.47
2026-04-24 06:24:57,nrgnn,amazon-ratings,0.4,0.385813,237.07,0.05,223.81
2026-04-24 06:27:10,nrgnn,amazon-ratings,0.5,0.286195,234.92,0.05,222.01
2026-04-24 06:27:14,lnpcc,amazon-ratings,0.3,0.387191,85.44,81.9,3.47
2026-04-24 06:28:06,pignn,amazon-ratings,0.1,0.369023,189.57,0.05,189.35
2026-04-24 06:31:13,nrgnn,amazon-ratings,0.5,0.362644,236.66,0.03,223.92
2026-04-24 06:31:16,lnpcc,amazon-ratings,0.3,0.380709,82.78,79.26,3.44
2026-04-24 06:31:50,nrgnn,amazon-ratings,0.4,0.367798,237.4,0.04,223.8
2026-04-24 06:34:56,pignn,amazon-ratings,0.1,0.368921,186.2,0.05,185.98
2026-04-24 06:35:13,nrgnn,amazon-ratings,0.5,0.371013,233.55,0.05,220.43
2026-04-24 06:35:16,lnpcc,amazon-ratings,0.3,0.395662,71.47,68.25,3.15
2026-04-24 06:38:40,nrgnn,amazon-ratings,0.4,0.364021,237.26,0.04,223.42
2026-04-24 06:39:14,nrgnn,amazon-ratings,0.5,0.367186,235.38,0.05,222.11
2026-04-24 06:39:17,lnpcc,amazon-ratings,0.3,0.383771,93.66,90.2,3.39
2026-04-24 06:41:51,pignn,amazon-ratings,0.1,0.368512,190.93,0.05,190.7
2026-04-24 06:43:16,nrgnn,amazon-ratings,0.5,0.362439,235.95,0.04,223.11
2026-04-24 06:43:20,lnpcc,amazon-ratings,0.3,0.378974,78.85,75.17,3.61
2026-04-24 06:45:33,nrgnn,amazon-ratings,0.4,0.367951,235.98,0.03,222.83
2026-04-24 06:47:19,nrgnn,amazon-ratings,0.5,0.3679,236.86,0.05,223.77
2026-04-24 06:47:22,lnpcc,amazon-ratings,0.3,0.368563,96.82,93.28,3.47
2026-04-24 06:48:44,pignn,amazon-ratings,0.1,0.366573,191.0,0.05,190.8
2026-04-24 06:51:20,nrgnn,amazon-ratings,0.5,0.232355,234.43,0.05,221.26
2026-04-24 06:51:23,lnpcc,amazon-ratings,0.3,0.38765,67.06,63.69,3.31
2026-04-24 06:52:27,nrgnn,amazon-ratings,0.4,0.36887,236.58,0.04,222.46
2026-04-24 06:55:21,nrgnn,amazon-ratings,0.5,0.099923,234.97,0.03,222.39
2026-04-24 06:55:24,lnpcc,amazon-ratings,0.3,0.379944,90.2,86.73,3.4
2026-04-24 06:55:36,pignn,amazon-ratings,0.1,0.369278,189.11,0.05,188.89
2026-04-24 06:59:20,nrgnn,amazon-ratings,0.4,0.368768,237.01,0.05,223.91
2026-04-24 06:59:22,nrgnn,amazon-ratings,0.5,0.287369,235.43,0.05,222.26
2026-04-24 06:59:26,lnpcc,amazon-ratings,0.3,0.391222,94.33,90.95,3.3
2026-04-24 07:02:30,pignn,amazon-ratings,0.1,0.368563,190.67,0.04,190.45
2026-04-24 07:03:22,nrgnn,amazon-ratings,0.5,0.253228,233.78,0.05,220.88
2026-04-24 07:03:26,lnpcc,amazon-ratings,0.3,0.376984,91.08,87.63,3.39
2026-04-24 07:06:12,nrgnn,amazon-ratings,0.4,0.360041,235.32,0.04,221.52
2026-04-24 07:07:22,nrgnn,amazon-ratings,0.5,0.287063,233.76,0.05,221.02
2026-04-24 07:07:26,lnpcc,amazon-ratings,0.3,0.388007,84.26,80.83,3.37
2026-04-24 07:09:22,pignn,amazon-ratings,0.1,0.368512,190.6,0.04,190.38
2026-04-24 07:11:25,nrgnn,amazon-ratings,0.5,0.364277,237.03,0.03,223.92
2026-04-24 07:11:28,lnpcc,amazon-ratings,0.3,0.379893,91.55,88.25,3.23
2026-04-24 07:13:08,nrgnn,amazon-ratings,0.4,0.364787,238.7,0.04,225.71
2026-04-24 07:15:28,nrgnn,amazon-ratings,0.5,0.371013,236.65,0.03,223.6
2026-04-24 07:15:31,lnpcc,amazon-ratings,0.3,0.396428,88.92,85.67,3.19
2026-04-24 07:16:19,pignn,amazon-ratings,0.1,0.368768,191.13,0.05,190.89
2026-04-24 07:19:32,nrgnn,amazon-ratings,0.5,0.358561,238.55,0.03,225.97
2026-04-24 07:19:35,lnpcc,amazon-ratings,0.3,0.383924,79.69,76.71,2.91
2026-04-24 07:20:04,nrgnn,amazon-ratings,0.4,0.359377,238.87,0.04,225.35
2026-04-24 07:23:13,pignn,amazon-ratings,0.1,0.378464,189.28,0.05,189.06
2026-04-24 07:23:33,nrgnn,amazon-ratings,0.5,0.362439,234.09,0.05,220.89
2026-04-24 07:23:36,lnpcc,amazon-ratings,0.3,0.381169,81.29,77.97,3.26
2026-04-24 07:26:57,nrgnn,amazon-ratings,0.4,0.367339,236.95,0.04,223.29
2026-04-24 07:27:34,nrgnn,amazon-ratings,0.5,0.366522,235.35,0.06,222.34
2026-04-24 07:27:37,lnpcc,amazon-ratings,0.3,0.37331,58.19,55.23,2.9
2026-04-24 07:30:06,pignn,amazon-ratings,0.1,0.370094,189.93,0.05,189.71
2026-04-24 07:31:35,nrgnn,amazon-ratings,0.5,0.232253,234.41,0.05,221.29
2026-04-24 07:31:38,lnpcc,amazon-ratings,0.3,0.389334,76.11,72.65,3.4
2026-04-24 07:33:50,nrgnn,amazon-ratings,0.4,0.371013,236.91,0.04,223.31
2026-04-24 07:35:36,nrgnn,amazon-ratings,0.5,0.097729,234.72,0.05,221.69
2026-04-24 07:35:39,lnpcc,amazon-ratings,0.3,0.359377,77.24,73.84,3.34
2026-04-24 07:36:58,pignn,amazon-ratings,0.1,0.360245,188.49,0.03,188.3
2026-04-24 07:39:34,nrgnn,amazon-ratings,0.5,0.286757,232.32,0.05,219.29
2026-04-24 07:39:37,lnpcc,amazon-ratings,0.3,0.393468,73.21,69.72,3.41
2026-04-24 07:40:40,nrgnn,amazon-ratings,0.4,0.377698,235.05,0.05,222.33
2026-04-24 07:43:36,nrgnn,amazon-ratings,0.5,0.252922,235.74,0.05,222.58
2026-04-24 07:43:39,lnpcc,amazon-ratings,0.3,0.377545,70.53,67.21,3.25
2026-04-24 07:43:48,pignn,amazon-ratings,0.1,0.368512,188.27,0.04,188.04
2026-04-24 07:47:31,nrgnn,amazon-ratings,0.4,0.373973,236.63,0.05,222.68
2026-04-24 07:47:37,nrgnn,amazon-ratings,0.5,0.286195,234.7,0.05,221.96
2026-04-24 07:47:40,lnpcc,amazon-ratings,0.3,0.387803,70.3,66.9,3.33
2026-04-24 07:50:40,pignn,amazon-ratings,0.1,0.355856,189.26,0.04,189.05
2026-04-24 07:51:37,nrgnn,amazon-ratings,0.5,0.362592,233.85,0.04,221.0
2026-04-24 07:51:40,lnpcc,amazon-ratings,0.3,0.381679,76.37,73.21,3.08
2026-04-24 07:54:24,nrgnn,amazon-ratings,0.4,0.345496,237.14,0.04,223.42
2026-04-24 07:55:39,nrgnn,amazon-ratings,0.5,0.371013,235.37,0.05,222.55
2026-04-24 07:55:42,lnpcc,amazon-ratings,0.3,0.395815,75.93,72.83,3.02
2026-04-24 07:57:33,pignn,amazon-ratings,0.1,0.368461,189.19,0.03,188.99
2026-04-24 07:59:39,nrgnn,amazon-ratings,0.5,0.358612,234.08,0.04,221.44
2026-04-24 07:59:42,lnpcc,amazon-ratings,0.3,0.386017,71.58,68.21,3.3
2026-04-24 08:01:16,nrgnn,amazon-ratings,0.4,0.362184,236.73,0.04,223.42
2026-04-24 08:03:41,nrgnn,amazon-ratings,0.5,0.362388,235.94,0.05,222.61
2026-04-24 08:03:44,lnpcc,amazon-ratings,0.3,0.37877,64.17,60.76,3.34
2026-04-24 08:04:25,pignn,amazon-ratings,0.1,0.369023,189.39,0.05,189.15
2026-04-24 08:07:42,nrgnn,amazon-ratings,0.5,0.366522,234.75,0.04,221.71
2026-04-24 08:07:46,lnpcc,amazon-ratings,0.3,0.373616,63.94,60.45,3.42
2026-04-24 08:08:09,nrgnn,amazon-ratings,0.4,0.374177,237.09,0.05,223.21
2026-04-24 08:11:17,pignn,amazon-ratings,0.1,0.368512,188.98,0.05,188.73
2026-04-24 08:11:45,nrgnn,amazon-ratings,0.5,0.232355,236.18,0.05,222.75
2026-04-24 08:11:48,lnpcc,amazon-ratings,0.3,0.38668,72.56,69.14,3.34
2026-04-24 08:15:00,nrgnn,amazon-ratings,0.4,0.364991,236.71,0.04,223.07
2026-04-24 08:15:45,nrgnn,amazon-ratings,0.5,0.127788,234.0,0.05,221.39
2026-04-24 08:15:48,lnpcc,amazon-ratings,0.3,0.357948,64.15,61.06,3.04
2026-04-24 08:18:11,pignn,amazon-ratings,0.1,0.370656,190.42,0.05,190.19
2026-04-24 08:19:46,nrgnn,amazon-ratings,0.5,0.286757,234.81,0.04,222.05
2026-04-24 08:19:49,lnpcc,amazon-ratings,0.3,0.393723,72.58,69.18,3.33
2026-04-24 08:21:56,nrgnn,amazon-ratings,0.4,0.364532,237.96,0.04,225.29
2026-04-24 08:23:49,nrgnn,amazon-ratings,0.5,0.252871,237.65,0.05,224.42
2026-04-24 08:23:53,lnpcc,amazon-ratings,0.3,0.374738,71.29,67.94,3.27
2026-04-24 08:25:06,pignn,amazon-ratings,0.1,0.370043,190.37,0.05,190.15
2026-04-24 08:27:49,nrgnn,amazon-ratings,0.5,0.286298,233.81,0.05,220.79
2026-04-24 08:27:53,lnpcc,amazon-ratings,0.3,0.387599,54.15,50.55,3.53
2026-04-24 08:28:49,nrgnn,amazon-ratings,0.4,0.373105,235.99,0.05,223.0
2026-04-24 08:31:50,nrgnn,amazon-ratings,0.5,0.362592,234.93,0.04,222.11
2026-04-24 08:31:53,lnpcc,amazon-ratings,0.3,0.379995,73.2,70.11,3.01
2026-04-24 08:31:56,pignn,amazon-ratings,0.1,0.369635,187.47,0.04,187.24
2026-04-24 08:35:39,nrgnn,amazon-ratings,0.4,0.363919,235.73,0.05,222.21
2026-04-24 08:35:52,nrgnn,amazon-ratings,0.5,0.371013,235.45,0.03,222.34
2026-04-24 08:35:55,lnpcc,amazon-ratings,0.3,0.397346,51.76,48.39,3.3
2026-04-24 08:38:52,pignn,amazon-ratings,0.1,0.369431,193.02,0.05,192.8
2026-04-24 08:39:59,nrgnn,amazon-ratings,0.5,0.36938,240.98,0.05,228.43
2026-04-24 08:40:02,lnpcc,amazon-ratings,0.3,0.386935,69.06,65.56,3.43
2026-04-24 08:42:41,nrgnn,amazon-ratings,0.4,0.363766,242.63,0.04,228.98
2026-04-24 08:44:05,nrgnn,amazon-ratings,0.5,0.365093,239.73,0.05,226.99
2026-04-24 08:45:48,pignn,amazon-ratings,0.1,0.368206,187.58,0.05,187.35
2026-04-24 08:47:11,pignn,amazon-ratings,0.2,0.368512,185.76,0.05,185.57
2026-04-24 08:49:02,pignn,amazon-ratings,0.1,0.368512,188.13,0.03,187.97
2026-04-24 08:50:51,nrgnn,amazon-ratings,0.5,0.362746,234.19,0.04,220.46
2026-04-24 08:50:55,lnpcc,amazon-ratings,0.3,0.378413,88.08,84.58,3.43
2026-04-24 08:52:20,pignn,amazon-ratings,0.1,0.368257,191.93,0.04,191.73
2026-04-24 08:54:02,pignn,amazon-ratings,0.2,0.368512,187.49,0.03,187.34
2026-04-24 08:54:05,lnpcc,amazon-ratings,0.3,0.368717,75.85,72.8,2.98
2026-04-24 08:55:35,pignn,amazon-ratings,0.1,0.368461,189.38,0.05,189.14
2026-04-24 08:57:47,nrgnn,amazon-ratings,0.5,0.364787,235.81,0.04,222.25
2026-04-24 08:58:48,pignn,amazon-ratings,0.1,0.392498,187.0,0.05,186.76
2026-04-24 09:00:55,pignn,amazon-ratings,0.2,0.279714,188.2,0.04,187.99
2026-04-24 09:02:07,pignn,amazon-ratings,0.1,0.392855,193.42,0.04,193.18
2026-04-24 09:04:50,nrgnn,amazon-ratings,0.5,0.366777,246.72,0.05,234.35
2026-04-24 09:04:53,lnpcc,amazon-ratings,0.3,0.38765,88.81,85.36,3.39
2026-04-24 09:05:34,pignn,amazon-ratings,0.1,0.381424,200.09,0.04,199.84
2026-04-24 09:08:13,pignn,amazon-ratings,0.2,0.368359,199.81,0.04,199.6
2026-04-24 09:08:59,pignn,amazon-ratings,0.1,0.368512,197.98,0.05,197.72
2026-04-24 09:12:05,nrgnn,amazon-ratings,0.5,0.36591,245.88,0.04,231.79
2026-04-24 09:12:24,pignn,amazon-ratings,0.1,0.379995,198.84,0.05,198.6
2026-04-24 09:15:18,pignn,amazon-ratings,0.2,0.368104,193.78,0.04,193.59
2026-04-24 09:15:22,lnpcc,amazon-ratings,0.3,0.378311,92.73,89.22,3.45
2026-04-24 09:15:47,pignn,amazon-ratings,0.1,0.376627,196.24,0.04,196.01
2026-04-24 09:19:49,pignn,amazon-ratings,0.1,0.373871,235.93,0.05,235.66
2026-04-24 09:19:52,nrgnn,amazon-ratings,0.5,0.351671,284.8,0.04,270.7
2026-04-24 09:23:07,pignn,amazon-ratings,0.2,0.368512,194.68,0.05,194.47
2026-04-24 09:23:10,lnpcc,amazon-ratings,0.3,0.393162,73.82,70.33,3.43
2026-04-24 09:23:11,pignn,amazon-ratings,0.1,0.374789,195.45,0.05,195.2
2026-04-24 09:26:39,pignn,amazon-ratings,0.1,0.368512,201.38,0.06,201.11
2026-04-24 09:27:06,nrgnn,amazon-ratings,0.5,0.356366,249.71,0.05,235.1
2026-04-24 09:30:04,pignn,amazon-ratings,0.1,0.379382,198.57,0.04,198.35
2026-04-24 09:30:22,pignn,amazon-ratings,0.2,0.368512,196.73,0.04,196.55
2026-04-24 09:30:25,lnpcc,amazon-ratings,0.3,0.376269,77.59,74.23,3.28
2026-04-24 09:33:32,pignn,amazon-ratings,0.1,0.375963,200.96,0.04,200.72
2026-04-24 09:34:21,nrgnn,amazon-ratings,0.5,0.365655,248.98,0.04,235.25
2026-04-24 09:36:56,pignn,amazon-ratings,0.1,0.368512,198.11,0.04,197.89
2026-04-24 09:37:37,pignn,amazon-ratings,0.2,0.368512,196.45,0.05,196.24
2026-04-24 09:37:40,lnpcc,amazon-ratings,0.3,0.387497,78.21,75.08,3.08
2026-04-24 09:40:23,pignn,amazon-ratings,0.1,0.368512,200.04,0.05,199.84
2026-04-24 09:41:39,nrgnn,amazon-ratings,0.5,0.36295,252.46,0.04,238.67
2026-04-24 09:41:42,lnpcc,amazon-ratings,0.3,0.381169,84.61,81.25,3.29
2026-04-24 09:43:54,pignn,amazon-ratings,0.1,0.368512,204.15,0.04,203.96
2026-04-24 09:45:01,pignn,amazon-ratings,0.2,0.368512,199.21,0.04,199.02
2026-04-24 09:45:04,lnpcc,amazon-ratings,0.3,0.395458,92.6,89.38,3.15
2026-04-24 09:47:14,pignn,amazon-ratings,0.3,0.369074,200.13,0.04,199.92
2026-04-24 09:48:28,pignn,amazon-ratings,0.2,0.368512,200.26,0.05,200.07
2026-04-24 09:48:32,lnpcc,amazon-ratings,0.3,0.398112,86.97,83.85,3.06
2026-04-24 09:50:32,pignn,amazon-ratings,0.1,0.377443,198.54,0.04,198.32
2026-04-24 09:51:52,pignn,amazon-ratings,0.2,0.368563,197.05,0.04,196.87
2026-04-24 09:51:55,lnpcc,amazon-ratings,0.3,0.385047,97.42,94.18,3.17
2026-04-24 09:53:45,pignn,amazon-ratings,0.3,0.368461,192.67,0.05,192.43
2026-04-24 09:55:10,pignn,amazon-ratings,0.2,0.362541,191.13,0.05,190.93
2026-04-24 09:55:14,lnpcc,amazon-ratings,0.3,0.368768,87.83,84.35,3.4
2026-04-24 09:56:56,pignn,amazon-ratings,0.1,0.396121,191.3,0.05,191.08
2026-04-24 09:58:28,pignn,amazon-ratings,0.2,0.368206,191.41,0.05,191.21
2026-04-24 09:58:31,lnpcc,amazon-ratings,0.3,0.372034,72.64,69.23,3.34
2026-04-24 10:00:05,pignn,amazon-ratings,0.3,0.231692,189.25,0.04,189.03
2026-04-24 10:01:47,pignn,amazon-ratings,0.2,0.368512,192.9,0.04,192.74
2026-04-24 10:01:50,lnpcc,amazon-ratings,0.3,0.380607,86.79,83.24,3.49
2026-04-24 10:03:22,pignn,amazon-ratings,0.1,0.378209,197.74,0.05,197.49
2026-04-24 10:05:12,pignn,amazon-ratings,0.2,0.368614,198.03,0.04,197.84
2026-04-24 10:05:15,lnpcc,amazon-ratings,0.3,0.374585,88.09,84.8,3.23
2026-04-24 10:06:43,pignn,amazon-ratings,0.3,0.347436,200.63,0.05,200.4
2026-04-24 10:08:34,pignn,amazon-ratings,0.2,0.367594,195.92,0.06,195.72
2026-04-24 10:08:37,lnpcc,amazon-ratings,0.3,0.380862,81.61,78.63,2.92
2026-04-24 10:10:03,pignn,amazon-ratings,0.1,0.3679,200.78,0.03,200.57
2026-04-24 10:11:51,pignn,amazon-ratings,0.2,0.368512,190.24,0.04,190.07
2026-04-24 10:11:54,lnpcc,amazon-ratings,0.3,0.354886,79.87,76.88,2.93
2026-04-24 10:13:18,pignn,amazon-ratings,0.3,0.363103,194.22,0.05,194.02
2026-04-24 10:15:07,pignn,amazon-ratings,0.2,0.367951,189.51,0.04,189.33
2026-04-24 10:15:10,lnpcc,amazon-ratings,0.3,0.377698,67.11,64.01,3.04
2026-04-24 10:16:56,pignn,amazon-ratings,0.3,0.368512,202.77,0.04,202.57
2026-04-24 10:18:29,pignn,amazon-ratings,0.2,0.363154,195.6,0.04,195.42
2026-04-24 10:18:33,lnpcc,amazon-ratings,0.3,0.389997,94.09,90.68,3.33
2026-04-24 10:20:15,pignn,amazon-ratings,0.1,0.365246,198.59,0.04,198.37
2026-04-24 10:21:46,pignn,amazon-ratings,0.2,0.383669,190.47,0.03,190.3
2026-04-24 10:23:26,pignn,amazon-ratings,0.3,0.368512,191.42,0.04,191.19
2026-04-24 10:24:57,pignn,amazon-ratings,0.4,0.368512,191.3,0.05,191.08
2026-04-24 10:26:44,pignn,amazon-ratings,0.1,0.368308,197.71,0.05,197.49
2026-04-24 10:28:07,pignn,amazon-ratings,0.2,0.368512,190.43,0.05,190.23
2026-04-24 10:30:03,pignn,amazon-ratings,0.3,0.368308,199.38,0.05,199.16
2026-04-24 10:31:15,pignn,amazon-ratings,0.4,0.368512,188.17,0.04,188.0
2026-04-24 10:33:27,pignn,amazon-ratings,0.1,0.36841,204.01,0.03,203.79
2026-04-24 10:34:26,pignn,amazon-ratings,0.2,0.368512,190.81,0.05,190.62
2026-04-24 10:36:45,pignn,amazon-ratings,0.3,0.368512,198.94,0.04,198.71
2026-04-24 10:37:32,pignn,amazon-ratings,0.4,0.231692,185.82,0.04,185.66
2026-04-24 10:40:15,pignn,amazon-ratings,0.1,0.367441,209.7,0.06,209.41
2026-04-24 10:40:46,pignn,amazon-ratings,0.2,0.368512,194.96,0.05,194.75
2026-04-24 10:43:52,pignn,amazon-ratings,0.3,0.368512,216.97,0.05,216.74
2026-04-24 10:44:10,pignn,amazon-ratings,0.4,0.36591,203.85,0.04,203.66
2026-04-24 10:47:39,pignn,amazon-ratings,0.1,0.368512,227.22,0.04,227.0
2026-04-24 10:47:54,pignn,amazon-ratings,0.2,0.368512,224.3,0.04,224.11
2026-04-24 10:52:07,pignn,amazon-ratings,0.4,0.365042,253.25,0.04,253.05
2026-04-24 10:52:08,pignn,amazon-ratings,0.3,0.367798,269.94,0.03,269.71
2026-04-24 10:55:46,pignn,amazon-ratings,0.2,0.368512,219.15,0.05,218.93
2026-04-24 10:56:02,pignn,amazon-ratings,0.1,0.368512,233.6,0.06,233.3
2026-04-24 10:59:11,pignn,amazon-ratings,0.4,0.368512,204.77,0.06,204.5
2026-04-24 10:59:36,pignn,amazon-ratings,0.3,0.368614,214.95,0.07,214.63
2026-04-24 11:02:29,pignn,amazon-ratings,0.2,0.368002,198.11,0.04,197.93
2026-04-24 11:03:04,pignn,amazon-ratings,0.1,0.367951,207.5,0.04,207.31
2026-04-24 11:05:42,pignn,amazon-ratings,0.4,0.368512,193.65,0.04,193.45
2026-04-24 11:06:35,pignn,amazon-ratings,0.3,0.368512,211.75,0.04,211.53
2026-04-24 11:08:52,pignn,amazon-ratings,0.2,0.356111,189.71,0.05,189.52
2026-04-24 11:10:04,pignn,amazon-ratings,0.1,0.368002,208.33,0.05,208.09
2026-04-24 11:12:00,pignn,amazon-ratings,0.4,0.368512,187.98,0.05,187.79
2026-04-24 11:13:25,pignn,amazon-ratings,0.3,0.368512,201.5,0.05,201.26
2026-04-24 11:15:03,pignn,amazon-ratings,0.2,0.368717,183.65,0.04,183.47
2026-04-24 11:16:46,pignn,amazon-ratings,0.1,0.368512,201.62,0.05,201.38
2026-04-24 11:18:08,pignn,amazon-ratings,0.4,0.368512,184.83,0.04,184.66
2026-04-24 11:20:09,pignn,amazon-ratings,0.3,0.357846,202.84,0.05,202.6
2026-04-24 11:21:15,pignn,amazon-ratings,0.2,0.368512,187.14,0.04,186.95
2026-04-24 11:23:35,pignn,amazon-ratings,0.1,0.378923,206.39,0.04,206.18
2026-04-24 11:24:28,pignn,amazon-ratings,0.4,0.368512,192.59,0.03,192.43
2026-04-24 11:26:56,pignn,amazon-ratings,0.3,0.367645,200.92,0.03,200.7
2026-04-24 11:27:39,pignn,amazon-ratings,0.2,0.368512,191.81,0.04,191.66
2026-04-24 11:30:27,pignn,amazon-ratings,0.1,0.364685,211.38,0.04,211.17
2026-04-24 11:30:53,pignn,amazon-ratings,0.4,0.368359,194.02,0.05,193.8
2026-04-24 11:34:09,pignn,amazon-ratings,0.2,0.368002,196.51,0.03,196.34
2026-04-24 11:35:00,pignn,amazon-ratings,0.3,0.368512,273.04,0.04,272.83
2026-04-24 11:37:31,pignn,amazon-ratings,0.4,0.367186,202.01,0.04,201.83
2026-04-24 11:38:35,pignn,amazon-ratings,0.1,0.373871,215.39,0.03,215.18
2026-04-24 11:40:48,pignn,amazon-ratings,0.2,0.368512,197.28,0.05,197.05
2026-04-24 11:42:07,pignn,amazon-ratings,0.3,0.368002,211.5,0.04,211.28
2026-04-24 11:44:10,pignn,amazon-ratings,0.4,0.367594,201.81,0.05,201.59
2026-04-24 11:45:39,pignn,amazon-ratings,0.1,0.377443,213.12,0.04,212.85
2026-04-24 11:47:22,pignn,amazon-ratings,0.2,0.367492,192.19,0.05,191.98
2026-04-24 11:49:02,pignn,amazon-ratings,0.3,0.361215,202.91,0.04,202.7
2026-04-24 11:50:38,pignn,amazon-ratings,0.4,0.321613,196.55,0.03,196.37
2026-04-24 11:52:39,pignn,amazon-ratings,0.1,0.376576,216.74,0.05,216.52
2026-04-24 11:53:56,pignn,amazon-ratings,0.2,0.260781,197.85,0.04,197.66
2026-04-24 11:56:15,pignn,amazon-ratings,0.3,0.35259,217.02,0.05,216.77
2026-04-24 11:57:20,pignn,amazon-ratings,0.4,0.368665,204.44,0.05,204.23
2026-04-24 12:00:09,pignn,amazon-ratings,0.1,0.381679,233.31,0.04,233.1
2026-04-24 12:00:57,pignn,amazon-ratings,0.2,0.367849,216.75,0.04,216.55
2026-04-24 12:03:50,pignn,amazon-ratings,0.3,0.368512,221.08,0.04,220.86
2026-04-24 12:04:20,pignn,amazon-ratings,0.4,0.367645,203.18,0.05,202.96
2026-04-24 12:07:21,pignn,amazon-ratings,0.1,0.368512,211.39,0.05,211.11
2026-04-24 12:07:32,pignn,amazon-ratings,0.2,0.279867,191.83,0.06,191.6
2026-04-24 12:10:44,pignn,amazon-ratings,0.4,0.368512,192.79,0.04,192.62
2026-04-24 12:10:48,pignn,amazon-ratings,0.3,0.368512,207.05,0.05,206.78
2026-04-24 12:13:56,pignn,amazon-ratings,0.2,0.368512,191.55,0.03,191.36
2026-04-24 12:14:16,pignn,amazon-ratings,0.1,0.371727,208.41,0.05,208.16
2026-04-24 12:17:06,pignn,amazon-ratings,0.4,0.368104,190.37,0.05,190.17
2026-04-24 12:17:39,pignn,amazon-ratings,0.3,0.368257,203.08,0.05,202.86
2026-04-24 12:20:21,pignn,amazon-ratings,0.2,0.382087,194.82,0.05,194.61
2026-04-24 12:21:11,pignn,amazon-ratings,0.1,0.368512,212.31,0.04,212.07
2026-04-24 12:23:34,pignn,amazon-ratings,0.4,0.366828,193.91,0.05,193.71
2026-04-24 12:24:44,pignn,amazon-ratings,0.3,0.368512,213.07,0.04,212.84
2026-04-24 12:26:53,pignn,amazon-ratings,0.2,0.368512,198.66,0.04,198.47
2026-04-24 12:28:15,pignn,amazon-ratings,0.1,0.398775,212.08,0.04,211.85
2026-04-24 12:30:22,pignn,amazon-ratings,0.4,0.366879,208.79,0.04,208.61
2026-04-24 12:32:09,pignn,amazon-ratings,0.3,0.368512,233.28,0.04,233.04
2026-04-24 12:33:47,pignn,amazon-ratings,0.2,0.373412,205.65,0.04,205.47
2026-04-24 12:35:44,pignn,amazon-ratings,0.1,0.364021,215.35,0.04,215.13
2026-04-24 12:37:02,pignn,amazon-ratings,0.4,0.368512,195.34,0.05,195.13
2026-04-24 12:39:03,pignn,amazon-ratings,0.3,0.368002,199.04,0.05,198.81
2026-04-24 12:40:11,pignn,amazon-ratings,0.2,0.368665,189.07,0.04,188.87
2026-04-24 12:42:27,pignn,amazon-ratings,0.1,0.367951,205.18,0.04,204.94
2026-04-24 12:43:20,pignn,amazon-ratings,0.4,0.368512,188.72,0.05,188.52
2026-04-24 12:45:45,pignn,amazon-ratings,0.3,0.347589,197.85,0.05,197.62
2026-04-24 12:46:28,pignn,amazon-ratings,0.2,0.368461,188.81,0.05,188.61
2026-04-24 12:49:09,pignn,amazon-ratings,0.1,0.369227,203.73,0.04,203.52
2026-04-24 12:49:37,pignn,amazon-ratings,0.4,0.368665,189.2,0.05,189.0
2026-04-24 12:52:26,pignn,amazon-ratings,0.3,0.366624,196.94,0.04,196.74
2026-04-24 12:52:46,pignn,amazon-ratings,0.2,0.367951,188.34,0.04,188.15
2026-04-24 12:55:52,pignn,amazon-ratings,0.1,0.36989,206.5,0.04,206.28
2026-04-24 12:55:56,pignn,amazon-ratings,0.4,0.368512,190.79,0.04,190.59
2026-04-24 12:59:03,pignn,amazon-ratings,0.2,0.367237,187.06,0.05,186.87
2026-04-24 12:59:09,pignn,amazon-ratings,0.3,0.367849,196.93,0.04,196.73
2026-04-24 13:02:13,pignn,amazon-ratings,0.4,0.368512,190.34,0.05,190.14
2026-04-24 13:02:31,pignn,amazon-ratings,0.1,0.367083,202.69,0.05,202.47
2026-04-24 13:05:23,pignn,amazon-ratings,0.2,0.368512,189.38,0.04,189.18
2026-04-24 13:05:46,pignn,amazon-ratings,0.3,0.368512,195.35,0.04,195.14
2026-04-24 13:08:31,pignn,amazon-ratings,0.4,0.368002,188.73,0.05,188.52
2026-04-24 13:09:11,pignn,amazon-ratings,0.1,0.375504,204.75,0.03,204.57
2026-04-24 13:11:41,pignn,amazon-ratings,0.2,0.368104,189.7,0.05,189.5
2026-04-24 13:12:33,pignn,amazon-ratings,0.3,0.368155,202.38,0.04,202.16
2026-04-24 13:14:48,pignn,amazon-ratings,0.4,0.360653,187.54,0.05,187.35
2026-04-24 13:15:58,pignn,amazon-ratings,0.1,0.3679,205.41,0.03,205.2
2026-04-24 13:17:59,pignn,amazon-ratings,0.2,0.368206,190.96,0.04,190.78
2026-04-24 13:19:21,pignn,amazon-ratings,0.3,0.362388,202.84,0.05,202.63
2026-04-24 13:21:11,pignn,amazon-ratings,0.4,0.368308,192.67,0.05,192.47
2026-04-24 13:22:51,pignn,amazon-ratings,0.1,0.366267,209.77,0.05,209.56
2026-04-24 13:24:26,pignn,amazon-ratings,0.2,0.366012,194.3,0.03,194.12
2026-04-24 13:26:12,pignn,amazon-ratings,0.3,0.363562,201.99,0.05,201.76
2026-04-24 13:27:30,pignn,amazon-ratings,0.4,0.320847,184.54,0.04,184.35
2026-04-24 13:29:37,pignn,amazon-ratings,0.1,0.385507,205.23,0.04,204.99
2026-04-24 13:30:38,pignn,amazon-ratings,0.2,0.367696,187.9,0.03,187.75
2026-04-24 13:32:57,pignn,amazon-ratings,0.3,0.23159,199.96,0.05,199.73
2026-04-24 13:33:46,pignn,amazon-ratings,0.4,0.368512,187.9,0.05,187.7
2026-04-24 13:36:24,pignn,amazon-ratings,0.1,0.367594,206.68,0.05,206.43
2026-04-24 13:36:56,pignn,amazon-ratings,0.2,0.368512,190.94,0.03,190.78
2026-04-24 13:39:41,pignn,amazon-ratings,0.3,0.368257,197.97,0.04,197.76
2026-04-24 13:40:07,pignn,amazon-ratings,0.4,0.367798,190.76,0.04,190.56
2026-04-24 13:43:04,pignn,amazon-ratings,0.1,0.364021,203.23,0.05,203.0
2026-04-24 13:43:15,pignn,amazon-ratings,0.2,0.375963,188.04,0.05,187.84
2026-04-24 13:46:20,pignn,amazon-ratings,0.3,0.231692,196.17,0.03,195.99
2026-04-24 13:46:24,pignn,amazon-ratings,0.4,0.342332,189.25,0.05,189.04
2026-04-24 13:49:33,pignn,amazon-ratings,0.2,0.375606,189.09,0.05,188.88
2026-04-24 13:49:43,pignn,amazon-ratings,0.1,0.36841,202.72,0.03,202.53
2026-04-24 13:52:42,pignn,amazon-ratings,0.4,0.328655,189.53,0.05,189.32
2026-04-24 13:53:03,pignn,amazon-ratings,0.3,0.368512,200.13,0.05,199.9
2026-04-24 13:55:50,pignn,amazon-ratings,0.2,0.374738,187.86,0.05,187.66
2026-04-24 13:56:23,pignn,amazon-ratings,0.1,0.369023,200.5,0.05,200.28
2026-04-24 13:58:57,pignn,amazon-ratings,0.4,0.231488,187.26,0.05,187.05
2026-04-24 13:59:39,pignn,amazon-ratings,0.3,0.369074,195.55,0.05,195.35
2026-04-24 14:02:12,pignn,amazon-ratings,0.2,0.375504,194.54,0.04,194.36
2026-04-24 14:03:07,pignn,amazon-ratings,0.1,0.371268,208.37,0.04,208.16
2026-04-24 14:05:40,pignn,amazon-ratings,0.4,0.367849,208.42,0.04,208.22
2026-04-24 14:06:36,pignn,amazon-ratings,0.3,0.368512,209.71,0.03,209.47
2026-04-24 14:09:08,pignn,amazon-ratings,0.2,0.376116,207.9,0.04,207.69
2026-04-24 14:10:11,pignn,amazon-ratings,0.1,0.367083,214.81,0.06,214.57
2026-04-24 14:12:35,pignn,amazon-ratings,0.4,0.231692,207.26,0.05,207.04
2026-04-24 14:13:37,pignn,amazon-ratings,0.3,0.370094,206.02,0.06,205.78
2026-04-24 14:16:02,pignn,amazon-ratings,0.2,0.375351,207.56,0.05,207.36
2026-04-24 14:17:12,pignn,amazon-ratings,0.1,0.362746,215.2,0.05,214.94
2026-04-24 14:19:33,pignn,amazon-ratings,0.4,0.368512,210.65,0.04,210.46
2026-04-24 14:20:41,pignn,amazon-ratings,0.3,0.368512,209.5,0.05,209.26
2026-04-24 14:23:01,pignn,amazon-ratings,0.2,0.376218,208.45,0.04,208.25
2026-04-24 14:24:17,pignn,amazon-ratings,0.1,0.3679,215.69,0.04,215.45
2026-04-24 14:26:30,pignn,amazon-ratings,0.4,0.38076,209.6,0.05,209.39
2026-04-24 14:27:49,pignn,amazon-ratings,0.3,0.368461,212.31,0.05,212.08
2026-04-24 14:29:51,pignn,amazon-ratings,0.2,0.373412,200.91,0.05,200.71
2026-04-24 14:30:58,pignn,amazon-ratings,0.1,0.367237,189.55,0.04,189.31
2026-04-24 14:32:56,pignn,amazon-ratings,0.4,0.367696,185.45,0.07,185.16
2026-04-24 14:34:06,pignn,amazon-ratings,0.3,0.367951,188.19,0.06,187.94
2026-04-24 14:35:40,pignn,amazon-ratings,0.2,0.374738,163.98,0.03,163.81
2026-04-24 14:36:47,pignn,amazon-ratings,0.1,0.371013,160.67,0.03,160.5
2026-04-24 14:38:13,pignn,amazon-ratings,0.4,0.371115,153.17,0.04,152.98
2026-04-24 14:39:21,pignn,amazon-ratings,0.3,0.36739,154.08,0.03,153.92
2026-04-24 14:40:49,pignn,amazon-ratings,0.2,0.375402,156.38,0.04,156.22
2026-04-24 14:42:01,pignn,amazon-ratings,0.1,0.368155,160.58,0.03,160.4
2026-04-24 14:43:28,pignn,amazon-ratings,0.4,0.355703,158.33,0.03,158.16
2026-04-24 14:44:40,pignn,amazon-ratings,0.3,0.368512,159.6,0.03,159.44
2026-04-24 14:46:03,pignn,amazon-ratings,0.2,0.368206,155.35,0.04,155.18
2026-04-24 14:47:25,pignn,amazon-ratings,0.1,0.36397,164.34,0.03,164.17
2026-04-24 14:48:42,pignn,amazon-ratings,0.4,0.362541,159.76,0.03,159.6
2026-04-24 14:50:02,pignn,amazon-ratings,0.3,0.366675,157.51,0.03,157.34
2026-04-24 14:51:20,pignn,amazon-ratings,0.2,0.374789,157.67,0.03,157.52
2026-04-24 14:52:47,pignn,amazon-ratings,0.1,0.368614,165.57,0.03,165.41
2026-04-24 14:53:58,pignn,amazon-ratings,0.4,0.368053,158.25,0.03,158.1
2026-04-24 14:55:26,pignn,amazon-ratings,0.3,0.368512,158.39,0.03,158.22
2026-04-24 14:56:38,pignn,amazon-ratings,0.2,0.369788,159.75,0.03,159.6
2026-04-24 14:58:13,pignn,amazon-ratings,0.1,0.369227,167.0,0.03,166.81
2026-04-24 14:59:16,pignn,amazon-ratings,0.4,0.365961,158.08,0.03,157.93
2026-04-24 15:00:53,pignn,amazon-ratings,0.3,0.366522,160.49,0.04,160.3
2026-04-24 15:01:54,pignn,amazon-ratings,0.2,0.374534,158.16,0.03,158.01
2026-04-24 15:03:30,pignn,amazon-ratings,0.1,0.369584,157.26,0.03,157.04
2026-04-24 15:04:24,pignn,amazon-ratings,0.4,0.368512,149.77,0.04,149.59
2026-04-24 15:05:59,pignn,amazon-ratings,0.3,0.366675,149.08,0.03,148.91
2026-04-24 15:06:53,pignn,amazon-ratings,0.2,0.369839,149.33,0.03,149.18
2026-04-24 15:08:31,pignn,amazon-ratings,0.1,0.367083,152.29,0.04,152.11
2026-04-24 15:09:23,pignn,amazon-ratings,0.4,0.368206,150.47,0.04,150.31
2026-04-24 15:11:10,pignn,amazon-ratings,0.3,0.368512,159.15,0.03,158.97
2026-04-24 15:12:01,pignn,amazon-ratings,0.2,0.370401,158.52,0.03,158.38
2026-04-24 15:13:55,pignn,amazon-ratings,0.1,0.366522,165.26,0.03,165.09
2026-04-24 15:14:42,pignn,amazon-ratings,0.4,0.368512,160.71,0.03,160.55
2026-04-24 15:16:39,pignn,amazon-ratings,0.3,0.368155,164.36,0.04,164.16
2026-04-24 15:17:19,pignn,amazon-ratings,0.2,0.368512,157.03,0.03,156.89
2026-04-24 15:19:17,pignn,amazon-ratings,0.1,0.3679,158.14,0.05,157.91
2026-04-24 15:19:53,pignn,amazon-ratings,0.4,0.364072,153.67,0.03,153.5
2026-04-24 15:21:50,pignn,amazon-ratings,0.3,0.384588,152.46,0.03,152.31
2026-04-24 15:22:26,pignn,amazon-ratings,0.2,0.369482,153.3,0.03,153.16
2026-04-24 15:24:29,pignn,amazon-ratings,0.1,0.367441,159.5,0.03,159.3
2026-04-24 15:24:58,pignn,amazon-ratings,0.4,0.368614,152.8,0.04,152.62
2026-04-24 15:27:07,pignn,amazon-ratings,0.3,0.387497,158.15,0.03,157.98
2026-04-24 15:27:32,pignn,amazon-ratings,0.2,0.373667,154.15,0.03,154.0
2026-04-24 15:29:54,pignn,amazon-ratings,0.1,0.371013,167.49,0.04,167.31
2026-04-24 15:30:06,pignn,amazon-ratings,0.4,0.368512,154.11,0.04,153.95
2026-04-24 15:32:41,pignn,amazon-ratings,0.2,0.362797,154.4,0.03,154.24
2026-04-24 15:32:41,pignn,amazon-ratings,0.3,0.385711,166.69,0.04,166.51
2026-04-24 15:35:13,pignn,amazon-ratings,0.4,0.356366,152.64,0.03,152.5
2026-04-24 15:35:27,pignn,amazon-ratings,0.1,0.398163,166.73,0.03,166.53
2026-04-24 15:37:51,pignn,amazon-ratings,0.2,0.368512,158.25,0.03,158.11
2026-04-24 15:38:14,pignn,amazon-ratings,0.3,0.383516,166.62,0.03,166.46
2026-04-24 15:40:31,pignn,amazon-ratings,0.4,0.368819,159.49,0.03,159.35
2026-04-24 15:41:07,pignn,amazon-ratings,0.1,0.397448,172.91,0.04,172.73
2026-04-24 15:43:11,pignn,amazon-ratings,0.2,0.375606,160.64,0.03,160.49
2026-04-24 15:43:48,pignn,amazon-ratings,0.3,0.384435,161.84,0.03,161.67
2026-04-24 15:45:51,pignn,amazon-ratings,0.4,0.36887,159.17,0.03,159.04
2026-04-24 15:46:38,pignn,amazon-ratings,0.1,0.367951,169.98,0.03,169.82
2026-04-24 15:48:32,pignn,amazon-ratings,0.2,0.399081,161.27,0.03,161.13
2026-04-24 15:49:20,pignn,amazon-ratings,0.3,0.385609,162.33,0.03,162.16
2026-04-24 15:51:08,pignn,amazon-ratings,0.4,0.368819,156.31,0.04,156.15
2026-04-24 15:52:02,pignn,amazon-ratings,0.1,0.393621,161.69,0.03,161.51
2026-04-24 15:53:43,pignn,amazon-ratings,0.2,0.384129,155.61,0.04,155.45
2026-04-24 15:54:40,pignn,amazon-ratings,0.3,0.382955,157.9,0.03,157.72
2026-04-24 15:56:17,pignn,amazon-ratings,0.4,0.368921,153.72,0.03,153.57
2026-04-24 15:57:25,pignn,amazon-ratings,0.1,0.369635,166.44,0.04,165.64
2026-04-24 15:58:51,pignn,amazon-ratings,0.2,0.383414,154.68,0.03,154.53
2026-04-24 16:00:09,pignn,amazon-ratings,0.3,0.391477,164.16,0.03,164.0
2026-04-24 16:01:26,pignn,amazon-ratings,0.4,0.36887,154.15,0.03,154.0
2026-04-24 16:02:59,pignn,amazon-ratings,0.1,0.367083,169.85,0.03,169.68
2026-04-24 16:04:05,pignn,amazon-ratings,0.2,0.394948,159.89,0.03,159.73
2026-04-24 16:05:48,pignn,amazon-ratings,0.3,0.390508,169.35,0.03,169.17
2026-04-24 16:06:43,pignn,amazon-ratings,0.4,0.368665,157.92,0.03,157.76
2026-04-24 16:08:44,pignn,amazon-ratings,0.1,0.395152,175.87,0.04,175.67
2026-04-24 16:09:26,pignn,amazon-ratings,0.2,0.36989,163.33,0.04,163.15
2026-04-24 16:11:56,pignn,amazon-ratings,0.3,0.382393,192.03,0.03,191.86
2026-04-24 16:12:34,pignn,amazon-ratings,0.4,0.360245,187.36,0.03,187.22
2026-04-24 16:15:35,pignn,amazon-ratings,0.1,0.386578,219.37,0.03,219.19
2026-04-24 16:15:53,pignn,amazon-ratings,0.2,0.377494,199.21,0.04,199.05
2026-04-24 16:18:32,pignn,amazon-ratings,0.3,0.386884,176.89,0.05,176.63
2026-04-24 16:18:36,pignn,amazon-ratings,0.4,0.369023,163.66,0.05,163.45
2026-04-24 16:21:07,pignn,amazon-ratings,0.2,0.388569,150.96,0.03,150.82
2026-04-24 16:21:18,pignn,amazon-ratings,0.1,0.367237,166.84,0.03,166.66
2026-04-24 16:23:33,pignn,amazon-ratings,0.4,0.368614,145.96,0.03,145.82
2026-04-24 16:23:52,pignn,amazon-ratings,0.3,0.388415,153.52,0.03,153.37
2026-04-24 16:26:00,pignn,amazon-ratings,0.2,0.385558,147.22,0.04,147.07
2026-04-24 16:26:31,pignn,amazon-ratings,0.1,0.399541,158.97,0.03,158.82
2026-04-24 16:28:25,pignn,amazon-ratings,0.4,0.368819,145.34,0.03,145.2
2026-04-24 16:29:08,pignn,amazon-ratings,0.3,0.388517,157.26,0.03,157.09
2026-04-24 16:30:52,pignn,amazon-ratings,0.2,0.385507,146.96,0.03,146.8
2026-04-24 16:31:48,pignn,amazon-ratings,0.1,0.368308,160.69,0.03,160.51
2026-04-24 16:33:17,pignn,amazon-ratings,0.4,0.368665,144.7,0.03,144.56
2026-04-24 16:34:26,pignn,amazon-ratings,0.3,0.385864,157.8,0.03,157.61
2026-04-24 16:35:46,pignn,amazon-ratings,0.2,0.39801,149.58,0.03,149.43
2026-04-24 16:37:07,pignn,amazon-ratings,0.1,0.364021,161.12,0.03,160.97
2026-04-24 16:38:11,pignn,amazon-ratings,0.4,0.368717,144.83,0.03,144.7
2026-04-24 16:39:45,pignn,amazon-ratings,0.3,0.387395,157.89,0.03,157.71
2026-04-24 16:40:38,pignn,amazon-ratings,0.2,0.3679,147.08,0.03,146.94
2026-04-24 16:42:28,pignn,amazon-ratings,0.1,0.367951,162.91,0.03,162.74
2026-04-24 16:43:06,pignn,amazon-ratings,0.4,0.368717,148.21,0.03,148.06
2026-04-24 16:45:09,pignn,amazon-ratings,0.3,0.385915,161.41,0.03,161.24
2026-04-24 16:45:34,pignn,amazon-ratings,0.2,0.364124,147.8,0.03,147.65
2026-04-24 16:47:49,pignn,amazon-ratings,0.1,0.369176,160.1,0.03,159.93
2026-04-24 16:48:00,pignn,amazon-ratings,0.4,0.368819,146.36,0.03,146.22
2026-04-24 16:50:29,pignn,amazon-ratings,0.3,0.382445,160.63,0.03,160.47
2026-04-24 16:50:29,pignn,amazon-ratings,0.2,0.366522,149.64,0.03,149.5
2026-04-24 16:52:56,pignn,amazon-ratings,0.4,0.36887,146.76,0.03,146.61
2026-04-24 16:53:11,pignn,amazon-ratings,0.1,0.366114,161.54,0.04,161.36
2026-04-24 16:55:20,pignn,amazon-ratings,0.2,0.369635,144.47,0.04,144.29
2026-04-24 16:55:48,pignn,amazon-ratings,0.3,0.389793,157.64,0.04,157.43
2026-04-24 16:57:46,pignn,amazon-ratings,0.4,0.368614,145.45,0.03,145.31
2026-04-24 16:58:28,pignn,amazon-ratings,0.1,0.367083,159.96,0.03,159.76
2026-04-24 17:00:11,pignn,amazon-ratings,0.2,0.369431,145.26,0.03,145.12
2026-04-24 17:01:00,pignn,amazon-ratings,0.3,0.389589,152.46,0.03,152.29
2026-04-24 17:02:35,pignn,amazon-ratings,0.4,0.368512,143.93,0.03,143.79
2026-04-24 17:03:29,pignn,amazon-ratings,0.1,0.36545,149.01,0.04,148.8
2026-04-24 17:05:00,pignn,amazon-ratings,0.2,0.367492,145.25,0.03,145.12
2026-04-24 17:05:57,pignn,amazon-ratings,0.3,0.388517,148.02,0.03,147.87
2026-04-24 17:07:27,pignn,amazon-ratings,0.4,0.368717,147.44,0.04,147.28
2026-04-24 17:08:29,pignn,amazon-ratings,0.1,0.3679,152.22,0.03,152.04
2026-04-24 17:09:56,pignn,amazon-ratings,0.2,0.364532,148.96,0.03,148.81
2026-04-24 17:11:00,pignn,amazon-ratings,0.3,0.38321,150.64,0.03,150.49
2026-04-24 17:12:25,pignn,amazon-ratings,0.4,0.368768,149.28,0.03,149.14
2026-04-24 17:13:33,pignn,amazon-ratings,0.1,0.365655,153.52,0.03,153.34
2026-04-24 17:14:54,pignn,amazon-ratings,0.2,0.366675,148.75,0.04,148.59
2026-04-24 17:16:05,pignn,amazon-ratings,0.3,0.38668,152.39,0.03,152.23
2026-04-24 17:17:20,pignn,amazon-ratings,0.4,0.366981,146.22,0.03,146.08
2026-04-24 17:18:48,pignn,amazon-ratings,0.1,0.37086,162.64,0.03,162.47
2026-04-24 17:19:46,pignn,amazon-ratings,0.2,0.366828,145.95,0.03,145.8
2026-04-24 17:21:20,pignn,amazon-ratings,0.3,0.374483,152.54,0.03,152.37
2026-04-24 17:22:11,pignn,amazon-ratings,0.4,0.368768,145.74,0.03,145.59
2026-04-24 17:23:56,pignn,amazon-ratings,0.1,0.383312,155.62,0.03,155.47
2026-04-24 17:24:37,pignn,amazon-ratings,0.2,0.367441,145.34,0.03,145.19
2026-04-24 17:26:32,pignn,amazon-ratings,0.3,0.37826,156.04,0.03,155.88
2026-04-24 17:27:01,pignn,amazon-ratings,0.4,0.366012,144.23,0.04,144.07
2026-04-24 17:29:09,pignn,amazon-ratings,0.1,0.372697,157.39,0.03,157.21
2026-04-24 17:29:26,pignn,amazon-ratings,0.2,0.369533,145.13,0.03,144.99
2026-04-24 17:31:38,pignn,amazon-ratings,0.3,0.379076,149.49,0.03,149.32
2026-04-24 17:31:53,pignn,amazon-ratings,0.4,0.363154,146.81,0.03,146.65
2026-04-24 17:34:12,pignn,amazon-ratings,0.1,0.364072,154.51,0.03,154.34
2026-04-24 17:34:18,pignn,amazon-ratings,0.2,0.364838,145.49,0.03,145.36
2026-04-24 17:36:41,pignn,amazon-ratings,0.3,0.386374,148.45,0.03,148.26
2026-04-24 17:36:43,pignn,amazon-ratings,0.4,0.364889,145.26,0.03,145.11
2026-04-24 17:39:12,pignn,amazon-ratings,0.2,0.371319,149.13,0.03,148.99
2026-04-24 17:39:17,pignn,amazon-ratings,0.1,0.368563,156.17,0.03,156.01
2026-04-24 17:41:38,pignn,amazon-ratings,0.4,0.369227,146.32,0.03,146.17
2026-04-24 17:41:55,pignn,amazon-ratings,0.3,0.379382,158.62,0.04,158.43
2026-04-24 17:44:04,pignn,amazon-ratings,0.2,0.375147,146.1,0.03,145.96
2026-04-24 17:44:32,pignn,amazon-ratings,0.1,0.39061,157.14,0.03,156.95
2026-04-24 17:46:31,pignn,amazon-ratings,0.4,0.364175,147.15,0.03,146.98
2026-04-24 17:47:01,pignn,amazon-ratings,0.3,0.384384,148.61,0.03,148.45
2026-04-24 17:48:57,pignn,amazon-ratings,0.2,0.372493,145.46,0.03,145.32
2026-04-24 17:49:37,pignn,amazon-ratings,0.1,0.367543,156.44,0.03,156.27
2026-04-24 17:51:20,pignn,amazon-ratings,0.4,0.350293,143.59,0.03,143.45
2026-04-24 17:52:15,pignn,amazon-ratings,0.3,0.370962,158.55,0.03,158.36
2026-04-24 17:53:45,pignn,amazon-ratings,0.2,0.391375,145.3,0.03,145.16
2026-04-24 17:54:56,pignn,amazon-ratings,0.1,0.36642,160.95,0.03,160.79
2026-04-24 17:56:12,pignn,amazon-ratings,0.4,0.36545,146.82,0.03,146.67
2026-04-24 17:57:36,pignn,amazon-ratings,0.3,0.372952,159.86,0.03,159.7
2026-04-24 17:58:38,pignn,amazon-ratings,0.2,0.371115,146.44,0.04,146.27
2026-04-24 18:00:07,pignn,amazon-ratings,0.1,0.382649,150.71,0.03,150.56
2026-04-24 18:01:05,pignn,amazon-ratings,0.4,0.364124,147.04,0.03,146.89
2026-04-24 18:02:41,pignn,amazon-ratings,0.3,0.361266,154.41,0.03,154.25
2026-04-24 18:03:34,pignn,amazon-ratings,0.2,0.384282,148.43,0.03,148.29
2026-04-24 18:05:19,pignn,amazon-ratings,0.1,0.366114,157.9,0.03,157.74
2026-04-24 18:06:02,pignn,amazon-ratings,0.4,0.366114,147.93,0.03,147.78
2026-04-24 18:07:57,pignn,amazon-ratings,0.3,0.376065,158.67,0.03,158.5
2026-04-24 18:08:32,pignn,amazon-ratings,0.2,0.365501,150.12,0.03,149.96
2026-04-24 18:10:44,pignn,amazon-ratings,0.1,0.368053,166.82,0.03,166.67
2026-04-24 18:11:04,pignn,amazon-ratings,0.4,0.370911,152.81,0.04,152.65
2026-04-24 18:13:20,pignn,amazon-ratings,0.3,0.368717,155.97,0.03,155.8
2026-04-24 18:13:30,pignn,amazon-ratings,0.2,0.378872,146.27,0.03,146.11
2026-04-24 18:15:54,pignn,amazon-ratings,0.5,0.362133,154.21,0.03,154.05
2026-04-24 18:15:57,pignn,amazon-ratings,0.4,0.372748,146.95,0.03,146.79
2026-04-24 18:18:23,pignn,amazon-ratings,0.2,0.366777,145.66,0.03,145.51
2026-04-24 18:18:25,pignn,amazon-ratings,0.3,0.381781,151.69,0.03,151.53
2026-04-24 18:20:48,pignn,amazon-ratings,0.4,0.363664,144.91,0.03,144.78
2026-04-24 18:21:01,pignn,amazon-ratings,0.5,0.347691,155.68,0.03,155.52
2026-04-24 18:23:13,pignn,amazon-ratings,0.2,0.370248,145.34,0.03,145.19
2026-04-24 18:23:36,pignn,amazon-ratings,0.3,0.362388,154.72,0.03,154.56
2026-04-24 18:25:40,pignn,amazon-ratings,0.4,0.362899,146.93,0.04,146.77
2026-04-24 18:26:05,pignn,amazon-ratings,0.5,0.231692,149.85,0.03,149.69
2026-04-24 18:28:06,pignn,amazon-ratings,0.2,0.372493,146.25,0.03,146.1
2026-04-24 18:28:37,pignn,amazon-ratings,0.3,0.380658,152.23,0.03,152.08
2026-04-24 18:30:34,pignn,amazon-ratings,0.4,0.366114,148.28,0.04,148.12
2026-04-24 18:31:17,pignn,amazon-ratings,0.3,0.395458,153.43,0.03,153.27
2026-04-24 18:33:04,pignn,amazon-ratings,0.2,0.375198,150.27,0.03,150.13
2026-04-24 18:33:47,pignn,amazon-ratings,0.5,0.368563,149.95,0.03,149.81
2026-04-24 18:35:32,pignn,amazon-ratings,0.4,0.329268,148.38,0.04,148.22
2026-04-24 18:36:24,pignn,amazon-ratings,0.3,0.36249,156.96,0.03,156.79
2026-04-24 18:37:59,pignn,amazon-ratings,0.2,0.37234,146.96,0.03,146.82
2026-04-24 18:39:02,pignn,amazon-ratings,0.5,0.368512,158.97,0.03,158.8
2026-04-24 18:40:29,pignn,amazon-ratings,0.4,0.383822,149.64,0.03,149.49
2026-04-24 18:41:40,pignn,amazon-ratings,0.3,0.369125,158.14,0.04,157.95
2026-04-24 18:42:56,pignn,amazon-ratings,0.2,0.386476,147.66,0.03,147.52
2026-04-24 18:44:17,pignn,amazon-ratings,0.5,0.368512,156.85,0.03,156.69
2026-04-24 18:45:28,pignn,amazon-ratings,0.4,0.361164,151.21,0.03,151.07
2026-04-24 18:47:03,pignn,amazon-ratings,0.3,0.368665,165.85,0.03,165.69
2026-04-24 18:48:02,pignn,amazon-ratings,0.2,0.375504,154.68,0.03,154.46
2026-04-24 18:49:41,pignn,amazon-ratings,0.5,0.368819,158.43,0.05,158.25
2026-04-24 18:50:36,pignn,amazon-ratings,0.4,0.336361,154.46,0.04,154.3
2026-04-24 18:52:21,pignn,amazon-ratings,0.3,0.373412,160.28,0.04,160.1
2026-04-24 18:53:08,pignn,amazon-ratings,0.2,0.387548,152.11,0.03,151.96
2026-04-24 18:55:02,pignn,amazon-ratings,0.5,0.280633,160.44,0.03,160.28
2026-04-24 18:55:43,pignn,amazon-ratings,0.4,0.367339,154.57,0.04,154.41
2026-04-24 18:57:36,pignn,amazon-ratings,0.3,0.388977,155.01,0.03,154.85
2026-04-24 18:58:15,pignn,amazon-ratings,0.2,0.367134,152.01,0.03,151.87
2026-04-24 19:00:25,pignn,amazon-ratings,0.5,0.283236,168.72,0.04,168.52
2026-04-24 19:00:55,pignn,amazon-ratings,0.4,0.371013,159.93,0.03,159.79
2026-04-24 19:03:08,pignn,amazon-ratings,0.3,0.373616,163.42,0.03,163.25
2026-04-24 19:03:33,pignn,amazon-ratings,0.2,0.378515,158.88,0.03,158.73
2026-04-24 19:05:57,pignn,amazon-ratings,0.5,0.329523,169.09,0.03,168.93
2026-04-24 19:06:12,pignn,amazon-ratings,0.4,0.368563,159.11,0.03,158.96
2026-04-24 19:08:45,pignn,amazon-ratings,0.3,0.368512,168.25,0.04,168.06
2026-04-24 19:08:52,pignn,amazon-ratings,0.2,0.367288,159.95,0.03,159.8
2026-04-24 19:11:30,pignn,amazon-ratings,0.5,0.288492,164.92,0.04,164.73
2026-04-24 19:11:33,pignn,amazon-ratings,0.4,0.334983,160.45,0.03,160.29
2026-04-24 19:14:12,pignn,amazon-ratings,0.2,0.370196,159.23,0.03,159.07
2026-04-24 19:14:13,pignn,amazon-ratings,0.3,0.356111,162.98,0.04,162.79
2026-04-24 19:16:50,pignn,amazon-ratings,0.4,0.364889,158.16,0.03,158.0
2026-04-24 19:17:05,pignn,amazon-ratings,0.5,0.368461,171.9,0.03,171.72
2026-04-24 19:19:21,pignn,amazon-ratings,0.2,0.370758,151.01,0.03,150.87
2026-04-24 19:19:42,pignn,amazon-ratings,0.3,0.380454,157.65,0.03,157.47
2026-04-24 19:21:50,pignn,amazon-ratings,0.4,0.369176,149.16,0.03,149.0
2026-04-24 19:22:13,pignn,amazon-ratings,0.5,0.31605,151.3,0.03,151.11
2026-04-24 19:24:21,pignn,amazon-ratings,0.2,0.375198,151.34,0.03,151.2
2026-04-24 19:24:56,pignn,amazon-ratings,0.3,0.38372,162.89,0.03,162.72
2026-04-24 19:26:51,pignn,amazon-ratings,0.4,0.367339,150.07,0.03,149.93
2026-04-24 19:27:41,pignn,amazon-ratings,0.5,0.351467,165.33,0.03,165.17
2026-04-24 19:29:21,pignn,amazon-ratings,0.2,0.372391,150.24,0.04,150.08
2026-04-24 19:30:22,pignn,amazon-ratings,0.3,0.362439,160.56,0.04,160.36
2026-04-24 19:31:55,pignn,amazon-ratings,0.4,0.366726,154.27,0.03,154.13
2026-04-24 19:32:58,pignn,amazon-ratings,0.5,0.368002,156.21,0.03,156.03
2026-04-24 19:34:33,pignn,amazon-ratings,0.2,0.386221,157.6,0.04,157.42
2026-04-24 19:35:39,pignn,amazon-ratings,0.3,0.371013,161.57,0.03,161.38
2026-04-24 19:37:04,pignn,amazon-ratings,0.4,0.372391,151.06,0.03,150.92
2026-04-24 19:38:17,pignn,amazon-ratings,0.5,0.368512,157.79,0.03,157.6
2026-04-24 19:39:35,pignn,amazon-ratings,0.2,0.375657,151.68,0.04,151.51
2026-04-24 19:40:53,pignn,amazon-ratings,0.3,0.367237,156.68,0.04,156.5
2026-04-24 19:42:06,pignn,amazon-ratings,0.4,0.26767,151.24,0.03,151.08
2026-04-24 19:43:32,pignn,amazon-ratings,0.5,0.368002,158.86,0.03,158.69
2026-04-24 19:44:35,pignn,amazon-ratings,0.2,0.387905,149.0,0.04,148.85
2026-04-24 19:46:13,pignn,amazon-ratings,0.3,0.383108,161.4,0.03,161.23
2026-04-24 19:47:09,pignn,amazon-ratings,0.4,0.367032,154.25,0.03,154.1
2026-04-24 19:48:55,pignn,amazon-ratings,0.5,0.367594,162.23,0.03,162.04
2026-04-24 19:49:45,pignn,amazon-ratings,0.2,0.367134,155.87,0.03,155.7
2026-04-24 19:51:38,pignn,amazon-ratings,0.3,0.391631,162.72,0.03,162.54
2026-04-24 19:52:18,pignn,amazon-ratings,0.4,0.370962,153.34,0.04,153.18
2026-04-24 19:54:23,pignn,amazon-ratings,0.5,0.363817,165.14,0.03,164.98
2026-04-24 19:54:50,pignn,amazon-ratings,0.2,0.378719,152.09,0.03,151.96
2026-04-24 19:57:02,pignn,amazon-ratings,0.3,0.369329,159.22,0.03,159.05
2026-04-24 19:57:24,pignn,amazon-ratings,0.4,0.36887,153.93,0.03,153.79
2026-04-24 19:59:42,pignn,amazon-ratings,0.5,0.368512,159.93,0.03,159.71
2026-04-24 19:59:57,pignn,amazon-ratings,0.2,0.384843,152.84,0.03,152.69
2026-04-24 20:02:25,pignn,amazon-ratings,0.3,0.369533,163.13,0.03,162.95
2026-04-24 20:02:30,pignn,amazon-ratings,0.4,0.336514,153.16,0.03,153.01
2026-04-24 20:05:02,pignn,amazon-ratings,0.5,0.340087,157.33,0.03,157.15
2026-04-24 20:05:02,pignn,amazon-ratings,0.2,0.384435,152.34,0.03,152.2
2026-04-24 20:07:33,pignn,amazon-ratings,0.4,0.366114,150.67,0.03,150.52
2026-04-24 20:07:39,pignn,amazon-ratings,0.3,0.377903,157.25,0.04,157.05
2026-04-24 20:10:06,pignn,amazon-ratings,0.2,0.379127,153.1,0.03,152.94
2026-04-24 20:10:16,pignn,amazon-ratings,0.5,0.360653,157.46,0.04,157.29
2026-04-24 20:12:35,pignn,amazon-ratings,0.4,0.369176,149.95,0.03,149.8
2026-04-24 20:12:52,pignn,amazon-ratings,0.3,0.372238,156.15,0.03,155.99
2026-04-24 20:15:08,pignn,amazon-ratings,0.2,0.384945,152.22,0.03,152.07
2026-04-24 20:15:34,pignn,amazon-ratings,0.5,0.368512,162.01,0.03,161.85
2026-04-24 20:17:37,pignn,amazon-ratings,0.4,0.369992,149.11,0.03,148.96
2026-04-24 20:18:11,pignn,amazon-ratings,0.3,0.373616,156.74,0.03,156.56
2026-04-24 20:20:07,pignn,amazon-ratings,0.2,0.386884,150.24,0.04,150.07
2026-04-24 20:20:54,pignn,amazon-ratings,0.5,0.368512,163.22,0.03,163.02
2026-04-24 20:22:41,pignn,amazon-ratings,0.4,0.366624,154.49,0.04,154.33
2026-04-24 20:23:42,pignn,amazon-ratings,0.3,0.36249,168.18,0.04,167.96
2026-04-24 20:25:20,pignn,amazon-ratings,0.2,0.387956,159.25,0.03,159.1
2026-04-24 20:26:19,pignn,amazon-ratings,0.5,0.3679,157.6,0.03,157.42
2026-04-24 20:27:52,pignn,amazon-ratings,0.4,0.365144,151.55,0.04,151.35
2026-04-24 20:29:01,pignn,amazon-ratings,0.3,0.387956,161.85,0.04,161.65
2026-04-24 20:30:24,pignn,amazon-ratings,0.2,0.377647,152.75,0.03,152.59
2026-04-24 20:31:40,pignn,amazon-ratings,0.5,0.323909,158.9,0.03,158.71
2026-04-24 20:32:52,pignn,amazon-ratings,0.4,0.266854,147.88,0.03,147.73
2026-04-24 20:34:17,pignn,amazon-ratings,0.3,0.383363,157.67,0.03,157.51
2026-04-24 20:35:19,pignn,amazon-ratings,0.2,0.377035,147.21,0.03,147.06
2026-04-24 20:36:48,pignn,amazon-ratings,0.5,0.346415,150.89,0.03,150.73
2026-04-24 20:37:47,pignn,amazon-ratings,0.4,0.366981,147.62,0.03,147.48
2026-04-24 20:39:27,pignn,amazon-ratings,0.3,0.372544,159.22,0.04,159.01
2026-04-24 20:40:15,pignn,amazon-ratings,0.2,0.376831,148.72,0.03,148.57
2026-04-24 20:42:00,pignn,amazon-ratings,0.5,0.30717,152.92,0.03,152.75
2026-04-24 20:42:40,pignn,amazon-ratings,0.4,0.370707,144.35,0.03,144.19
2026-04-24 20:44:31,pignn,amazon-ratings,0.3,0.388364,150.72,0.03,150.54
2026-04-24 20:45:05,pignn,amazon-ratings,0.2,0.379076,145.95,0.03,145.8
2026-04-24 20:47:00,pignn,amazon-ratings,0.5,0.368512,149.64,0.04,149.46
2026-04-24 20:47:30,pignn,amazon-ratings,0.4,0.363103,144.78,0.03,144.64
2026-04-24 20:49:28,pignn,amazon-ratings,0.3,0.369074,147.96,0.03,147.8
2026-04-24 20:52:02,pignn,amazon-ratings,0.5,0.368359,154.28,0.03,154.13
2026-04-24 20:53:27,pignn,amazon-ratings,0.4,0.336821,152.97,0.03,152.83
2026-04-24 20:54:42,pignn,amazon-ratings,0.3,0.369125,159.81,0.03,159.65
2026-04-24 20:57:26,pignn,amazon-ratings,0.5,0.317428,164.9,0.03,164.74
2026-04-24 20:59:33,pignn,amazon-ratings,0.4,0.366012,154.54,0.03,154.39
2026-04-24 21:00:03,pignn,amazon-ratings,0.3,0.374228,156.55,0.04,156.35
2026-04-24 21:02:51,pignn,amazon-ratings,0.5,0.329472,168.74,0.03,168.58
2026-04-24 21:05:33,pignn,amazon-ratings,0.3,0.388773,161.85,0.03,161.68
2026-04-24 21:05:43,pignn,amazon-ratings,0.4,0.369176,158.28,0.03,158.13
2026-04-24 21:08:19,pignn,amazon-ratings,0.5,0.23159,165.94,0.03,165.78
2026-04-24 21:11:40,pignn,amazon-ratings,0.4,0.368768,164.88,0.03,154.97
2026-04-24 21:14:19,pignn,amazon-ratings,0.3,0.383261,158.6,0.03,158.4
2026-04-24 21:15:21,cp,amazon-ratings,0.1,0.390355,221.0,0.03,10.93
2026-04-24 21:17:02,pignn,amazon-ratings,0.5,0.362133,163.65,0.03,163.48
2026-04-24 21:17:57,pignn,amazon-ratings,0.4,0.366012,156.02,0.03,155.86
2026-04-24 21:19:49,pignn,amazon-ratings,0.3,0.373514,167.06,0.03,166.89
2026-04-24 21:21:36,cp,amazon-ratings,0.1,0.368512,219.08,0.03,7.61
2026-04-24 21:22:34,pignn,amazon-ratings,0.5,0.347691,165.29,0.03,165.13
2026-04-24 21:24:18,pignn,amazon-ratings,0.4,0.363154,162.15,0.03,162.0
2026-04-24 21:25:29,gcn,cora,0.4,0.74,2.29,0.03,1.98
2026-04-24 21:25:29,gcn,cora,0.3,0.769,2.36,0.02,2.16
